pos,wt_aa,domain,n_measured,mean_score,min_score,max_score,frac_above_median
1,M,RuvC-I,6,0.6312733029299906,-0.1842002962687144,1.795454114466949,1.0
2,D,RuvC-I,7,-0.5740324580311097,-1.586453580238174,0.0411880933562016,0.2857142857142857
3,K,RuvC-I,6,0.015330490627967605,-0.6090469928586427,0.831944857596608,0.8333333333333334
4,K,RuvC-I,6,-0.5557847406416873,-1.5450834689427189,0.5969471731454717,0.5
5,Y,RuvC-I,6,-0.7336813683572038,-1.5439745200673307,0.456025479932669,0.16666666666666666
6,S,RuvC-I,4,-0.7748105435449275,-1.4769913897623494,-0.2810711797870925,0.0
7,I,RuvC-I,7,-0.7629459387436551,-2.546121129885452,0.295797664328121,0.2857142857142857
8,G,RuvC-I,5,-0.9512192134779769,-1.5833646637506844,-0.3160254865491096,0.0
9,L,RuvC-I,5,-0.7306402382415409,-1.2496432830158175,0.2445093922499495,0.2
10,D,RuvC-I,7,-0.6170585290241988,-0.9399220743431748,-0.3218117960776395,0.0
11,I,RuvC-I,7,-0.953291807739518,-2.86734740784823,-0.490515899483224,0.0
12,G,RuvC-I,5,-0.49179879771669277,-0.6322003695437364,-0.2121621892065261,0.2
13,T,RuvC-I,5,-0.007410766111726008,-0.4519300486669898,0.4853276743992755,0.6
14,N,RuvC-I,7,-0.9760178626073712,-3.13161442624122,-0.0947492198637326,0.2857142857142857
15,S,RuvC-I,4,-0.10201685419007772,-1.082782489473224,1.1078388790865816,0.5
16,V,RuvC-I,5,-0.4029893142774038,-0.7372377332900133,0.0881038748275248,0.2
17,G,RuvC-I,6,-1.1957124097377352,-2.7146040801245865,-0.46196479460583,0.0
18,W,RuvC-I,5,-0.8617759570749582,-1.3888256792833944,-0.5449448812006767,0.0
19,A,RuvC-I,6,-0.565012125128782,-1.0363147158563542,-0.2580095627026871,0.16666666666666666
20,V,RuvC-I,6,-0.49074485140079666,-0.8777095701965724,-0.223206136222339,0.16666666666666666
21,I,RuvC-I,7,-0.6665534229429666,-1.6592927020124897,0.9837691293301633,0.2857142857142857
22,T,RuvC-I,6,-0.9770796667115383,-1.7719505718253714,-0.3611130610758131,0.0
23,D,RuvC-I,7,-0.4685569209182089,-1.177430639785221,0.0433785691085408,0.42857142857142855
24,E,RuvC-I,6,-0.5993155241063165,-0.9899545441871662,-0.0329400706920957,0.3333333333333333
25,Y,RuvC-I,6,-0.8628788045588784,-2.545076781040405,0.0029113510222974,0.3333333333333333
26,K,RuvC-I,6,-0.5247377886121632,-1.1306531114187084,-0.0391171841554266,0.3333333333333333
27,V,RuvC-I,6,-0.5168715975988504,-1.624050115752344,0.7758804911362915,0.3333333333333333
28,P,RuvC-I,6,-0.8344974344192561,-1.2467519711191084,-0.3851574611634357,0.0
29,S,RuvC-I,6,-0.34584286009075854,-0.9084458188882748,-0.0353778407186051,0.5
30,K,RuvC-I,6,-0.4682057598063763,-1.282333546992841,0.26754649457287,0.3333333333333333
31,K,RuvC-I,6,-0.2987351761238151,-1.0319277392160835,0.4780989931697197,0.5
32,F,RuvC-I,6,-0.22257366253941058,-1.0441331533022764,0.7284563505946509,0.5
33,K,RuvC-I,6,0.20425161623045973,-0.0338808906631749,0.5194466873044387,1.0
34,V,RuvC-I,5,-0.17200501159377304,-0.8052602659038552,0.6727870309007891,0.6
35,L,RuvC-I,5,-0.1579482337176658,-1.178924270939758,0.3081574645229183,0.8
36,G,RuvC-I,5,-0.19452335837453388,-0.849311710624164,0.2003754134761891,0.8
37,N,RuvC-I,7,-0.38031280094007286,-1.8867917418795053,0.6079729498700728,0.42857142857142855
38,T,RuvC-I,5,0.38843236740484605,-0.817356544244232,3.142797020767499,0.6
39,D,RuvC-I,7,-0.47322318538721236,-1.3177063944188532,-0.1310339492406141,0.42857142857142855
40,R,RuvC-I,6,-0.498086254993267,-1.1614239786208875,0.0692668689698104,0.16666666666666666
41,H,RuvC-I,7,-0.18344241584730966,-0.8545180945381504,0.8862599557184879,0.42857142857142855
42,S,RuvC-I,6,-0.47460562757416563,-0.7285504184146868,0.018131214751847,0.16666666666666666
43,I,RuvC-I,7,-0.5440058200388088,-1.2910954837979889,0.0348789137206701,0.42857142857142855
44,K,RuvC-I,6,-0.1087804976232009,-0.7493260439882805,0.6863984027614384,0.6666666666666666
45,K,RuvC-I,6,0.07600161251545946,-0.927179960358967,2.5018362404132053,0.3333333333333333
46,N,RuvC-I,7,-0.8204474042712943,-1.8146441189991551,-0.136572213886517,0.14285714285714285
47,L,RuvC-I,5,-0.8805893982996402,-2.3614525048556683,0.2639898293988187,0.2
48,I,RuvC-I,7,-0.7169089647567196,-1.377382762989102,0.3144000029928356,0.14285714285714285
49,G,RuvC-I,5,-1.4568041539753556,-1.6521643818985874,-1.2344571044537131,0.0
50,A,RuvC-I,6,-0.32839981424697373,-1.0159280064904752,0.7808473270243421,0.3333333333333333
51,L,RuvC-I,5,-0.8988244762777275,-1.548865548345577,-0.5387413310718697,0.0
52,L,RuvC-I,5,-0.14194240788557572,-0.7537639220472989,1.0445380560941513,0.4
53,F,RuvC-I,6,-0.1720649466800325,-1.0258596775625417,0.3644095657027693,0.6666666666666666
54,D,RuvC-I,7,-0.3927020949744652,-1.0483125301177678,0.2590920486232362,0.5714285714285714
55,S,RuvC-I,4,-0.14043326013714447,-0.3428273007168965,0.0881517424309688,0.5
56,G,RuvC-I,4,-0.6377463721170666,-1.2392195688433831,-0.1312628227524498,0.5
57,E,RuvC-I,6,-0.11285504579477597,-0.6731150603990395,0.452889339538466,0.5
58,T,RuvC-I,6,-0.34359257274023974,-2.544516060701727,0.5844498674478726,0.6666666666666666
59,A,RuvC-I,6,-0.21261513614202024,-0.5463756794766196,0.0778358000316889,0.6666666666666666
60,E,BridgeHelix,6,-0.6013857397332832,-1.6597468551861438,0.175152281821394,0.3333333333333333
61,A,BridgeHelix,6,-0.24864767366879623,-0.8029227884384883,0.2265111199255816,0.5
62,T,BridgeHelix,5,-0.6833471397975708,-1.738585344875409,-0.1616863665246369,0.4
63,R,BridgeHelix,5,-0.0525608953292396,-0.2235976331379905,0.198319418369477,1.0
64,L,BridgeHelix,5,-0.3388458167238197,-1.7629370452994546,0.7841978282582032,0.4
65,K,BridgeHelix,6,0.02796100321915329,-0.8769429075484834,0.9690416712345102,0.6666666666666666
66,R,BridgeHelix,5,-0.6813625152009075,-1.6721549659120545,-0.268100459896857,0.0
67,T,BridgeHelix,6,-0.014892449126874069,-0.866663720906188,0.540655865211819,0.8333333333333334
68,A,BridgeHelix,6,-0.08406281453318498,-0.6409593033944645,0.8076379032939149,0.5
69,R,BridgeHelix,5,-0.965530641611059,-1.5447885882595729,-0.3812150604701506,0.0
70,R,BridgeHelix,5,-0.6273501467384527,-0.9068592493681258,-0.3516440920410217,0.0
71,R,BridgeHelix,6,-0.15841805744218998,-0.7813312507541792,0.4910427539932643,0.6666666666666666
72,Y,BridgeHelix,6,-0.1380963841297374,-1.012632121163671,0.9091831669098378,0.5
73,T,BridgeHelix,5,-0.14222919078735013,-0.4347857783955733,-0.013461117502279,0.8
74,R,BridgeHelix,6,-0.35973182882244253,-0.956002580731349,0.1650686531618102,0.5
75,R,BridgeHelix,4,-0.5869331952466377,-1.0064084328677938,-0.181056329533142,0.25
76,K,BridgeHelix,6,-0.1323479209060133,-0.5480250679167512,0.5650061944862961,0.6666666666666666
77,N,BridgeHelix,7,-0.06305432956069831,-0.8165167297554677,0.6659410914622921,0.8571428571428571
78,R,BridgeHelix,5,-0.5752981332911173,-0.759701624521083,-0.3277507423058928,0.0
79,I,BridgeHelix,7,-0.007833387525091598,-0.8306846073598171,1.0945231971574028,0.42857142857142855
80,C,BridgeHelix,6,-0.10915134868198743,-0.675725263662445,0.3879325057575546,0.6666666666666666
81,Y,BridgeHelix,6,-0.5481495401170582,-1.5525840325700448,0.6081800894991732,0.3333333333333333
82,L,BridgeHelix,5,-0.550035183064639,-1.7697859573399712,0.402691312306183,0.4
83,Q,BridgeHelix,6,-0.3893759820853613,-1.0198884433676256,0.0704596145330651,0.3333333333333333
84,E,BridgeHelix,6,0.11108102851196212,-0.913158522408228,2.3617520011093287,0.5
85,I,BridgeHelix,7,-0.41841619127296303,-2.1361336427165174,0.7954846396843175,0.42857142857142855
86,F,BridgeHelix,6,-0.5658485716631649,-1.1439576558228408,-0.201459026476754,0.16666666666666666
87,S,BridgeHelix,6,-0.05315943054818225,-0.3470857161816472,0.3109413787887289,0.8333333333333334
88,N,BridgeHelix,7,-0.16157923970983448,-1.0418142786133986,0.6711279266618888,0.5714285714285714
89,E,BridgeHelix,6,-0.06201825335346637,-0.99976963130738,0.8065279839671816,0.6666666666666666
90,M,BridgeHelix,6,-0.057595046790407244,-0.6621916866233383,1.378844715889226,0.3333333333333333
91,A,BridgeHelix,6,-0.009461197518540696,-1.164749888442361,1.5490688594999311,0.8333333333333334
92,K,BridgeHelix,6,-0.04615692222191523,-0.6144801696361523,0.7408861169697167,0.6666666666666666
93,V,BridgeHelix,5,-0.8259533813216441,-2.6509266977253887,0.0335714765466824,0.6
94,D,REC1a,7,-0.4984946927566204,-1.0105339464402916,-0.0105339464402917,0.2857142857142857
95,D,REC1a,7,-0.5620097745483835,-3.261035900403345,0.5142431912853017,0.5714285714285714
96,S,REC1a,6,0.425603156907786,-0.1128486398488017,1.079531955457907,1.0
97,F,REC1a,6,-0.4367285901954519,-0.9595561427617602,0.5461802152927691,0.16666666666666666
98,F,REC1a,6,-0.5175268447306756,-0.7854029502811211,-0.3310591511084665,0.0
99,H,REC1a,7,-0.08129856588804463,-1.3298157637996422,0.4262586533142685,0.8571428571428571
100,R,REC1a,5,-0.30884405903549983,-0.6574637011097385,-0.0165235183463341,0.4
101,L,REC1a,5,-0.3395790580224024,-0.8036883867568196,0.0580151820586731,0.6
102,E,REC1a,6,0.24835366166027148,-1.1358681859512318,1.882680885041856,0.8333333333333334
103,E,REC1a,6,-0.2850052729918484,-1.3331322131914385,0.8792679250131311,0.6666666666666666
104,S,REC1a,6,0.3876708541091534,-0.329464950869985,1.6950263956417944,0.8333333333333334
105,F,REC1a,6,-0.599716247356565,-3.3293101775744467,0.5094089153924929,0.6666666666666666
106,L,REC1a,5,-0.48948527433848577,-1.0675315192854278,-0.171607433706575,0.2
107,V,REC1a,6,-0.002901750691188328,-0.6999156429623767,1.6437486563790176,0.3333333333333333
108,E,REC1a,6,-0.4851438497906532,-0.7956052456888824,0.0869560205578955,0.16666666666666666
109,E,REC1a,6,0.0389704683830742,-1.0868003070728065,0.6501652870933998,0.8333333333333334
110,D,REC1a,7,-0.35918240598187434,-0.8828261245215623,0.90575335471977,0.2857142857142857
111,K,REC1a,6,-0.46237054600568545,-1.2240232752318336,0.0031174610027778,0.3333333333333333
112,K,REC1a,6,-0.12222938739461892,-0.7049367055097759,1.1259661000994023,0.5
113,H,REC1a,7,-0.07000429269791633,-0.8201923219718721,0.4169197025761193,0.8571428571428571
114,E,REC1a,6,0.15449779853529116,-0.8439407321053944,0.9739295965120932,0.6666666666666666
115,R,REC1a,6,0.10596987621975013,-0.6206392296434267,1.0587286843512684,0.6666666666666666
116,H,REC1a,7,-0.3444390102275623,-1.263539824303094,0.3089966806770444,0.42857142857142855
117,P,REC1a,6,-0.2903870623530371,-0.974281966054509,0.2398757214432102,0.5
118,I,REC1a,7,-0.6825376085543489,-2.1717145303796284,0.0668132502610911,0.2857142857142857
119,F,REC1a,6,-0.2233399397710458,-0.7292807688415986,0.7044978000739109,0.3333333333333333
120,G,REC1a,6,-0.15463812164511806,-0.2833185096142311,-0.0259423309574505,0.8333333333333334
121,N,REC1a,7,-0.22149561172394222,-0.4438832339709971,0.1596837007184252,0.5714285714285714
122,I,REC1a,7,-0.0316028924042265,-0.6360489612889018,0.2875146417864845,0.7142857142857143
123,V,REC1a,5,-0.05010628883327315,-0.8996242030792518,0.8311686990194666,0.8
124,D,REC1a,7,-0.06999476440683075,-1.3430378443935431,1.7498823133025008,0.42857142857142855
125,E,REC1a,6,-0.6038467614912667,-0.921982242004171,-0.262472787917961,0.16666666666666666
126,V,REC1a,6,-0.35185724748947694,-0.8702611484271303,-0.0337598807100097,0.5
127,A,REC1a,6,0.051327627688328444,-0.2898443938696509,0.2894964845006854,0.8333333333333334
128,Y,REC1a,6,-0.7900207940000591,-2.127780168278303,0.0015028486666638,0.3333333333333333
129,H,REC1a,7,-0.46612839432784564,-1.2106138860742774,-0.1869155759661769,0.2857142857142857
130,E,REC1a,6,-0.2198141998264974,-0.5094581835039284,0.0064031864501447,0.6666666666666666
131,K,REC1a,6,-0.02115329626436475,-0.3102629911881098,0.3524069979057807,0.8333333333333334
132,Y,REC1a,6,-0.26871053164708775,-1.3411567996466034,1.191734439475207,0.3333333333333333
133,P,REC1a,6,-0.5319669541995454,-0.8875354225004287,-0.1232536677589379,0.16666666666666666
134,T,REC1a,5,0.12139107438623978,-0.3479212705916715,1.331801641467249,0.6
135,I,REC1a,7,-0.2433611793909257,-0.739179083967184,0.4915643923254475,0.42857142857142855
136,Y,REC1a,6,-0.3751376449708848,-0.787708168632522,0.4467570850045009,0.16666666666666666
137,H,REC1a,7,-0.2556967165121039,-1.1645344587485773,1.0022524527833057,0.42857142857142855
138,L,REC1a,5,-1.2323577008876103,-4.633520914341059,0.2753484348217947,0.4
139,R,REC1a,5,-0.4004890785983008,-0.6546102323055429,-0.1928346731999463,0.4
140,K,REC1a,6,-0.5408262594199492,-1.3317642889742136,0.3813157797791153,0.16666666666666666
141,K,REC1a,6,-0.06096037548228167,-1.2359665335710088,0.6294552489946166,0.6666666666666666
142,L,REC1a,5,-0.058849503744500466,-0.7214355550144793,1.5063769470881538,0.4
143,V,REC1a,5,-0.16157621981606504,-0.3614514704818226,0.3559775729717184,0.4
144,D,REC1a,7,-0.3651234708555832,-2.6529115476146514,0.6891628560707627,0.7142857142857143
145,S,REC1a,6,-0.41237119388566956,-1.0925088895103106,0.4034486051521005,0.5
146,T,REC1a,5,-0.052225836083926,-0.4559783862048874,0.6576783955906799,0.6
147,D,REC1a,7,-0.09993916942647174,-0.8701840641883954,0.3485470943875596,0.8571428571428571
148,K,REC1a,6,-0.04466948663543879,-0.4211387280301728,0.6765742099139238,0.6666666666666666
149,A,REC1a,6,-0.31609905143872336,-1.0018589495586092,0.232070478808502,0.5
150,D,REC1a,7,-0.5823965655380772,-1.2377129656059356,0.2405183601601025,0.42857142857142855
151,L,REC1a,5,-0.14569912086210518,-0.884486841811168,0.5631902303925745,0.6
152,R,REC1a,5,-0.35838430702230273,-0.566233409396234,-0.1263747760078867,0.4
153,L,REC1a,5,0.19043511644222472,-0.1206018835370433,0.705368716687908,1.0
154,I,REC1a,7,-0.195333485617969,-0.7498428949691321,0.5879482323723141,0.5714285714285714
155,Y,REC1a,6,-0.5100349990337575,-0.843114168002075,0.0173736827360716,0.16666666666666666
156,L,REC1a,5,-0.11219461726127011,-0.3087390311278166,0.2786799561169015,0.8
157,A,REC1a,6,0.011327369121028595,-0.942536347707513,1.3471022092233442,0.6666666666666666
158,L,REC1a,5,-0.2581003873719686,-0.635675626296498,0.5897444877375178,0.4
159,A,REC1a,6,-0.07539878879109693,-0.5733633147769114,0.5263484189476764,0.6666666666666666
160,H,REC1a,7,-0.5134010743074033,-1.869372764492368,0.7787064737680338,0.14285714285714285
161,M,REC1a,6,-0.42698537102802336,-1.8432118439895733,0.3630453701389641,0.5
162,I,REC1a,7,-0.4224572000791152,-1.2175289357645849,0.594039633533591,0.2857142857142857
163,K,REC1a,6,-0.7194477720425946,-1.122347882149762,-0.3465415515042338,0.0
164,F,REC1a,6,-0.13963441347406622,-0.8301687539717502,0.589618805477429,0.3333333333333333
165,R,REC1a,6,-0.5203800443121427,-0.8192064154632538,-0.3465814246314662,0.0
166,G,REC1a,4,-0.8411039024280929,-1.3172900122037587,-0.4427328905888487,0.0
167,H,REC1a,7,-0.4664864924299571,-1.032359216411992,0.2520646448996799,0.42857142857142855
168,F,REC1a,6,-0.23467872657479708,-0.7340819670446523,0.575130498208593,0.5
169,L,REC1a,5,0.11433650555239343,-0.6499892969900157,0.933838224610629,0.6
170,I,REC1a,7,-0.1331151656346001,-0.596890622319929,0.8319246671220769,0.5714285714285714
171,E,REC1a,6,-0.41295358081357003,-0.6968778285769985,0.2736510529318379,0.3333333333333333
172,G,REC1a,6,-0.5039110317990938,-0.9413938165388424,0.1684082967858631,0.16666666666666666
173,D,REC1a,7,-0.23082441940118942,-0.7005340324824345,0.9735944085428104,0.42857142857142855
174,L,REC1a,5,-0.5977244672475622,-1.0734021482728386,-0.3056264520178569,0.0
175,N,REC1a,7,-0.03714187286928012,-0.6891000238996317,0.7962684316481418,0.5714285714285714
176,P,REC1a,6,0.04306739842349879,-0.4921363117409942,0.6026937418202402,0.8333333333333334
177,D,REC1a,7,-0.3694019518493228,-0.6669890710585452,-0.0211128928655841,0.42857142857142855
178,N,REC1a,7,0.06059919695023438,-0.6410502421728528,1.0344413896799074,0.7142857142857143
179,S,REC1a,6,-0.4103512464250844,-0.8048236060794233,-0.028717061640906,0.3333333333333333
180,D,REC2,7,0.34547350026568513,-0.3209081602603061,1.2658956872850178,0.8571428571428571
181,V,REC2,5,-0.029529520936520892,-0.7960991364798539,0.780013456917196,0.6
182,D,REC2,7,-0.1490005604259739,-1.1266860719137752,0.4553172855510907,0.7142857142857143
183,K,REC2,6,-0.0024542197739028126,-0.3248577727251107,0.4903241595495314,0.6666666666666666
184,L,REC2,5,-0.06698942662990959,-0.4013588399348095,0.6245326931972144,0.8
185,F,REC2,6,-0.20072986566251438,-0.6507397145225434,0.3410465108009102,0.6666666666666666
186,I,REC2,7,-0.19199712913772468,-0.7407579970397129,0.5500274466195304,0.42857142857142855
187,Q,REC2,6,-0.03179308915680157,-0.42900042683575,0.4284291015113234,0.6666666666666666
188,L,REC2,5,-0.2523878044845953,-0.9072646665696932,0.2488545353475887,0.6
189,V,REC2,6,0.4916879185644576,-0.2916332778965405,1.896988977823961,0.8333333333333334
190,Q,REC2,6,-0.406563787602424,-1.0336976483984357,0.0621415487486179,0.3333333333333333
191,T,REC2,6,-0.32264734540480483,-0.7980756073368097,0.3476011446407615,0.3333333333333333
192,Y,REC2,6,-0.4645708267820779,-1.9952843652168115,0.1852878804250095,0.5
193,N,REC2,7,-0.30862042190733013,-0.5222848592617891,-0.0688304218298273,0.42857142857142855
194,Q,REC2,6,-0.19513328130299148,-0.8391380935919145,0.304463170496968,0.6666666666666666
195,L,REC2,5,-0.21099125251364725,-0.4101157667589242,-0.0267743680500225,0.8
196,F,REC2,6,-0.3409861166477289,-1.225615411493966,0.0491875865668518,0.6666666666666666
197,E,REC2,6,-0.29807392876053895,-0.9483175612706576,0.009806037287943,0.6666666666666666
198,E,REC2,6,0.22389793180101958,-0.4138388518457895,1.7952671555432946,0.8333333333333334
199,N,REC2,7,-0.5156966088121617,-0.9006696854381431,0.0999591133777194,0.14285714285714285
200,P,REC2,6,-0.07024220784737158,-0.4885104609034738,0.2528090340823036,0.6666666666666666
201,I,REC2,7,-0.10385423719105376,-1.3533042891343274,0.9846640844433332,0.5714285714285714
202,N,REC2,7,-0.45664249482799407,-1.0428054808863088,0.2631816236559645,0.42857142857142855
203,A,REC2,6,-0.20445345142651158,-0.8308099644567903,0.2429834912561097,0.6666666666666666
204,S,REC2,4,0.038809605579733016,-0.2068132097939784,0.5121184615419663,1.0
205,G,REC2,4,0.006494308603145621,-0.2397879575093198,0.2146002327923718,1.0
206,V,REC2,5,-0.28619496152777585,-0.6963951922564133,-0.0228876302444502,0.6
207,D,REC2,7,0.2169975708550927,-0.102870510092209,0.6795380548351645,1.0
208,A,REC2,6,-0.020569207784640015,-0.4920659567624735,0.4797925808863582,0.6666666666666666
209,K,REC2,6,-0.11392920549850764,-0.7241911435259439,0.4376981012002708,0.5
210,A,REC2,6,0.0584040559638683,-0.3088598365802539,0.5478990945561075,0.6666666666666666
211,I,REC2,7,0.14303126124470952,-0.4729785167015442,1.14408284416727,0.7142857142857143
212,L,REC2,5,-0.2831889108352478,-0.8647074811827977,0.0655742035958487,0.6
213,S,REC2,6,-0.04221099093229356,-0.5583421963808706,0.8246201108033353,0.6666666666666666
214,A,REC2,6,-0.2833362479608712,-0.6741965726341518,0.3395707624838823,0.5
215,R,REC2,6,-0.2273877339849384,-0.9956217221006736,0.2042378379872216,0.5
216,L,REC2,5,-0.24794738282010714,-0.7410897583239654,-0.0136445653649039,0.6
217,S,REC2,6,-0.09059924149632646,-0.9248246340071428,0.4060217489286795,0.6666666666666666
218,K,REC2,6,-0.2278880768924727,-0.998503575516848,1.4956569008876288,0.3333333333333333
219,S,REC2,6,0.09933529558202707,-0.1662316694177459,0.7236014250743065,1.0
220,R,REC2,5,-0.41873526901083347,-1.3334343165716998,0.4410360372814637,0.4
221,R,REC2,5,-0.30062891463051933,-0.8564186206104234,0.5100406342473114,0.4
222,L,REC2,5,-0.09723820575700459,-0.7581126543484743,0.5964256357851117,0.6
223,E,REC2,6,-0.22411573082335334,-1.4091554494425558,2.227578175935107,0.3333333333333333
224,N,REC2,7,-0.25939037429685996,-0.6039954948866443,0.1782509785804281,0.42857142857142855
225,L,REC2,5,-0.33273243301458316,-0.6020354116278781,-0.130169881345267,0.4
226,I,REC2,7,-0.28156559819432553,-1.5086360375608263,0.3948879835076213,0.5714285714285714
227,A,REC2,6,-0.09036542554345166,-0.373883505779761,0.2285027778413168,0.8333333333333334
228,Q,REC2,6,-0.3441427069299672,-0.6327531302097993,0.0247978108632636,0.3333333333333333
229,L,REC2,5,-0.36701987811847225,-0.8285948054953689,0.0459085309022108,0.4
230,P,REC2,6,-0.20265890477457063,-0.7997344163885537,0.199396388032183,0.6666666666666666
231,G,REC2,6,0.08278904171322707,-0.5741543494528623,0.9818962778655884,0.6666666666666666
232,E,REC2,6,0.14431375051901293,-0.4220293643783046,1.3276527634934128,0.6666666666666666
233,K,REC2,6,-0.30037806522923655,-0.8470350351970657,0.0331134686148614,0.5
234,K,REC2,6,-0.3505967192591574,-1.888188745684884,0.1153200400922553,0.8333333333333334
235,N,REC2,7,0.10580330185912949,-0.5912323304481205,0.7554293876345666,0.8571428571428571
236,G,REC2,4,0.12520053431150058,-0.0707465002503821,0.2817709444845242,1.0
237,L,REC2,5,-0.26990402290245247,-1.006594274425719,0.0973998474464358,0.6
238,F,REC2,6,-0.23709464705903935,-0.7437228494052296,0.1718710018971147,0.6666666666666666
239,G,REC2,6,-0.15089728688872478,-0.4988961247645023,0.4270627269354174,0.6666666666666666
240,N,REC2,7,-0.0027346750754895866,-0.3440918570177689,0.5022811664676369,0.7142857142857143
241,L,REC2,5,-0.2541314827039433,-0.7731091157488572,0.0800494959218715,0.6
242,I,REC2,7,-0.40369484509508596,-1.9290736424746169,0.6591750481084157,0.42857142857142855
243,A,REC2,6,0.02799117916139468,-0.3368937717351528,0.2274860736958922,0.8333333333333334
244,L,REC2,5,0.6642705627549135,-0.491024754142835,2.2115179536002807,0.6
245,S,REC2,6,-0.43346146925002776,-1.3566003827309083,0.2821605254655928,0.5
246,L,REC2,5,-0.4751729102898376,-0.8440624910051597,0.1455789334309664,0.2
247,G,REC2,5,-0.18595365387683174,-0.6575353969936493,0.3144502268367541,0.6
248,L,REC2,5,-0.03220759108111762,-0.4246393261573405,0.4781841004838667,0.6
249,T,REC2,6,-0.11748472831710292,-0.4044397472679708,0.2820666587913348,0.6666666666666666
250,P,REC2,6,-0.10136490643274504,-0.4744525855850903,0.612563060893717,0.5
251,N,REC2,7,-0.11091453315929445,-1.0823716408345536,0.6952359378289986,0.7142857142857143
252,F,REC2,6,-0.03348609102259877,-0.8064362662055463,1.3154429489771249,0.5
253,K,REC2,6,-0.4576439631434935,-2.8208328139873213,0.5079084932835327,0.6666666666666666
254,S,REC2,6,0.056386563199997464,-0.5683163618837844,1.3110516715432072,0.5
255,N,REC2,7,-0.2817992464894906,-0.971467479406841,1.180491778342713,0.2857142857142857
256,F,REC2,6,-0.06878588904607282,-0.706553643575579,0.4773403007279803,0.8333333333333334
257,D,REC2,7,-0.07666193447746303,-0.9498579466563428,1.731712877864205,0.5714285714285714
258,L,REC2,5,0.6704664335047571,-0.4366961757938485,2.3138700692998206,0.8
259,A,REC2,6,-0.18445756952472311,-1.0674093654364007,0.5217901281712265,0.6666666666666666
260,E,REC2,6,0.03249146388656057,-0.4052222459003338,1.00015215602779,0.8333333333333334
261,D,REC2,7,-0.028801190223610613,-0.5567996165941375,0.5623720843835402,0.7142857142857143
262,A,REC2,6,-0.26541317412391174,-1.0692230870107609,0.8675136243079059,0.5
263,K,REC2,6,-0.3623665344736946,-0.7053897046600329,0.0054042574590866,0.3333333333333333
264,L,REC2,5,0.07190795169673256,-0.7616351890386027,2.614181000442523,0.4
265,Q,REC2,6,0.03341074992847557,-0.7262142490158497,0.4723522768065457,0.8333333333333334
266,L,REC2,5,-0.15827572472033782,-0.7339351013400885,0.4067402959416458,0.6
267,S,REC2,6,-0.5269307712023398,-1.146934713910972,0.1667142680304696,0.3333333333333333
268,K,REC2,6,-0.296002111127972,-0.8940868343131855,0.5506292779615803,0.5
269,D,REC2,7,-0.1322572437354268,-0.7943802129611597,1.0214799994399932,0.42857142857142855
270,T,REC2,5,0.21093220832308682,0.0946341564214939,0.3479460302850874,1.0
271,Y,REC2,6,0.22359733306893037,-0.7028194619394265,2.807240157487408,0.8333333333333334
272,D,REC2,7,-0.11679973002076459,-0.5765334945151064,0.6405013736698342,0.5714285714285714
273,D,REC2,7,-0.05357384135284967,-1.1192565393307077,0.8755502641527505,0.5714285714285714
274,D,REC2,7,-0.32309930554010763,-2.192731134492924,0.861083954704181,0.5714285714285714
275,L,REC2,5,-0.3461251397810991,-0.556877175495171,0.152930396964433,0.2
276,D,REC2,7,0.22748165417864258,-1.13414049500455,2.4879671261906475,0.8571428571428571
277,N,REC2,7,0.12156570128284175,-0.5204657863361474,1.394530065270278,0.7142857142857143
278,L,REC2,5,-0.22061968089139056,-0.835799818775606,0.2456344147317055,0.6
279,L,REC2,5,-0.24114294682714457,-1.1298128496104332,0.271221790269436,0.6
280,A,REC2,6,0.1740503690346721,-0.2508390226638883,0.9287429483485692,1.0
281,Q,REC2,6,-0.25266296054307563,-1.1875127058829105,0.8495691915746855,0.3333333333333333
282,I,REC2,7,0.1235101315766468,-0.2322701221970937,0.6209093495750069,1.0
283,G,REC2,6,0.00011753180811776658,-0.6480961622149661,1.4440469318901892,0.5
284,D,REC2,7,-0.16672937032506394,-0.4902552668893708,0.2402220776556059,0.7142857142857143
285,Q,REC2,6,-0.21866344104508909,-0.7345604925233647,0.1935907761426191,0.5
286,Y,REC2,6,0.3332938606249513,-0.3867151591550499,2.073115053621736,0.8333333333333334
287,A,REC2,6,-0.06585421886324228,-0.8066038625086192,0.7150091592706809,0.8333333333333334
288,D,REC2,7,-0.30081862445129826,-1.11456375530332,0.1907444454550794,0.5714285714285714
289,L,REC2,5,-0.44232847849745544,-0.645792266431358,-0.2794329143160722,0.0
290,F,REC2,6,-0.07096495524350972,-0.7299567686741004,1.1909806559280305,0.5
291,L,REC2,5,0.18025046170901346,-0.8485237033710257,1.503310240820377,0.6
292,A,REC2,6,-0.14028039140103735,-1.1521510597049596,0.672430196339776,0.6666666666666666
293,A,REC2,6,-0.7744568012778746,-3.0414820839745262,0.2804460109128364,0.3333333333333333
294,K,REC2,6,-0.7305940586960569,-2.366478000846094,0.2772846219494243,0.16666666666666666
295,N,REC2,7,0.0645544036932962,-0.5961142410961205,0.7496792036022989,0.8571428571428571
296,L,REC2,5,-0.5730487625491073,-1.2730770389263384,0.0606489584093557,0.2
297,S,REC2,6,-0.2554547982146084,-0.8188741913385403,1.5186750878124913,0.16666666666666666
298,D,REC2,7,0.0026802861040782855,-0.6004665691260541,0.3781042617403333,0.7142857142857143
299,A,REC2,6,-0.1166009056531016,-0.626535147482199,0.2074544200679233,0.8333333333333334
300,I,REC2,7,-0.06070488226539842,-2.268607573185215,1.3812588186584345,0.7142857142857143
301,L,REC2,5,-0.0486327936959481,-0.4155673720905388,0.4728206372915502,0.6
302,L,REC2,5,-0.5732110644833309,-0.9489733742727404,0.1091339915240097,0.2
303,S,REC2,6,-0.2208451286773124,-0.7472897670363063,0.2114030772680274,0.6666666666666666
304,D,REC2,7,-0.28635090066423036,-0.5069450341913686,0.072158380467432,0.5714285714285714
305,I,REC2,7,-0.1715005894452281,-0.4963655251016138,0.5692749588785878,0.5714285714285714
306,L,REC2,5,-0.47028393218571446,-0.9485945179002886,-0.0861333432213313,0.4
307,R,REC2,5,-0.3201636325676626,-0.8517727504703355,0.0592768800497171,0.4
308,V,REC1b,5,0.046211529442815466,-0.1043080287862128,0.5752945873887378,1.0
309,N,REC1b,7,-0.40195604318425665,-0.6523128307657271,-0.0597371459346959,0.2857142857142857
310,T,REC1b,5,-0.43547763148792623,-1.113887580029287,-0.1836759101861493,0.6
311,E,REC1b,6,0.14303010535483543,-0.3572670569493771,0.7237534361557239,0.6666666666666666
312,I,REC1b,7,-0.2514076802427871,-0.6086297983339689,0.2425763808399853,0.5714285714285714
313,T,REC1b,6,-0.30615545508213743,-1.2670073682778122,0.7563516471536925,0.5
314,K,REC1b,6,-0.19012166262760102,-0.4838492621802203,0.2038825009915401,0.5
315,A,REC1b,6,-0.14996756143329718,-0.4357286169887231,0.0830691417027604,0.6666666666666666
316,P,REC1b,6,-0.41688064805581987,-0.9166095163211816,0.1015834906074797,0.5
317,L,REC1b,5,-0.2673145362949409,-0.7676349847445889,0.472078346854586,0.6
318,S,REC1b,6,-0.4617314295635608,-0.6588303198339013,-0.2517444001594282,0.16666666666666666
319,A,REC1b,6,-0.43768459688213396,-0.8196679131148504,0.1099427589937518,0.3333333333333333
320,S,REC1b,6,-0.03594986515667279,-0.7548691010500695,0.5007368551225675,0.8333333333333334
321,M,REC1b,6,-0.30028142006535086,-0.9808684510641054,0.2362947895677893,0.5
322,I,REC1b,7,-0.41618589491020874,-0.7398500588951092,0.0223133225185898,0.2857142857142857
323,K,REC1b,6,-0.12076086415755256,-0.592352805168939,0.1596517665143542,0.6666666666666666
324,R,REC1b,5,0.03143274033061094,-0.3789257872618754,0.5890552165774102,0.8
325,Y,REC1b,6,-0.7706822462297714,-1.322266562991143,-0.0644688055234962,0.16666666666666666
326,D,REC1b,7,-0.14341324813781137,-0.9202473250519352,0.998138909394413,0.5714285714285714
327,E,REC1b,6,-0.3228464177134938,-1.1825140718510792,0.2203622493070227,0.5
328,H,REC1b,7,0.04721092975379531,-0.3785414400155715,0.3322092215530367,0.7142857142857143
329,H,REC1b,7,-0.1408124719622521,-0.694596494157557,0.1087321476716198,0.8571428571428571
330,Q,REC1b,6,-0.33903474103240655,-0.9990625046812204,0.3385029405267025,0.5
331,D,REC1b,7,-0.1030166182116065,-0.3372932331303932,0.2572663986047909,0.7142857142857143
332,L,REC1b,5,0.2194074387739223,-0.7815096560465227,1.892046767943622,0.8
333,T,REC1b,5,-0.10132037411657897,-2.0722886580969644,0.9855601738354268,0.8
334,L,REC1b,5,-0.3315672874331788,-0.5281518742394625,0.0113164727269111,0.4
335,L,REC1b,5,-0.3456855321922025,-0.74076359728788,-0.0062453235404169,0.4
336,K,REC1b,6,-0.9722018783404058,-2.570997599279061,-0.3415153115416898,0.0
337,A,REC1b,6,-0.0678223974863343,-0.4506738753757024,0.2861987130042828,0.8333333333333334
338,L,REC1b,5,-0.36882143050891175,-0.951003080517798,0.0792818089026744,0.4
339,V,REC1b,5,-0.5649072819631447,-1.0310041080954064,-0.0992829676342847,0.4
340,R,REC1b,5,-0.07087926308409757,-0.4587826319792825,0.2347459444905877,0.6
341,Q,REC1b,6,-0.24819352821153337,-0.913144704103036,0.3650016987564131,0.5
342,Q,REC1b,6,-0.03756102551762202,-0.8716546166549146,0.5190930283334547,0.6666666666666666
343,L,REC1b,5,-0.21393052865260884,-0.4848116555946639,0.0218563191497483,0.6
344,P,REC1b,6,0.011427584913288005,-0.5129445216480315,0.9622095117398808,0.6666666666666666
345,E,REC1b,6,0.05666205741724847,-0.6162907995086992,0.4885899338250261,0.6666666666666666
346,K,REC1b,6,-0.13810560637332422,-0.6270339620822004,0.4852470183781078,0.6666666666666666
347,Y,REC1b,6,-0.2202664817208949,-1.072804263542808,0.3305514306884001,0.6666666666666666
348,K,REC1b,6,-0.3719258643876126,-1.158707417097814,0.4706514683451878,0.5
349,E,REC1b,6,-0.11758438482840983,-0.4980580597876484,0.321619261561682,0.6666666666666666
350,I,REC1b,7,-0.35452175015015425,-3.3830502356043386,0.9346425840905954,0.5714285714285714
351,F,REC1b,6,-0.3844033367779977,-1.2215242274864444,1.028127966426602,0.3333333333333333
352,F,REC1b,6,-0.2184960739569095,-0.6274548005652032,-0.0047232569683011,0.6666666666666666
353,D,REC1b,7,-0.1554210096593077,-1.6299442751654838,1.279270667572686,0.5714285714285714
354,Q,REC1b,6,-0.010139408402555177,-0.6656789473690559,1.3114140073119145,0.6666666666666666
355,S,REC1b,6,-0.37350387599003704,-0.6891811976079439,0.0444885913325402,0.3333333333333333
356,K,REC1b,6,-0.12277997181717455,-0.8018672629477589,0.9034084554955286,0.6666666666666666
357,N,REC1b,7,0.06756188342548121,-0.6995187748630854,0.5676469932978928,0.8571428571428571
358,G,REC1b,5,-0.4790077910247641,-0.9280671799774576,-0.0583752023231888,0.2
359,Y,REC1b,6,-0.1692155500666821,-1.1042659433025772,0.9546277457509912,0.5
360,A,REC1b,6,-0.3275427909099195,-1.146483070925295,0.2044170152747784,0.6666666666666666
361,G,REC1b,4,-0.27671124167450145,-0.9067974087155856,0.2051138764577588,0.5
362,Y,REC1b,6,0.004201773061943169,-0.5490071743918659,0.9156610926115788,0.6666666666666666
363,I,REC1b,7,0.04741864727365811,-0.966375154084634,1.2064158150785087,0.5714285714285714
364,D,REC1b,7,-0.2672322136223005,-1.6295785880316782,0.6861172977449985,0.5714285714285714
365,G,REC1b,6,-0.3622900767401662,-0.6425982183521252,-0.1013882570590894,0.3333333333333333
366,G,REC1b,5,-0.08712361771132834,-0.8920221692098983,0.4724399643153728,0.8
367,A,REC1b,6,0.3349277371217824,-0.4374560284858878,2.3287099150737536,0.6666666666666666
368,S,REC1b,6,-0.3487600352735183,-1.1083991982207368,0.2399869990300291,0.5
369,Q,REC1b,6,-0.572736775739975,-1.250857352980205,-0.1863177490588328,0.3333333333333333
370,E,REC1b,6,-0.41092486055130456,-0.8818039255012279,0.5898570783594017,0.3333333333333333
371,E,REC1b,6,-0.5945207023131257,-1.3792586513637728,-0.1323439108932561,0.3333333333333333
372,F,REC1b,6,-0.24198279656114177,-0.9251179166741804,1.3900448901258848,0.16666666666666666
373,Y,REC1b,6,-0.390276562811652,-0.745766355531517,-0.0792442251707429,0.16666666666666666
374,K,REC1b,6,-0.07083582623715001,-1.0316169901339358,0.3915286910476307,0.6666666666666666
375,F,REC1b,6,-0.42890957069985136,-1.8990335256994335,0.3031766192748869,0.5
376,I,REC1b,7,-0.20417780377337227,-0.6912041404493144,1.0357702131564233,0.42857142857142855
377,K,REC1b,6,-0.31513339712058447,-1.096396994159586,0.139138524629852,0.5
378,P,REC1b,6,-0.3797636281441383,-0.6266374426444908,-0.1438327165536826,0.3333333333333333
379,I,REC1b,7,0.5916945986470515,-0.8640932379671848,2.94123772486607,0.7142857142857143
380,L,REC1b,5,-0.1700558069861871,-0.8959778623005963,1.3121666561000285,0.6
381,E,REC1b,6,0.08515614612298304,-0.3574003424524096,0.7718826744925568,0.6666666666666666
382,K,REC1b,6,-0.1948900928952617,-0.6279889363356151,0.3109718626001474,0.5
383,M,REC1b,6,-0.039588015290229935,-0.2394579871514423,0.1833694738361105,1.0
384,D,REC1b,7,-0.13922839353187097,-0.7236572092155098,0.8309974005437822,0.7142857142857143
385,G,REC1b,6,-0.11601380564257242,-0.3312655169741787,0.1216560994274874,0.5
386,T,REC1b,5,-0.4058091579797698,-0.9427059609020432,0.3203005317529515,0.4
387,E,REC1b,6,-0.36163280061697406,-0.7454053632534491,0.0316657666184194,0.3333333333333333
388,E,REC1b,6,0.20470472176139942,-0.5089678884988094,1.073077128840053,0.6666666666666666
389,L,REC1b,5,-0.2301673165810952,-0.8538080100598017,0.6164551803535349,0.4
390,L,REC1b,5,-0.3847122116768049,-0.8537267432493384,0.2021849734893488,0.4
391,V,REC1b,5,-0.1703892267265103,-0.4602875802900492,0.1372749572107406,0.6
392,K,REC1b,6,-0.15361959278876633,-0.9828303831122824,1.8315796432860063,0.16666666666666666
393,L,REC1b,5,-0.16701565157994427,-0.8504043825076633,0.834520561488238,0.4
394,N,REC1b,7,0.11786525806784375,-0.4483550226917547,2.285167804910362,0.42857142857142855
395,R,REC1b,6,-0.4033856581470638,-0.9347822878981352,0.2122415930050164,0.16666666666666666
396,E,REC1b,6,-0.4186701988736831,-1.237115701086241,0.2488507179962303,0.3333333333333333
397,D,REC1b,7,-0.26922637425792184,-0.5116876390769275,0.3029100228618151,0.2857142857142857
398,L,REC1b,5,-0.5483640077181002,-0.9984807878456472,0.0052096268176407,0.4
399,L,REC1b,5,-0.1489549328859836,-0.445395843549713,0.1830535417460993,0.8
400,R,REC1b,6,-0.17471092055147683,-0.5419025337636524,0.2801957176860037,0.5
401,K,REC1b,6,-0.472334958068615,-0.6461826421802455,-0.138954775963813,0.3333333333333333
402,Q,REC1b,6,-0.2343786305380169,-0.5488838196948168,0.1373620168635209,0.5
403,R,REC1b,6,-0.4918345840429701,-0.8665807425904308,-0.021515801080978,0.3333333333333333
404,T,REC1b,6,-0.018993618625523883,-0.8233314730981527,1.9742769040499373,0.5
405,F,REC1b,6,-0.6037929626515459,-5.480720767944985,2.109900303383332,0.5
406,D,REC1b,7,-0.1915554812708316,-0.8698945130951959,0.2561648951289182,0.7142857142857143
407,N,REC1b,7,-0.12398825825444974,-0.4300331210529211,0.4458244212144169,0.7142857142857143
408,G,REC1b,5,-0.48053378305428607,-0.974604158610249,-0.0204078482233733,0.6
409,S,REC1b,6,-0.38387917279182165,-1.1484643345840435,0.1618087877726086,0.3333333333333333
410,I,REC1b,7,-0.642976237525486,-1.4328287133224764,-0.1788756626590316,0.14285714285714285
411,P,REC1b,6,-0.5594676711119583,-0.9062892628757572,-0.2731028156442457,0.0
412,H,REC1b,7,-0.6537506272028167,-1.8720398737318629,-0.0426280308010616,0.14285714285714285
413,Q,REC1b,6,-0.3858369605548409,-0.8791787197203776,-0.045640168674074,0.3333333333333333
414,I,REC1b,7,-0.3934012421204472,-0.7937602101058197,-0.0690346784526033,0.5714285714285714
415,H,REC1b,7,-0.3406320066987987,-0.7852163186323625,0.9601560608713358,0.2857142857142857
416,L,REC1b,5,-0.769040665707986,-3.291706606866176,0.0025928076274172,0.6
417,G,REC1b,4,0.11320919967803215,-0.4684415405668351,0.8549854583939448,0.75
418,E,REC1b,6,-0.5587377472678748,-0.9633716194740336,0.0009443346340893,0.16666666666666666
419,L,REC1b,5,-0.4873649697377731,-1.1602908547488724,0.1214751405312465,0.4
420,H,REC1b,7,-0.018066238804849984,-0.1618903387805818,0.1397668563986382,1.0
421,A,REC1b,6,-0.10460140211204179,-0.3962589941644557,0.8215473963413715,0.5
422,I,REC1b,7,-0.06534889894874367,-0.6627850219163371,0.8500028898737528,0.7142857142857143
423,L,REC1b,5,-0.14526498868293083,-0.5007886248681698,0.4245122668636001,0.4
424,R,REC1b,6,-0.1812915815609439,-1.2352907512208593,0.1966860945237792,0.8333333333333334
425,R,REC1b,6,-0.2550269211576432,-0.850311003627967,0.4122638884888864,0.3333333333333333
426,Q,REC1b,6,-0.6338656979960485,-0.8683327754971649,-0.2738958793465325,0.0
427,E,REC1b,6,-0.3599909554080322,-0.8591132042652767,0.9925287835777182,0.16666666666666666
428,D,REC1b,7,-0.11188376926607728,-0.5237696562054114,0.3731368508304851,0.7142857142857143
429,F,REC1b,6,-0.5325468718111529,-1.0453806412452047,-0.1287724417069053,0.16666666666666666
430,Y,REC1b,6,-0.48562428871690483,-1.301253541052861,0.174774588115131,0.3333333333333333
431,P,REC1b,6,-0.46700847639213183,-0.9410071014086652,0.0331142667657295,0.3333333333333333
432,F,REC1b,6,-0.2998147096399591,-0.656464020718151,0.231732674256546,0.3333333333333333
433,L,REC1b,5,-0.7957093410925337,-1.567434276165445,-0.4844449114944136,0.0
434,K,REC1b,6,-0.23971020743941007,-0.5275049076091292,0.1538126570071626,0.3333333333333333
435,D,REC1b,7,-0.08495326634020565,-0.8468583623376166,1.088321419342001,0.7142857142857143
436,N,REC1b,7,-0.4007945926472919,-1.0824485960766907,-0.0794079290653152,0.2857142857142857
437,R,REC1b,6,-0.1888029668208537,-0.6580412224229981,0.6554478540665493,0.6666666666666666
438,E,REC1b,6,-0.5985835985796207,-1.0818565300301404,-0.1152425221826653,0.16666666666666666
439,K,REC1b,6,-0.6051342572978883,-1.0811828810327202,-0.1893170632395204,0.16666666666666666
440,I,REC1b,7,-0.32359090288783826,-1.1777124637992524,0.3307906312604929,0.5714285714285714
441,E,REC1b,6,-0.06512710882550768,-0.5864994494072845,1.2405017762544348,0.3333333333333333
442,K,REC1b,6,-0.4304172364289341,-0.7171038861509146,-0.152189909120511,0.16666666666666666
443,I,REC1b,7,-0.5043476922012945,-2.666954080082589,0.3071281455800741,0.42857142857142855
444,L,REC1b,5,-0.3544218397662494,-0.6072675670065649,0.1020661839922783,0.4
445,T,REC1b,5,0.523361075491481,-0.2159516464366064,1.2081558690998344,1.0
446,F,REC1b,6,-0.31248411099523876,-0.7279298275022278,0.2773774563772085,0.5
447,R,REC1b,6,-0.5261679523936975,-1.4826526360620085,0.2735161515070757,0.3333333333333333
448,I,REC1b,7,-0.22195697729240524,-0.8047514926124074,0.4053153936640232,0.42857142857142855
449,P,REC1b,6,-0.7069925935031273,-0.9293778521873948,-0.538754413843612,0.0
450,Y,REC1b,6,0.31351386359265826,-0.8300776378442781,2.693556418419759,0.6666666666666666
451,Y,REC1b,6,-0.40653633413114915,-1.4455661305205072,0.3959013900899626,0.6666666666666666
452,V,REC1b,5,-0.5808513839427901,-1.5298004246968318,-0.1796731946346428,0.4
453,G,REC1b,4,-0.5737671916461367,-0.8970884038168492,-0.1613978058890637,0.25
454,P,REC1b,6,-0.6317635118729319,-1.1517389981851718,0.1185458700020699,0.16666666666666666
455,L,REC1b,5,-0.30670798752185463,-0.9470671046522046,0.5971595621813592,0.4
456,A,REC1b,6,-0.20643971058751606,-0.8428689834290187,0.9744879764679788,0.3333333333333333
457,R,REC1b,5,0.22768299449051685,-0.1607158552187132,0.8082911562455539,1.0
458,G,REC1b,6,-0.03225087947002472,-0.5929264644863842,0.6202808295909998,0.6666666666666666
459,N,REC1b,7,-0.1993124029126751,-0.8001606739593585,0.412620662351611,0.5714285714285714
460,S,REC1b,6,-0.08503919732992042,-0.4409088570131341,0.5680837213383692,0.8333333333333334
461,R,REC1b,6,-0.05357664927302782,-0.1612391167243572,0.1805388426488602,1.0
462,F,REC1b,6,-0.20744919388569946,-0.8619989663250768,0.541857938446493,0.6666666666666666
463,A,REC1b,6,-0.1909722450441408,-1.1837892949285524,1.1717716664591635,0.3333333333333333
464,W,REC1b,5,-0.7640594311234546,-0.904364846901934,-0.6009035006733796,0.0
465,M,REC1b,6,-0.2692470043998691,-1.0367643950190202,0.3461945679323477,0.5
466,T,REC1b,6,-0.28255899449863425,-1.175546971525731,0.5698802013886713,0.5
467,R,REC1b,5,-0.09946667124834327,-0.4840082394803358,0.2037619399552946,0.6
468,K,REC1b,6,-0.12398652791394937,-0.4926774422030052,0.6452784638715247,0.6666666666666666
469,S,REC1b,4,-0.1584766465937567,-0.4738717808467191,0.1761035518053111,0.75
470,E,REC1b,6,-0.08563988659169854,-0.8388560042324966,0.3470048477858335,0.8333333333333334
471,E,REC1b,6,-0.1072318787770199,-0.6000764092745207,0.3094301345410095,0.6666666666666666
472,T,REC1b,6,0.021578056632129843,-1.112404697277308,0.997481586615969,0.6666666666666666
473,I,REC1b,7,-0.3986440302299942,-1.5268518328338514,0.1464822392878849,0.42857142857142855
474,T,REC1b,5,-0.7262718040213413,-1.7764771858473072,-0.2431046552155147,0.2
475,P,REC1b,6,-0.5574832922817464,-1.1174186618886888,-0.1442351697317368,0.16666666666666666
476,W,REC1b,5,-0.3840150398536078,-1.175807973425555,0.2280893059412557,0.6
477,N,REC1b,7,-0.2502933954572223,-0.7993124759108252,0.7212933404115456,0.42857142857142855
478,F,REC1b,6,-0.505937681187188,-1.369893492955602,0.054604335572308,0.3333333333333333
479,E,REC1b,6,-0.1347493112383514,-0.99812496022345,1.5552757387643268,0.5
480,E,REC1b,6,0.018027586672195634,-0.7574350402331516,1.0451589810009838,0.6666666666666666
481,V,REC1b,5,-0.48640946076296876,-1.181469649159339,-0.0488748836435832,0.4
482,V,REC1b,6,-0.6121038179982453,-1.535692652589096,-0.0378893085355852,0.3333333333333333
483,D,REC1b,7,-0.093825362089338,-2.571335468587621,3.915031153832972,0.42857142857142855
484,K,REC1b,6,-0.12387469254810506,-0.5151798991227194,1.275795296940477,0.3333333333333333
485,G,REC1b,6,-0.3349936958393289,-0.7692361407335051,0.2273970081680961,0.3333333333333333
486,A,REC1b,6,-0.5978641602861559,-2.3453545334332,0.2170653986368674,0.5
487,S,REC1b,6,-0.580037767197508,-0.9298429081424984,-0.0446795174421592,0.16666666666666666
488,A,REC1b,6,0.14825831197483694,-0.8307053925464638,0.5573460235791532,0.8333333333333334
489,Q,REC1b,6,-0.27165899596248116,-0.6328889642894596,0.0655013525886381,0.5
490,S,REC1b,6,-0.58748842730321,-1.56577500571326,-0.0657014025786167,0.5
491,F,REC1b,6,-0.6374198451771256,-1.179426767022913,0.0018706332161752,0.16666666666666666
492,I,REC1b,7,0.3414951634707649,-0.4990175003459733,0.7751705717158726,0.8571428571428571
493,E,REC1b,6,0.05860670079939436,-0.4102556992607913,0.5544006534433612,0.8333333333333334
494,R,REC1b,6,0.2516677750097905,-0.3696583545158293,1.2907939990477943,0.6666666666666666
495,M,REC1b,6,0.05051303301621916,-0.5780275414021084,0.5482124559778602,0.8333333333333334
496,T,REC1b,6,0.5291618539209115,0.0007926950727619,1.1373719930551929,1.0
497,N,REC1b,7,-0.5668507665598627,-5.671188359424805,0.9726678303499198,0.7142857142857143
498,F,REC1b,6,-0.12661252139891976,-0.6406691892304662,0.5122369189788288,0.6666666666666666
499,D,REC1b,7,-0.5538843198157472,-1.2087777716687709,-0.0686280382977694,0.2857142857142857
500,K,REC1b,6,-0.49038358945866184,-1.2192817047155002,-0.03623017501122,0.5
501,N,REC1b,7,-0.25764404696844,-2.1065061802269027,0.4494772535224879,0.5714285714285714
502,L,REC1b,5,-0.4168269632321821,-0.7885578595612339,-0.2596426690100141,0.2
503,P,REC1b,6,-0.18668568305252062,-1.0460835111684728,0.9845115472739764,0.5
504,N,REC1b,7,-0.29885192077959555,-0.8099481950964753,0.0267541310894939,0.5714285714285714
505,E,REC1b,6,-0.13036648679229154,-1.0905574802017912,1.7038813811515747,0.5
506,K,REC1b,6,-0.02243859130485019,-0.4555510419453817,0.5281569770664698,0.6666666666666666
507,V,REC1b,5,0.00747169703610287,-1.0076620276877706,0.7345402148445828,0.8
508,L,REC1b,5,-0.43810338052339726,-0.9153551365667474,0.1707899938302121,0.2
509,P,REC1b,6,-0.3914350796245913,-0.9556148981830028,0.2609056231541706,0.3333333333333333
510,K,REC1b,6,0.02989424955826046,-0.4569375995764183,0.6806097732555862,0.6666666666666666
511,H,REC1b,7,-0.17004296478705405,-0.7385563106486436,0.658150424611396,0.5714285714285714
512,S,REC1b,6,-0.39561476719222854,-0.881410729671471,0.2140394794149636,0.16666666666666666
513,L,REC1b,5,-0.23120562385287,-0.8940939868696713,1.041518239734023,0.4
514,L,REC1b,5,0.140533106529854,-0.5545342398529838,1.1405785458829611,0.6
515,Y,REC1b,6,-0.13043904926552932,-0.8201231409301368,0.6023102813002278,0.5
516,E,REC1b,6,-0.442258594516036,-0.8910831948863022,0.1368311318972448,0.3333333333333333
517,Y,REC1b,6,0.05959294334403727,-0.3521913163113643,0.411025170046566,0.8333333333333334
518,F,REC1b,6,-0.2730004612358033,-1.115320252779747,0.8543060981767344,0.5
519,T,REC1b,5,-0.07613723464668228,-0.3517379575050384,0.3182803131688904,0.8
520,V,REC1b,6,-0.336850539760607,-0.9971535320329392,0.1639089006995772,0.5
521,Y,REC1b,6,-0.14339076309249418,-0.8910008229685773,0.4162476818593558,0.5
522,N,REC1b,7,-0.20188636524878809,-0.6888877512905007,0.3154088902634533,0.5714285714285714
523,E,REC1b,6,-0.13060185331168758,-1.3859578077365926,0.4780466590530246,0.6666666666666666
524,L,REC1b,5,-0.5887575173170414,-1.1833740137233206,0.1111080642562364,0.4
525,T,REC1b,6,-0.038866576862242076,-0.7045415404368264,0.326403475740651,0.8333333333333334
526,K,REC1b,6,0.20128791239567023,-0.4063067434518517,1.10143819748436,0.6666666666666666
527,V,REC1b,5,-0.0135559287410909,-0.4197512633475215,0.3777882176379026,0.6
528,K,REC1b,6,0.11858839283989277,-0.2464832376373882,0.6766375008613051,1.0
529,Y,REC1b,6,-0.5916090953151255,-0.8739303178684544,-0.1094577857965916,0.16666666666666666
530,V,REC1b,6,-0.22069190456685125,-0.6648646926901658,0.1257342029125516,0.6666666666666666
531,T,REC1b,5,-0.007883260139506094,-0.5661339777594944,1.0967030258371266,0.6
532,E,REC1b,6,-0.2949166750969687,-0.6280285556442802,-0.0493999886451743,0.5
533,G,REC1b,6,-0.1464514378075893,-0.7071292789613524,0.8750701508478647,0.5
534,M,REC1b,6,0.07376162977858955,-0.7210833106957966,1.7070409252282452,0.6666666666666666
535,R,REC1b,6,-0.39834908961317234,-0.6193011884352418,-0.1169053919562885,0.16666666666666666
536,K,REC1b,6,0.6618463278647779,-0.3005687411435193,3.3442007806804552,0.8333333333333334
537,P,REC1b,6,-0.5408376531695906,-4.095849476453981,1.090925877118427,0.6666666666666666
538,A,REC1b,6,-0.26506099443099085,-0.3578386513916808,-0.1599442978141795,0.5
539,F,REC1b,6,0.3247099310374657,-0.4484481258131578,1.0367772217057698,0.8333333333333334
540,L,REC1b,5,-0.7193900851692784,-1.2554839762268295,-0.319303776179427,0.0
541,S,REC1b,6,0.0021882241773886757,-0.1517513870091142,0.5100915491774292,1.0
542,G,REC1b,5,-0.40924735537840384,-1.122542978941055,0.0281963719655739,0.4
543,E,REC1b,6,-0.13087880597416127,-0.4830100104515041,0.1164520599647673,0.8333333333333334
544,Q,REC1b,6,-0.19011037802851782,-0.4769042938042267,0.0555812463170063,0.5
545,K,REC1b,6,-0.4504104900591706,-2.0065561499944384,0.4380440576690128,0.5
546,K,REC1b,6,-0.203767745599846,-1.1455987506348948,0.305817378178035,0.6666666666666666
547,A,REC1b,6,-0.10202028000058093,-0.5128215792477804,0.3763033016482391,0.6666666666666666
548,I,REC1b,7,-0.6070992023851696,-4.61616806869235,0.9280007365286936,0.5714285714285714
549,V,REC1b,5,-0.24254908219892438,-0.5597187957528803,0.0923579008268129,0.6
550,D,REC1b,7,-0.3437161400423968,-0.5589741137118134,-0.0437371801284172,0.2857142857142857
551,L,REC1b,5,-0.20476351509250024,-0.6461503997082674,-0.0675319609588019,0.8
552,L,REC1b,5,-0.15014008842282972,-1.0026890430605562,1.081186827950902,0.6
553,F,REC1b,6,-0.7215549450489167,-1.0160497290083066,-0.3656037298732301,0.0
554,K,REC1b,6,-0.17389628548291414,-0.6187993241992035,0.4597429173193343,0.5
555,T,REC1b,5,-0.2904328006410042,-0.4714842560500731,-0.0496626474246574,0.2
556,N,REC1b,7,-0.26993885882349106,-0.5327638264557273,0.0653794460166322,0.5714285714285714
557,R,REC1b,5,-0.2951456805490388,-0.5450237751911826,0.0473950226894063,0.2
558,K,REC1b,6,-0.31477668153609994,-0.6710947266486498,0.0050940212027335,0.5
559,V,REC1b,5,-0.6268250978045595,-0.8929355846635101,-0.3090627822668941,0.0
560,T,REC1b,6,-0.018513914919815282,-0.5517811896568939,0.4161515615837697,0.6666666666666666
561,V,REC1b,6,-0.27960122892239314,-1.1404126414298454,0.089948708564064,0.6666666666666666
562,K,REC1b,6,-0.5008015991535808,-0.7877225523495414,-0.327151449251882,0.0
563,Q,REC1b,6,-0.425149210923812,-0.6887585065705223,0.1630500169821451,0.16666666666666666
564,L,REC1b,5,-0.13298717034700264,-0.8775082406084089,0.6771575204111202,0.6
565,K,REC1b,6,-0.32980181776479056,-0.8779784646060579,0.0471977701737068,0.6666666666666666
566,E,REC1b,6,-0.11008986689360904,-0.5091193132059648,0.74864134189104,0.3333333333333333
567,D,REC1b,7,-0.270570924850353,-0.823391815862068,0.4897541722339881,0.42857142857142855
568,Y,REC1b,6,-0.27934572657326656,-1.1606260923069636,0.4524071740008609,0.6666666666666666
569,F,REC1b,6,-0.3216317725289214,-0.5294846531596987,0.0389981672811986,0.3333333333333333
570,K,REC1b,6,0.29537997591973203,-0.1902045609218797,0.7609636931033232,1.0
571,K,REC1b,6,0.1677670531478912,-0.1795415889419034,0.7384260623472148,1.0
572,I,REC1b,7,-0.20420433909962113,-1.062103255557201,0.2566224072918176,0.5714285714285714
573,E,REC1b,6,-0.03794616026908886,-0.3899230303493079,0.4530427376345341,0.6666666666666666
574,C,REC1b,6,-0.13746455084073875,-0.5808651454584562,0.2327217303106624,0.6666666666666666
575,F,REC1b,6,-0.17802390890124628,-0.8655805711228798,0.2333358787250118,0.6666666666666666
576,D,REC1b,7,0.14779858553188305,-0.8824606774333849,1.4108581001092404,0.7142857142857143
577,S,REC1b,6,0.1415684320607139,-0.2831200451722139,0.9062907373151828,0.8333333333333334
578,V,REC1b,5,-0.3798734200142295,-0.7701394315843164,0.2166980342525254,0.4
579,E,REC1b,6,-0.2746454480344239,-0.5157208966526807,0.0153784681254854,0.5
580,I,REC1b,7,-0.6877254369551647,-1.7373843483293376,0.4706691667911876,0.14285714285714285
581,S,REC1b,6,-0.1811801769560495,-0.5356756559526793,0.415590211219338,0.5
582,G,REC1b,4,0.0208522823082941,-0.4530633468516851,0.4533703420557609,0.75
583,V,REC1b,6,-0.38222619879055625,-0.6733646940577419,-0.0922981352336412,0.16666666666666666
584,E,REC1b,6,-0.38433511315062724,-1.189900257878196,0.1602839958456779,0.5
585,D,REC1b,7,-0.1456994488356078,-1.0519219028533533,0.6069397637264033,0.7142857142857143
586,R,REC1b,5,-0.2586892059968189,-0.6240640962142948,0.0117569501651498,0.6
587,F,REC1b,6,-0.452659273506175,-0.7502727047614632,-0.0299180514751259,0.16666666666666666
588,N,REC1b,7,0.10869500180655965,-0.3573203877309044,0.917131340578689,0.7142857142857143
589,A,REC1b,6,-0.1970120509633736,-0.8817577885983884,0.0846727878759876,0.8333333333333334
590,S,REC1b,6,-0.32998873683684476,-0.676905932218214,-0.0254896591066293,0.3333333333333333
591,L,REC1b,5,-0.4524576258922033,-0.7636928052194921,-0.0696158699106917,0.2
592,G,REC1b,6,-0.08566862655664838,-0.555126366259922,0.8650804415208176,0.5
593,T,REC1b,5,-0.4117077828271932,-0.8035326865551125,0.2957146602287784,0.2
594,Y,REC1b,6,-0.6410109415253883,-0.9058824519198744,-0.1381976752922914,0.16666666666666666
595,H,REC1b,7,-0.3239996447068057,-0.8327009460112864,0.2015650509818173,0.42857142857142855
596,D,REC1b,7,-0.1543014947137416,-1.2529914129106692,0.3143035821229995,0.7142857142857143
597,L,REC1b,5,-0.19820948213114387,-0.5773825682824641,0.2577038938290544,0.6
598,L,REC1b,5,-0.28938505245829743,-0.7394609996897381,0.7758171950537229,0.4
599,K,REC1b,6,0.1445396027931478,-0.1662458281614015,0.4910109320531283,1.0
600,I,REC1b,7,-0.40181806131601344,-1.0989561787484765,0.1464737786648427,0.42857142857142855
601,I,REC1b,7,-0.37360697636641627,-1.1425933412868523,0.4444821797621449,0.42857142857142855
602,K,REC1b,6,-0.47804821512625684,-1.1106464633266129,-0.0200439145457062,0.16666666666666666
603,D,REC1b,7,-0.4015094966123522,-1.2381394130153704,0.1305729518255228,0.42857142857142855
604,K,REC1b,6,-0.12494066479969668,-0.43024828622548,0.3945659331316486,0.5
605,D,REC1b,7,-0.18955721046908056,-0.743389364485235,0.6866002271391888,0.5714285714285714
606,F,REC1b,6,-0.591536875529112,-1.0089738959596914,-0.1583515199979183,0.16666666666666666
607,L,REC1b,5,-0.29134454052924996,-0.4861916687301397,0.2234661747730813,0.2
608,D,REC1b,7,0.20287246688063937,-0.5838634521116796,2.513404056784068,0.42857142857142855
609,N,REC1b,7,-0.3224373358978,-0.7037222890706238,-0.0007825664685864,0.42857142857142855
610,E,REC1b,6,-0.18271742980654515,-0.5214863969411296,0.3350220094693379,0.5
611,E,REC1b,6,0.10799516357102046,-0.580469275542408,1.3161605373476408,0.6666666666666666
612,N,REC1b,7,-0.17501056072851845,-0.5669779742607829,0.2226110327402174,0.7142857142857143
613,E,REC1b,6,-0.19986575733265477,-0.8373950594022438,0.4142209582719477,0.6666666666666666
614,D,REC1b,7,0.26810976810692955,-0.631877227127757,1.4887524780577814,0.42857142857142855
615,I,REC1b,7,-0.2458665580684521,-0.734147563197586,0.224881953155176,0.5714285714285714
616,L,REC1b,5,-0.6130401824474787,-1.345026705106891,0.112752806827731,0.2
617,E,REC1b,6,-0.18937228927294114,-1.1671777120853408,0.6054360991251727,0.6666666666666666
618,D,REC1b,7,-0.2274772367160827,-0.7013025949742251,0.3357105957121306,0.42857142857142855
619,I,REC1b,7,0.3111246034288758,-1.3626347261174,2.6098778750401084,0.5714285714285714
620,V,REC1b,5,-0.630803706293077,-1.5640779172604746,-0.2221318174534539,0.4
621,L,REC1b,5,-0.43945110336833404,-0.849618850912818,-0.0030933315745362,0.4
622,T,REC1b,5,-0.4175754265263887,-0.4958941114439753,-0.2907530749454906,0.0
623,L,REC1b,5,-0.07019599525789086,-0.6190704982124378,0.7219664196226293,0.6
624,T,REC1b,6,-0.5313448178273557,-0.981362406418504,-0.1242800358543111,0.3333333333333333
625,L,REC1b,5,-0.12819582818044956,-0.5301548035048387,0.5704444369730873,0.6
626,F,REC1b,6,-0.6613372001673475,-1.5633163811835258,0.0312528993376163,0.3333333333333333
627,E,REC1b,6,0.17881576355960083,-0.1049431900355933,0.6462466454172123,1.0
628,D,REC1b,7,-0.0888925085804082,-0.6195888548130065,1.2581553951359956,0.2857142857142857
629,R,REC1b,6,-0.2801066405371256,-0.8208195268039661,0.051089017430009,0.6666666666666666
630,E,REC1b,6,-0.276233885200498,-0.5457587082767894,0.2575969847064391,0.5
631,M,REC1b,6,-0.27759998573406797,-0.5428878378547081,0.0944335667342978,0.3333333333333333
632,I,REC1b,7,-0.02870970733291847,-0.6639895422311359,1.563326013592754,0.5714285714285714
633,E,REC1b,6,-0.01091531167721387,-0.318568091417792,0.3480081748570166,0.8333333333333334
634,E,REC1b,6,-0.4254006414185932,-1.6516994955114797,0.4705221416091459,0.3333333333333333
635,R,REC1b,6,-0.3474658776974598,-0.7579046271776656,-0.0250924410466013,0.5
636,L,REC1b,5,-0.5499509644212626,-1.2209817453443357,-0.2047918170926846,0.4
637,K,REC1b,6,-0.09184505325821841,-0.5002097989020285,0.328049648266437,0.6666666666666666
638,T,REC1b,5,-0.18751911421183615,-0.7761314759250004,0.4934024327165328,0.6
639,Y,REC1b,6,-0.19341997754634774,-1.7519454787120616,2.061026157567261,0.6666666666666666
640,A,REC1b,6,-0.12414153442124283,-0.7404823775816871,0.6955205070314118,0.6666666666666666
641,H,REC1b,7,-0.465634443253329,-0.6930143488275953,0.0565159157802901,0.14285714285714285
642,L,REC1b,5,-0.9745790118326957,-3.917979488222273,0.7072450405075006,0.4
643,F,REC1b,6,-0.20270679045915818,-0.6685801892351844,0.3712841671797079,0.5
644,D,REC1b,7,-0.2114840459364314,-0.6828222058277778,0.4706454886411568,0.5714285714285714
645,D,REC1b,7,-0.5548226157266408,-1.2662513718321071,0.3394696890558467,0.2857142857142857
646,K,REC1b,6,-0.07467283168988943,-0.6565983056591582,1.3158208483404557,0.5
647,V,REC1b,5,0.06176406641940739,-0.4982664057219654,1.0114803571419484,0.8
648,M,REC1b,6,-0.04313106209532052,-0.5052069065456304,0.4243045368394859,0.5
649,K,REC1b,6,0.5973889570635208,-0.2231894579551218,1.6460119325568496,1.0
650,Q,REC1b,6,-0.16393660631222465,-0.6344043003125832,0.3380672481104355,0.5
651,L,REC1b,5,-0.05888782208472243,-0.5453027206591822,0.4294483401774642,0.6
652,K,REC1b,6,-0.2670853552694342,-1.7228767863100416,0.4561370865610217,0.6666666666666666
653,R,REC1b,4,0.2471421896806296,-0.7301909528929434,1.568653528881378,0.75
654,R,REC1b,5,-0.2996787036628576,-0.5200315011814056,0.0201187411705934,0.4
655,R,REC1b,5,-0.3609017368231086,-0.9741782643769747,0.004017365304677,0.4
656,Y,REC1b,6,-0.062195514337034206,-0.7725571979187074,0.8331638629692462,0.5
657,T,REC1b,5,-0.4584571430009878,-1.427767655931735,0.2461998508481662,0.4
658,G,REC1b,5,-0.43756809365255894,-0.9598878720083062,0.2404945399781126,0.2
659,W,REC1b,5,0.11120837169710965,-1.0432446399312607,2.2242067046988003,0.4
660,G,REC1b,4,0.28617560395051206,-0.423051521488577,1.832430010105924,0.5
661,R,REC1b,4,0.19698812494911566,-0.7178103410881617,1.19952780392532,0.75
662,L,REC1b,5,0.20398578823144412,-0.2599247508178144,0.6632596521313547,1.0
663,S,REC1b,6,-0.49270702201776345,-0.8655221137508957,-0.0621284885420306,0.3333333333333333
664,R,REC1b,5,-0.31636762423335407,-0.6467914011641184,0.0009760395101863,0.4
665,K,REC1b,6,-0.26529153757521695,-0.464271849179956,0.1869226296904247,0.3333333333333333
666,L,REC1b,5,-0.1236143545120936,-0.2831714557737403,0.0830666467459638,0.8
667,I,REC1b,7,-0.03995930793754721,-0.5915741581821911,1.0701289249692088,0.5714285714285714
668,N,REC1b,7,-0.33551906073408805,-0.8359574347684613,0.0868353647393202,0.42857142857142855
669,G,REC1b,6,-0.2961732585005845,-0.5185170142630274,0.1241887128566327,0.3333333333333333
670,I,REC1b,7,-0.4342459544702293,-0.8980702594729986,0.2877962858383355,0.2857142857142857
671,R,REC1b,5,-0.4028277820432796,-0.7074711788724526,-0.1205604063617749,0.2
672,D,REC1b,7,-0.40754673902464794,-0.9098919168553392,0.0242687277305886,0.2857142857142857
673,K,REC1b,6,0.2124084966469589,-0.3901077314071369,1.082053550197064,0.6666666666666666
674,Q,REC1b,6,-0.2741873702052107,-0.5448199057467401,0.112834274881008,0.5
675,S,REC1b,6,-0.23708895823885176,-0.7450542787642495,0.5098271712675877,0.5
676,G,REC1b,5,-0.5004123802860494,-0.91819636703679,-0.0630760244039214,0.2
677,K,REC1b,6,-0.11810567739819494,-0.7433012553772279,0.6776437201817749,0.5
678,T,REC1b,5,-0.8066807192553735,-1.5899235448354403,-0.4046081871503055,0.0
679,I,REC1b,7,-0.13830155150795437,-0.5690901528080057,0.2527643389447134,0.8571428571428571
680,L,REC1b,5,-0.3874220782928157,-0.8420672683461513,0.072217598961426,0.2
681,D,REC1b,7,-0.5959662304815385,-1.0136886078361695,0.038492528655774,0.14285714285714285
682,F,REC1b,6,-0.3653409269413457,-0.7514880618898966,0.219954157493653,0.3333333333333333
683,L,REC1b,5,-0.4733591718496787,-0.942136746898122,0.0197107474089911,0.4
684,K,REC1b,6,-0.3590953444620835,-0.7740280243554563,-0.1695854878641826,0.5
685,S,REC1b,6,0.024676654107311957,-0.4183214471301134,1.3469559874610073,0.5
686,D,REC1b,7,0.03435398087742015,-0.4240221294773665,1.0040608500052468,0.8571428571428571
687,G,REC1b,6,-0.3833387389016098,-1.2268305739978906,0.1424032356678285,0.3333333333333333
688,F,REC1b,6,-0.5156753637614754,-1.5148371122620252,0.2306169275337534,0.3333333333333333
689,A,REC1b,6,-0.18174831450359893,-0.5546100632167672,0.2540752391820745,0.5
690,N,REC1b,7,0.27608106757687895,-0.1706698314171101,0.6691428563808669,1.0
691,R,REC1b,6,0.5287512634921641,-0.0786761201520653,1.7512033857077256,1.0
692,N,REC1b,7,0.0658909427552407,-1.1050913133668423,1.106642821342589,0.5714285714285714
693,F,REC1b,6,-0.28675118868304256,-1.0339039154679706,0.3866891259367531,0.5
694,M,REC1b,6,-0.16738678518399777,-1.985820566434584,0.7255317479262887,0.8333333333333334
695,Q,REC1b,6,-0.20564682760810604,-0.919273666622476,0.2482662634285489,0.6666666666666666
696,L,REC1b,5,-0.5184832691846066,-0.8810034199182059,0.2421697302702058,0.2
697,I,REC1b,7,-0.5395348190152164,-0.8054767034175209,-0.0359432467948837,0.14285714285714285
698,H,REC1b,7,-0.046501139077872566,-1.1693923843711278,0.6281147517301295,0.7142857142857143
699,D,REC1b,7,-0.4071058494831236,-0.7567438127014222,-0.2067504585770708,0.14285714285714285
700,D,REC1b,7,-0.5314298676161078,-0.7182559298274579,-0.2626754118146005,0.14285714285714285
701,S,REC1b,6,0.10632675737553336,-0.4073600620452857,0.772176279004701,0.5
702,L,REC1b,5,-0.22663389819157506,-0.6145627311822753,0.5510798078112198,0.2
703,T,REC1b,5,-0.33651881114937743,-0.9567325460958308,0.0586384456712726,0.4
704,F,REC1b,6,-0.5045728737200839,-0.8814002843639172,-0.1108520896733299,0.16666666666666666
705,K,REC1b,6,-0.27606054941415625,-0.8189761316909735,0.3312063561947819,0.5
706,E,REC1b,6,-0.2160641998827505,-0.6793708607810627,0.4170919787202285,0.6666666666666666
707,D,REC1b,7,0.13096099167950043,-0.7065469528124739,0.9414253454344824,0.8571428571428571
708,I,REC1b,7,-0.4184088867646076,-1.747791812168789,0.3299112936070464,0.5714285714285714
709,Q,REC1b,6,-0.5081970001668131,-0.7492008883776484,0.0125029374578214,0.16666666666666666
710,K,REC1b,6,-0.2787276415347823,-0.5837282538611094,0.2529148099498622,0.3333333333333333
711,A,REC1b,6,-0.28757457249646956,-0.4535455538961671,-0.1127044748018075,0.5
712,Q,REC1b,6,0.28703735733752195,-0.2914976004076519,2.5812342198486595,0.8333333333333334
713,V,REC1b,5,-0.48525826303635355,-1.201585322279873,-0.0172268775158696,0.6
714,S,REC1b,6,-0.5604462089632044,-1.0863496115328832,-0.149543438020077,0.16666666666666666
715,G,REC1b,6,0.06659455069746158,-0.5430119790815097,0.6236073060718615,0.8333333333333334
716,Q,REC1b,6,-0.28885695235448205,-0.6234266475884396,0.1474119205823631,0.3333333333333333
717,G,REC1b,5,-0.5177729797466799,-1.3653319909497166,0.1626758092610707,0.4
718,D,RuvC-II,7,-0.3496482601538495,-2.419114331574267,0.7720271557777411,0.7142857142857143
719,S,RuvC-II,6,-0.23325137235840085,-0.6330023282995242,0.2184796601912122,0.6666666666666666
720,L,RuvC-II,5,-0.46902696069727,-0.8882957608909374,-0.3043423898922871,0.0
721,H,RuvC-II,7,-0.028923641298377566,-0.3386620563358327,0.3696603993754317,0.8571428571428571
722,E,RuvC-II,6,-0.23066173552139624,-0.6054750133783702,0.1950487598414458,0.6666666666666666
723,H,RuvC-II,7,-0.2195216249975955,-1.2114712011712998,0.2065105747230877,0.7142857142857143
724,I,RuvC-II,7,-0.9862531839173304,-3.992813747775564,0.2770342893981448,0.2857142857142857
725,A,RuvC-II,6,-0.2834880012236211,-0.7501001964241507,0.1182490060713519,0.5
726,N,RuvC-II,7,-0.07302911903225222,-0.6551305747387047,0.2095550487129146,0.8571428571428571
727,L,RuvC-II,5,-0.07681536848041058,-0.427080473220939,0.3215561655560572,0.6
728,A,RuvC-II,6,0.04517372347205203,-0.5470033262782665,0.4299130606086926,0.8333333333333334
729,G,RuvC-II,4,-0.5340781274171595,-0.8473234933350521,-0.08104233234429,0.25
730,S,RuvC-II,6,-0.5686433311039238,-1.3077385542755813,-0.038425085551641,0.5
731,P,RuvC-II,6,-0.5770554970258434,-0.8378695134619717,-0.1976827610710471,0.16666666666666666
732,A,RuvC-II,6,-0.22357905247605048,-0.5175399900800416,0.3103101946586534,0.5
733,I,RuvC-II,7,-0.008990409570590318,-0.4668421291393213,1.2742170424307049,0.5714285714285714
734,K,RuvC-II,6,-0.5347350899801201,-0.7413302282632612,-0.3886632036483514,0.0
735,K,RuvC-II,6,-0.1724332792177077,-0.5487275462840492,0.2009851615216367,0.6666666666666666
736,G,RuvC-II,6,-0.24823841043995562,-0.5282434963147327,0.2723360629675639,0.5
737,I,RuvC-II,7,-0.6326998325461087,-0.8528856318780094,0.089816295494875,0.14285714285714285
738,L,RuvC-II,5,-0.570532634957239,-1.13260606546948,-0.2739933654600097,0.0
739,Q,RuvC-II,6,-0.6134653199892924,-1.0192912086748689,-0.3688051352341309,0.0
740,T,RuvC-II,5,-0.30629387232645655,-0.9255320266087652,0.1156441904593545,0.6
741,V,RuvC-II,5,-0.505149079192845,-1.5276330977077237,1.231359763739373,0.4
742,K,RuvC-II,6,-0.2891546150854078,-0.8853411019314601,0.7923506980329242,0.3333333333333333
743,V,RuvC-II,5,-0.29554740954063397,-1.421784331719429,0.6927628095157254,0.6
744,V,RuvC-II,6,-0.19968353006577363,-1.110457075758145,1.7708215894781605,0.3333333333333333
745,D,RuvC-II,7,-0.6328766970774298,-1.5229819208326614,0.0198451111932434,0.2857142857142857
746,E,RuvC-II,6,-0.5231818418779083,-1.0534948901683177,0.5211409415938562,0.16666666666666666
747,L,RuvC-II,5,-0.5589282089364589,-0.9434360408368324,0.1477420498307677,0.2
748,V,RuvC-II,5,-0.6193201590470673,-1.1118179208054808,-0.2049273251969622,0.4
749,K,RuvC-II,6,-0.3240333970359512,-0.7611489247321175,-0.0520137305767621,0.5
750,V,RuvC-II,6,-0.3982902434999785,-0.7121271559603455,0.109261590804578,0.3333333333333333
751,M,RuvC-II,6,-0.7271918336007666,-0.9161974657087762,-0.5275895039895202,0.0
752,G,RuvC-II,5,-0.2709205498732235,-0.690642987334672,0.1633960226579711,0.6
753,R,RuvC-II,6,0.15858378138749288,-0.6105498178597583,0.9280253425489084,0.6666666666666666
754,H,RuvC-II,7,-0.3701760835578055,-1.511423470922007,0.7327294691532521,0.5714285714285714
755,K,RuvC-II,6,-1.348781887990504,-6.4511200069759935,0.171614227346614,0.3333333333333333
756,P,RuvC-II,6,-0.7173890445776259,-1.0143674053493272,-0.3999023569271605,0.0
757,E,RuvC-II,6,0.14898183042380372,-0.5260680058705495,1.1353211132125032,0.5
758,N,RuvC-II,7,-0.24168236882527067,-0.7973325714764897,1.481664330445703,0.14285714285714285
759,I,RuvC-II,7,-0.6281183266603431,-0.8857985752283524,-0.342656250201823,0.0
760,V,RuvC-II,5,-0.41862474691792845,-0.6365929765687132,0.0249600486213023,0.2
761,I,RuvC-II,7,-0.4889557355529105,-1.0002959032153222,0.5538164836487659,0.2857142857142857
762,E,RuvC-II,6,-0.4517669642026018,-0.7888605649908946,-0.2662608750172767,0.0
763,M,RuvC-II,6,-0.2300315654919689,-0.6068783510932584,0.5599282087536416,0.3333333333333333
764,A,RuvC-II,6,-0.3615917931129749,-0.800842544592604,-0.1704277650874956,0.3333333333333333
765,R,RuvC-II,4,0.018676789114037688,-1.2015277183904975,1.3221416103763766,0.75
766,E,HNH,6,-0.1814961107465541,-0.5242590918819762,1.0599141883376115,0.16666666666666666
767,N,HNH,7,-0.18511559253076706,-0.5059666215507627,0.3261421817388213,0.5714285714285714
768,Q,HNH,6,-0.05985732355494586,-0.5805478196100128,0.7010600338476115,0.6666666666666666
769,T,HNH,5,-0.4930323468422209,-1.3143948295882557,0.0111017880258731,0.4
770,T,HNH,6,0.07586099870216541,-0.2954075397053483,0.7609587220477281,0.8333333333333334
771,Q,HNH,6,-0.15461962155383616,-0.5645128999423776,0.2482085318650419,0.6666666666666666
772,K,HNH,6,-0.3257596678987406,-0.6000672535476188,-0.0561250195756432,0.5
773,G,HNH,4,-0.13019015075042648,-0.7892417040139048,0.9111980141271874,0.25
774,Q,HNH,6,-0.1285818368140382,-0.4692046143094081,0.3243445082231654,0.6666666666666666
775,K,HNH,6,-0.3656680428942647,-0.9375823410216048,0.2300424083735713,0.5
776,N,HNH,7,-0.39731442352864754,-1.3522663215172734,0.5185083128411259,0.42857142857142855
777,S,HNH,4,0.14642940638787577,-0.9357637288659236,1.8876551549683604,0.5
778,R,HNH,6,-0.39209644874088556,-0.6713178736728359,-0.1905918950487106,0.3333333333333333
779,E,HNH,6,0.00759563478997478,-0.657959060309906,1.906393160735964,0.5
780,R,HNH,6,-0.2392978309703099,-0.5640761984044991,0.1364337563443278,0.5
781,M,HNH,6,-0.44858954462186307,-1.0607883060771102,0.0066266705686914,0.5
782,K,HNH,6,-0.5515338419983667,-1.330776573952739,-0.179548711729305,0.5
783,R,HNH,6,-0.4191655494211595,-0.8298665265742439,-0.2829377784418814,0.0
784,I,HNH,7,-0.18328334950285138,-0.7916207417866543,1.5183319509485462,0.42857142857142855
785,E,HNH,6,0.0097401117897076,-0.5756518016051467,1.1384347828739727,0.6666666666666666
786,E,HNH,6,-0.5835076355098785,-2.348984018652409,0.0493460951074671,0.5
787,G,HNH,5,-0.9300756156986638,-2.098906391769252,-0.5166120905156657,0.0
788,I,HNH,7,-0.5989453082563092,-1.7643297730887668,0.5779726104923043,0.2857142857142857
789,K,HNH,6,0.04906300000057064,-0.8874184284919054,0.8301540772689793,0.6666666666666666
790,E,HNH,6,-0.43085345955267546,-0.934549355406876,0.018800551294303,0.5
791,L,HNH,5,-0.421936151454337,-0.8636287089996042,0.1544491239809803,0.2
792,G,HNH,4,-0.31504210881346495,-0.736851824249244,0.4982017656642156,0.25
793,S,HNH,6,-0.33534365999695753,-0.8847874868594386,0.117352345004634,0.5
794,Q,HNH,6,-0.05744880803248754,-0.6676428454521182,0.8201880623243013,0.5
795,I,HNH,7,-0.46135190289604766,-1.3571028238770328,0.0912738489049802,0.42857142857142855
796,L,HNH,5,-0.26815734590641777,-0.7824718189460022,0.2782109746611975,0.6
797,K,HNH,6,-0.42936434259074324,-1.0533320448576933,0.0965269143451584,0.3333333333333333
798,E,HNH,6,-0.2821391955259538,-1.600047297191048,1.1453054986562268,0.6666666666666666
799,H,HNH,7,-0.25182665469591853,-0.8452674444958066,0.4632816205903561,0.42857142857142855
800,P,HNH,6,-0.3260024469016268,-0.6849047555941092,-0.0206722033860316,0.5
801,V,HNH,5,-0.3805026210910111,-0.9880539762091428,0.4651086717886324,0.4
802,E,HNH,6,0.16765274854482018,-0.4428579710812343,0.6498088449614312,0.8333333333333334
803,N,HNH,7,0.4883072934420114,-0.4837683522436958,2.258903939012412,0.7142857142857143
804,T,HNH,5,-0.18712194489670148,-0.5619446342318911,0.6076464503355843,0.4
805,Q,HNH,6,-0.3583835500783885,-0.9801988897338694,0.1166036629512124,0.5
806,L,HNH,5,-0.21277968995008653,-0.8006772700835536,0.3122858585830794,0.6
807,Q,HNH,6,0.13971546609752813,-0.2242810892902833,0.4823098064681146,1.0
808,N,HNH,7,-0.14819539579212512,-0.7370501827521369,0.3164972931387889,0.5714285714285714
809,E,HNH,6,-0.8927554698872956,-2.746325659089831,0.1810105371665664,0.16666666666666666
810,K,HNH,6,0.014335406769363573,-0.4762124823182198,0.7960848448445422,0.8333333333333334
811,L,HNH,5,-0.6404888008996679,-1.134686949011099,-0.0349138143386065,0.2
812,Y,HNH,6,-0.6368672500745307,-1.37582339850409,0.1120091818617519,0.3333333333333333
813,L,HNH,5,-0.24644951551126582,-0.7698036342178171,0.312609931269756,0.6
814,Y,HNH,6,-0.37980297975665,-1.184080845931187,0.206302551154269,0.5
815,Y,HNH,6,-0.07438675360109803,-0.3972834508431332,0.2208459138132221,0.8333333333333334
816,L,HNH,5,-0.1945883385830471,-0.4794248751641836,0.0845510429268787,0.6
817,Q,HNH,6,-0.7591076740457915,-1.73470654846921,-0.3730687437798766,0.0
818,N,HNH,7,-0.3194293560683223,-0.743937571266462,0.2300393340685453,0.42857142857142855
819,G,HNH,6,-0.9160854246463392,-1.7402551755436857,-0.3001890604825218,0.0
820,R,HNH,6,-0.2213126552284488,-0.6401091901212324,0.3249418675389737,0.5
821,D,HNH,7,-1.3157016342471215,-4.684096896256887,0.4696544067416138,0.14285714285714285
822,M,HNH,6,-0.2113763989364746,-0.944848558456078,0.8524515876873406,0.3333333333333333
823,Y,HNH,6,-0.7551074801707814,-1.6381457522875646,-0.0521679534230345,0.16666666666666666
824,V,HNH,5,-0.13983786470836185,-0.7427262349599372,0.4130605269548733,0.8
825,D,HNH,7,-0.4206944775491243,-1.2270977762296136,-0.0341975818310629,0.5714285714285714
826,Q,HNH,6,-0.18625667655843106,-0.816023904359172,0.5176334831102977,0.5
827,E,HNH,6,-0.4589503005076215,-1.5863192753639053,0.1383668159403608,0.5
828,L,HNH,5,-0.7168526494413967,-0.9900300824977762,-0.4938241877274265,0.0
829,D,HNH,7,0.17528606108368586,-0.6786816275109474,2.2282089680975714,0.5714285714285714
830,I,HNH,7,0.3314342906739326,-0.5945349583897144,1.799518436276879,0.5714285714285714
831,N,HNH,7,-0.2647070047029268,-0.8062727529889759,0.1029797306269064,0.5714285714285714
832,R,HNH,6,-0.1795866604572214,-0.8877423007386229,0.3324322953480068,0.6666666666666666
833,L,HNH,5,-0.5099159487456368,-0.8922989190209921,0.3527352746913349,0.2
834,S,HNH,6,-0.4072286942464902,-1.73327052467949,0.0746887108963607,0.5
835,D,HNH,7,-0.33392422394539956,-0.8821581185136091,0.107788216822468,0.42857142857142855
836,Y,HNH,6,-0.1650813054142499,-0.6879158434623692,0.6292743324183301,0.3333333333333333
837,D,HNH,7,-0.23899135107574437,-1.6200089876038408,1.7120954235406518,0.2857142857142857
838,V,HNH,5,-0.4152063167627924,-1.146428527619353,0.2070427017326309,0.4
839,D,HNH,7,-0.8181496561072634,-1.9411143631667904,-0.1690663098451392,0.14285714285714285
840,H,HNH,7,-0.5469151402652705,-1.0640354243393153,-0.0064814470931869,0.14285714285714285
841,I,HNH,7,-0.7372804378798952,-5.396955358708994,1.518059136649867,0.42857142857142855
842,V,HNH,6,-0.2826814690057852,-1.174012582160967,0.9575228060930931,0.5
843,P,HNH,6,-0.5097383373880521,-1.1716611016257412,0.0878854950846775,0.5
844,Q,HNH,6,-0.15624794153680663,-0.8485163305193952,0.9715794106711202,0.5
845,S,HNH,4,0.0783765380633665,-0.2984954435555411,0.4215054793735477,0.75
846,F,HNH,6,-0.574977138951741,-1.01686084685123,-0.1644180352650879,0.16666666666666666
847,L,HNH,5,-0.6192009966649639,-2.0611676332404354,-0.1140879475162176,0.6
848,K,HNH,6,0.21100114452033703,-0.4088997956647002,0.760396036515514,0.6666666666666666
849,D,HNH,7,-0.31884682070112697,-0.788517958074436,0.0617576636408477,0.42857142857142855
850,D,HNH,7,-0.5513444404145291,-1.0781462364965273,-0.047868429981239,0.2857142857142857
851,S,HNH,6,-0.32861018491795946,-0.7212453723203489,-0.0558398790438721,0.5
852,I,HNH,7,-0.17444561394367383,-0.7781568656560428,0.2975071651777856,0.5714285714285714
853,D,HNH,7,-0.25407647299789576,-0.6593096528517032,0.261437330540788,0.5714285714285714
854,N,HNH,7,-0.5988410127170682,-1.020885833271571,-0.2462497465101694,0.14285714285714285
855,K,HNH,6,0.0769319672669558,-0.5595860066432986,0.6950466627856673,0.8333333333333334
856,V,HNH,5,-0.6129867279580399,-1.1978244592837295,-0.1268095861191701,0.4
857,L,HNH,5,-1.0690868969550358,-1.944994508175037,-0.3839926039407041,0.0
858,T,HNH,5,-0.24550785365766936,-0.5735348249275404,0.0234287933683221,0.6
859,R,HNH,6,0.08444135909914914,-0.4522597150209796,0.5979817075731675,0.8333333333333334
860,S,HNH,6,-0.6733246371500986,-2.186239172196678,-0.2631426849426411,0.16666666666666666
861,D,HNH,7,0.324094037309163,-0.0192230035451485,0.8012931665876941,1.0
862,K,HNH,6,-0.2627145356947913,-0.5328672052285313,0.063575428734212,0.5
863,N,HNH,7,-0.6645429122101898,-1.082735977121192,-0.4099007203747012,0.0
864,R,HNH,4,-0.733624693277328,-0.809122554063044,-0.6023055874731211,0.0
865,G,HNH,5,-0.7573942180033697,-1.389928792332365,-0.3986580461339049,0.0
866,K,HNH,6,-0.49033186665547973,-0.776664356527847,-0.0760553732853984,0.16666666666666666
867,S,HNH,6,-0.28128066524530926,-0.8533766993033649,0.2402051043956935,0.6666666666666666
868,D,HNH,7,-0.19776582820119798,-0.6661286873802855,0.3968394647468485,0.42857142857142855
869,N,HNH,7,-0.16597730954497325,-1.9191691135044824,0.700777119016531,0.7142857142857143
870,V,HNH,6,-0.3100348537876909,-1.502932096493653,0.9302793381942004,0.5
871,P,HNH,6,-0.8161192520211196,-1.0697886112096588,-0.6177556903711452,0.0
872,S,HNH,4,-0.22235121806881172,-0.7549146703144131,0.2799148197382373,0.5
873,E,HNH,6,-0.18789762959814718,-0.5982934904480548,0.1657372190992819,0.6666666666666666
874,E,HNH,6,-0.08322110845045216,-0.7436423481505993,0.9248992006582782,0.6666666666666666
875,V,HNH,5,-0.4250468761456093,-0.6356031700194733,-0.0815016330030774,0.4
876,V,HNH,6,-0.22806047271875118,-0.9323713040322722,0.5992199795045848,0.5
877,K,HNH,6,-0.11117846073067682,-0.3048749405906583,0.3875338500242531,0.8333333333333334
878,K,HNH,6,-0.13090253412074013,-0.3981742700867171,0.0796462051978338,0.8333333333333334
879,M,HNH,6,-0.32455568735511914,-0.7180199693068111,0.1247402888819918,0.3333333333333333
880,K,HNH,6,-0.30131691963382334,-0.9985951512634192,0.4250893495412706,0.3333333333333333
881,N,HNH,7,0.2606949618652974,-0.9901609802542476,3.142457566351471,0.7142857142857143
882,Y,HNH,6,-0.1990846072464231,-0.707021879249837,0.25190595268436,0.5
883,W,HNH,5,-0.3927545435356147,-0.6303768081673367,-0.0987953176319822,0.2
884,R,HNH,5,-0.3731451109796555,-1.2154466436898168,0.1625760132684721,0.6
885,Q,HNH,6,-0.6712286339535317,-1.4258182677166906,-0.0008655630000582,0.16666666666666666
886,L,HNH,5,-0.22432828213179157,-0.5904913753091874,0.3592773924812091,0.4
887,L,HNH,5,-0.2348004127593042,-0.3168958290791179,-0.079170009264086,0.4
888,N,HNH,7,-0.5026835921186897,-1.9232769111923025,0.2172043123575281,0.2857142857142857
889,A,HNH,6,-0.6086748287111122,-1.069580620898727,-0.3632896974075961,0.0
890,K,HNH,6,-0.22543465114430214,-0.9607890911187716,1.8180616543954125,0.16666666666666666
891,L,HNH,5,-0.1868061274001361,-0.4457526744630073,0.4198073143248884,0.4
892,I,HNH,7,-0.5912995498853109,-1.851840207241351,0.198156467231317,0.42857142857142855
893,T,HNH,5,-0.6072758443778239,-1.0791397530738172,-0.2953848620374972,0.0
894,Q,HNH,6,-0.40594528599627394,-1.0922961582326505,0.0231847022659299,0.5
895,R,HNH,4,-0.35888412187778646,-1.1538435347721858,0.0685488865642622,0.5
896,K,HNH,6,-0.528830619899078,-0.9629690978152552,0.0069012360003569,0.3333333333333333
897,F,HNH,6,-0.8888376827756775,-1.7027174115506785,-0.4042938452839168,0.0
898,D,HNH,7,-0.26664645336841286,-0.5585604460484949,-0.034998489991482,0.5714285714285714
899,N,HNH,7,0.10411500330903238,-0.6838069073785176,1.0554797808526524,0.8571428571428571
900,L,HNH,5,-0.5239212944629795,-0.8927225458691692,-0.0447493978618659,0.2
901,T,HNH,6,0.1421266283562038,-0.3550057102931013,1.4958508504010892,0.8333333333333334
902,K,HNH,6,-0.1826399312505744,-0.4235560466878174,0.1215886312498592,0.5
903,A,HNH,6,-0.13731548872625432,-0.7176038872112592,1.2568833611508323,0.3333333333333333
904,E,HNH,6,0.10116227550841085,-0.6107292050565826,0.6603213959995531,0.8333333333333334
905,R,HNH,5,0.058710517879496285,-0.299410916273725,0.5591466044584983,0.8
906,G,HNH,4,-0.5501472448185015,-0.9190022954568478,0.0003792443348679,0.25
907,G,HNH,6,-0.6689506893927674,-1.8201668352998184,-0.1397240257244334,0.16666666666666666
908,L,HNH,5,-0.4160244756699113,-0.5102143270301129,-0.260341169271558,0.2
909,S,HNH,6,-0.5756427374519998,-1.7405899976814352,-0.0683586564571747,0.3333333333333333
910,E,RuvC-III,6,-0.2778989643098222,-1.352393789467818,0.4931601967743337,0.3333333333333333
911,L,RuvC-III,5,-0.15996589898529384,-0.9765239554591312,0.8507679099433824,0.4
912,D,RuvC-III,7,-0.6470314838713911,-1.7525688671901882,0.0630065616723843,0.2857142857142857
913,K,RuvC-III,6,-0.4183474205813211,-0.8358989764150557,0.0105693880183022,0.3333333333333333
914,A,RuvC-III,6,-0.46284857751386105,-0.8988248521041304,0.338431831447359,0.16666666666666666
915,G,RuvC-III,6,-1.2663252698675018,-5.549184979936285,0.0465659904899393,0.16666666666666666
916,F,RuvC-III,6,-0.24579817141689786,-0.7494820044358105,0.2071577906849717,0.5
917,I,RuvC-III,7,-0.6257018881016129,-2.0185494450123804,0.3219164224276288,0.2857142857142857
918,K,RuvC-III,6,-0.24098758235472598,-1.2712150324276417,0.280246415500697,0.6666666666666666
919,R,RuvC-III,4,-0.5311953867352313,-1.9178153578455155,0.2843952639538561,0.5
920,Q,RuvC-III,6,-0.3535228193037361,-0.6113767961994345,0.059544198319022,0.16666666666666666
921,L,RuvC-III,5,-0.055381651979357696,-0.4117924213734562,0.5630444863412243,0.6
922,V,RuvC-III,5,-0.10233317113110481,-0.4760321131815462,0.2564875759534679,0.8
923,E,RuvC-III,6,-0.023730392576097752,-0.9447637334695992,1.2521283155729828,0.5
924,T,RuvC-III,5,-0.3071410331921606,-0.7938709063125724,0.4024519002346075,0.4
925,R,RuvC-III,5,-0.10752567513891884,-0.3352563537397015,0.4218168138750799,0.6
926,Q,RuvC-III,6,-0.4899421222665497,-1.2471230397157638,0.000716640109307,0.3333333333333333
927,I,RuvC-III,7,-0.31214261554437167,-0.6994339374032987,0.106969394381114,0.42857142857142855
928,T,RuvC-III,6,-0.6292648561138613,-1.3348669923600158,-0.0826449480618157,0.16666666666666666
929,K,RuvC-III,6,-0.23188270899214566,-0.7364229700661652,0.3051656514804721,0.5
930,H,RuvC-III,7,-0.40588485625285736,-1.3402181858376403,0.6214103227621192,0.42857142857142855
931,V,RuvC-III,6,-0.2051587404103895,-1.0513646364811278,0.5870867298350467,0.5
932,A,RuvC-III,6,-0.6954091160047989,-1.0351533178714318,-0.4204434737562236,0.0
933,Q,RuvC-III,6,-0.4953748052668006,-0.8597810319570468,-0.1633597767842602,0.3333333333333333
934,I,RuvC-III,7,-0.39496210492193284,-0.7526693630304561,-0.0528815798997081,0.42857142857142855
935,L,RuvC-III,5,-0.6707730202811958,-0.8863137170557615,-0.3767865220504469,0.0
936,D,RuvC-III,7,-0.6562655210225502,-1.8332929721690776,-0.2173035758272968,0.2857142857142857
937,S,RuvC-III,6,-0.19793840292075085,-0.652525356492693,0.1719854246385622,0.6666666666666666
938,R,RuvC-III,6,-0.3456212548322067,-1.0309733936877012,0.498352637705374,0.5
939,M,RuvC-III,6,-0.3726266604005027,-0.7357951200577016,-0.0059039420135019,0.5
940,N,RuvC-III,7,-0.6341199278461321,-1.9276121949930192,0.0078728940397759,0.2857142857142857
941,T,RuvC-III,6,-0.24960632671846258,-0.7440902033154876,0.0566282977855474,0.6666666666666666
942,K,RuvC-III,6,-0.05819392777709067,-0.233725308936592,0.1984526671215531,1.0
943,Y,RuvC-III,6,-0.5212194651522909,-0.8328840540803787,-0.2470206758398178,0.16666666666666666
944,D,RuvC-III,7,-0.2867982138772423,-1.0134302645603892,0.5162560395712525,0.42857142857142855
945,E,RuvC-III,6,-0.5922504320445375,-1.3467975367249188,-0.0650585319532552,0.16666666666666666
946,N,RuvC-III,7,-0.39562710709105925,-0.6639300242952207,-0.1723424434328344,0.14285714285714285
947,D,RuvC-III,7,0.503422167964901,-0.8743997242461733,2.753046923929836,0.7142857142857143
948,K,RuvC-III,6,-0.047405796727808154,-0.4990957738497044,0.39346793337674,0.8333333333333334
949,L,RuvC-III,5,-0.17074634591205967,-0.7213815876245621,0.1267750806020531,0.6
950,I,RuvC-III,7,-0.3515783599777239,-0.9714759787712705,0.7497172447647853,0.2857142857142857
951,R,RuvC-III,5,-0.47982130691976366,-0.8329116122711004,0.0328886029267821,0.4
952,E,RuvC-III,6,-0.08561003047216682,-0.623025900618316,1.228963468111996,0.6666666666666666
953,V,RuvC-III,5,-0.17260665304740594,-0.7451185985713078,0.7523810608995088,0.4
954,K,RuvC-III,6,-0.4669401926633516,-0.6294219635964492,-0.3296524084676984,0.0
955,V,RuvC-III,6,-0.5003802095395115,-0.9115937530904332,-0.0790928556961805,0.16666666666666666
956,I,RuvC-III,7,-0.43558398954981453,-0.9002586591373137,0.1756257463489554,0.42857142857142855
957,T,RuvC-III,5,-0.01993071131072876,-0.4219002604293513,1.1105948203976692,0.6
958,L,RuvC-III,5,-0.5733496679276545,-1.1917384018575838,-0.3022194460776717,0.0
959,K,RuvC-III,6,-0.2920018871873436,-0.5473251795317533,-0.0336400923199982,0.3333333333333333
960,S,RuvC-III,4,0.4369122706155417,-0.5786532368245079,2.510019284857999,0.5
961,K,RuvC-III,6,-0.23029650131805524,-0.6397888086826465,0.5420439831650912,0.3333333333333333
962,L,RuvC-III,5,-0.47986132592024766,-0.736066505041936,-0.0993842701645551,0.4
963,V,RuvC-III,5,-0.5919367498970554,-1.2503990788363677,-0.1568540889806572,0.2
964,S,RuvC-III,6,-0.028132525988678856,-0.4465287174174686,0.399387515848227,0.6666666666666666
965,D,RuvC-III,7,-0.6115062302834718,-1.5709289127946873,0.5817073256769607,0.14285714285714285
966,F,RuvC-III,6,-0.6415611614188874,-0.9439266779352772,-0.4261023522471037,0.0
967,R,RuvC-III,5,-0.38961900616107864,-0.9099235960161398,-0.0677218683510087,0.4
968,K,RuvC-III,6,0.32334986027190465,-0.5556174803919339,1.9490452651420445,0.6666666666666666
969,D,RuvC-III,7,-0.971574247065137,-3.4607504733236123,0.1978059026397738,0.2857142857142857
970,F,RuvC-III,6,-0.9296202880856962,-3.430165393680759,-0.0516740141315026,0.3333333333333333
971,Q,RuvC-III,6,-0.2504207897452359,-1.3539153503063912,0.9387507791904994,0.5
972,F,RuvC-III,6,-0.5713057378706962,-0.847323915388628,0.0772754076935739,0.16666666666666666
973,Y,RuvC-III,6,0.07970956632534652,-0.9760382671420372,1.2733127078547235,0.6666666666666666
974,K,RuvC-III,6,-0.3494886722438954,-0.8439241481507178,0.8089953515020217,0.16666666666666666
975,V,RuvC-III,6,-0.5943625773438416,-1.2303356604730176,-0.2673952726506229,0.0
976,R,RuvC-III,5,-0.7673979379605115,-1.8929038970208143,-0.0222748001124918,0.2
977,E,RuvC-III,6,-0.434998714874203,-0.8473829488423705,0.0232517613923108,0.5
978,I,RuvC-III,7,-0.06907275852717873,-0.5417431638176483,0.7675450728113334,0.5714285714285714
979,N,RuvC-III,7,-0.44988874995528844,-0.8459163928414646,-0.1440909616520734,0.5714285714285714
980,N,RuvC-III,7,-0.28725640140019165,-0.9711817596312534,0.2491279008271232,0.5714285714285714
981,Y,RuvC-III,6,-0.42716198873835226,-2.0264763821650043,0.8787919284021674,0.3333333333333333
982,H,RuvC-III,7,-0.02805529083806377,-0.8655219350918388,1.974897357252539,0.5714285714285714
983,H,RuvC-III,7,-0.47442709472635397,-0.8681579986605813,0.0904720196749462,0.2857142857142857
984,A,RuvC-III,6,-0.6846943983724785,-1.1246233194011226,-0.2554359196060872,0.16666666666666666
985,H,RuvC-III,7,-0.44152026098123726,-0.5577312795395237,-0.198644246312186,0.14285714285714285
986,D,RuvC-III,7,-0.6751883763420313,-1.0943591225503504,-0.2176411793962757,0.14285714285714285
987,A,RuvC-III,6,-0.696562195711103,-1.0590170873194258,-0.4629133068558905,0.0
988,Y,RuvC-III,6,-0.7255640843705521,-1.0631321231722672,-0.2495812574081345,0.16666666666666666
989,L,RuvC-III,5,-0.4085099810330082,-0.6462949553982248,-0.137909793994776,0.2
990,N,RuvC-III,7,-0.0726182310176382,-0.8851878316613475,1.013446500953645,0.5714285714285714
991,A,RuvC-III,6,-0.3892361934802855,-0.7597746017785356,0.0918738087275038,0.3333333333333333
992,V,RuvC-III,5,-0.6891498257046785,-1.681905917698278,-0.0269750421470379,0.2
993,V,RuvC-III,6,-0.35574981630151764,-1.2174909960318747,0.2351636220223744,0.6666666666666666
994,G,RuvC-III,4,-0.7124417655763142,-0.8448622136012371,-0.6021729765673085,0.0
995,T,RuvC-III,5,-0.352441808160464,-1.2554639873741706,0.7728806383197913,0.4
996,A,RuvC-III,6,-0.6051367492236553,-1.114709816506422,-0.3190798950903799,0.0
997,L,RuvC-III,5,-0.5961724547418352,-0.8134486685711887,-0.2506681515884693,0.2
998,I,RuvC-III,7,-0.07883000014707443,-0.4306869551857821,0.7367343437900387,0.7142857142857143
999,K,RuvC-III,6,-0.39663126765935647,-1.143507434028763,0.3121806372414492,0.5
1000,K,RuvC-III,6,-0.14048769744698894,-0.5557094482929659,0.3173472218039704,0.6666666666666666
1001,Y,RuvC-III,6,-0.7984741434314014,-2.575195553945324,-0.1179156061630746,0.3333333333333333
1002,P,RuvC-III,6,-0.502970777371966,-0.8438423045200387,-0.2133213557894911,0.3333333333333333
1003,K,RuvC-III,6,0.001671568041942036,-1.0097717778440525,0.6818408307833237,0.6666666666666666
1004,L,RuvC-III,5,-0.4309766151414779,-0.7153983707952715,-0.1311570373177691,0.2
1005,E,RuvC-III,6,-0.2643230807908195,-2.578599879688125,2.3341307384037013,0.3333333333333333
1006,S,RuvC-III,6,-0.1850137596882794,-1.1795236475141768,0.4069570246432001,0.6666666666666666
1007,E,RuvC-III,6,-0.4421790445967954,-1.2479740974653115,0.329334830712409,0.3333333333333333
1008,F,RuvC-III,6,0.12639287642344174,-0.197934976141749,0.3639814691402319,1.0
1009,V,RuvC-III,5,-0.06172667891086207,-0.4314575965462832,0.6300206774377187,0.6
1010,Y,RuvC-III,6,-0.6751661070169584,-2.120313923290244,-0.0310465851931571,0.3333333333333333
1011,G,RuvC-III,6,-0.2702439565288745,-0.5721593588419194,0.0124555830559928,0.5
1012,D,RuvC-III,7,-0.38581240042816906,-1.1562991737106023,-0.0975914385954014,0.42857142857142855
1013,Y,RuvC-III,6,0.16136701865328448,-0.2683912114096887,0.6389234360436178,0.8333333333333334
1014,K,RuvC-III,6,-0.06548101069753731,-0.534452555611544,0.6038631360967995,0.6666666666666666
1015,V,RuvC-III,5,-0.05479023047272087,-0.3963886210108449,1.0437528335980906,0.4
1016,Y,RuvC-III,6,-0.21489124004183827,-0.797658887099053,0.4945218643942572,0.5
1017,D,RuvC-III,7,-0.5989649404209559,-1.6354348972612085,0.0398392054537767,0.42857142857142855
1018,V,RuvC-III,6,-0.25790641949832255,-0.6480379459075973,0.3853186404978346,0.3333333333333333
1019,R,RuvC-III,6,0.04678079080038087,-0.4947700481328356,0.754668661385081,0.6666666666666666
1020,K,RuvC-III,6,-0.0007528173129746074,-0.7722896175547604,1.3335050464678364,0.5
1021,M,RuvC-III,6,-0.3930493196165559,-1.2193702554260817,0.1768829502149151,0.5
1022,I,RuvC-III,7,-0.5556879033506025,-1.382775115393541,-0.0610736291495197,0.2857142857142857
1023,A,RuvC-III,6,-0.4525141043439654,-0.626791555687342,-0.009800757041143,0.16666666666666666
1024,K,RuvC-III,6,0.5839892712413778,-0.4227774283207599,3.547413111504973,0.8333333333333334
1025,S,RuvC-III,6,-0.2706390148297053,-0.7884861569407629,0.1245569379158418,0.5
1026,E,RuvC-III,6,-0.3705584597737366,-1.1824418442358966,0.2669243591356091,0.3333333333333333
1027,Q,RuvC-III,6,0.3354382762383265,-0.5790582523060777,1.3092730645096065,0.6666666666666666
1028,E,RuvC-III,6,-0.17400532573763808,-0.740153915953933,0.9020525366016988,0.5
1029,I,RuvC-III,7,-0.08775500763641779,-0.8687174556777933,0.6752211004110049,0.7142857142857143
1030,G,RuvC-III,6,-0.10631057123280334,-0.3647821603967369,0.0733601293779197,0.8333333333333334
1031,K,RuvC-III,6,0.04494163926858299,-0.2808381356225126,0.3797497225964485,0.8333333333333334
1032,A,RuvC-III,6,-0.08169318927419464,-1.473927476134441,1.7109282930345069,0.6666666666666666
1033,T,RuvC-III,5,-0.07635679878054584,-0.8529809214180704,0.2674552302207344,0.8
1034,A,RuvC-III,6,-0.22843865431324747,-0.8744413091610351,0.3723123952695524,0.6666666666666666
1035,K,RuvC-III,6,-0.3399868824221308,-0.5502118617591951,-0.2026640008429585,0.5
1036,Y,RuvC-III,6,-0.5850250997922276,-1.486088936644343,-0.1244328981720334,0.3333333333333333
1037,F,RuvC-III,6,-0.4599980044970236,-0.9011089222630908,0.0772774895294689,0.16666666666666666
1038,F,RuvC-III,6,-0.17528289016737716,-0.8279231993327644,0.4830912354028513,0.5
1039,Y,RuvC-III,6,-0.23236839648408733,-0.9748592097131104,0.3208793611933892,0.5
1040,S,RuvC-III,6,-0.41903982800296724,-0.8156860219421983,0.6072733356090376,0.16666666666666666
1041,N,RuvC-III,7,-0.5824550035336411,-0.8184151018207771,-0.028048762805192,0.14285714285714285
1042,I,RuvC-III,7,-0.5109969087752582,-1.3910638496265966,0.0637721656865253,0.2857142857142857
1043,M,RuvC-III,6,-0.4983923108938624,-1.1321986719981043,0.2293238419594815,0.16666666666666666
1044,N,RuvC-III,7,-0.6526302412516694,-0.8946368026214683,-0.3748325660046893,0.0
1045,F,RuvC-III,6,-0.12112974918170338,-0.5965709353106079,0.3238344667723922,0.5
1046,F,RuvC-III,6,-0.5382399423951035,-0.9599943652593528,-0.2544850733498499,0.16666666666666666
1047,K,RuvC-III,6,-0.28000809636603236,-0.6658721448744681,0.0637893333884515,0.5
1048,T,RuvC-III,5,-0.006273930313594661,-0.3819003749075796,0.3637649666082365,0.8
1049,E,RuvC-III,6,-0.2732484957133667,-0.9243164798813448,0.3597184103605685,0.5
1050,I,RuvC-III,7,-0.22062762275312028,-0.8190828332092852,0.3144119681705011,0.42857142857142855
1051,T,RuvC-III,5,-0.36669408113895285,-1.7176356457824289,0.4169340792119215,0.6
1052,L,RuvC-III,5,-0.6061882138834372,-0.8102735197261507,-0.4380914994091041,0.0
1053,A,RuvC-III,6,-0.46183679446041886,-0.7034365780343181,-0.1510263390408827,0.16666666666666666
1054,N,RuvC-III,7,-1.054203997209039,-4.876468884568948,-0.1767492528073966,0.14285714285714285
1055,G,RuvC-III,6,-0.7634885213787536,-0.9657876233931214,-0.1573206668599156,0.16666666666666666
1056,E,RuvC-III,6,-0.25637258258276147,-0.6083869857017875,0.3380520140181083,0.5
1057,I,RuvC-III,7,-0.05673239041232835,-0.709948503700691,0.5268330800519633,0.8571428571428571
1058,R,RuvC-III,4,-0.46887251420174547,-1.221078220302655,0.4202520948130426,0.25
1059,K,RuvC-III,6,-0.045119753489552085,-0.3770658242446502,0.9427015767524056,0.6666666666666666
1060,R,RuvC-III,5,-0.07494068253369639,-0.5399858682952349,0.6087158620595641,0.8
1061,P,RuvC-III,6,-0.6873824349690811,-0.9968400848952752,-0.12022650967425,0.16666666666666666
1062,L,RuvC-III,5,-0.19159732739984986,-0.3755788591372586,-0.0413135715891586,0.6
1063,I,RuvC-III,7,-0.453726874319902,-1.2936478144903971,-0.0294724872520336,0.42857142857142855
1064,E,RuvC-III,6,-0.511632257288658,-0.9951230106263804,-0.1062624568187264,0.3333333333333333
1065,T,RuvC-III,5,-0.3862653553698592,-1.9290838040049,0.317155359285916,0.8
1066,N,RuvC-III,7,-0.35187199808807473,-1.2746466277487647,0.1811372138733882,0.5714285714285714
1067,G,RuvC-III,6,-0.07524065637380124,-0.4531243951219721,0.4035080270189669,0.8333333333333334
1068,E,RuvC-III,6,-0.29382767811375454,-1.7052450420782688,0.2945160082820622,0.6666666666666666
1069,T,RuvC-III,5,-0.5290584572674647,-0.9380651562767792,-0.1497683134092771,0.2
1070,G,RuvC-III,5,0.02594464336932536,-0.5726310553193005,0.6597248898770596,0.8
1071,E,RuvC-III,6,-0.486589791123323,-1.028337746522902,0.1618277921500407,0.16666666666666666
1072,I,RuvC-III,7,-0.44892271895299013,-1.3971727160895857,0.1413568194714985,0.42857142857142855
1073,V,RuvC-III,5,-0.4599445069183699,-0.8236884127842773,-0.075287713033118,0.4
1074,W,RuvC-III,5,-0.8372110584030134,-1.0112594534161168,-0.6546638741367361,0.0
1075,D,RuvC-III,7,-0.4276587980671898,-1.245283928065235,0.262670515259418,0.42857142857142855
1076,K,RuvC-III,6,-0.4928505389968992,-0.955521433520512,-0.1823607681667224,0.16666666666666666
1077,G,RuvC-III,5,-0.6481407142413997,-0.8932892915333844,-0.3195540462354825,0.0
1078,R,RuvC-III,5,-0.22855010599353842,-0.6161608157682331,0.2404923960090562,0.6
1079,D,RuvC-III,7,-0.44324275833644,-1.0072334399647789,0.1502139001311024,0.2857142857142857
1080,F,RuvC-III,6,-0.11988684275100607,-0.7064852895997928,0.5285347400644044,0.6666666666666666
1081,A,RuvC-III,6,0.0163487308956637,-0.5174433183712337,0.4394879597368805,0.6666666666666666
1082,T,RuvC-III,5,-0.21237263702893908,-0.6253807053053164,0.2489308839656268,0.6
1083,V,RuvC-III,5,-0.46593524792719315,-1.194374148187066,-0.1099819608966934,0.2
1084,R,RuvC-III,6,-0.29515458304617354,-0.5769339901083147,0.1586192291590903,0.3333333333333333
1085,K,RuvC-III,6,-0.29506645814810906,-0.7798732896355351,0.0806165614513948,0.5
1086,V,RuvC-III,6,-0.5866339516535498,-0.9057498284174396,-0.2138721237797714,0.16666666666666666
1087,L,RuvC-III,5,-0.3443469373311168,-0.7357978785331608,0.0013894019420014,0.4
1088,S,RuvC-III,6,-0.12538775710187403,-0.4327979740237215,0.1820378206992041,0.6666666666666666
1089,M,RuvC-III,6,-0.5078041962838485,-1.3200903855967676,-0.0692822820962331,0.5
1090,P,RuvC-III,6,-0.38465030838478914,-0.5726556691063297,-0.20841519965089,0.3333333333333333
1091,Q,RuvC-III,6,-0.3728022018357407,-0.6223217920096678,-0.1581448574845882,0.16666666666666666
1092,V,RuvC-III,5,-0.5928028689225543,-0.8728704772834772,-0.3917952818638429,0.0
1093,N,RuvC-III,7,-0.37258242367964683,-1.0442791941707414,0.1566838026948124,0.5714285714285714
1094,I,RuvC-III,7,-0.4604816055353315,-0.774195877121395,-0.0843405983050236,0.42857142857142855
1095,V,RuvC-III,6,-0.21803984184736827,-0.622175335218891,0.0248527025938349,0.5
1096,K,RuvC-III,6,-0.02335188660080349,-0.8134675566835192,1.579675868326721,0.5
1097,K,RuvC-III,6,-0.28246351790787516,-0.6827511167013846,0.3237074887895003,0.3333333333333333
1098,T,RuvC-III,6,-0.2699072827151121,-0.7317063995987195,0.0875496004998579,0.5
1099,E,WED,6,-0.2571300008538359,-0.9055556442704292,0.5963303176596652,0.3333333333333333
1100,V,WED,5,-0.6052814482027455,-1.129993418329724,-0.3218722633391156,0.0
1101,Q,WED,6,-0.2985745396320102,-0.867832838420683,0.9898985316694268,0.16666666666666666
1102,T,WED,5,-0.30677409919126414,-0.8599982591055152,-0.0993956123294334,0.6
1103,G,WED,5,-0.46332804532259975,-1.1283858791511845,-0.0579965512597864,0.4
1104,G,WED,4,0.0027231659701365566,-0.6155245166851682,0.966971884256362,0.5
1105,F,WED,6,-0.03535093204706178,-1.2129672723092828,1.4078136008316346,0.5
1106,S,WED,6,-0.14596558522752476,-0.9475529206026648,0.8476446120377679,0.6666666666666666
1107,K,WED,6,0.1650655879381033,-0.6630893077460975,0.896539588041372,0.8333333333333334
1108,E,WED,6,-0.16665368257003604,-0.5777138615320935,0.0935454665858028,0.6666666666666666
1109,S,WED,4,0.26353654237713064,-0.4582975940998569,1.0410120538447756,0.75
1110,I,WED,7,-0.19066284604654862,-0.4268016477221791,0.1932794061075761,0.42857142857142855
1111,L,WED,5,0.14057036181979074,-0.3586282616365508,0.7229489944911575,0.8
1112,P,WED,6,-0.14329309972314788,-0.4751562902464965,0.2810850256605106,0.6666666666666666
1113,K,WED,6,0.19886044289575142,-0.5389741654378222,1.922049431149496,0.5
1114,R,WED,6,-0.011295000766651464,-0.6826456355076934,0.5644472264570789,0.8333333333333334
1115,N,WED,7,-0.04797071777627552,-0.924788167709901,0.9143935678886292,0.7142857142857143
1116,S,WED,6,0.4258037800589291,-0.3887540594319716,1.572505666289044,0.8333333333333334
1117,D,WED,7,-0.12014891208924516,-0.4865537228264789,0.082568628439097,0.8571428571428571
1118,K,WED,6,0.38219757606450294,-0.2553386119555588,0.9040626412565028,1.0
1119,L,WED,5,-0.26211223696190145,-0.995907525957256,0.3921629257213183,0.4
1120,I,WED,7,-0.3752588628815571,-1.6344580621054958,-0.0413950626132228,0.7142857142857143
1121,A,WED,6,-0.20878940241160113,-0.4762721270248166,0.3769200254594578,0.3333333333333333
1122,R,WED,4,-0.2621788074780683,-2.1331761297054586,0.7489099119582965,0.75
1123,K,WED,6,-0.5392081133690174,-0.786733530412876,-0.15430967598545,0.3333333333333333
1124,K,WED,6,-0.07115979592322201,-0.5600992339352902,1.5825598129399203,0.3333333333333333
1125,D,WED,7,0.39229323228835683,-1.329811316086653,1.4704740600555686,0.8571428571428571
1126,W,WED,5,-0.4307346517013631,-0.9922538825237605,0.4094760221441568,0.4
1127,D,WED,7,-0.2654922484939467,-1.429863389656467,0.6695013028945808,0.5714285714285714
1128,P,WED,6,-0.41428896913791413,-0.8203801529145585,-0.1922209892021813,0.16666666666666666
1129,K,WED,6,0.018576482977083003,-0.6248900309912431,1.1799055591180867,0.5
1130,K,WED,6,-0.8505159788436889,-4.128305549199097,0.1949702291500125,0.5
1131,Y,WED,6,-0.5600056127863827,-1.913630704788434,0.0200186166168434,0.5
1132,G,WED,6,-0.513841341767958,-1.2398855187849942,0.1420538636220091,0.3333333333333333
1133,G,WED,5,-0.4578160718821872,-0.8539013109709209,-0.0285864149166991,0.2
1134,F,WED,6,-0.09754463752356768,-0.6556216296404094,0.3368371821396201,0.6666666666666666
1135,D,WED,7,-0.6194694164206741,-1.4907472784971474,0.0749079935975352,0.2857142857142857
1136,S,WED,6,-0.14467973488875657,-1.0144628859480689,0.1815086299400836,0.8333333333333334
1137,P,WED,6,0.2586418152007588,-0.5305576199917661,1.249211470393939,0.6666666666666666
1138,T,WED,6,-0.16576497369553345,-0.456972699333618,0.0250584361099045,0.6666666666666666
1139,V,WED,5,0.05760565641955044,-0.2544745992310294,0.3922932831422,1.0
1140,A,WED,6,-0.23477763120940384,-1.210661342666096,0.1917451444267109,0.6666666666666666
1141,Y,WED,6,-0.3136803974380941,-0.7560597891014709,0.0332007225732658,0.5
1142,S,WED,6,-0.028318489774887948,-0.4641944031198885,0.514655762008329,0.6666666666666666
1143,V,WED,6,-0.531341524741917,-1.2794451158769902,0.0658129456234866,0.5
1144,L,WED,5,-0.3960857048834463,-0.6854293496875798,0.0194123031838345,0.4
1145,V,WED,5,-0.17010305493385128,-0.4839527685232406,0.2488438520492964,0.6
1146,V,WED,6,0.08161078720016537,-0.215371187672283,0.6096429253411544,1.0
1147,A,WED,6,-0.11860300876449925,-0.6254633479196925,0.7805920079133816,0.5
1148,K,WED,6,-0.18616284458478202,-0.2812645777579264,-0.0430338280924228,0.6666666666666666
1149,V,WED,5,-0.196659997167893,-1.117260918372218,0.2280187577296056,0.8
1150,E,WED,6,0.12897030156075362,-0.4366800356864509,1.633028681104382,0.6666666666666666
1151,K,WED,6,0.2404166164240149,-0.13099253500824,0.510004000627244,1.0
1152,G,WED,5,0.026696584089650054,-0.9108718387010848,0.6043356252098465,0.8
1153,K,WED,6,-0.0008605789343203996,-0.4985561856245143,0.9412541249586016,0.6666666666666666
1154,S,WED,6,-0.04042232416704706,-0.514886656819074,0.2324539872820317,0.8333333333333334
1155,K,WED,6,-0.05833222014472957,-0.3242236534130821,0.2520049506226383,0.6666666666666666
1156,K,WED,6,-0.014881718977314704,-0.363695349610827,0.5076801026058262,0.8333333333333334
1157,L,WED,5,0.34993520450774124,-0.2544860486233651,2.240971385559292,1.0
1158,K,WED,6,-0.3300357591573786,-1.3759440689372024,0.7562979347178039,0.5
1159,S,WED,6,-0.3336921162956246,-0.7589418201152188,0.0367877768227583,0.3333333333333333
1160,V,WED,6,0.10129663763788173,-0.5174545928956491,0.6327880426849636,0.6666666666666666
1161,K,WED,6,0.05167698075112729,-0.3090853167685928,0.3803887677811344,0.8333333333333334
1162,E,WED,6,-0.17670561308057095,-1.396544278959533,0.6310098847516452,0.8333333333333334
1163,L,WED,5,1.1518918030936904,0.2461796000510272,3.162011992450252,1.0
1164,L,WED,5,-0.41265191852963595,-0.7607180497689643,-0.0152908768545617,0.4
1165,G,WED,4,-0.24388317742278484,-0.575558071522487,0.0315852268422748,0.5
1166,I,WED,7,-0.12108147361870826,-0.7603391836853315,0.9629172207088872,0.42857142857142855
1167,T,WED,5,-0.23833618622640929,-0.5016001217732882,0.0995351470498056,0.6
1168,I,WED,7,0.25577076320281866,-0.468511046527327,0.7463287712296411,0.7142857142857143
1169,M,WED,6,-0.06229098978453471,-0.5153888518032472,0.7919649397755311,0.6666666666666666
1170,E,WED,6,-0.487572623976521,-0.7827515297078579,-0.0848711435150397,0.3333333333333333
1171,R,WED,5,0.2725924064651027,-0.0473533528422624,0.7936571233965809,1.0
1172,S,WED,6,0.061490514733494796,-0.552401231914832,0.3997357298615201,0.8333333333333334
1173,S,WED,6,-1.5615640585695105,-4.867554243895053,-0.2270024123961408,0.16666666666666666
1174,F,WED,6,-0.11018039019501835,-0.4110699969215128,0.137472641365543,0.6666666666666666
1175,E,WED,6,-0.6297578286099104,-1.597274799296738,-0.2040967339816336,0.16666666666666666
1176,K,WED,6,0.035988525920646275,-0.4250532816772865,0.7572621091405605,0.6666666666666666
1177,N,WED,7,-0.23356418926727077,-0.4905229931965361,-0.0216047549891149,0.5714285714285714
1178,P,WED,6,-0.12616322782500003,-0.4540733738506759,0.569601085562372,0.5
1179,I,WED,7,-0.24230937761332255,-0.6364064368765269,0.247445079428924,0.7142857142857143
1180,D,WED,7,-0.32614450119928445,-2.5134680827405744,0.8612014742187613,0.42857142857142855
1181,F,WED,6,-0.21277090687984443,-0.8120838198188824,0.696749586264865,0.5
1182,L,WED,5,-0.08164451786464155,-0.7473131989986251,0.6894563876730305,0.6
1183,E,WED,6,-0.24727274360106644,-0.8387193939567626,0.7950290986040427,0.5
1184,A,WED,6,-0.23314676106866442,-1.0434274490353166,0.7664585106394209,0.5
1185,K,WED,6,-0.0126698014936625,-0.3234851280402339,0.6450561598707152,0.6666666666666666
1186,G,WED,4,-0.43746689308369685,-0.6397414688630894,-0.1300218293786471,0.25
1187,Y,WED,6,-0.5111778674770381,-1.1855971692124208,-0.0442509671413958,0.5
1188,K,WED,6,-0.12744515378381494,-0.7437475496803319,0.5450646398867849,0.5
1189,E,WED,6,0.043639697140775514,-0.9238489160214918,1.1013318463398505,0.6666666666666666
1190,V,WED,5,-0.33309422730088806,-0.7600569213117311,-0.0222172313654451,0.4
1191,K,WED,6,-0.05212833577855102,-0.5029577506996273,0.3606820776734272,0.5
1192,K,WED,6,0.1036891339253783,-0.1388572022486363,0.5740636550383197,1.0
1193,D,WED,7,0.30748731465005685,-0.2745590873999177,1.1049108466837494,0.8571428571428571
1194,L,WED,5,-0.04201903848845491,-0.2390510901682947,0.2860513134511582,1.0
1195,I,WED,7,-0.27598978618953285,-1.3493923353941313,0.655178056563321,0.42857142857142855
1196,I,WED,7,0.1906597030037554,-1.23356504353744,1.11109640870859,0.8571428571428571
1197,K,WED,6,0.08858078345666759,-0.4389958437329021,0.7401039677912262,0.8333333333333334
1198,L,WED,5,-0.6289092877029524,-1.2614976682456345,0.1046781550043352,0.2
1199,P,WED,6,-0.19815800368208894,-1.065486246844695,0.7354118462002726,0.6666666666666666
1200,K,WED,6,0.23085172230705767,-0.1634015908453797,1.2983546958132486,1.0
1201,Y,TOPO,6,0.023760195970776943,-0.4369469878426823,0.8151586507814376,0.8333333333333334
1202,S,TOPO,4,-0.2084014314102363,-0.9145813428833862,0.0756122232849547,0.75
1203,L,TOPO,5,0.02951014128959445,-0.4736306408237286,0.5340304427037255,0.6
1204,F,TOPO,6,0.0636916184090807,-0.7066102455481986,0.56085234311359,0.8333333333333334
1205,E,TOPO,6,-0.2770602262590325,-1.3288719086226513,0.7858501687429394,0.5
1206,L,TOPO,5,-0.11201013035541849,-0.3734595700347072,0.3443600330062024,0.6
1207,E,TOPO,6,-0.3758547809071164,-1.1748634364650703,0.3596886536617601,0.5
1208,N,TOPO,7,0.10281686738807538,-0.4917996093694284,0.6236776080505073,0.8571428571428571
1209,G,TOPO,6,-0.061758509939819406,-0.7740217433651836,0.9817245945513844,0.6666666666666666
1210,R,TOPO,5,0.26573847787525023,-0.2164764695456209,0.6228639978199846,1.0
1211,K,TOPO,6,0.05302953651521256,-0.9127062633831508,2.284607900045777,0.3333333333333333
1212,R,TOPO,6,0.1508386913073385,-0.8116809467971418,0.8195773627754134,0.8333333333333334
1213,M,TOPO,6,0.03413995534907088,-0.3292029110083675,0.2820083293192101,0.8333333333333334
1214,L,TOPO,5,-0.2234898907446825,-0.628596025667421,0.1560350975775148,0.8
1215,A,TOPO,6,0.11671295393996757,-0.8429972821188599,0.5278607685914344,0.8333333333333334
1216,S,TOPO,6,-0.4843840385562362,-1.0437865834209368,0.064895257308669,0.3333333333333333
1217,A,TOPO,6,-0.08718530039168604,-0.5693788897318411,0.612833669495072,0.6666666666666666
1218,G,TOPO,6,-0.08820185955332926,-0.8092302427272977,0.1897927110245163,0.8333333333333334
1219,E,CTD-PI,6,0.14216233498610312,-1.4638159850145376,1.278512372725361,0.8333333333333334
1220,L,CTD-PI,5,-0.09662296388568511,-0.5584495711839917,0.6329502884428299,0.6
1221,Q,CTD-PI,6,0.028714408590753252,-0.4613133963768954,0.4643596688814165,0.8333333333333334
1222,K,CTD-PI,6,0.019683362333528503,-0.6044376834184414,0.397981230515114,0.6666666666666666
1223,G,CTD-PI,5,0.25316050812570134,-0.053479591757284,0.8391560557304124,1.0
1224,N,CTD-PI,7,-0.14093150271932525,-0.4422818500828676,0.2294928165685607,0.7142857142857143
1225,E,CTD-PI,6,0.043508521815708086,-0.3225875585087409,0.6411307179067757,0.6666666666666666
1226,L,CTD-PI,5,-0.2276016038901333,-0.5886093236535077,0.7729262031694288,0.2
1227,A,CTD-PI,6,-0.07398578887145058,-0.4016761144779769,0.2125646409116497,0.6666666666666666
1228,L,CTD-PI,5,-0.352111618589903,-0.7501654773488942,0.1081290444015955,0.4
1229,P,CTD-PI,6,-0.1517473557081018,-0.7816404082055957,0.128669780166669,0.8333333333333334
1230,S,CTD-PI,6,-0.35660028243323194,-0.7284152800391496,0.0608406354460502,0.3333333333333333
1231,K,CTD-PI,6,0.03749175373819035,-0.3723702995718458,0.3895684218925845,0.8333333333333334
1232,Y,CTD-PI,6,0.05000911634833354,-0.1653821232462499,0.3177694009662179,1.0
1233,V,CTD-PI,5,-0.08929517959793863,-0.3799650021617484,0.2855936203214804,0.6
1234,N,CTD-PI,7,-0.533460089578426,-1.1997920021625652,-0.0286931887242772,0.14285714285714285
1235,F,CTD-PI,6,-0.11620247358341314,-1.045524441669608,0.3690404756184233,0.6666666666666666
1236,L,CTD-PI,5,-0.2612448148061322,-0.6825395953270347,0.4753792058263006,0.4
1237,Y,CTD-PI,6,-0.4697195185366445,-2.368142006839776,0.5404731156387749,0.6666666666666666
1238,L,CTD-PI,5,-0.10771069070726391,-0.6627697487331564,0.2723061338871365,0.6
1239,A,CTD-PI,6,-0.42392049169836743,-1.851813548186858,0.0874530493763274,0.8333333333333334
1240,S,CTD-PI,6,-0.20257316190037947,-1.044077332888639,0.4816459644578411,0.6666666666666666
1241,H,CTD-PI,7,-0.09459352610848096,-0.8210862392499227,0.5625560637533868,0.5714285714285714
1242,Y,CTD-PI,6,-0.11504908542677501,-0.3900957866471665,0.0801145447245997,0.8333333333333334
1243,E,CTD-PI,6,0.07066102032373327,-0.4134204070938548,0.6519675900703278,0.6666666666666666
1244,K,CTD-PI,6,0.16432599949677737,-0.5976964443474214,0.9010384793849602,0.8333333333333334
1245,L,CTD-PI,5,0.34219651121958433,-0.4002992987586901,2.459735401540424,0.6
1246,K,CTD-PI,6,-0.28809989556373555,-0.8037156087584609,0.0869419253522458,0.5
1247,G,CTD-PI,6,-0.16417319130471472,-1.1819310342909966,0.6278171390436009,0.5
1248,S,CTD-PI,6,-0.09984689927451575,-0.5878884348721314,0.3732695059974551,0.6666666666666666
1249,P,CTD-PI,6,-0.07783259327816043,-0.7260186935446324,0.6277828648108054,0.6666666666666666
1250,E,CTD-PI,6,-0.2675754317222808,-0.5201122906181235,0.0284000526126247,0.5
1251,D,CTD-PI,7,0.005242277592008888,-0.469456458420892,0.8941472456601637,0.42857142857142855
1252,N,CTD-PI,7,0.19174750206882657,-0.3472339853169348,1.6064921621063892,0.8571428571428571
1253,E,CTD-PI,6,-0.5121953663017077,-1.3277574523195923,0.4376183631656813,0.3333333333333333
1254,Q,CTD-PI,6,0.26898795688142907,-0.2505467881915633,0.9080159110533548,1.0
1255,K,CTD-PI,6,-0.09986185523624876,-0.65788296403499,0.7267034231505805,0.5
1256,Q,CTD-PI,6,0.014387528209597327,-0.5659654632395819,0.2084787923704122,0.8333333333333334
1257,L,CTD-PI,5,-0.24427151562841978,-0.6285202417490224,0.366461683484353,0.6
1258,F,CTD-PI,6,-0.09155436021084544,-0.4434191798994213,0.5610291616020471,0.6666666666666666
1259,V,CTD-PI,5,-0.02106475042127196,-0.5407781246926,0.6953581100879266,0.6
1260,E,CTD-PI,6,-0.3350268261909369,-1.3704021327489275,0.2897052101719366,0.6666666666666666
1261,Q,CTD-PI,6,-0.42290173058775565,-1.3108994963316605,0.1428184711112435,0.3333333333333333
1262,H,CTD-PI,7,-0.39436794871268194,-1.0474351091961234,-0.0240089979679104,0.2857142857142857
1263,K,CTD-PI,6,-0.03857832367844407,-0.5204143055236727,0.4625135234873283,0.6666666666666666
1264,H,CTD-PI,7,-1.149048776710676,-5.219764266347039,0.2913909225899944,0.2857142857142857
1265,Y,CTD-PI,6,0.016802424160493417,-0.7891957972195673,0.8926733960827476,0.6666666666666666
1266,L,CTD-PI,5,0.18882476862470696,-0.3229474112389705,1.345736268488706,0.8
1267,D,CTD-PI,7,0.08707683115766529,-0.8354670558916688,2.484001064097946,0.42857142857142855
1268,E,CTD-PI,6,0.03943622756003041,-0.563021471252001,2.12371240704973,0.5
1269,I,CTD-PI,7,-0.052061302828845864,-0.7360319613066734,0.8914214949867718,0.42857142857142855
1270,I,CTD-PI,7,-0.15409623639607695,-1.1540760733565063,0.4812465409981175,0.5714285714285714
1271,E,CTD-PI,6,-0.2974662078533534,-0.5365781145544933,-0.1057031709470531,0.5
1272,Q,CTD-PI,6,-0.13729624714635918,-0.4425866919334653,0.0919955241837042,0.6666666666666666
1273,I,CTD-PI,7,-0.17702357330723614,-0.8724948811273548,0.3715499261777277,0.5714285714285714
1274,S,CTD-PI,6,0.49936123574661645,-0.5876203423359692,3.5423482625017906,0.6666666666666666
1275,E,CTD-PI,6,0.4197346757327917,-0.441302873868701,2.552283376031962,0.8333333333333334
1276,F,CTD-PI,6,-0.34387556045815043,-0.6850168195777973,0.625095288146957,0.16666666666666666
1277,S,CTD-PI,6,-0.3044405355722007,-0.9441327287451065,0.4677891290355973,0.3333333333333333
1278,K,CTD-PI,6,0.130064630636067,-0.4979492465016106,1.5823628461673938,0.6666666666666666
1279,R,CTD-PI,5,-0.06486286394244227,-0.381885742553448,0.1572898462098112,0.8
1280,V,CTD-PI,5,0.40673150628653953,-0.1834326957296521,2.031181729936632,1.0
1281,I,CTD-PI,7,0.1309617601402844,-0.6427786229281178,2.1825168446938017,0.5714285714285714
1282,L,CTD-PI,5,0.05929582244468427,-0.2505423174801624,0.5278023562363662,1.0
1283,A,CTD-PI,6,0.15349930641590712,-0.2298872296756542,0.7538399912246441,1.0
1284,D,CTD-PI,7,-0.32006882045642093,-0.7227563323600699,0.0584595504359194,0.42857142857142855
1285,A,CTD-PI,6,-0.01801148553088867,-0.416907092706249,1.1230144437914162,0.6666666666666666
1286,N,CTD-PI,7,0.010219174797813726,-0.782432620653572,1.356426182708374,0.7142857142857143
1287,L,CTD-PI,5,-0.14709424711010466,-1.2481758075283875,1.355698197127962,0.4
1288,D,CTD-PI,7,-0.22945478361957364,-1.173695854447861,0.562237189420566,0.5714285714285714
1289,K,CTD-PI,6,-0.17815187172976646,-0.4849659721343028,0.2423896756131986,0.6666666666666666
1290,V,CTD-PI,6,0.07138980939469676,-0.4702287237718128,0.5225378705602681,0.8333333333333334
1291,L,CTD-PI,5,-0.1009249887386285,-0.6469322152411591,0.3371262408898193,0.6
1292,S,CTD-PI,6,-0.48227250937759186,-0.8000624442395826,-0.0364318869502959,0.3333333333333333
1293,A,CTD-PI,6,-0.02538984107924173,-0.5787324647953854,1.0730588720759402,0.5
1294,Y,CTD-PI,6,-0.8741598894984973,-1.9290424082679185,-0.3309870789014545,0.0
1295,N,CTD-PI,7,-0.19699987659315546,-0.6284278086048389,0.3523738730822752,0.5714285714285714
1296,K,CTD-PI,6,-0.38901546218475475,-0.8732581479611506,0.3937652262030779,0.3333333333333333
1297,H,CTD-PI,7,-0.1626005039891807,-0.8106639864682851,0.6947579384258088,0.42857142857142855
1298,R,CTD-PI,5,-0.20089108763812336,-0.6982540555168039,0.5912346104648015,0.4
1299,D,CTD-PI,7,-0.3219594630394592,-1.2479537322005405,0.2053248188182146,0.5714285714285714
1300,K,CTD-PI,6,0.5130843681420655,-0.4942762889286396,1.903721925298219,0.8333333333333334
1301,P,CTD-PI,6,0.09224197523285554,-1.0293498488046902,1.1590845861392003,0.6666666666666666
1302,I,CTD-PI,7,-0.3197075185937987,-2.084827801918196,1.1083074002783146,0.42857142857142855
1303,R,CTD-PI,5,-0.3235413558603355,-0.5302585367673325,-0.107195683981209,0.4
1304,E,CTD-PI,6,-0.45339465425120107,-1.0551775806965698,0.0046489273254339,0.3333333333333333
1305,Q,CTD-PI,6,-0.27970145564025056,-0.8258571226948579,0.2734397806536046,0.5
1306,A,CTD-PI,6,-0.23977698102002762,-0.9585483361665108,0.1328611978834135,0.6666666666666666
1307,E,CTD-PI,6,-0.36129871616788556,-1.0136876190834443,0.1011139307574057,0.3333333333333333
1308,N,CTD-PI,7,-0.24973236358530057,-0.9723037524772924,0.4872929870993823,0.5714285714285714
1309,I,CTD-PI,7,-0.3128450292835369,-0.8567407681570552,0.1709850613751574,0.42857142857142855
1310,I,CTD-PI,7,-0.12768185685187775,-0.513839423313368,0.622637332271165,0.42857142857142855
1311,H,CTD-PI,7,-0.07725606237779628,-0.4819180707416733,0.747319864085419,0.5714285714285714
1312,L,CTD-PI,5,-0.8274314415061227,-4.090697387934968,0.0982385113878746,0.8
1313,F,CTD-PI,6,0.07454578291264112,-0.7483021945759829,0.8597932716926978,0.6666666666666666
1314,T,CTD-PI,5,0.2696522548978388,-0.3339611764607421,1.149637888511064,0.8
1315,L,CTD-PI,5,0.06936985679580414,-0.6807614886882185,1.200292129540805,0.8
1316,T,CTD-PI,5,0.0012593346382963,-0.2485605209977863,0.6138549885651645,1.0
1317,N,CTD-PI,7,-0.38360935814694924,-1.6328377289348457,0.0314114212354372,0.5714285714285714
1318,L,CTD-PI,5,0.05367903936831264,-0.5541305058602222,0.3974415290583722,0.8
1319,G,CTD-PI,4,-0.38882052968132796,-0.9071608621428506,0.3341487725362271,0.25
1320,A,CTD-PI,6,-0.22272158358078195,-1.7752068297927897,0.4445142678207057,0.8333333333333334
1321,P,CTD-PI,6,0.13205202790926576,-0.7592378387569025,0.8548447330894645,0.6666666666666666
1322,A,CTD-PI,6,-0.3918286199974465,-0.8437035686862365,0.1438555560763131,0.3333333333333333
1323,A,CTD-PI,6,-0.3443589249418358,-1.1273791158989586,0.0462309323512096,0.6666666666666666
1324,F,CTD-PI,6,-0.2273996211746412,-0.5198646475877207,0.326033115670969,0.5
1325,K,CTD-PI,6,-0.09336040025773368,-0.4101468131159009,0.6623539893402464,0.6666666666666666
1326,Y,CTD-PI,6,-0.3728613265661745,-2.266092942121797,0.5716067607879319,0.6666666666666666
1327,F,CTD-PI,6,-0.028580796024479865,-0.4774210145823669,0.3651710875317785,0.8333333333333334
1328,D,CTD-PI,7,-0.1773917848236611,-0.6743032231669784,0.7472634504294539,0.2857142857142857
1329,T,CTD-PI,5,-0.10378489037477297,-0.2097698327497575,0.1254623518806787,1.0
1330,T,CTD-PI,5,0.10439674554344683,-0.160315171873863,0.7385980355792534,1.0
1331,I,CTD-PI,7,-0.15695676137469985,-0.845025195737656,0.2562581400995256,0.5714285714285714
1332,D,CTD-PI,7,0.11917752010723895,-0.4634314272802348,1.1358414468555538,0.8571428571428571
1333,R,CTD-PI,6,-0.2859462432893684,-0.6523270417256282,0.3528479447210223,0.16666666666666666
1334,K,CTD-PI,6,0.6179994911290455,0.0645614062145008,0.976965345975112,1.0
1335,R,CTD-PI,4,-0.9626514033469068,-1.4653090024766875,-0.3831160102158252,0.0
1336,Y,CTD-PI,6,-0.36787113310194014,-1.606756610975328,0.4341513326048781,0.5
1337,T,CTD-PI,6,-0.1682956163466518,-0.3989377039437576,0.2419248515252045,0.5
1338,S,CTD-PI,6,-0.06609132460338991,-0.3400074769672478,0.3346204532807615,0.6666666666666666
1339,T,CTD-PI,5,-0.03146774737091525,-0.685771124000442,1.0677968440374366,0.6
1340,K,CTD-PI,6,0.14644724822091137,-0.2722522285414741,0.8339892471846146,0.8333333333333334
1341,E,CTD-PI,6,-0.11796178031516756,-0.8494417426355012,1.0574488529730175,0.6666666666666666
1342,V,CTD-PI,5,0.6001628763039694,-0.505160340930168,2.130766615656196,0.8
1343,L,CTD-PI,5,-0.38044180637424435,-0.8741612899429654,0.0938048824173212,0.4
1344,D,CTD-PI,7,-0.2834842504554168,-1.027738185615103,0.8242579714073875,0.42857142857142855
1345,A,CTD-PI,6,-0.2701772646569004,-0.6175956036489485,0.2656221629752025,0.5
1346,T,CTD-PI,5,-0.3058912097498218,-1.2490061058959436,0.4802020745558938,0.6
1347,L,CTD-PI,5,-0.37307815707786735,-0.5023506157261205,-0.159532065014076,0.2
1348,I,CTD-PI,7,-0.13824518272422948,-1.502875179878247,0.8696002869670033,0.42857142857142855
1349,H,CTD-PI,7,-0.23571177122376955,-1.4564400575774443,0.7451938035922062,0.5714285714285714
1350,Q,CTD-PI,6,-0.16482376072752278,-0.6114299060304057,0.2758509405102156,0.6666666666666666
1351,S,CTD-PI,6,-0.4279137485156785,-1.198429328584905,0.4287389745694454,0.3333333333333333
1352,I,CTD-PI,7,-0.5654866809790321,-2.842926833374285,0.9373470583640208,0.42857142857142855
1353,T,CTD-PI,5,-0.08454449021970488,-0.9913247094921328,1.1695043212231997,0.6
1354,G,CTD-PI,4,-0.7970620044858667,-1.0017108179421683,-0.6027383531897771,0.0
1355,L,CTD-PI,5,-0.6394054478626028,-1.1958520319345114,-0.1121688970933952,0.2
1356,Y,CTD-PI,6,-0.5415558904241147,-0.9476759207611462,-0.0181381030514864,0.16666666666666666
1357,E,CTD-PI,6,0.10311705797406505,-0.4331106631420609,0.6429808907808041,0.8333333333333334
1358,T,CTD-PI,5,-0.4341606727093062,-0.6322788173831337,-0.1731047441608132,0.2
1359,R,CTD-PI,5,0.047319986348076784,-0.3203263595899563,0.329545122655438,0.8
1360,I,CTD-PI,7,-0.4478567706917881,-0.6065365437349911,-0.2763623251826504,0.0
1361,D,CTD-PI,7,-0.2140170047891949,-0.7225996186829158,1.1159360575444184,0.2857142857142857
1362,L,CTD-PI,5,-0.5836025527080172,-0.7651975755650693,-0.1642379468764022,0.2
1363,S,CTD-PI,6,-0.3039567105465799,-0.7609409573599919,0.1862349175768172,0.5
1364,Q,CTD-PI,6,-0.35456967375360104,-1.0484648047147795,-0.0070559772390466,0.5
1365,L,CTD-PI,5,-0.453392630778914,-0.7030256302550822,-0.2020178155796579,0.2
1366,G,CTD-PI,4,-0.8156082527683679,-1.9681695372815509,-0.1511995263472255,0.25
1367,G,CTD-PI,6,-0.0649230624228084,-0.5010335893702268,0.5110151979593209,0.5
1368,D,CTD-PI,7,-0.41274899877987375,-0.7055295797399308,-0.2159732854091683,0.14285714285714285
