mutant,pos,wt_aa,mt_aa,domain,DMS_score,DMS_score_bin,fold_random,fold_position_grouped,fold_region_blocked,fold_domain_holdout
A1023D,1023,A,D,RuvC-III,-0.6201977750817849,0,0,0,7,7
A1023G,1023,A,G,RuvC-III,-0.4241303588372416,0,6,0,7,7
A1023P,1023,A,P,RuvC-III,-0.626791555687342,0,6,0,7,7
A1023S,1023,A,S,RuvC-III,-0.4904234659838598,0,8,0,7,7
A1023T,1023,A,T,RuvC-III,-0.5437407134324213,0,3,0,7,7
A1023V,1023,A,V,RuvC-III,-0.009800757041143,1,5,0,7,7
A1032D,1032,A,D,RuvC-III,-0.1049248426935665,1,9,8,7,7
A1032G,1032,A,G,RuvC-III,-0.0552980735638704,1,2,8,7,7
A1032P,1032,A,P,RuvC-III,-1.473927476134441,0,7,8,7,7
A1032S,1032,A,S,RuvC-III,-0.1980128169442578,1,6,8,7,7
A1032T,1032,A,T,RuvC-III,1.7109282930345069,1,8,8,7,7
A1032V,1032,A,V,RuvC-III,-0.368924219343539,0,9,8,7,7
A1034D,1034,A,D,RuvC-III,0.3723123952695524,1,6,0,7,7
A1034G,1034,A,G,RuvC-III,-0.8744413091610351,0,7,0,7,7
A1034P,1034,A,P,RuvC-III,-0.1306056559782774,1,0,0,7,7
A1034S,1034,A,S,RuvC-III,-0.4748700808437401,0,4,0,7,7
A1034T,1034,A,T,RuvC-III,-0.0901772300692704,1,6,0,7,7
A1034V,1034,A,V,RuvC-III,-0.1728500450967141,1,2,0,7,7
A1053E,1053,A,E,RuvC-III,-0.546727011414078,0,4,7,7,7
A1053G,1053,A,G,RuvC-III,-0.7034365780343181,0,3,7,7,7
A1053P,1053,A,P,RuvC-III,-0.5159095368877342,0,6,7,7,7
A1053S,1053,A,S,RuvC-III,-0.4355073890032508,0,5,7,7,7
A1053T,1053,A,T,RuvC-III,-0.4184139123822493,0,1,7,7,7
A1053V,1053,A,V,RuvC-III,-0.1510263390408827,1,0,7,7,7
A1081D,1081,A,D,RuvC-III,0.0231989431830564,1,4,8,7,7
A1081G,1081,A,G,RuvC-III,0.3818586313411245,1,0,8,7,7
A1081P,1081,A,P,RuvC-III,0.4394879597368805,1,4,8,7,7
A1081S,1081,A,S,RuvC-III,-0.5174433183712337,0,6,8,7,7
A1081T,1081,A,T,RuvC-III,-0.3291541107930439,0,1,8,7,7
A1081V,1081,A,V,RuvC-III,0.1001442802771984,1,8,8,7,7
A1121D,1121,A,D,WED,-0.4497999156636257,0,6,0,8,8
A1121G,1121,A,G,WED,-0.4762721270248166,0,3,0,8,8
A1121P,1121,A,P,WED,0.3769200254594578,1,9,0,8,8
A1121S,1121,A,S,WED,0.0549919305720952,1,2,0,8,8
A1121T,1121,A,T,WED,-0.3044270116860409,0,7,0,8,8
A1121V,1121,A,V,WED,-0.4541493161266766,0,4,0,8,8
A1140D,1140,A,D,WED,0.0780244610068948,1,9,5,8,8
A1140G,1140,A,G,WED,-0.283999039458266,0,3,5,8,8
A1140P,1140,A,P,WED,0.0793216248686435,1,4,5,8,8
A1140S,1140,A,S,WED,-1.210661342666096,0,8,5,8,8
A1140T,1140,A,T,WED,0.1917451444267109,1,4,5,8,8
A1140V,1140,A,V,WED,-0.2630966354343103,1,5,5,8,8
A1147E,1147,A,E,WED,-0.4960120964644904,0,2,4,8,8
A1147G,1147,A,G,WED,0.7805920079133816,1,8,4,8,8
A1147P,1147,A,P,WED,0.1588731310927654,1,3,4,8,8
A1147S,1147,A,S,WED,-0.4713827566347904,0,4,4,8,8
A1147T,1147,A,T,WED,-0.0582249905741692,1,6,4,8,8
A1147V,1147,A,V,WED,-0.6254633479196925,0,6,4,8,8
A1184D,1184,A,D,WED,-0.8923256400031679,0,0,7,8,8
A1184G,1184,A,G,WED,0.7664585106394209,1,1,7,8,8
A1184P,1184,A,P,WED,0.3620413413947486,1,8,7,8,8
A1184S,1184,A,S,WED,-1.0434274490353166,0,8,7,8,8
A1184T,1184,A,T,WED,-0.3761300155168542,0,9,7,8,8
A1184V,1184,A,V,WED,-0.2154973138908172,1,4,7,8,8
A1215E,1215,A,E,TOPO,-0.8429972821188599,0,6,3,8,9
A1215G,1215,A,G,TOPO,0.5278607685914344,1,4,3,8,9
A1215P,1215,A,P,TOPO,0.4712251700108085,1,6,3,8,9
A1215S,1215,A,S,TOPO,-0.1417517068799441,1,5,3,8,9
A1215T,1215,A,T,TOPO,0.3611202547497067,1,7,3,8,9
A1215V,1215,A,V,TOPO,0.3248205192866599,1,7,3,8,9
A1217D,1217,A,D,TOPO,-0.1294667218139681,1,0,0,8,9
A1217G,1217,A,G,TOPO,-0.5693788897318411,0,1,0,8,9
A1217P,1217,A,P,TOPO,0.1723085656435625,1,4,0,8,9
A1217S,1217,A,S,TOPO,-0.4267487649633801,0,1,0,8,9
A1217T,1217,A,T,TOPO,0.612833669495072,1,3,0,8,9
A1217V,1217,A,V,TOPO,-0.1826596609795615,1,9,0,8,9
A1227D,1227,A,D,CTD-PI,-0.268695149418736,0,1,1,8,10
A1227G,1227,A,G,CTD-PI,-0.4016761144779769,0,5,1,8,10
A1227P,1227,A,P,CTD-PI,0.0487865481858261,1,6,1,8,10
A1227S,1227,A,S,CTD-PI,0.1602948634028167,1,0,1,8,10
A1227T,1227,A,T,CTD-PI,-0.195189521832283,1,1,1,8,10
A1227V,1227,A,V,CTD-PI,0.2125646409116497,1,2,1,8,10
A1239D,1239,A,D,CTD-PI,-0.2268323002559887,1,6,8,9,10
A1239G,1239,A,G,CTD-PI,-0.2522966182435168,1,7,8,9,10
A1239P,1239,A,P,CTD-PI,-1.851813548186858,0,8,8,9,10
A1239S,1239,A,S,CTD-PI,0.0874530493763274,1,0,8,9,10
A1239T,1239,A,T,CTD-PI,-0.2190906302490935,1,2,8,9,10
A1239V,1239,A,V,CTD-PI,-0.0809429026310747,1,9,8,9,10
A127D,127,A,D,REC1a,-0.2898443938696509,0,3,4,0,2
A127G,127,A,G,REC1a,0.2493144172383806,1,5,4,0,2
A127P,127,A,P,REC1a,-0.2094634983232491,1,5,4,0,2
A127S,127,A,S,REC1a,0.2894964845006854,1,9,4,0,2
A127T,127,A,T,REC1a,0.0664540541237806,1,1,4,0,2
A127V,127,A,V,REC1a,0.2020087024600241,1,8,4,0,2
A1283D,1283,A,D,CTD-PI,0.7538399912246441,1,0,1,9,10
A1283G,1283,A,G,CTD-PI,-0.2298872296756542,1,7,1,9,10
A1283P,1283,A,P,CTD-PI,0.1760418175104789,1,0,1,9,10
A1283S,1283,A,S,CTD-PI,0.0791802782578901,1,4,1,9,10
A1283T,1283,A,T,CTD-PI,-0.2032194524428348,1,7,1,9,10
A1283V,1283,A,V,CTD-PI,0.3450404336209185,1,9,1,9,10
A1285E,1285,A,E,CTD-PI,-0.2474558040745104,1,4,5,9,10
A1285G,1285,A,G,CTD-PI,0.0521044777843973,1,2,5,9,10
A1285P,1285,A,P,CTD-PI,-0.2571282650412418,1,2,5,9,10
A1285S,1285,A,S,CTD-PI,1.1230144437914162,1,9,5,9,10
A1285T,1285,A,T,CTD-PI,-0.416907092706249,0,1,5,9,10
A1285V,1285,A,V,CTD-PI,-0.3616966729391444,0,6,5,9,10
A1293E,1293,A,E,CTD-PI,0.2148166577371884,1,7,8,9,10
A1293G,1293,A,G,CTD-PI,-0.5787324647953854,0,3,8,9,10
A1293P,1293,A,P,CTD-PI,-0.4123032471930772,0,2,8,9,10
A1293S,1293,A,S,CTD-PI,-0.2841366172049481,0,8,8,9,10
A1293T,1293,A,T,CTD-PI,-0.1650422470951683,1,2,8,9,10
A1293V,1293,A,V,CTD-PI,1.0730588720759402,1,8,8,9,10
A1306D,1306,A,D,CTD-PI,0.0871292382281334,1,0,6,9,10
A1306G,1306,A,G,CTD-PI,-0.9585483361665108,0,5,6,9,10
A1306P,1306,A,P,CTD-PI,-0.633109294318206,0,3,6,9,10
A1306S,1306,A,S,CTD-PI,0.0925914737521861,1,6,6,9,10
A1306T,1306,A,T,CTD-PI,0.1328611978834135,1,3,6,9,10
A1306V,1306,A,V,CTD-PI,-0.1595861654991819,1,1,6,9,10
A1320E,1320,A,E,CTD-PI,-0.0464720846914367,1,8,0,9,10
A1320G,1320,A,G,CTD-PI,0.4445142678207057,1,5,0,9,10
A1320P,1320,A,P,CTD-PI,-1.7752068297927897,0,3,0,9,10
A1320S,1320,A,S,CTD-PI,0.187817926465992,1,0,0,9,10
A1320T,1320,A,T,CTD-PI,-0.2079847447957724,1,1,0,9,10
A1320V,1320,A,V,CTD-PI,0.0610019635086095,1,6,0,9,10
A1322E,1322,A,E,CTD-PI,-0.8167365210859671,0,5,7,9,10
A1322G,1322,A,G,CTD-PI,-0.8437035686862365,0,9,7,9,10
A1322P,1322,A,P,CTD-PI,-0.5004016360440807,0,3,7,9,10
A1322S,1322,A,S,CTD-PI,-0.2740734318453961,0,7,7,9,10
A1322T,1322,A,T,CTD-PI,0.1438555560763131,1,3,7,9,10
A1322V,1322,A,V,CTD-PI,-0.0599121183993116,1,7,7,9,10
A1323D,1323,A,D,CTD-PI,-0.2586236491772112,1,0,2,9,10
A1323G,1323,A,G,CTD-PI,-1.1273791158989586,0,9,2,9,10
A1323P,1323,A,P,CTD-PI,-0.2210911400748254,1,3,2,9,10
A1323S,1323,A,S,CTD-PI,-0.132196343331354,1,5,2,9,10
A1323T,1323,A,T,CTD-PI,-0.3730942335198753,0,7,2,9,10
A1323V,1323,A,V,CTD-PI,0.0462309323512096,1,8,2,9,10
A1345D,1345,A,D,CTD-PI,-0.5669677872967951,0,1,1,9,10
A1345G,1345,A,G,CTD-PI,-0.2168060116804887,1,1,1,9,10
A1345P,1345,A,P,CTD-PI,-0.5708791047419184,0,6,1,9,10
A1345S,1345,A,S,CTD-PI,0.2656221629752025,1,8,1,9,10
A1345T,1345,A,T,CTD-PI,-0.6175956036489485,0,7,1,9,10
A1345V,1345,A,V,CTD-PI,0.0855627564515458,1,7,1,9,10
A149E,149,A,E,REC1a,-0.205821309247783,1,2,0,1,2
A149G,149,A,G,REC1a,-0.4749430449604919,0,7,0,1,2
A149P,149,A,P,REC1a,0.232070478808502,1,4,0,1,2
A149S,149,A,S,REC1a,-0.3393408630638617,0,4,0,1,2
A149T,149,A,T,REC1a,-1.0018589495586092,0,1,0,1,2
A149V,149,A,V,REC1a,-0.1067006206100962,1,8,0,1,2
A157D,157,A,D,REC1a,-0.942536347707513,0,7,7,1,2
A157G,157,A,G,REC1a,1.3471022092233442,1,7,7,1,2
A157P,157,A,P,REC1a,-0.3432917072303488,0,8,7,1,2
A157S,157,A,S,REC1a,0.1041672697408724,1,8,7,1,2
A157T,157,A,T,REC1a,-0.0086652264234998,1,6,7,1,2
A157V,157,A,V,REC1a,-0.0888119828766834,1,3,7,1,2
A159D,159,A,D,REC1a,0.3940478966112508,1,1,0,1,2
A159G,159,A,G,REC1a,0.5263484189476764,1,9,0,1,2
A159P,159,A,P,REC1a,-0.5021499684382772,0,0,0,1,2
A159S,159,A,S,REC1a,-0.5733633147769114,0,2,0,1,2
A159T,159,A,T,REC1a,-0.2260738619484815,1,4,0,1,2
A159V,159,A,V,REC1a,-0.0712019031418387,1,7,0,1,2
A19E,19,A,E,RuvC-I,-0.9287779207562644,0,2,8,0,0
A19G,19,A,G,RuvC-I,-0.5454492812047588,0,2,8,0,0
A19P,19,A,P,RuvC-I,-1.0363147158563542,0,3,8,0,0
A19S,19,A,S,RuvC-I,-0.3518165415842835,0,4,8,0,0
A19T,19,A,T,RuvC-I,-0.269704728668344,0,5,8,0,0
A19V,19,A,V,RuvC-I,-0.2580095627026871,1,5,8,0,0
A203E,203,A,E,REC2,-0.5581747883407208,0,1,9,1,3
A203G,203,A,G,REC2,-0.8308099644567903,0,0,9,1,3
A203P,203,A,P,REC2,0.2429834912561097,1,4,9,1,3
A203S,203,A,S,REC2,0.0322324763550577,1,8,9,1,3
A203T,203,A,T,REC2,-0.0896366476609612,1,3,9,1,3
A203V,203,A,V,REC2,-0.0233152757117646,1,9,9,1,3
A208E,208,A,E,REC2,-0.4840642090623858,0,3,8,1,3
A208G,208,A,G,REC2,0.2326881642143116,1,6,8,1,3
A208P,208,A,P,REC2,0.4797925808863582,1,3,8,1,3
A208S,208,A,S,REC2,-0.4920659567624735,0,1,8,1,3
A208T,208,A,T,REC2,0.1128763473755487,1,0,8,1,3
A208V,208,A,V,REC2,0.0273578266408007,1,1,8,1,3
A210D,210,A,D,REC2,0.5478990945561075,1,1,8,1,3
A210G,210,A,G,REC2,-0.143385908441866,1,0,8,1,3
A210P,210,A,P,REC2,0.1489106476871222,1,2,8,1,3
A210S,210,A,S,REC2,-0.3055981424043413,0,3,8,1,3
A210T,210,A,T,REC2,-0.3088598365802539,0,6,8,1,3
A210V,210,A,V,REC2,0.4114584809664413,1,0,8,1,3
A214D,214,A,D,REC2,-0.6741965726341518,0,6,0,1,3
A214G,214,A,G,REC2,-0.5810871682426703,0,0,0,1,3
A214P,214,A,P,REC2,0.3395707624838823,1,8,0,1,3
A214S,214,A,S,REC2,-0.1957609705126731,1,9,0,1,3
A214T,214,A,T,REC2,-0.1941570848100834,1,4,0,1,3
A214V,214,A,V,REC2,-0.394386454049531,0,1,0,1,3
A227D,227,A,D,REC2,-0.0270565074303307,1,6,5,1,3
A227G,227,A,G,REC2,-0.2536489172960643,1,2,5,1,3
A227P,227,A,P,REC2,0.1349760158556037,1,2,5,1,3
A227S,227,A,S,REC2,-0.2510824164514744,1,7,5,1,3
A227T,227,A,T,REC2,-0.373883505779761,0,3,5,1,3
A227V,227,A,V,REC2,0.2285027778413168,1,5,5,1,3
A243E,243,A,E,REC2,0.0193130625841813,1,7,6,1,3
A243G,243,A,G,REC2,-0.3368937717351528,0,5,6,1,3
A243P,243,A,P,REC2,0.2274860736958922,1,0,6,1,3
A243S,243,A,S,REC2,0.0239526796107601,1,3,6,1,3
A243T,243,A,T,REC2,0.1588001432436283,1,2,6,1,3
A243V,243,A,V,REC2,0.075288887569059,1,5,6,1,3
A259D,259,A,D,REC2,-0.5156560481560845,0,1,7,1,3
A259G,259,A,G,REC2,-0.0766885320785027,1,5,7,1,3
A259P,259,A,P,REC2,-1.0674093654364007,0,4,7,1,3
A259S,259,A,S,REC2,0.5217901281712265,1,5,7,1,3
A259T,259,A,T,REC2,-0.0820313998012457,1,7,7,1,3
A259V,259,A,V,REC2,0.1132498001526686,1,4,7,1,3
A262D,262,A,D,REC2,-0.4389274048515079,0,5,6,1,3
A262G,262,A,G,REC2,-0.7759623921290785,0,5,6,1,3
A262P,262,A,P,REC2,0.8675136243079059,1,3,6,1,3
A262S,262,A,S,REC2,-1.0692230870107609,0,1,6,1,3
A262T,262,A,T,REC2,-0.1483786259349863,1,1,6,1,3
A262V,262,A,V,REC2,-0.0275011591250428,1,3,6,1,3
A280D,280,A,D,REC2,0.2742656369554356,1,3,5,2,3
A280G,280,A,G,REC2,-0.1878401159801871,1,3,5,2,3
A280P,280,A,P,REC2,-0.2508390226638883,1,3,5,2,3
A280S,280,A,S,REC2,0.9287429483485692,1,3,5,2,3
A280T,280,A,T,REC2,0.0203539065570694,1,4,5,2,3
A280V,280,A,V,REC2,0.259618860991034,1,8,5,2,3
A287E,287,A,E,REC2,-0.8066038625086192,0,8,4,2,3
A287G,287,A,G,REC2,-0.2261681776787611,1,2,4,2,3
A287P,287,A,P,REC2,-0.2652565510347956,1,0,4,2,3
A287S,287,A,S,REC2,0.3301451778749996,1,1,4,2,3
A287T,287,A,T,REC2,0.7150091592706809,1,6,4,2,3
A287V,287,A,V,REC2,-0.1422510591029582,1,0,4,2,3
A292D,292,A,D,REC2,-1.1521510597049596,0,1,7,2,3
A292G,292,A,G,REC2,0.1069788916729182,1,8,7,2,3
A292P,292,A,P,REC2,0.0031285008548706,1,1,7,2,3
A292S,292,A,S,REC2,0.672430196339776,1,8,7,2,3
A292T,292,A,T,REC2,-0.3108726782608628,0,8,7,2,3
A292V,292,A,V,REC2,-0.1611961993079664,1,8,7,2,3
A293D,293,A,D,REC2,-0.5932777207604829,0,9,0,2,3
A293G,293,A,G,REC2,-3.0414820839745262,0,6,0,2,3
A293P,293,A,P,REC2,-0.6868239353739531,0,4,0,2,3
A293S,293,A,S,REC2,-0.6047562462951527,0,3,0,2,3
A293T,293,A,T,REC2,-0.0008468321759695,1,7,0,2,3
A293V,293,A,V,REC2,0.2804460109128364,1,9,0,2,3
A299D,299,A,D,REC2,0.1844792843443752,1,4,0,2,3
A299G,299,A,G,REC2,-0.1694045130462949,1,0,0,2,3
A299P,299,A,P,REC2,-0.626535147482199,0,9,0,2,3
A299S,299,A,S,REC2,-0.1628789429831762,1,9,0,2,3
A299T,299,A,T,REC2,-0.1327205348192381,1,2,0,2,3
A299V,299,A,V,REC2,0.2074544200679233,1,5,0,2,3
A315D,315,A,D,REC1b,0.0830691417027604,1,2,0,2,4
A315G,315,A,G,REC1b,-0.1579389578010347,1,6,0,2,4
A315P,315,A,P,REC1b,-0.0420575098929973,1,3,0,2,4
A315S,315,A,S,REC1b,-0.2733830559994529,0,2,0,2,4
A315T,315,A,T,REC1b,-0.0737663696203354,1,1,0,2,4
A315V,315,A,V,REC1b,-0.4357286169887231,0,3,0,2,4
A319D,319,A,D,REC1b,-0.8196679131148504,0,4,1,2,4
A319G,319,A,G,REC1b,0.1099427589937518,1,3,1,2,4
A319P,319,A,P,REC1b,-0.7009346373386189,0,6,1,2,4
A319S,319,A,S,REC1b,-0.1878224216371409,1,7,1,2,4
A319T,319,A,T,REC1b,-0.400602533023491,0,7,1,2,4
A319V,319,A,V,REC1b,-0.6270228351724543,0,3,1,2,4
A337D,337,A,D,REC1b,-0.4506738753757024,0,2,3,2,4
A337G,337,A,G,REC1b,-0.1809085856294526,1,0,3,2,4
A337P,337,A,P,REC1b,-0.0101942897759416,1,0,3,2,4
A337S,337,A,S,REC1b,0.2861987130042828,1,7,3,2,4
A337T,337,A,T,REC1b,0.038064230315643,1,5,3,2,4
A337V,337,A,V,REC1b,-0.0894205774568349,1,9,3,2,4
A360D,360,A,D,REC1b,-0.5538421262215156,0,5,2,2,4
A360G,360,A,G,REC1b,-0.1631744406618482,1,3,2,2,4
A360P,360,A,P,REC1b,-1.146483070925295,0,5,2,2,4
A360S,360,A,S,REC1b,-0.170682765796625,1,0,2,2,4
A360T,360,A,T,REC1b,0.2044170152747784,1,9,2,2,4
A360V,360,A,V,REC1b,-0.1354913571290115,1,8,2,2,4
A367D,367,A,D,REC1b,-0.4374560284858878,0,6,0,2,4
A367G,367,A,G,REC1b,0.3752770732982829,1,8,0,2,4
A367P,367,A,P,REC1b,2.3287099150737536,1,0,0,2,4
A367S,367,A,S,REC1b,0.2711485595372759,1,9,0,2,4
A367T,367,A,T,REC1b,-0.3869453419361054,0,7,0,2,4
A367V,367,A,V,REC1b,-0.1411677547566246,1,7,0,2,4
A421D,421,A,D,REC1b,-0.3150400008231147,0,3,0,3,4
A421G,421,A,G,REC1b,-0.3962589941644557,0,9,0,3,4
A421P,421,A,P,REC1b,0.8215473963413715,1,1,0,3,4
A421S,421,A,S,REC1b,-0.1830267832700917,1,2,0,3,4
A421T,421,A,T,REC1b,-0.2505949026537774,1,9,0,3,4
A421V,421,A,V,REC1b,-0.3042351281021829,0,0,0,3,4
A456E,456,A,E,REC1b,-0.8428689834290187,0,7,6,3,4
A456G,456,A,G,REC1b,-0.4538266926831194,0,3,6,3,4
A456P,456,A,P,REC1b,-0.1847878869883734,1,3,6,3,4
A456S,456,A,S,REC1b,-0.3896466785400729,0,7,6,3,4
A456T,456,A,T,REC1b,0.9744879764679788,1,5,6,3,4
A456V,456,A,V,REC1b,-0.3419959983524908,0,4,6,3,4
A463D,463,A,D,REC1b,-1.1837892949285524,0,3,7,3,4
A463G,463,A,G,REC1b,-0.557189504364683,0,6,7,3,4
A463P,463,A,P,REC1b,0.3966709434061861,1,7,7,3,4
A463S,463,A,S,REC1b,1.1717716664591635,1,0,7,3,4
A463T,463,A,T,REC1b,-0.2789397241901679,0,1,7,3,4
A463V,463,A,V,REC1b,-0.694357556646791,0,5,7,3,4
A486D,486,A,D,REC1b,0.2170653986368674,1,9,6,3,4
A486G,486,A,G,REC1b,-2.3453545334332,0,6,6,3,4
A486P,486,A,P,REC1b,-0.9708478781989708,0,5,6,3,4
A486S,486,A,S,REC1b,-0.3936627280695338,0,5,6,3,4
A486T,486,A,T,REC1b,-0.2553833532436869,1,6,6,3,4
A486V,486,A,V,REC1b,0.1609981325915894,1,4,6,3,4
A488E,488,A,E,REC1b,0.1757781633906905,1,7,7,3,4
A488G,488,A,G,REC1b,0.4878155087564055,1,0,7,3,4
A488P,488,A,P,REC1b,-0.8307053925464638,0,1,7,3,4
A488S,488,A,S,REC1b,0.014617379710161,1,6,7,3,4
A488T,488,A,T,REC1b,0.5573460235791532,1,1,7,3,4
A488V,488,A,V,REC1b,0.4846981889590753,1,6,7,3,4
A50D,50,A,D,RuvC-I,-0.8981877375619705,0,8,8,0,0
A50G,50,A,G,RuvC-I,-1.0159280064904752,0,1,8,0,0
A50P,50,A,P,RuvC-I,-0.4635333954777634,0,1,8,0,0
A50S,50,A,S,RuvC-I,0.7808473270243421,1,2,8,0,0
A50T,50,A,T,RuvC-I,-0.5714603392878185,0,2,8,0,0
A50V,50,A,V,RuvC-I,0.1978632663118431,1,4,8,0,0
A538D,538,A,D,REC1b,-0.170691732648187,1,1,6,3,4
A538G,538,A,G,REC1b,-0.1599442978141795,1,4,6,3,4
A538P,538,A,P,REC1b,-0.3578386513916808,0,5,6,3,4
A538S,538,A,S,REC1b,-0.3063083507515987,0,0,6,3,4
A538T,538,A,T,REC1b,-0.2624814047785505,1,0,6,3,4
A538V,538,A,V,REC1b,-0.3331015292017487,0,4,6,3,4
A547D,547,A,D,REC1b,-0.2182316971922992,1,5,5,3,4
A547G,547,A,G,REC1b,-0.5128215792477804,0,0,5,3,4
A547P,547,A,P,REC1b,-0.3935173474917405,0,4,5,3,4
A547S,547,A,S,REC1b,0.3763033016482391,1,1,5,3,4
A547T,547,A,T,REC1b,0.3534397248670804,1,1,5,3,4
A547V,547,A,V,REC1b,-0.217294082586985,1,5,5,3,4
A589D,589,A,D,REC1b,0.0846727878759876,1,5,4,4,4
A589G,589,A,G,REC1b,-0.1514073619649019,1,1,4,4,4
A589P,589,A,P,REC1b,-0.8817577885983884,0,3,4,4,4
A589S,589,A,S,REC1b,-0.0805025676883126,1,0,4,4,4
A589T,589,A,T,REC1b,-0.0070700011823143,1,5,4,4,4
A589V,589,A,V,REC1b,-0.1460073742223121,1,7,4,4,4
A59D,59,A,D,RuvC-I,0.0462000053544119,1,5,2,0,0
A59G,59,A,G,RuvC-I,-0.5463756794766196,0,8,2,0,0
A59P,59,A,P,RuvC-I,-0.2162588752235148,1,0,2,0,0
A59S,59,A,S,RuvC-I,-0.3732702446146863,0,6,2,0,0
A59T,59,A,T,RuvC-I,0.0778358000316889,1,3,2,0,0
A59V,59,A,V,RuvC-I,-0.2638218229234016,1,6,2,0,0
A61E,61,A,E,BridgeHelix,-0.4429848910072426,0,8,0,0,1
A61G,61,A,G,BridgeHelix,0.2265111199255816,1,4,0,0,1
A61P,61,A,P,BridgeHelix,-0.1816184406536115,1,6,0,0,1
A61S,61,A,S,BridgeHelix,-0.8029227884384883,0,6,0,0,1
A61T,61,A,T,BridgeHelix,-0.3133046378082322,0,9,0,0,1
A61V,61,A,V,BridgeHelix,0.0224335959692158,1,3,0,0,1
A640D,640,A,D,REC1b,0.1390319661422686,1,8,8,4,4
A640G,640,A,G,REC1b,-0.6342044081168356,0,4,8,4,4
A640P,640,A,P,REC1b,0.0556452890526627,1,3,8,4,4
A640S,640,A,S,REC1b,-0.7404823775816871,0,2,8,4,4
A640T,640,A,T,REC1b,-0.2603601830552773,1,7,8,4,4
A640V,640,A,V,REC1b,0.6955205070314118,1,1,8,4,4
A689D,689,A,D,REC1b,0.2540752391820745,1,3,4,5,4
A689G,689,A,G,REC1b,-0.5546100632167672,0,0,4,5,4
A689P,689,A,P,REC1b,0.1678123882384108,1,2,4,5,4
A689S,689,A,S,REC1b,-0.5393309665848512,0,6,4,5,4
A689T,689,A,T,REC1b,-0.0522435198287843,1,9,4,5,4
A689V,689,A,V,REC1b,-0.366192964811676,0,1,4,5,4
A68D,68,A,D,BridgeHelix,-0.4485286728758583,0,5,4,0,1
A68G,68,A,G,BridgeHelix,-0.6409593033944645,0,0,4,0,1
A68P,68,A,P,BridgeHelix,-0.2923394627225275,0,4,4,0,1
A68S,68,A,S,BridgeHelix,-0.1991735806140787,1,6,4,0,1
A68T,68,A,T,BridgeHelix,0.2689862291139042,1,6,4,0,1
A68V,68,A,V,BridgeHelix,0.8076379032939149,1,3,4,0,1
A711E,711,A,E,REC1b,-0.2033035647396739,1,8,6,5,4
A711G,711,A,G,REC1b,-0.4127132659252587,0,1,6,5,4
A711P,711,A,P,REC1b,-0.1676203081081178,1,4,6,5,4
A711S,711,A,S,REC1b,-0.4535455538961671,0,4,6,5,4
A711T,711,A,T,REC1b,-0.1127044748018075,1,8,6,5,4
A711V,711,A,V,REC1b,-0.3755602675077925,0,6,6,5,4
A725E,725,A,E,RuvC-II,0.1182490060713519,1,4,6,5,5
A725G,725,A,G,RuvC-II,-0.7501001964241507,0,2,6,5,5
A725P,725,A,P,RuvC-II,-0.3243871480713933,0,0,6,5,5
A725S,725,A,S,RuvC-II,-0.1922690482869533,1,3,6,5,5
A725T,725,A,T,RuvC-II,-0.2082179352552391,1,4,6,5,5
A725V,725,A,V,RuvC-II,-0.344202685375342,0,8,6,5,5
A728D,728,A,D,RuvC-II,0.4299130606086926,1,9,2,5,5
A728G,728,A,G,RuvC-II,-0.5470033262782665,0,0,2,5,5
A728P,728,A,P,RuvC-II,0.2647938791983759,1,0,2,5,5
A728S,728,A,S,RuvC-II,0.0121439555123873,1,4,2,5,5
A728T,728,A,T,RuvC-II,0.0713403422598227,1,8,2,5,5
A728V,728,A,V,RuvC-II,0.0398544295313002,1,7,2,5,5
A732D,732,A,D,RuvC-II,0.3103101946586534,1,6,0,5,5
A732G,732,A,G,RuvC-II,-0.4383341040488783,0,1,0,5,5
A732P,732,A,P,RuvC-II,-0.4010136000964265,0,2,0,5,5
A732S,732,A,S,RuvC-II,-0.5175399900800416,0,9,0,5,5
A732T,732,A,T,RuvC-II,-0.0981240502906233,1,3,0,5,5
A732V,732,A,V,RuvC-II,-0.1967727649989865,1,8,0,5,5
A764D,764,A,D,RuvC-II,-0.3543905999300905,0,2,1,5,5
A764G,764,A,G,RuvC-II,-0.1704277650874956,1,6,1,5,5
A764P,764,A,P,RuvC-II,-0.800842544592604,0,5,1,5,5
A764S,764,A,S,RuvC-II,-0.229752218453005,1,5,1,5,5
A764T,764,A,T,RuvC-II,-0.3306122599627246,0,4,1,5,5
A764V,764,A,V,RuvC-II,-0.2835253706519298,0,5,1,5,5
A889D,889,A,D,HNH,-1.069580620898727,0,1,7,6,6
A889G,889,A,G,HNH,-0.5170395978699486,0,3,7,6,6
A889P,889,A,P,HNH,-0.6454863603282843,0,5,7,6,6
A889S,889,A,S,HNH,-0.4266517584050256,0,1,7,6,6
A889T,889,A,T,HNH,-0.3632896974075961,0,3,7,6,6
A889V,889,A,V,HNH,-0.6300009373570918,0,5,7,6,6
A903D,903,A,D,HNH,-0.4751687121494566,0,0,0,6,6
A903G,903,A,G,HNH,1.2568833611508323,1,5,0,6,6
A903P,903,A,P,HNH,0.241523831373213,1,1,0,6,6
A903S,903,A,S,HNH,-0.4674273866233966,0,2,0,6,6
A903T,903,A,T,HNH,-0.7176038872112592,0,1,0,6,6
A903V,903,A,V,HNH,-0.6621001388974589,0,6,0,6,6
A914E,914,A,E,RuvC-III,-0.8988248521041304,0,3,6,6,7
A914G,914,A,G,RuvC-III,-0.6695213035828864,0,2,6,6,7
A914P,914,A,P,RuvC-III,-0.3991648039047315,0,0,6,6,7
A914S,914,A,S,RuvC-III,-0.4068734959449248,0,8,6,6,7
A914T,914,A,T,RuvC-III,-0.7411388409938522,0,4,6,6,7
A914V,914,A,V,RuvC-III,0.338431831447359,1,0,6,6,7
A91D,91,A,D,BridgeHelix,-0.2210746727933302,1,4,1,0,1
A91G,91,A,G,BridgeHelix,0.1026444776200198,1,7,1,0,1
A91P,91,A,P,BridgeHelix,-1.164749888442361,0,4,1,0,1
A91S,91,A,S,BridgeHelix,1.5490688594999311,1,3,1,0,1
A91T,91,A,T,BridgeHelix,-0.1828181812036769,1,3,1,0,1
A91V,91,A,V,BridgeHelix,-0.1398377797918269,1,2,1,0,1
A932D,932,A,D,RuvC-III,-1.0259831903918497,0,7,9,6,7
A932G,932,A,G,RuvC-III,-0.5564979070906292,0,5,9,6,7
A932P,932,A,P,RuvC-III,-0.4204434737562236,0,2,9,6,7
A932S,932,A,S,RuvC-III,-1.0351533178714318,0,2,9,6,7
A932T,932,A,T,RuvC-III,-0.5735004593174561,0,4,9,6,7
A932V,932,A,V,RuvC-III,-0.5608763476012036,0,3,9,6,7
A984D,984,A,D,RuvC-III,-1.1246233194011226,0,8,3,7,7
A984G,984,A,G,RuvC-III,-0.8890555093169413,0,1,3,7,7
A984P,984,A,P,RuvC-III,-0.9210168805355284,0,6,3,7,7
A984S,984,A,S,RuvC-III,-0.2554359196060872,1,8,3,7,7
A984T,984,A,T,RuvC-III,-0.4937060854465399,0,9,3,7,7
A984V,984,A,V,RuvC-III,-0.4243286759286517,0,6,3,7,7
A987E,987,A,E,RuvC-III,-0.7211474485630418,0,6,5,7,7
A987G,987,A,G,RuvC-III,-1.0590170873194258,0,0,5,7,7
A987P,987,A,P,RuvC-III,-0.4629133068558905,0,1,5,7,7
A987S,987,A,S,RuvC-III,-0.5711661975079138,0,5,5,7,7
A987T,987,A,T,RuvC-III,-0.6046074471231598,0,6,5,7,7
A987V,987,A,V,RuvC-III,-0.760521686897186,0,2,5,7,7
A991E,991,A,E,RuvC-III,-0.7597746017785356,0,5,7,7,7
A991G,991,A,G,RuvC-III,-0.6534559225928253,0,9,7,7,7
A991P,991,A,P,RuvC-III,0.0587120467552712,1,3,7,7,7
A991S,991,A,S,RuvC-III,-0.6127743462466093,0,0,7,7,7
A991T,991,A,T,RuvC-III,-0.4599981457465176,0,6,7,7,7
A991V,991,A,V,RuvC-III,0.0918738087275038,1,4,7,7,7
A996D,996,A,D,RuvC-III,-0.4910070791768349,0,6,7,7,7
A996G,996,A,G,RuvC-III,-0.6650364789518839,0,1,7,7,7
A996P,996,A,P,RuvC-III,-1.114709816506422,0,6,7,7,7
A996S,996,A,S,RuvC-III,-0.631510031936175,0,8,7,7,7
A996T,996,A,T,RuvC-III,-0.3190798950903799,0,2,7,7,7
A996V,996,A,V,RuvC-III,-0.4094771936802365,0,0,7,7,7
C574F,574,C,F,REC1b,0.2327217303106624,1,4,1,4,4
C574G,574,C,G,REC1b,-0.4507412778935885,0,9,1,4,4
C574R,574,C,R,REC1b,0.0689028844835916,1,4,1,4,4
C574S,574,C,S,REC1b,0.1413072171444789,1,0,1,4,4
C574W,574,C,W,REC1b,-0.2361127136311206,1,6,1,4,4
C574Y,574,C,Y,REC1b,-0.5808651454584562,0,1,1,4,4
C80F,80,C,F,BridgeHelix,0.145574435938758,1,3,2,0,1
C80G,80,C,G,BridgeHelix,0.3879325057575546,1,3,2,0,1
C80R,80,C,R,BridgeHelix,-0.6039089708552814,0,7,2,0,1
C80S,80,C,S,BridgeHelix,0.107631946808403,1,5,2,0,1
C80W,80,C,W,BridgeHelix,-0.675725263662445,0,1,2,0,1
C80Y,80,C,Y,BridgeHelix,-0.0164127460789139,1,8,2,0,1
D1012A,1012,D,A,RuvC-III,-0.1264463012675864,1,0,5,7,7
D1012E,1012,D,E,RuvC-III,-0.2809573783026418,0,2,5,7,7
D1012G,1012,D,G,RuvC-III,-0.0975914385954014,1,1,5,7,7
D1012H,1012,D,H,RuvC-III,-0.4472153611602586,0,4,5,7,7
D1012N,1012,D,N,RuvC-III,-0.3986166528345697,0,0,5,7,7
D1012V,1012,D,V,RuvC-III,-0.1935604971261234,1,1,5,7,7
D1012Y,1012,D,Y,RuvC-III,-1.1562991737106023,0,1,5,7,7
D1017A,1017,D,A,RuvC-III,-1.6354348972612085,0,1,7,7,7
D1017E,1017,D,E,RuvC-III,0.0398392054537767,1,5,7,7,7
D1017G,1017,D,G,RuvC-III,-0.7817730783859049,0,5,7,7,7
D1017H,1017,D,H,RuvC-III,-0.250819619135349,1,2,7,7,7
D1017N,1017,D,N,RuvC-III,-0.3763505012192079,0,9,7,7,7
D1017V,1017,D,V,RuvC-III,-0.2273383525607605,1,0,7,7,7
D1017Y,1017,D,Y,RuvC-III,-0.9608773398380376,0,9,7,7,7
D1075A,1075,D,A,RuvC-III,0.262670515259418,1,8,1,7,7
D1075E,1075,D,E,RuvC-III,-0.3763211797308854,0,1,1,7,7
D1075G,1075,D,G,RuvC-III,-0.1760712446106943,1,4,1,7,7
D1075H,1075,D,H,RuvC-III,-0.0898026633862443,1,4,1,7,7
D1075N,1075,D,N,RuvC-III,-0.680383201677052,0,4,1,7,7
D1075V,1075,D,V,RuvC-III,-0.6884198842596357,0,3,1,7,7
D1075Y,1075,D,Y,RuvC-III,-1.245283928065235,0,5,1,7,7
D1079A,1079,D,A,RuvC-III,-0.3207944566713823,0,1,3,7,7
D1079E,1079,D,E,RuvC-III,-1.0072334399647789,0,3,3,7,7
D1079G,1079,D,G,RuvC-III,-0.8138344679514993,0,6,3,7,7
D1079H,1079,D,H,RuvC-III,0.1502139001311024,1,8,3,7,7
D1079N,1079,D,N,RuvC-III,-0.4762407295085171,0,2,3,7,7
D1079V,1079,D,V,RuvC-III,-0.2619007676178137,1,4,3,7,7
D1079Y,1079,D,Y,RuvC-III,-0.372909346772191,0,9,3,7,7
D10A,10,D,A,RuvC-I,-0.5499755560271614,0,2,5,0,0
D10E,10,D,E,RuvC-I,-0.3908496375365548,0,6,5,0,0
D10G,10,D,G,RuvC-I,-0.9399220743431748,0,4,5,0,0
D10H,10,D,H,RuvC-I,-0.3218117960776395,0,9,5,0,0
D10N,10,D,N,RuvC-I,-0.6113184132726243,0,9,5,0,0
D10V,10,D,V,RuvC-I,-0.6076910538834486,0,3,5,0,0
D10Y,10,D,Y,RuvC-I,-0.8978411720287879,0,0,5,0,0
D110A,110,D,A,REC1a,-0.3375329012729304,0,9,2,0,2
D110E,110,D,E,REC1a,0.90575335471977,1,8,2,0,2
D110G,110,D,G,REC1a,-0.7525704005517743,0,0,2,0,2
D110H,110,D,H,REC1a,-0.8502891896612716,0,5,2,0,2
D110N,110,D,N,REC1a,-0.8828261245215623,0,3,2,0,2
D110V,110,D,V,REC1a,-0.2220556838529941,1,8,2,0,2
D110Y,110,D,Y,REC1a,-0.3747558967323577,0,5,2,0,2
D1117A,1117,D,A,WED,-0.0105407759523844,1,2,8,8,8
D1117E,1117,D,E,WED,-0.056376318513909,1,5,8,8,8
D1117G,1117,D,G,WED,-0.1398237928973509,1,4,8,8,8
D1117H,1117,D,H,WED,-0.4865537228264789,0,1,8,8,8
D1117N,1117,D,N,WED,-0.2556997227418349,1,6,8,8,8
D1117V,1117,D,V,WED,0.082568628439097,1,0,8,8,8
D1117Y,1117,D,Y,WED,0.0253833198681449,1,4,8,8,8
D1125A,1125,D,A,WED,-1.329811316086653,0,1,9,8,8
D1125E,1125,D,E,WED,-0.2202381299185442,1,9,9,8,8
D1125G,1125,D,G,WED,0.5770792795218657,1,4,9,8,8
D1125H,1125,D,H,WED,1.4704740600555686,1,3,9,8,8
D1125N,1125,D,N,WED,0.0940981811458294,1,7,9,8,8
D1125V,1125,D,V,WED,0.7894876122856915,1,5,9,8,8
D1125Y,1125,D,Y,WED,1.3649629390147395,1,0,9,8,8
D1127A,1127,D,A,WED,0.6695013028945808,1,5,7,8,8
D1127E,1127,D,E,WED,0.0651658514376574,1,0,7,8,8
D1127G,1127,D,G,WED,-0.2150214796854834,1,7,7,8,8
D1127H,1127,D,H,WED,-1.429863389656467,0,5,7,8,8
D1127N,1127,D,N,WED,-0.6210048770084752,0,5,7,8,8
D1127V,1127,D,V,WED,-0.5607963165272133,0,5,7,8,8
D1127Y,1127,D,Y,WED,0.2335731690877739,1,6,7,8,8
D1135A,1135,D,A,WED,-1.4907472784971474,0,6,4,8,8
D1135E,1135,D,E,WED,0.059714289157169,1,6,4,8,8
D1135G,1135,D,G,WED,-0.2891134173274968,0,8,4,8,8
D1135H,1135,D,H,WED,-1.4571273739966024,0,2,4,8,8
D1135N,1135,D,N,WED,0.0749079935975352,1,0,4,8,8
D1135V,1135,D,V,WED,-0.5272731545222612,0,6,4,8,8
D1135Y,1135,D,Y,WED,-0.7066469733559146,0,8,4,8,8
D1180A,1180,D,A,WED,-2.5134680827405744,0,4,0,8,8
D1180E,1180,D,E,WED,-0.5056857514460025,0,6,0,8,8
D1180G,1180,D,G,WED,0.5386204284078797,1,5,0,8,8
D1180H,1180,D,H,WED,0.4364470890310546,1,4,0,8,8
D1180N,1180,D,N,WED,-0.3814824796645438,0,9,0,8,8
D1180V,1180,D,V,WED,0.8612014742187613,1,6,0,8,8
D1180Y,1180,D,Y,WED,-0.7186441862015658,0,8,0,8,8
D1193A,1193,D,A,WED,-0.0279191198167923,1,1,5,8,8
D1193E,1193,D,E,WED,-0.173267224142545,1,1,5,8,8
D1193G,1193,D,G,WED,1.072464948372443,1,5,5,8,8
D1193H,1193,D,H,WED,1.1049108466837494,1,3,5,8,8
D1193N,1193,D,N,WED,0.049718061332714,1,2,5,8,8
D1193V,1193,D,V,WED,-0.2745590873999177,0,6,5,8,8
D1193Y,1193,D,Y,WED,0.4010627775207467,1,1,5,8,8
D124A,124,D,A,REC1a,-1.3430378443935431,0,1,8,0,2
D124E,124,D,E,REC1a,-0.2804522138713629,0,5,8,0,2
D124G,124,D,G,REC1a,-0.5356829223359395,0,9,8,0,2
D124H,124,D,H,REC1a,1.7498823133025008,1,4,8,0,2
D124N,124,D,N,REC1a,-0.1249470730737196,1,3,8,0,2
D124V,124,D,V,REC1a,0.6569621556064567,1,1,8,0,2
D124Y,124,D,Y,REC1a,-0.6126877660822075,0,6,8,0,2
D1251A,1251,D,A,CTD-PI,0.7488078824961242,1,3,5,9,10
D1251E,1251,D,E,CTD-PI,-0.0035142941395335,1,4,5,9,10
D1251G,1251,D,G,CTD-PI,-0.3494482388282177,0,2,5,9,10
D1251H,1251,D,H,CTD-PI,-0.3413001069302094,0,7,5,9,10
D1251N,1251,D,N,CTD-PI,-0.4425400866933731,0,0,5,9,10
D1251V,1251,D,V,CTD-PI,0.8941472456601637,1,2,5,9,10
D1251Y,1251,D,Y,CTD-PI,-0.469456458420892,0,6,5,9,10
D1267A,1267,D,A,CTD-PI,-0.5632401020107551,0,1,3,9,10
D1267E,1267,D,E,CTD-PI,-0.6610715134716594,0,8,3,9,10
D1267G,1267,D,G,CTD-PI,2.484001064097946,1,5,3,9,10
D1267H,1267,D,H,CTD-PI,-0.8354670558916688,0,4,3,9,10
D1267N,1267,D,N,CTD-PI,0.0323276086151774,1,3,3,9,10
D1267V,1267,D,V,CTD-PI,0.7823568987702395,1,6,3,9,10
D1267Y,1267,D,Y,CTD-PI,-0.6293690820056227,0,4,3,9,10
D1284A,1284,D,A,CTD-PI,-0.2677686818850684,0,8,3,9,10
D1284E,1284,D,E,CTD-PI,-0.0755059143435998,1,1,3,9,10
D1284G,1284,D,G,CTD-PI,0.0584595504359194,1,5,3,9,10
D1284H,1284,D,H,CTD-PI,-0.7109470300704368,0,3,3,9,10
D1284N,1284,D,N,CTD-PI,-0.4564091924854405,0,3,3,9,10
D1284V,1284,D,V,CTD-PI,-0.0655541424862508,1,3,3,9,10
D1284Y,1284,D,Y,CTD-PI,-0.7227563323600699,0,8,3,9,10
D1288A,1288,D,A,CTD-PI,-0.707710467515139,0,1,8,9,10
D1288E,1288,D,E,CTD-PI,0.562237189420566,1,3,8,9,10
D1288G,1288,D,G,CTD-PI,-0.0684578112930296,1,2,8,9,10
D1288H,1288,D,H,CTD-PI,-1.173695854447861,0,3,8,9,10
D1288N,1288,D,N,CTD-PI,-0.2387633111216297,1,8,8,9,10
D1288V,1288,D,V,CTD-PI,0.4937846129280431,1,9,8,9,10
D1288Y,1288,D,Y,CTD-PI,-0.4735778433079652,0,6,8,9,10
D1299A,1299,D,A,CTD-PI,-0.4416986500351933,0,3,2,9,10
D1299E,1299,D,E,CTD-PI,0.1429103140470169,1,6,2,9,10
D1299G,1299,D,G,CTD-PI,0.2053248188182146,1,3,2,9,10
D1299H,1299,D,H,CTD-PI,-1.2479537322005405,0,8,2,9,10
D1299N,1299,D,N,CTD-PI,-0.1922442996142529,1,0,2,9,10
D1299V,1299,D,V,CTD-PI,-0.0850778369816714,1,7,2,9,10
D1299Y,1299,D,Y,CTD-PI,-0.6349768553097878,0,0,2,9,10
D1328A,1328,D,A,CTD-PI,-0.3637678619592899,0,5,9,9,10
D1328E,1328,D,E,CTD-PI,-0.5538773194407703,0,5,9,9,10
D1328G,1328,D,G,CTD-PI,0.7472634504294539,1,8,9,9,10
D1328H,1328,D,H,CTD-PI,0.2443966747311731,1,2,9,9,10
D1328N,1328,D,N,CTD-PI,-0.3242531708543777,0,3,9,9,10
D1328V,1328,D,V,CTD-PI,-0.3172010435048384,0,6,9,9,10
D1328Y,1328,D,Y,CTD-PI,-0.6743032231669784,0,2,9,9,10
D1332A,1332,D,A,CTD-PI,0.3885112958701675,1,7,3,9,10
D1332E,1332,D,E,CTD-PI,-0.4634314272802348,0,0,3,9,10
D1332G,1332,D,G,CTD-PI,1.1358414468555538,1,9,3,9,10
D1332H,1332,D,H,CTD-PI,-0.2110053611231165,1,6,3,9,10
D1332N,1332,D,N,CTD-PI,-0.2336415575661465,1,5,3,9,10
D1332V,1332,D,V,CTD-PI,0.0865675754369597,1,3,3,9,10
D1332Y,1332,D,Y,CTD-PI,0.1314006685574895,1,5,3,9,10
D1344A,1344,D,A,CTD-PI,-0.6301729661715432,0,7,1,9,10
D1344E,1344,D,E,CTD-PI,-0.1624727224592516,1,4,1,9,10
D1344G,1344,D,G,CTD-PI,0.8242579714073875,1,1,1,9,10
D1344H,1344,D,H,CTD-PI,-1.027738185615103,0,9,1,9,10
D1344N,1344,D,N,CTD-PI,-0.4555997252515305,0,3,1,9,10
D1344V,1344,D,V,CTD-PI,0.1251244507669202,1,6,1,9,10
D1344Y,1344,D,Y,CTD-PI,-0.6577885758647972,0,4,1,9,10
D1361A,1361,D,A,CTD-PI,1.1159360575444184,1,5,6,9,10
D1361E,1361,D,E,CTD-PI,-0.7225996186829158,0,5,6,9,10
D1361G,1361,D,G,CTD-PI,0.0021865247738032,1,0,6,9,10
D1361H,1361,D,H,CTD-PI,-0.2729914723424105,0,5,6,9,10
D1361N,1361,D,N,CTD-PI,-0.6631083963155684,0,1,6,9,10
D1361V,1361,D,V,CTD-PI,-0.3142449279949671,0,4,6,9,10
D1361Y,1361,D,Y,CTD-PI,-0.6432972005067239,0,4,6,9,10
D1368A,1368,D,A,CTD-PI,-0.7055295797399308,0,7,6,9,10
D1368E,1368,D,E,CTD-PI,-0.4549192685047662,0,8,6,9,10
D1368G,1368,D,G,CTD-PI,-0.399903297181669,0,0,6,9,10
D1368H,1368,D,H,CTD-PI,-0.2803236968192258,0,4,6,9,10
D1368N,1368,D,N,CTD-PI,-0.3300513062282806,0,8,6,9,10
D1368V,1368,D,V,CTD-PI,-0.5025425575760757,0,8,6,9,10
D1368Y,1368,D,Y,CTD-PI,-0.2159732854091683,1,0,6,9,10
D144A,144,D,A,REC1a,-2.6529115476146514,0,2,2,1,2
D144E,144,D,E,REC1a,0.5270488229243719,1,2,2,1,2
D144G,144,D,G,REC1a,-0.202250138605086,1,4,2,1,2
D144H,144,D,H,REC1a,-0.2545297030272833,1,7,2,1,2
D144N,144,D,N,REC1a,0.6891628560707627,1,8,2,1,2
D144V,144,D,V,REC1a,-0.1168586473744415,1,0,2,1,2
D144Y,144,D,Y,REC1a,-0.5455259383627549,0,1,2,1,2
D147A,147,D,A,REC1a,0.3485470943875596,1,5,1,1,2
D147E,147,D,E,REC1a,-0.8701840641883954,0,2,1,1,2
D147G,147,D,G,REC1a,0.2164435583802145,1,6,1,1,2
D147H,147,D,H,REC1a,-0.0971161302195718,1,0,1,1,2
D147N,147,D,N,REC1a,-0.0476325687642577,1,2,1,1,2
D147V,147,D,V,REC1a,-0.0692890382439578,1,0,1,1,2
D147Y,147,D,Y,REC1a,-0.1803430373368936,1,9,1,1,2
D150A,150,D,A,REC1a,-1.2377129656059356,0,2,1,1,2
D150E,150,D,E,REC1a,-0.0739409495999027,1,4,1,1,2
D150G,150,D,G,REC1a,0.2405183601601025,1,7,1,1,2
D150H,150,D,H,REC1a,-0.2480840923511282,1,7,1,1,2
D150N,150,D,N,REC1a,-0.7240615250404757,0,3,1,1,2
D150V,150,D,V,REC1a,-1.0880768867048016,0,3,1,1,2
D150Y,150,D,Y,REC1a,-0.9454178996243988,0,1,1,1,2
D173A,173,D,A,REC1a,-0.7005340324824345,0,1,9,1,2
D173E,173,D,E,REC1a,-0.2059545838173557,1,1,9,1,2
D173G,173,D,G,REC1a,0.9735944085428104,1,4,9,1,2
D173H,173,D,H,REC1a,-0.6105027518976086,0,1,9,1,2
D173N,173,D,N,REC1a,-0.1689856230586239,1,5,9,1,2
D173V,173,D,V,REC1a,-0.2731128087477584,0,4,9,1,2
D173Y,173,D,Y,REC1a,-0.6302755443473553,0,2,9,1,2
D177A,177,D,A,REC1a,-0.3239286040763933,0,1,7,1,2
D177E,177,D,E,REC1a,-0.1436067812373947,1,1,7,1,2
D177G,177,D,G,REC1a,-0.236465762826054,1,0,7,1,2
D177H,177,D,H,REC1a,-0.0211128928655841,1,1,7,1,2
D177N,177,D,N,REC1a,-0.6669890710585452,0,5,7,1,2
D177V,177,D,V,REC1a,-0.620910341833525,0,9,7,1,2
D177Y,177,D,Y,REC1a,-0.5728002090477631,0,5,7,1,2
D180A,180,D,A,REC2,0.9788348025955436,1,6,4,1,3
D180E,180,D,E,REC2,0.2570407068720685,1,1,4,1,3
D180G,180,D,G,REC2,0.4499063367887148,1,0,4,1,3
D180H,180,D,H,REC2,1.2658956872850178,1,6,4,1,3
D180N,180,D,N,REC2,-0.0827652172386163,1,5,4,1,3
D180V,180,D,V,REC2,-0.1296896541826259,1,2,4,1,3
D180Y,180,D,Y,REC2,-0.3209081602603061,0,9,4,1,3
D182A,182,D,A,REC2,-1.1266860719137752,0,4,2,1,3
D182E,182,D,E,REC2,-0.067274861615435,1,3,2,1,3
D182G,182,D,G,REC2,0.1756692802296703,1,7,2,1,3
D182H,182,D,H,REC2,0.4553172855510907,1,3,2,1,3
D182N,182,D,N,REC2,-0.3360960926374919,0,9,2,1,3
D182V,182,D,V,REC2,-0.233601275830287,1,5,2,1,3
D182Y,182,D,Y,REC2,0.0896678132344107,1,0,2,1,3
D207A,207,D,A,REC2,0.6795380548351645,1,0,7,1,3
D207E,207,D,E,REC2,0.1101572864162644,1,5,7,1,3
D207G,207,D,G,REC2,-0.102870510092209,1,5,7,1,3
D207H,207,D,H,REC2,0.2535029225130596,1,1,7,1,3
D207N,207,D,N,REC2,0.3784382001389639,1,9,7,1,3
D207V,207,D,V,REC2,0.1681160191319778,1,9,7,1,3
D207Y,207,D,Y,REC2,0.0321010230424277,1,1,7,1,3
D23A,23,D,A,RuvC-I,0.0433785691085408,1,8,0,0,0
D23E,23,D,E,RuvC-I,-0.2928947058535709,0,4,0,0,0
D23G,23,D,G,RuvC-I,-0.1545608085033681,1,9,0,0,0
D23H,23,D,H,RuvC-I,-1.177430639785221,0,4,0,0,0
D23N,23,D,N,RuvC-I,-0.3770396654773813,0,2,0,0,0
D23V,23,D,V,RuvC-I,-1.089071726915109,0,7,0,0,0
D23Y,23,D,Y,RuvC-I,-0.2322794690013531,1,8,0,0,0
D257A,257,D,A,REC2,-0.5822038909983052,0,2,0,1,3
D257E,257,D,E,REC2,-0.8576328512047118,0,6,0,1,3
D257G,257,D,G,REC2,0.0162628740725982,1,9,0,1,3
D257H,257,D,H,REC2,0.2200670547859695,1,3,0,1,3
D257N,257,D,N,REC2,1.731712877864205,1,7,0,1,3
D257V,257,D,V,REC2,-0.114981659205654,1,3,0,1,3
D257Y,257,D,Y,REC2,-0.9498579466563428,0,6,0,1,3
D261A,261,D,A,REC2,0.5623720843835402,1,2,8,1,3
D261E,261,D,E,REC2,-0.2928037977844936,0,2,8,1,3
D261G,261,D,G,REC2,-0.5567996165941375,0,6,8,1,3
D261H,261,D,H,REC2,-0.2625960505672084,1,7,8,1,3
D261N,261,D,N,REC2,0.2704255217421461,1,0,8,1,3
D261V,261,D,V,REC2,-0.010517584037041,1,5,8,1,3
D261Y,261,D,Y,REC2,0.0883111112919198,1,1,8,1,3
D269A,269,D,A,REC2,0.0145272387982263,1,1,3,1,3
D269E,269,D,E,REC2,-0.3535523901530846,0,3,3,1,3
D269G,269,D,G,REC2,1.0214799994399932,1,9,3,1,3
D269H,269,D,H,REC2,-0.3261626758231407,0,3,3,1,3
D269N,269,D,N,REC2,0.1636425918576752,1,8,3,1,3
D269V,269,D,V,REC2,-0.6513552573064973,0,7,3,1,3
D269Y,269,D,Y,REC2,-0.7943802129611597,0,7,3,1,3
D272A,272,D,A,REC2,0.069545730942557,1,7,4,1,3
D272E,272,D,E,REC2,-0.1573914768697896,1,0,4,1,3
D272G,272,D,G,REC2,-0.515416769778599,0,8,4,1,3
D272H,272,D,H,REC2,-0.5459451746816835,0,6,4,1,3
D272N,272,D,N,REC2,0.2676417010874351,1,6,4,1,3
D272V,272,D,V,REC2,0.6405013736698342,1,9,4,1,3
D272Y,272,D,Y,REC2,-0.5765334945151064,0,8,4,1,3
D273A,273,D,A,REC2,-0.5182143035072305,0,7,8,1,3
D273E,273,D,E,REC2,-1.1192565393307077,0,0,8,1,3
D273G,273,D,G,REC2,0.3886762921012883,1,3,8,1,3
D273H,273,D,H,REC2,0.2593506039016537,1,3,8,1,3
D273N,273,D,N,REC2,0.8755502641527505,1,7,8,1,3
D273V,273,D,V,REC2,-0.3460333281245502,0,3,8,1,3
D273Y,273,D,Y,REC2,0.0849101213368481,1,4,8,1,3
D274A,274,D,A,REC2,-2.192731134492924,0,0,6,1,3
D274E,274,D,E,REC2,-0.6975978226694988,0,6,6,1,3
D274G,274,D,G,REC2,0.2223063647859205,1,2,6,1,3
D274H,274,D,H,REC2,-0.0503732975312151,1,9,6,1,3
D274N,274,D,N,REC2,0.861083954704181,1,9,6,1,3
D274V,274,D,V,REC2,0.4173223471910632,1,2,6,1,3
D274Y,274,D,Y,REC2,-0.82170555076828,0,9,6,1,3
D276A,276,D,A,REC2,2.4879671261906475,1,1,3,2,3
D276E,276,D,E,REC2,-1.13414049500455,0,1,3,2,3
D276G,276,D,G,REC2,0.029392978628155,1,8,3,2,3
D276H,276,D,H,REC2,-0.195483773861893,1,5,3,2,3
D276N,276,D,N,REC2,-0.1623169099266936,1,4,3,2,3
D276V,276,D,V,REC2,0.7624364270867251,1,0,3,2,3
D276Y,276,D,Y,REC2,-0.195483773861893,1,5,3,2,3
D284A,284,D,A,REC2,-0.1878917655581042,1,2,9,2,3
D284E,284,D,E,REC2,-0.4902552668893708,0,5,9,2,3
D284G,284,D,G,REC2,-0.3578167670004167,0,7,9,2,3
D284H,284,D,H,REC2,0.2402220776556059,1,0,9,2,3
D284N,284,D,N,REC2,-0.1331261085565649,1,8,9,2,3
D284V,284,D,V,REC2,0.0167259540503674,1,6,9,2,3
D284Y,284,D,Y,REC2,-0.2549637159769644,1,6,9,2,3
D288A,288,D,A,REC2,0.0752672280351431,1,8,5,2,3
D288E,288,D,E,REC2,0.0982216759435694,1,5,5,2,3
D288G,288,D,G,REC2,0.1907444454550794,1,2,5,2,3
D288H,288,D,H,REC2,-1.11456375530332,0,3,5,2,3
D288N,288,D,N,REC2,-0.76710056830882,0,9,5,2,3
D288V,288,D,V,REC2,0.125893301105111,1,2,5,2,3
D288Y,288,D,Y,REC2,-0.7141926980858508,0,1,5,2,3
D298A,298,D,A,REC2,-0.5742293046293524,0,2,8,2,3
D298E,298,D,E,REC2,-0.6004665691260541,0,2,8,2,3
D298G,298,D,G,REC2,0.3781042617403333,1,5,8,2,3
D298H,298,D,H,REC2,0.01497940614028,1,8,8,2,3
D298N,298,D,N,REC2,0.2413298410454113,1,3,8,2,3
D298V,298,D,V,REC2,0.2566940885666561,1,7,8,2,3
D298Y,298,D,Y,REC2,0.3023502789912738,1,5,8,2,3
D2A,2,D,A,RuvC-I,-0.7364639426113889,0,7,2,0,0
D2E,2,D,E,RuvC-I,-1.586453580238174,0,0,2,0,0
D2G,2,D,G,RuvC-I,-0.4530534007458107,0,6,2,0,0
D2H,2,D,H,RuvC-I,0.0411880933562016,1,4,2,0,0
D2N,2,D,N,RuvC-I,-0.5437744073649546,0,6,2,0,0
D2V,2,D,V,RuvC-I,-0.0583920374987512,1,4,2,0,0
D2Y,2,D,Y,RuvC-I,-0.6812779311148893,0,3,2,0,0
D304A,304,D,A,REC2,0.072158380467432,1,1,7,2,3
D304E,304,D,E,REC2,-0.2497534181587677,1,6,7,2,3
D304G,304,D,G,REC2,-0.2574436423053514,1,6,7,2,3
D304H,304,D,H,REC2,-0.5069450341913686,0,3,7,2,3
D304N,304,D,N,REC2,-0.4682916027874769,0,7,7,2,3
D304V,304,D,V,REC2,-0.1323238430112489,1,2,7,2,3
D304Y,304,D,Y,REC2,-0.4618571446628308,0,1,7,2,3
D326A,326,D,A,REC1b,0.0346647854195271,1,1,1,2,4
D326E,326,D,E,REC1b,-0.4698382268258226,0,6,1,2,4
D326G,326,D,G,REC1b,-0.9202473250519352,0,9,1,2,4
D326H,326,D,H,REC1b,0.0411952544117803,1,0,1,2,4
D326N,326,D,N,REC1b,0.1903386937175897,1,7,1,2,4
D326V,326,D,V,REC1b,0.998138909394413,1,6,1,2,4
D326Y,326,D,Y,REC1b,-0.8781448280302319,0,9,1,2,4
D331A,331,D,A,REC1b,-0.0525888639819962,1,8,2,2,4
D331E,331,D,E,REC1b,-0.2670615921178909,0,7,2,2,4
D331G,331,D,G,REC1b,-0.0146210137829757,1,5,2,2,4
D331H,331,D,H,REC1b,-0.2090675229684693,1,1,2,2,4
D331N,331,D,N,REC1b,-0.0977505001043112,1,2,2,2,4
D331V,331,D,V,REC1b,0.2572663986047909,1,8,2,2,4
D331Y,331,D,Y,REC1b,-0.3372932331303932,0,6,2,2,4
D353A,353,D,A,REC1b,1.279270667572686,1,7,7,2,4
D353E,353,D,E,REC1b,-0.32564269332306,0,6,7,2,4
D353G,353,D,G,REC1b,-0.656766273695349,0,4,7,2,4
D353H,353,D,H,REC1b,-0.2376268523867234,1,1,7,2,4
D353N,353,D,N,REC1b,0.3403083814404644,1,7,7,2,4
D353V,353,D,V,REC1b,0.1424539779423121,1,9,7,2,4
D353Y,353,D,Y,REC1b,-1.6299442751654838,0,4,7,2,4
D364A,364,D,A,REC1b,-1.6295785880316782,0,8,9,2,4
D364E,364,D,E,REC1b,0.6861172977449985,1,3,9,2,4
D364G,364,D,G,REC1b,-0.1268795154902117,1,1,9,2,4
D364H,364,D,H,REC1b,0.036825322012408,1,8,9,2,4
D364N,364,D,N,REC1b,0.0525926378707247,1,9,9,2,4
D364V,364,D,V,REC1b,-0.3494706688389429,0,1,9,2,4
D364Y,364,D,Y,REC1b,-0.5402319806234018,0,8,9,2,4
D384A,384,D,A,REC1b,0.8309974005437822,1,8,1,2,4
D384E,384,D,E,REC1b,-0.2355401853650019,1,5,1,2,4
D384G,384,D,G,REC1b,-0.119721696684999,1,4,1,2,4
D384H,384,D,H,REC1b,0.1202235888672084,1,9,1,2,4
D384N,384,D,N,REC1b,-0.7236572092155098,0,5,1,2,4
D384V,384,D,V,REC1b,-0.6192009383154783,0,8,1,2,4
D384Y,384,D,Y,REC1b,-0.2276997145530984,1,6,1,2,4
D397A,397,D,A,REC1b,0.3029100228618151,1,6,6,2,4
D397E,397,D,E,REC1b,-0.5049704931490532,0,7,6,2,4
D397G,397,D,G,REC1b,-0.4016340936120137,0,6,6,2,4
D397H,397,D,H,REC1b,0.0283066203766534,1,3,6,2,4
D397N,397,D,N,REC1b,-0.2867894410282834,0,1,6,2,4
D397V,397,D,V,REC1b,-0.5116876390769275,0,7,6,2,4
D397Y,397,D,Y,REC1b,-0.5107195961776438,0,7,6,2,4
D39A,39,D,A,RuvC-I,-0.360278176919096,0,4,9,0,0
D39E,39,D,E,RuvC-I,-0.7461397194893729,0,0,9,0,0
D39G,39,D,G,RuvC-I,-0.1462979953988481,1,3,9,0,0
D39H,39,D,H,RuvC-I,-1.3177063944188532,0,7,9,0,0
D39N,39,D,N,RuvC-I,-0.2143020092994921,1,4,9,0,0
D39V,39,D,V,RuvC-I,-0.3968040529442103,0,2,9,0,0
D39Y,39,D,Y,RuvC-I,-0.1310339492406141,1,9,9,0,0
D406A,406,D,A,REC1b,0.2561648951289182,1,7,7,2,4
D406E,406,D,E,REC1b,-0.5766091984899092,0,8,7,2,4
D406G,406,D,G,REC1b,0.1071456601226897,1,6,7,2,4
D406H,406,D,H,REC1b,-0.0503610706639401,1,8,7,2,4
D406N,406,D,N,REC1b,-0.187864594413875,1,9,7,2,4
D406V,406,D,V,REC1b,-0.019469547484509,1,4,7,2,4
D406Y,406,D,Y,REC1b,-0.8698945130951959,0,6,7,2,4
D428A,428,D,A,REC1b,-0.5237696562054114,0,4,4,3,4
D428E,428,D,E,REC1b,-0.3914843714969326,0,9,4,3,4
D428G,428,D,G,REC1b,0.0052364385417291,1,2,4,3,4
D428H,428,D,H,REC1b,-0.2510856173383181,1,7,4,3,4
D428N,428,D,N,REC1b,-0.0163094715460378,1,8,4,3,4
D428V,428,D,V,REC1b,0.3731368508304851,1,3,4,3,4
D428Y,428,D,Y,REC1b,0.0210894423519447,1,7,4,3,4
D435A,435,D,A,REC1b,1.088321419342001,1,9,9,3,4
D435E,435,D,E,REC1b,0.3250055153157003,1,9,9,3,4
D435G,435,D,G,REC1b,-0.1640657422922845,1,2,9,3,4
D435H,435,D,H,REC1b,-0.8468583623376166,0,3,9,3,4
D435N,435,D,N,REC1b,-0.5986752105411179,0,4,9,3,4
D435V,435,D,V,REC1b,-0.1823665590352282,1,0,9,3,4
D435Y,435,D,Y,REC1b,-0.2160339248328937,1,7,9,3,4
D483A,483,D,A,REC1b,-2.571335468587621,0,1,2,3,4
D483E,483,D,E,REC1b,-0.6996948828029663,0,5,2,3,4
D483G,483,D,G,REC1b,-0.8464427067219905,0,7,2,3,4
D483H,483,D,H,REC1b,3.915031153832972,1,1,2,3,4
D483N,483,D,N,REC1b,0.0501236490613552,1,0,2,3,4
D483V,483,D,V,REC1b,-0.1010155338075882,1,5,2,3,4
D483Y,483,D,Y,REC1b,-0.4034437455995273,0,2,2,3,4
D499A,499,D,A,REC1b,-1.2087777716687709,0,7,8,3,4
D499E,499,D,E,REC1b,-0.0686280382977694,1,0,8,3,4
D499G,499,D,G,REC1b,-0.1802953955112962,1,3,8,3,4
D499H,499,D,H,REC1b,-0.7006874418072118,0,2,8,3,4
D499N,499,D,N,REC1b,-0.330785563113167,0,4,8,3,4
D499V,499,D,V,REC1b,-0.7032953349098698,0,8,8,3,4
D499Y,499,D,Y,REC1b,-0.6847206934021453,0,4,8,3,4
D54A,54,D,A,RuvC-I,-0.2263347785470055,1,2,8,0,0
D54E,54,D,E,RuvC-I,-0.102609165103349,1,2,8,0,0
D54G,54,D,G,RuvC-I,-0.2263347785470055,1,9,8,0,0
D54H,54,D,H,RuvC-I,-1.0483125301177678,0,7,8,0,0
D54N,54,D,N,RuvC-I,-0.6221630757186994,0,5,8,0,0
D54V,54,D,V,RuvC-I,0.2590920486232362,1,2,8,0,0
D54Y,54,D,Y,RuvC-I,-0.7822523854106653,0,2,8,0,0
D550A,550,D,A,REC1b,-0.0437371801284172,1,9,6,4,4
D550E,550,D,E,REC1b,-0.4401711993170851,0,6,6,4,4
D550G,550,D,G,REC1b,-0.4409620785062237,0,4,6,4,4
D550H,550,D,H,REC1b,-0.3389203134757049,0,4,6,4,4
D550N,550,D,N,REC1b,-0.2004045777318505,1,4,6,4,4
D550V,550,D,V,REC1b,-0.3828435174256827,0,7,6,4,4
D550Y,550,D,Y,REC1b,-0.5589741137118134,0,8,6,4,4
D567A,567,D,A,REC1b,-0.3527045507795316,0,1,3,4,4
D567E,567,D,E,REC1b,0.2248734268982734,1,6,3,4,4
D567G,567,D,G,REC1b,0.4897541722339881,1,1,3,4,4
D567H,567,D,H,REC1b,-0.823391815862068,0,1,3,4,4
D567N,567,D,N,REC1b,-0.1131636343520808,1,7,3,4,4
D567V,567,D,V,REC1b,-0.553003201265363,0,9,3,4,4
D567Y,567,D,Y,REC1b,-0.7663608708256889,0,1,3,4,4
D576A,576,D,A,REC1b,0.4911458890668762,1,0,9,4,4
D576E,576,D,E,REC1b,-0.2760457184483077,0,0,9,4,4
D576G,576,D,G,REC1b,-0.2071038979833918,1,3,9,4,4
D576H,576,D,H,REC1b,0.5549446348739134,1,4,9,4,4
D576N,576,D,N,REC1b,-0.0567482314617644,1,6,9,4,4
D576V,576,D,V,REC1b,1.4108581001092404,1,0,9,4,4
D576Y,576,D,Y,REC1b,-0.8824606774333849,0,1,9,4,4
D585A,585,D,A,REC1b,-1.0519219028533533,0,1,3,4,4
D585E,585,D,E,REC1b,-0.2149203271494098,1,6,3,4,4
D585G,585,D,G,REC1b,-0.1993522665085791,1,9,3,4,4
D585H,585,D,H,REC1b,0.6069397637264033,1,5,3,4,4
D585N,585,D,N,REC1b,0.2450351931281026,1,5,3,4,4
D585V,585,D,V,REC1b,0.1566647189580639,1,7,3,4,4
D585Y,585,D,Y,REC1b,-0.5623413211504821,0,3,3,4,4
D596A,596,D,A,REC1b,0.022769133576814,1,3,4,4,4
D596E,596,D,E,REC1b,0.0092844473234255,1,9,4,4,4
D596G,596,D,G,REC1b,0.2143892061184455,1,1,4,4,4
D596H,596,D,H,REC1b,-0.3463290737761479,0,3,4,4,4
D596N,596,D,N,REC1b,-0.0415363454510587,1,4,4,4,4
D596V,596,D,V,REC1b,0.3143035821229995,1,1,4,4,4
D596Y,596,D,Y,REC1b,-1.2529914129106692,0,0,4,4,4
D603A,603,D,A,REC1b,-1.2381394130153704,0,6,3,4,4
D603E,603,D,E,REC1b,-0.8794084348862451,0,3,3,4,4
D603G,603,D,G,REC1b,-0.4615176184973738,0,8,3,4,4
D603H,603,D,H,REC1b,0.1305729518255228,1,9,3,4,4
D603N,603,D,N,REC1b,-0.5371570090656559,0,4,3,4,4
D603V,603,D,V,REC1b,0.1149833034755862,1,9,3,4,4
D603Y,603,D,Y,REC1b,0.060099743877071,1,0,3,4,4
D605A,605,D,A,REC1b,0.0711714981550193,1,8,1,4,4
D605E,605,D,E,REC1b,-0.5760347835907146,0,5,1,4,4
D605G,605,D,G,REC1b,0.6866002271391888,1,4,1,4,4
D605H,605,D,H,REC1b,-0.3772614656873375,0,8,1,4,4
D605N,605,D,N,REC1b,-0.743389364485235,0,8,1,4,4
D605V,605,D,V,REC1b,-0.2342684739437738,1,4,1,4,4
D605Y,605,D,Y,REC1b,-0.1537181108707113,1,1,1,4,4
D608A,608,D,A,REC1b,2.513404056784068,1,9,8,4,4
D608E,608,D,E,REC1b,0.8218365894505826,1,2,8,4,4
D608G,608,D,G,REC1b,-0.3476445453697514,0,2,8,4,4
D608H,608,D,H,REC1b,-0.1166305914784955,1,2,8,4,4
D608N,608,D,N,REC1b,-0.422513719790538,0,0,8,4,4
D608V,608,D,V,REC1b,-0.4444810693197106,0,0,8,4,4
D608Y,608,D,Y,REC1b,-0.5838634521116796,0,8,8,4,4
D614A,614,D,A,REC1b,-0.2786854937752137,0,8,0,4,4
D614E,614,D,E,REC1b,1.416496384469382,1,3,0,4,4
D614G,614,D,G,REC1b,-0.4649408964285104,0,7,0,4,4
D614H,614,D,H,REC1b,1.4887524780577814,1,0,0,4,4
D614N,614,D,N,REC1b,-0.3684386484265238,0,5,0,4,4
D614V,614,D,V,REC1b,0.7154617799793483,1,0,0,4,4
D614Y,614,D,Y,REC1b,-0.631877227127757,0,0,0,4,4
D618A,618,D,A,REC1b,0.3357105957121306,1,6,6,4,4
D618E,618,D,E,REC1b,0.2982956139354877,1,4,6,4,4
D618G,618,D,G,REC1b,-0.7013025949742251,0,8,6,4,4
D618H,618,D,H,REC1b,-0.496137864631461,0,4,6,4,4
D618N,618,D,N,REC1b,-0.0328641796997699,1,1,6,4,4
D618V,618,D,V,REC1b,-0.5005570182607121,0,5,6,4,4
D618Y,618,D,Y,REC1b,-0.4954852090940291,0,6,6,4,4
D628A,628,D,A,REC1b,-0.5070700018323416,0,3,5,4,4
D628E,628,D,E,REC1b,0.4967326054592842,1,6,5,4,4
D628G,628,D,G,REC1b,-0.4248883578848632,0,9,5,4,4
D628H,628,D,H,REC1b,1.2581553951359956,1,4,5,4,4
D628N,628,D,N,REC1b,-0.4305550304229895,0,7,5,4,4
D628V,628,D,V,REC1b,-0.3950333157049365,0,8,5,4,4
D628Y,628,D,Y,REC1b,-0.6195888548130065,0,2,5,4,4
D644A,644,D,A,REC1b,-0.6828222058277778,0,8,8,4,4
D644E,644,D,E,REC1b,0.4706454886411568,1,2,8,4,4
D644G,644,D,G,REC1b,-0.2088910174953656,1,0,8,4,4
D644H,644,D,H,REC1b,-0.3287576882056781,0,6,8,4,4
D644N,644,D,N,REC1b,-0.5474348680063638,0,8,8,4,4
D644V,644,D,V,REC1b,-0.0493079602745124,1,7,8,4,4
D644Y,644,D,Y,REC1b,-0.133820070386479,1,2,8,4,4
D645A,645,D,A,REC1b,-0.8100628854300859,0,8,9,4,4
D645E,645,D,E,REC1b,-0.5867496560555999,0,7,9,4,4
D645G,645,D,G,REC1b,-0.633766878683092,0,0,9,4,4
D645H,645,D,H,REC1b,-1.2662513718321071,0,6,9,4,4
D645N,645,D,N,REC1b,0.3394696890558467,1,2,9,4,4
D645V,645,D,V,REC1b,-0.2343619545665005,1,2,9,4,4
D645Y,645,D,Y,REC1b,-0.6920352525749471,0,4,9,4,4
D672A,672,D,A,REC1b,-0.4275279176855667,0,3,8,4,4
D672E,672,D,E,REC1b,0.0242687277305886,1,8,8,4,4
D672G,672,D,G,REC1b,-0.1661798884796597,1,0,8,4,4
D672H,672,D,H,REC1b,-0.9098919168553392,0,2,8,4,4
D672N,672,D,N,REC1b,-0.5075282476116058,0,4,8,4,4
D672V,672,D,V,REC1b,-0.5581120274957112,0,1,8,4,4
D672Y,672,D,Y,REC1b,-0.3078559027752414,0,8,8,4,4
D681A,681,D,A,REC1b,-0.9783157590307796,0,9,9,4,4
D681E,681,D,E,REC1b,-0.4182397200610562,0,7,9,4,4
D681G,681,D,G,REC1b,-0.4616379978760982,0,7,9,4,4
D681H,681,D,H,REC1b,-0.9619649466792264,0,0,9,4,4
D681N,681,D,N,REC1b,-0.3764091105432141,0,5,9,4,4
D681V,681,D,V,REC1b,0.038492528655774,1,3,9,4,4
D681Y,681,D,Y,REC1b,-1.0136886078361695,0,2,9,4,4
D686A,686,D,A,REC1b,0.0784782110518167,1,4,6,5,4
D686E,686,D,E,REC1b,-0.23546740183329,1,4,6,5,4
D686G,686,D,G,REC1b,-0.4240221294773665,0,2,6,5,4
D686H,686,D,H,REC1b,1.0040608500052468,1,7,6,5,4
D686N,686,D,N,REC1b,-0.1472417360014766,1,2,6,5,4
D686V,686,D,V,REC1b,0.0664053787512418,1,1,6,5,4
D686Y,686,D,Y,REC1b,-0.1017353063542311,1,4,6,5,4
D699A,699,D,A,REC1b,-0.7567438127014222,0,0,8,5,4
D699E,699,D,E,REC1b,-0.5071195243973752,0,7,8,5,4
D699G,699,D,G,REC1b,-0.3078428615562946,0,1,8,5,4
D699H,699,D,H,REC1b,-0.3848135294630602,0,3,8,5,4
D699N,699,D,N,REC1b,-0.3095750178017641,0,2,8,5,4
D699V,699,D,V,REC1b,-0.3768957418848785,0,4,8,5,4
D699Y,699,D,Y,REC1b,-0.2067504585770708,1,3,8,5,4
D700A,700,D,A,REC1b,-0.6609382521972925,0,5,6,5,4
D700E,700,D,E,REC1b,-0.6030832847323555,0,1,6,5,4
D700G,700,D,G,REC1b,-0.4199301526934976,0,0,6,5,4
D700H,700,D,H,REC1b,-0.2626754118146005,1,0,6,5,4
D700N,700,D,N,REC1b,-0.3479032486816314,0,3,6,5,4
D700V,700,D,V,REC1b,-0.7182559298274579,0,8,6,5,4
D700Y,700,D,Y,REC1b,-0.7072227933659186,0,7,6,5,4
D707A,707,D,A,REC1b,0.1559507895027437,1,5,7,5,4
D707E,707,D,E,REC1b,0.6614776298078892,1,9,7,5,4
D707G,707,D,G,REC1b,-0.0713823731039744,1,5,7,5,4
D707H,707,D,H,REC1b,0.9414253454344824,1,3,7,5,4
D707N,707,D,N,REC1b,-0.1740518719854537,1,8,7,5,4
D707V,707,D,V,REC1b,0.1098543749132898,1,6,7,5,4
D707Y,707,D,Y,REC1b,-0.7065469528124739,0,1,7,5,4
D718A,718,D,A,RuvC-II,-2.419114331574267,0,9,8,5,5
D718E,718,D,E,RuvC-II,-0.1274920380004374,1,6,8,5,5
D718G,718,D,G,RuvC-II,-0.0861310481779087,1,7,8,5,5
D718H,718,D,H,RuvC-II,0.2141595849317956,1,0,8,5,5
D718N,718,D,N,RuvC-II,0.0512143766002117,1,6,8,5,5
D718V,718,D,V,RuvC-II,0.7720271557777411,1,9,8,5,5
D718Y,718,D,Y,RuvC-II,-0.8522015206340814,0,4,8,5,5
D745A,745,D,A,RuvC-II,-1.5229819208326614,0,0,8,5,5
D745E,745,D,E,RuvC-II,-0.2188499391143241,1,4,8,5,5
D745G,745,D,G,RuvC-II,-0.7897684615275626,0,9,8,5,5
D745H,745,D,H,RuvC-II,0.0198451111932434,1,0,8,5,5
D745N,745,D,N,RuvC-II,-0.4281070105583354,0,1,8,5,5
D745V,745,D,V,RuvC-II,-0.8449100157200236,0,0,8,5,5
D745Y,745,D,Y,RuvC-II,-0.6453646429823447,0,3,8,5,5
D821A,821,D,A,HNH,-2.066488307477004,0,7,0,5,6
D821E,821,D,E,HNH,0.4696544067416138,1,8,0,5,6
D821G,821,D,G,HNH,-0.2880460773346385,0,1,0,5,6
D821H,821,D,H,HNH,-4.684096896256887,0,5,0,5,6
D821N,821,D,N,HNH,-0.835238422019783,0,6,0,5,6
D821V,821,D,V,HNH,-0.5466208349777325,0,8,0,5,6
D821Y,821,D,Y,HNH,-1.2590753084054207,0,6,0,5,6
D825A,825,D,A,HNH,-0.0571727747873012,1,8,9,6,6
D825E,825,D,E,HNH,-0.0855878242251095,1,1,9,6,6
D825G,825,D,G,HNH,-0.3135125280470868,0,2,9,6,6
D825H,825,D,H,HNH,-0.0341975818310629,1,5,9,6,6
D825N,825,D,N,HNH,-0.0451965807803199,1,2,9,6,6
D825V,825,D,V,HNH,-1.2270977762296136,0,7,9,6,6
D825Y,825,D,Y,HNH,-1.1820962769433765,0,8,9,6,6
D829A,829,D,A,HNH,2.2282089680975714,1,4,1,6,6
D829E,829,D,E,HNH,-0.213469743740745,1,2,1,6,6
D829G,829,D,G,HNH,0.0453449109477606,1,2,1,6,6
D829H,829,D,H,HNH,0.457301563307525,1,9,1,6,6
D829N,829,D,N,HNH,-0.3040232364870858,0,4,1,6,6
D829V,829,D,V,HNH,-0.6786816275109474,0,4,1,6,6
D829Y,829,D,Y,HNH,-0.3076784070282778,0,5,1,6,6
D835A,835,D,A,HNH,-0.032054904717995,1,7,2,6,6
D835E,835,D,E,HNH,-0.2695137825580892,0,2,2,6,6
D835G,835,D,G,HNH,-0.5199929510442866,0,3,2,6,6
D835H,835,D,H,HNH,-0.8821581185136091,0,8,2,6,6
D835N,835,D,N,HNH,0.107788216822468,1,4,2,6,6
D835V,835,D,V,HNH,0.0067643441725333,1,9,2,6,6
D835Y,835,D,Y,HNH,-0.7483023717788183,0,4,2,6,6
D837A,837,D,A,HNH,-1.6200089876038408,0,8,7,6,6
D837E,837,D,E,HNH,-0.3053425755659185,0,2,7,6,6
D837G,837,D,G,HNH,-0.3569745817700471,0,4,7,6,6
D837H,837,D,H,HNH,1.7120954235406518,1,7,7,6,6
D837N,837,D,N,HNH,0.5524387575521666,1,4,7,6,6
D837V,837,D,V,HNH,-0.2968535893324761,0,7,7,6,6
D837Y,837,D,Y,HNH,-1.3582939043507465,0,4,7,6,6
D839A,839,D,A,HNH,-1.9411143631667904,0,3,6,6,6
D839E,839,D,E,HNH,-0.9817072987994646,0,1,6,6,6
D839G,839,D,G,HNH,-1.0597588596654095,0,0,6,6,6
D839H,839,D,H,HNH,-0.482997856559237,0,8,6,6,6
D839N,839,D,N,HNH,-0.6524737700474519,0,0,6,6,6
D839V,839,D,V,HNH,-0.1690663098451392,1,1,6,6,6
D839Y,839,D,Y,HNH,-0.4399291346673508,0,0,6,6,6
D849A,849,D,A,HNH,-0.1833548341956838,1,4,9,6,6
D849E,849,D,E,HNH,-0.648491590096965,0,4,9,6,6
D849G,849,D,G,HNH,-0.0537195537790884,1,6,9,6,6
D849H,849,D,H,HNH,-0.788517958074436,0,6,9,6,6
D849N,849,D,N,HNH,-0.2812578143465237,0,9,9,6,6
D849V,849,D,V,HNH,0.0617576636408477,1,6,9,6,6
D849Y,849,D,Y,HNH,-0.3383436580560399,0,2,9,6,6
D850A,850,D,A,HNH,-0.4637774684791026,0,9,8,6,6
D850E,850,D,E,HNH,-0.047868429981239,1,3,8,6,6
D850G,850,D,G,HNH,-0.2313313824787319,1,2,8,6,6
D850H,850,D,H,HNH,-0.8427178192676142,0,4,8,6,6
D850N,850,D,N,HNH,-0.2857377310723382,0,4,8,6,6
D850V,850,D,V,HNH,-1.0781462364965273,0,1,8,6,6
D850Y,850,D,Y,HNH,-0.9098320151261508,0,4,8,6,6
D853A,853,D,A,HNH,-0.2297833379980767,1,6,3,6,6
D853E,853,D,E,HNH,0.261437330540788,1,1,3,6,6
D853G,853,D,G,HNH,-0.238184691644891,1,3,3,6,6
D853H,853,D,H,HNH,-0.4239821761877514,0,7,3,6,6
D853N,853,D,N,HNH,0.047777913103034,1,4,3,6,6
D853V,853,D,V,HNH,-0.5364906959466699,0,4,3,6,6
D853Y,853,D,Y,HNH,-0.6593096528517032,0,0,3,6,6
D861A,861,D,A,HNH,-0.0192230035451485,1,2,0,6,6
D861E,861,D,E,HNH,0.7202311578559766,1,8,0,6,6
D861G,861,D,G,HNH,0.8012931665876941,1,0,0,6,6
D861H,861,D,H,HNH,0.1879059005836144,1,8,0,6,6
D861N,861,D,N,HNH,0.3124181871048394,1,5,0,6,6
D861V,861,D,V,HNH,0.2081874925579235,1,4,0,6,6
D861Y,861,D,Y,HNH,0.0578453600192414,1,0,0,6,6
D868A,868,D,A,HNH,0.0287055037737325,1,9,8,6,6
D868E,868,D,E,HNH,0.3968394647468485,1,7,8,6,6
D868G,868,D,G,HNH,-0.5453686808046875,0,0,8,6,6
D868H,868,D,H,HNH,-0.4639494869333461,0,9,8,6,6
D868N,868,D,N,HNH,-0.3327049536550935,0,9,8,6,6
D868V,868,D,V,HNH,0.1982460428444458,1,8,8,6,6
D868Y,868,D,Y,HNH,-0.6661286873802855,0,2,8,6,6
D898A,898,D,A,HNH,-0.034998489991482,1,3,9,6,6
D898E,898,D,E,HNH,-0.0486249781539424,1,9,9,6,6
D898G,898,D,G,HNH,-0.206366908303463,1,2,9,6,6
D898H,898,D,H,HNH,-0.4630432411924036,0,9,9,6,6
D898N,898,D,N,HNH,-0.1248024911694357,1,8,9,6,6
D898V,898,D,V,HNH,-0.5585604460484949,0,0,9,6,6
D898Y,898,D,Y,HNH,-0.4301286187196684,0,2,9,6,6
D912A,912,D,A,RuvC-III,-1.7525688671901882,0,5,4,6,7
D912E,912,D,E,RuvC-III,-0.1572437679117101,1,1,4,6,7
D912G,912,D,G,RuvC-III,-0.6105498623177605,0,0,4,6,7
D912H,912,D,H,RuvC-III,-0.6498618927645137,0,0,4,6,7
D912N,912,D,N,RuvC-III,-0.5005442464862182,0,2,4,6,7
D912V,912,D,V,RuvC-III,0.0630065616723843,1,3,4,6,7
D912Y,912,D,Y,RuvC-III,-0.9214583121017316,0,9,4,6,7
D936A,936,D,A,RuvC-III,-1.8332929721690776,0,6,1,6,7
D936E,936,D,E,RuvC-III,-0.2773749122361001,0,3,1,6,7
D936G,936,D,G,RuvC-III,-0.2173035758272968,1,5,1,6,7
D936H,936,D,H,RuvC-III,-0.5361970645936148,0,6,1,6,7
D936N,936,D,N,RuvC-III,-0.2466904473986297,1,9,1,6,7
D936V,936,D,V,RuvC-III,-0.9975223679473868,0,3,1,6,7
D936Y,936,D,Y,RuvC-III,-0.4854773069857462,0,3,1,6,7
D944A,944,D,A,RuvC-III,-0.8996457112405891,0,9,9,6,7
D944E,944,D,E,RuvC-III,-0.2950956077542664,0,0,9,6,7
D944G,944,D,G,RuvC-III,0.1807653072314058,1,7,9,6,7
D944H,944,D,H,RuvC-III,-1.0134302645603892,0,3,9,6,7
D944N,944,D,N,RuvC-III,-0.0063408397740694,1,4,9,6,7
D944V,944,D,V,RuvC-III,0.5162560395712525,1,6,9,6,7
D944Y,944,D,Y,RuvC-III,-0.4900964206140402,0,3,9,6,7
D947A,947,D,A,RuvC-III,1.676647980700689,1,1,8,6,7
D947E,947,D,E,RuvC-III,-0.1655607755744973,1,7,8,6,7
D947G,947,D,G,RuvC-III,2.753046923929836,1,5,8,6,7
D947H,947,D,H,RuvC-III,0.7246738759780632,1,2,8,6,7
D947N,947,D,N,RuvC-III,-0.2391378164066404,1,3,8,6,7
D947V,947,D,V,RuvC-III,-0.3513152886269702,0,2,8,6,7
D947Y,947,D,Y,RuvC-III,-0.8743997242461733,0,6,8,6,7
D94A,94,D,A,REC1a,-0.0105339464402917,1,2,1,0,2
D94E,94,D,E,REC1a,-0.8070237756959865,0,1,1,0,2
D94G,94,D,G,REC1a,-1.0105339464402916,0,6,1,0,2
D94H,94,D,H,REC1a,-0.6510415485329106,0,7,1,0,2
D94N,94,D,N,REC1a,-0.263024263187776,1,2,1,0,2
D94V,94,D,V,REC1a,-0.3027146979336019,0,0,1,0,2
D94Y,94,D,Y,REC1a,-0.4445906710654842,0,7,1,0,2
D95A,95,D,A,REC1a,0.5142431912853017,1,5,5,0,2
D95E,95,D,E,REC1a,-3.261035900403345,0,9,5,0,2
D95G,95,D,G,REC1a,0.0141695881506586,1,8,5,0,2
D95H,95,D,H,REC1a,-0.0506005173921,1,9,5,0,2
D95N,95,D,N,REC1a,-0.1929071122267858,1,2,5,0,2
D95V,95,D,V,REC1a,-0.2793059312472717,0,4,5,0,2
D95Y,95,D,Y,REC1a,-0.6786317400051423,0,7,5,0,2
D965A,965,D,A,RuvC-III,0.5817073256769607,1,1,2,7,7
D965E,965,D,E,RuvC-III,-0.4676487260809661,0,2,2,7,7
D965G,965,D,G,RuvC-III,-0.6448012041317194,0,7,2,7,7
D965H,965,D,H,RuvC-III,-1.5709289127946873,0,1,2,7,7
D965N,965,D,N,RuvC-III,-0.512035223741119,0,1,2,7,7
D965V,965,D,V,RuvC-III,-0.4362145823203016,0,4,2,7,7
D965Y,965,D,Y,RuvC-III,-1.2306222885924705,0,3,2,7,7
D969A,969,D,A,RuvC-III,-3.4607504733236123,0,8,3,7,7
D969E,969,D,E,RuvC-III,-0.2591534572279068,1,3,3,7,7
D969G,969,D,G,RuvC-III,-0.3732876320732724,0,5,3,7,7
D969H,969,D,H,RuvC-III,-1.7882824784774018,0,7,3,7,7
D969N,969,D,N,RuvC-III,0.1978059026397738,1,6,3,7,7
D969V,969,D,V,RuvC-III,-0.6318623897163665,0,2,3,7,7
D969Y,969,D,Y,RuvC-III,-0.485489201277173,0,9,3,7,7
D986A,986,D,A,RuvC-III,-0.6459734055861508,0,4,2,7,7
D986E,986,D,E,RuvC-III,-0.2176411793962757,1,8,2,7,7
D986G,986,D,G,RuvC-III,-0.6072929374220911,0,4,2,7,7
D986H,986,D,H,RuvC-III,-0.6309586017101072,0,2,2,7,7
D986N,986,D,N,RuvC-III,-0.8750748425400859,0,4,2,7,7
D986V,986,D,V,RuvC-III,-0.6550185451891578,0,8,2,7,7
D986Y,986,D,Y,RuvC-III,-1.0943591225503504,0,6,2,7,7
E1005A,1005,E,A,RuvC-III,2.3341307384037013,1,6,7,7,7
E1005D,1005,E,D,RuvC-III,-0.3699501508668531,0,7,7,7,7
E1005G,1005,E,G,RuvC-III,-0.0839344535727108,1,2,7,7,7
E1005K,1005,E,K,RuvC-III,-0.4829476406244388,0,6,7,7,7
E1005Q,1005,E,Q,RuvC-III,-2.578599879688125,0,8,7,7,7
E1005V,1005,E,V,RuvC-III,-0.4046370983964905,0,1,7,7,7
E1007A,1007,E,A,RuvC-III,-1.2479740974653115,0,7,3,7,7
E1007D,1007,E,D,RuvC-III,0.2131593859314651,1,9,3,7,7
E1007G,1007,E,G,RuvC-III,-0.463702788520749,0,1,3,7,7
E1007K,1007,E,K,RuvC-III,-0.3416594704723179,0,6,3,7,7
E1007Q,1007,E,Q,RuvC-III,-1.142232127766268,0,4,3,7,7
E1007V,1007,E,V,RuvC-III,0.329334830712409,1,6,3,7,7
E1026A,1026,E,A,RuvC-III,-1.1824418442358966,0,8,0,7,7
E1026D,1026,E,D,RuvC-III,-0.3090889839007998,0,6,0,7,7
E1026G,1026,E,G,RuvC-III,-0.0315309333213757,1,2,0,7,7
E1026K,1026,E,K,RuvC-III,-0.3954114995858686,0,4,0,7,7
E1026Q,1026,E,Q,RuvC-III,0.2669243591356091,1,6,0,7,7
E1026V,1026,E,V,RuvC-III,-0.5718018567340879,0,4,0,7,7
E1028A,1028,E,A,RuvC-III,0.9020525366016988,1,3,9,7,7
E1028D,1028,E,D,RuvC-III,-0.5058689360145838,0,7,9,7,7
E1028G,1028,E,G,RuvC-III,-0.1396022208687155,1,6,9,7,7
E1028K,1028,E,K,RuvC-III,-0.6621125358501081,0,6,9,7,7
E1028Q,1028,E,Q,RuvC-III,0.101653117659813,1,4,9,7,7
E1028V,1028,E,V,RuvC-III,-0.740153915953933,0,8,9,7,7
E102A,102,E,A,REC1a,-1.1358681859512318,0,6,1,0,2
E102D,102,E,D,REC1a,-0.1547028168578809,1,8,1,0,2
E102G,102,E,G,REC1a,0.7849447858896564,1,2,1,0,2
E102K,102,E,K,REC1a,-0.0438462614373849,1,2,1,0,2
E102Q,102,E,Q,REC1a,1.882680885041856,1,5,1,0,2
E102V,102,E,V,REC1a,0.1569135632766141,1,2,1,0,2
E103A,103,E,A,REC1a,-1.3331322131914385,0,3,0,0,2
E103D,103,E,D,REC1a,-0.1176609317460503,1,9,0,0,2
E103G,103,E,G,REC1a,-0.1922696773515887,1,4,0,0,2
E103K,103,E,K,REC1a,0.8792679250131311,1,4,0,0,2
E103Q,103,E,Q,REC1a,-0.1061445387638225,1,9,0,0,2
E103V,103,E,V,REC1a,-0.8400922019113216,0,1,0,0,2
E1049A,1049,E,A,RuvC-III,-0.9243164798813448,0,7,6,7,7
E1049D,1049,E,D,RuvC-III,-0.1461817005535618,1,0,6,7,7
E1049G,1049,E,G,RuvC-III,-0.3383134489737995,0,3,6,7,7
E1049K,1049,E,K,RuvC-III,-0.8670724748733964,0,0,6,7,7
E1049Q,1049,E,Q,RuvC-III,0.3597184103605685,1,6,6,7,7
E1049V,1049,E,V,RuvC-III,0.2766747196413341,1,1,6,7,7
E1056A,1056,E,A,RuvC-III,-0.6083869857017875,0,2,1,7,7
E1056D,1056,E,D,RuvC-III,-0.1500495659766325,1,1,1,7,7
E1056G,1056,E,G,RuvC-III,-0.4407004564554744,0,3,1,7,7
E1056K,1056,E,K,RuvC-III,-0.481781847321187,0,5,1,7,7
E1056Q,1056,E,Q,RuvC-III,0.3380520140181083,1,4,1,7,7
E1056V,1056,E,V,RuvC-III,-0.1953686540595956,1,2,1,7,7
E1064A,1064,E,A,RuvC-III,-0.5602834796226622,0,2,0,7,7
E1064D,1064,E,D,RuvC-III,-0.2682271093269588,0,1,0,7,7
E1064G,1064,E,G,RuvC-III,-0.1062624568187264,1,2,0,7,7
E1064K,1064,E,K,RuvC-III,-0.8875567710305494,0,1,0,7,7
E1064Q,1064,E,Q,RuvC-III,-0.9951230106263804,0,5,0,7,7
E1064V,1064,E,V,RuvC-III,-0.252340716306671,1,8,0,7,7
E1068A,1068,E,A,RuvC-III,0.2945160082820622,1,7,6,7,7
E1068D,1068,E,D,RuvC-III,0.163571889200942,1,6,6,7,7
E1068G,1068,E,G,RuvC-III,0.0220829044460187,1,5,6,7,7
E1068K,1068,E,K,RuvC-III,-0.6583784370402945,0,1,6,7,7
E1068Q,1068,E,Q,RuvC-III,-1.7052450420782688,0,5,6,7,7
E1068V,1068,E,V,RuvC-III,0.120486608507013,1,3,6,7,7
E1071A,1071,E,A,RuvC-III,-1.028337746522902,0,5,9,7,7
E1071D,1071,E,D,RuvC-III,-0.4200270841791895,0,0,9,7,7
E1071G,1071,E,G,RuvC-III,-0.3624552504181785,0,3,9,7,7
E1071K,1071,E,K,RuvC-III,0.1618277921500407,1,3,9,7,7
E1071Q,1071,E,Q,RuvC-III,-0.4428305099120353,0,8,9,7,7
E1071V,1071,E,V,RuvC-III,-0.8277159478576733,0,5,9,7,7
E108A,108,E,A,REC1a,-0.5118122796882909,0,5,2,0,2
E108D,108,E,D,REC1a,-0.6066756672512055,0,3,2,0,2
E108G,108,E,G,REC1a,-0.7956052456888824,0,2,2,0,2
E108K,108,E,K,REC1a,-0.3384780216890964,0,5,2,0,2
E108Q,108,E,Q,REC1a,-0.7452479049843398,0,5,2,0,2
E108V,108,E,V,REC1a,0.0869560205578955,1,1,2,0,2
E1099A,1099,E,A,WED,-0.2182904516902427,1,7,2,8,8
E1099D,1099,E,D,WED,-0.2657157294206146,0,1,2,8,8
E1099G,1099,E,G,WED,-0.3536672265478838,0,3,2,8,8
E1099K,1099,E,K,WED,-0.3958812708535102,0,7,2,8,8
E1099Q,1099,E,Q,WED,-0.9055556442704292,0,6,2,8,8
E1099V,1099,E,V,WED,0.5963303176596652,1,1,2,8,8
E109A,109,E,A,REC1a,-1.0868003070728065,0,5,4,0,2
E109D,109,E,D,REC1a,0.3357379657890567,1,2,4,0,2
E109G,109,E,G,REC1a,0.1976530823958932,1,7,4,0,2
E109K,109,E,K,REC1a,0.3337907493958407,1,6,4,0,2
E109Q,109,E,Q,REC1a,-0.1967239673029387,1,9,4,0,2
E109V,109,E,V,REC1a,0.6501652870933998,1,2,4,0,2
E1108A,1108,E,A,WED,-0.3482320154093264,0,9,3,8,8
E1108D,1108,E,D,WED,-0.1510923292460104,1,2,3,8,8
E1108G,1108,E,G,WED,-0.5777138615320935,0,7,3,8,8
E1108K,1108,E,K,WED,-0.0678047991185,1,4,3,8,8
E1108Q,1108,E,Q,WED,0.0935454665858028,1,1,3,8,8
E1108V,1108,E,V,WED,0.0513754432999112,1,9,3,8,8
E114A,114,E,A,REC1a,-0.3831152793450485,0,4,7,0,2
E114D,114,E,D,REC1a,-0.8439407321053944,0,6,7,0,2
E114G,114,E,G,REC1a,-0.2180560330745521,1,0,7,0,2
E114K,114,E,K,REC1a,0.4593564236823348,1,7,7,0,2
E114Q,114,E,Q,REC1a,0.9739295965120932,1,3,7,0,2
E114V,114,E,V,REC1a,0.938812815542314,1,8,7,0,2
E1150A,1150,E,A,WED,1.633028681104382,1,2,9,8,8
E1150D,1150,E,D,WED,0.0417175263698736,1,2,9,8,8
E1150G,1150,E,G,WED,0.2257609168596503,1,1,9,8,8
E1150K,1150,E,K,WED,-0.2629129679497444,1,6,9,8,8
E1150Q,1150,E,Q,WED,-0.4366800356864509,0,5,9,8,8
E1150V,1150,E,V,WED,-0.4270923113331888,0,3,9,8,8
E1162A,1162,E,A,WED,0.6310098847516452,1,0,0,8,8
E1162D,1162,E,D,WED,-0.2471021178013378,1,1,0,8,8
E1162G,1162,E,G,WED,-0.0626882555103919,1,5,0,8,8
E1162K,1162,E,K,WED,0.2788989675924901,1,8,0,8,8
E1162Q,1162,E,Q,WED,-1.396544278959533,0,0,0,8,8
E1162V,1162,E,V,WED,-0.2638078785562983,1,5,0,8,8
E1170A,1170,E,A,WED,-0.7827515297078579,0,0,3,8,8
E1170D,1170,E,D,WED,-0.0980476477371378,1,0,3,8,8
E1170G,1170,E,G,WED,-0.0848711435150397,1,2,3,8,8
E1170K,1170,E,K,WED,-0.6910776233969692,0,6,3,8,8
E1170Q,1170,E,Q,WED,-0.6695925645094052,0,5,3,8,8
E1170V,1170,E,V,WED,-0.5990952349927163,0,0,3,8,8
E1175A,1175,E,A,WED,-1.597274799296738,0,3,0,8,8
E1175D,1175,E,D,WED,-0.8682711218215229,0,1,0,8,8
E1175G,1175,E,G,WED,-0.2040967339816336,1,7,0,8,8
E1175K,1175,E,K,WED,-0.3886132028305574,0,0,0,8,8
E1175Q,1175,E,Q,WED,-0.3127615018688737,0,8,0,8,8
E1175V,1175,E,V,WED,-0.4075296118601367,0,2,0,8,8
E1183A,1183,E,A,WED,-0.8168824586457224,0,5,9,8,8
E1183D,1183,E,D,WED,-0.2214273593959755,1,5,9,8,8
E1183G,1183,E,G,WED,0.7950290986040427,1,8,9,8,8
E1183K,1183,E,K,WED,-0.1017537997905565,1,5,9,8,8
E1183Q,1183,E,Q,WED,-0.8387193939567626,0,0,9,8,8
E1183V,1183,E,V,WED,-0.2998825484214243,0,6,9,8,8
E1189A,1189,E,A,WED,-0.9238489160214918,0,4,9,8,8
E1189D,1189,E,D,WED,0.1729490396143979,1,2,9,8,8
E1189G,1189,E,G,WED,0.7109621341502262,1,1,9,8,8
E1189K,1189,E,K,WED,-0.2458902687114215,1,0,9,8,8
E1189Q,1189,E,Q,WED,1.1013318463398505,1,0,9,8,8
E1189V,1189,E,V,WED,-0.5536656525269082,0,2,9,8,8
E1205A,1205,E,A,TOPO,-1.3288719086226513,0,1,5,8,9
E1205D,1205,E,D,TOPO,-0.5849662717114013,0,9,5,8,9
E1205G,1205,E,G,TOPO,0.2204666823677837,1,5,5,8,9
E1205K,1205,E,K,TOPO,0.0044628125895278,1,8,5,8,9
E1205Q,1205,E,Q,TOPO,-0.7593028409203935,0,2,5,8,9
E1205V,1205,E,V,TOPO,0.7858501687429394,1,2,5,8,9
E1207A,1207,E,A,TOPO,-0.8527196791020656,0,6,2,8,9
E1207D,1207,E,D,TOPO,0.0210208948060488,1,3,2,8,9
E1207G,1207,E,G,TOPO,0.3596886536617601,1,5,2,8,9
E1207K,1207,E,K,TOPO,-0.2483924718870353,1,0,2,8,9
E1207Q,1207,E,Q,TOPO,-1.1748634364650703,0,6,2,8,9
E1207V,1207,E,V,TOPO,-0.3598626464563357,0,1,2,8,9
E1219A,1219,E,A,CTD-PI,-1.4638159850145376,0,4,4,8,10
E1219D,1219,E,D,CTD-PI,0.3632905800762085,1,0,4,8,10
E1219G,1219,E,G,CTD-PI,0.9512215142643063,1,8,4,8,10
E1219K,1219,E,K,CTD-PI,-0.104599238613492,1,6,4,8,10
E1219Q,1219,E,Q,CTD-PI,1.278512372725361,1,5,4,8,10
E1219V,1219,E,V,CTD-PI,-0.1716352335212275,1,6,4,8,10
E1225A,1225,E,A,CTD-PI,0.6411307179067757,1,4,6,8,10
E1225D,1225,E,D,CTD-PI,-0.2317587017925995,1,8,6,8,10
E1225G,1225,E,G,CTD-PI,-0.3035130571108591,0,4,6,8,10
E1225K,1225,E,K,CTD-PI,-0.3225875585087409,0,6,6,8,10
E1225Q,1225,E,Q,CTD-PI,0.540910441586397,1,8,6,8,10
E1225V,1225,E,V,CTD-PI,-0.0631307111867247,1,3,6,8,10
E1243A,1243,E,A,CTD-PI,-0.1563505125546399,1,0,6,9,10
E1243D,1243,E,D,CTD-PI,-0.4134204070938548,0,1,6,9,10
E1243G,1243,E,G,CTD-PI,0.6325946100431928,1,1,6,9,10
E1243K,1243,E,K,CTD-PI,0.6519675900703278,1,2,6,9,10
E1243Q,1243,E,Q,CTD-PI,-0.3085040457430348,0,1,6,9,10
E1243V,1243,E,V,CTD-PI,0.0176788872204085,1,9,6,9,10
E1250A,1250,E,A,CTD-PI,-0.5201122906181235,0,6,1,9,10
E1250D,1250,E,D,CTD-PI,-0.1110540359824523,1,2,1,9,10
E1250G,1250,E,G,CTD-PI,-0.4760649312759744,0,6,1,9,10
E1250K,1250,E,K,CTD-PI,-0.3801658784379033,0,7,1,9,10
E1250Q,1250,E,Q,CTD-PI,0.0284000526126247,1,8,1,9,10
E1250V,1250,E,V,CTD-PI,-0.1464555066318562,1,1,1,9,10
E1253A,1253,E,A,CTD-PI,-0.8036243890119926,0,1,1,9,10
E1253D,1253,E,D,CTD-PI,-0.5000369421680745,0,0,1,9,10
E1253G,1253,E,G,CTD-PI,-0.2335561035905309,1,5,1,9,10
E1253K,1253,E,K,CTD-PI,0.4376183631656813,1,0,1,9,10
E1253Q,1253,E,Q,CTD-PI,-1.3277574523195923,0,0,1,9,10
E1253V,1253,E,V,CTD-PI,-0.6458156738857368,0,1,1,9,10
E125A,125,E,A,REC1a,-0.3415413642021621,0,1,0,0,2
E125D,125,E,D,REC1a,-0.4979402649188774,0,5,0,0,2
E125G,125,E,G,REC1a,-0.8269681913724038,0,0,0,0,2
E125K,125,E,K,REC1a,-0.262472787917961,1,9,0,0,2
E125Q,125,E,Q,REC1a,-0.921982242004171,0,3,0,0,2
E125V,125,E,V,REC1a,-0.7721757185320248,0,2,0,0,2
E1260A,1260,E,A,CTD-PI,-0.9642524860632036,0,7,1,9,10
E1260D,1260,E,D,CTD-PI,0.2897052101719366,1,9,1,9,10
E1260G,1260,E,G,CTD-PI,-0.2632897409963099,1,6,1,9,10
E1260K,1260,E,K,CTD-PI,0.2667903267447865,1,3,1,9,10
E1260Q,1260,E,Q,CTD-PI,-1.3704021327489275,0,7,1,9,10
E1260V,1260,E,V,CTD-PI,0.0312878657460968,1,2,1,9,10
E1268A,1268,E,A,CTD-PI,-0.1979661284776983,1,2,3,9,10
E1268D,1268,E,D,CTD-PI,-0.475096339528817,0,8,3,9,10
E1268G,1268,E,G,CTD-PI,-0.563021471252001,0,2,3,9,10
E1268K,1268,E,K,CTD-PI,-0.2424779880136747,1,3,3,9,10
E1268Q,1268,E,Q,CTD-PI,2.12371240704973,1,2,3,9,10
E1268V,1268,E,V,CTD-PI,-0.4085331144173567,0,5,3,9,10
E1271A,1271,E,A,CTD-PI,-0.2297043653894203,1,9,1,9,10
E1271D,1271,E,D,CTD-PI,-0.2568496554320101,1,8,1,9,10
E1271G,1271,E,G,CTD-PI,-0.2970596331911849,0,8,1,9,10
E1271K,1271,E,K,CTD-PI,-0.3589023076059589,0,7,1,9,10
E1271Q,1271,E,Q,CTD-PI,-0.1057031709470531,1,5,1,9,10
E1271V,1271,E,V,CTD-PI,-0.5365781145544933,0,5,1,9,10
E1275A,1275,E,A,CTD-PI,-0.441302873868701,0,1,7,9,10
E1275D,1275,E,D,CTD-PI,0.1518459194845582,1,6,7,9,10
E1275G,1275,E,G,CTD-PI,0.1374898596122487,1,2,7,9,10
E1275K,1275,E,K,CTD-PI,-0.1575465364262104,1,3,7,9,10
E1275Q,1275,E,Q,CTD-PI,0.2756383095628927,1,7,7,9,10
E1275V,1275,E,V,CTD-PI,2.552283376031962,1,7,7,9,10
E1304A,1304,E,A,CTD-PI,-0.5189130287315791,0,3,1,9,10
E1304D,1304,E,D,CTD-PI,-0.2190848219721492,1,8,1,9,10
E1304G,1304,E,G,CTD-PI,-0.5749470636459071,0,6,1,9,10
E1304K,1304,E,K,CTD-PI,-0.3568943577864353,0,4,1,9,10
E1304Q,1304,E,Q,CTD-PI,-1.0551775806965698,0,0,1,9,10
E1304V,1304,E,V,CTD-PI,0.0046489273254339,1,6,1,9,10
E1307A,1307,E,A,CTD-PI,-0.5706581417761175,0,2,3,9,10
E1307D,1307,E,D,CTD-PI,-0.4015278735281247,0,8,3,9,10
E1307G,1307,E,G,CTD-PI,-0.3253513284916677,0,1,3,9,10
E1307K,1307,E,K,CTD-PI,0.1011139307574057,1,0,3,9,10
E1307Q,1307,E,Q,CTD-PI,-1.0136876190834443,0,7,3,9,10
E1307V,1307,E,V,CTD-PI,0.0423187351146352,1,0,3,9,10
E130A,130,E,A,REC1a,-0.3290963605491558,0,6,8,0,2
E130D,130,E,D,REC1a,-0.5094581835039284,0,8,8,0,2
E130G,130,E,G,REC1a,-0.0224350223151037,1,2,8,0,2
E130K,130,E,K,REC1a,0.0064031864501447,1,5,8,0,2
E130Q,130,E,Q,REC1a,-0.2092030399355623,1,2,8,0,2
E130V,130,E,V,REC1a,-0.2550957791053789,1,8,8,0,2
E1341A,1341,E,A,CTD-PI,-0.77039168576003,0,3,3,9,10
E1341D,1341,E,D,CTD-PI,-0.0252015117725432,1,3,3,9,10
E1341G,1341,E,G,CTD-PI,0.0575089415633204,1,6,3,9,10
E1341K,1341,E,K,CTD-PI,-0.8494417426355012,0,0,3,9,10
E1341Q,1341,E,Q,CTD-PI,1.0574488529730175,1,9,3,9,10
E1341V,1341,E,V,CTD-PI,-0.1776935362592688,1,8,3,9,10
E1357A,1357,E,A,CTD-PI,0.2213927708321723,1,4,0,9,10
E1357D,1357,E,D,CTD-PI,-0.0295857189420188,1,2,0,9,10
E1357G,1357,E,G,CTD-PI,-0.4331106631420609,0,5,0,9,10
E1357K,1357,E,K,CTD-PI,0.2093277133346134,1,7,0,9,10
E1357Q,1357,E,Q,CTD-PI,0.6429808907808041,1,3,0,9,10
E1357V,1357,E,V,CTD-PI,0.0076973549808802,1,4,0,9,10
E171A,171,E,A,REC1a,-0.6968778285769985,0,8,2,1,2
E171D,171,E,D,REC1a,-0.675333747314803,0,0,2,1,2
E171G,171,E,G,REC1a,0.2736510529318379,1,4,2,1,2
E171K,171,E,K,REC1a,-0.2191089820386265,1,1,2,1,2
E171Q,171,E,Q,REC1a,-0.4992169012313622,0,1,2,1,2
E171V,171,E,V,REC1a,-0.6608350786514677,0,7,2,1,2
E197A,197,E,A,REC2,-0.1001825391322244,1,6,9,1,3
E197D,197,E,D,REC2,0.009806037287943,1,2,9,1,3
E197G,197,E,G,REC2,-0.1887192137338818,1,5,9,1,3
E197K,197,E,K,REC2,-0.3835056680490237,0,4,9,1,3
E197Q,197,E,Q,REC2,-0.9483175612706576,0,6,9,1,3
E197V,197,E,V,REC2,-0.1775246276653893,1,2,9,1,3
E198A,198,E,A,REC2,-0.4138388518457895,0,1,3,1,3
E198D,198,E,D,REC2,-0.0107193500343806,1,0,3,1,3
E198G,198,E,G,REC2,-0.0123478844048935,1,6,3,1,3
E198K,198,E,K,REC2,0.2182931277518548,1,9,3,1,3
E198Q,198,E,Q,REC2,1.7952671555432946,1,5,3,1,3
E198V,198,E,V,REC2,-0.2332666062039683,1,6,3,1,3
E223A,223,E,A,REC2,2.227578175935107,1,0,5,1,3
E223D,223,E,D,REC2,-0.7463691658645127,0,0,5,1,3
E223G,223,E,G,REC2,-0.2264534549596007,1,6,5,1,3
E223K,223,E,K,REC2,-0.534686331526415,0,0,5,1,3
E223Q,223,E,Q,REC2,-1.4091554494425558,0,3,5,1,3
E223V,223,E,V,REC2,-0.6556081590821431,0,5,5,1,3
E232A,232,E,A,REC2,1.3276527634934128,1,1,9,1,3
E232D,232,E,D,REC2,0.1098081351097284,1,9,9,1,3
E232G,232,E,G,REC2,-0.3389235027813954,0,5,9,1,3
E232K,232,E,K,REC2,-0.1618010146761998,1,7,9,1,3
E232Q,232,E,Q,REC2,-0.4220293643783046,0,2,9,1,3
E232V,232,E,V,REC2,0.3511754863468362,1,5,9,1,3
E24A,24,E,A,RuvC-I,-0.1341316739438278,1,6,3,0,0
E24D,24,E,D,RuvC-I,-0.9899545441871662,0,3,3,0,0
E24G,24,E,G,RuvC-I,-0.7011722666677217,0,7,3,0,0
E24K,24,E,K,RuvC-I,-0.0329400706920957,1,1,3,0,0
E24Q,24,E,Q,RuvC-I,-0.8930695323982444,0,3,3,0,0
E24V,24,E,V,RuvC-I,-0.844625056748843,0,5,3,0,0
E260A,260,E,A,REC2,-0.2009211473245702,1,9,5,1,3
E260D,260,E,D,REC2,-0.2540753598078531,1,7,5,1,3
E260G,260,E,G,REC2,0.0214712740118778,1,1,5,1,3
E260K,260,E,K,REC2,-0.4052222459003338,0,9,5,1,3
E260Q,260,E,Q,REC2,1.00015215602779,1,9,5,1,3
E260V,260,E,V,REC2,0.0335441063124528,1,4,5,1,3
E311A,311,E,A,REC1b,0.2982804842105692,1,3,1,2,4
E311D,311,E,D,REC1b,-0.2839036153288864,0,0,1,2,4
E311G,311,E,G,REC1b,-0.3572670569493771,0,6,1,2,4
E311K,311,E,K,REC1b,0.404649571796134,1,0,1,2,4
E311Q,311,E,Q,REC1b,0.0726678122448491,1,6,1,2,4
E311V,311,E,V,REC1b,0.7237534361557239,1,9,1,2,4
E327A,327,E,A,REC1b,-1.1825140718510792,0,5,3,2,4
E327D,327,E,D,REC1b,0.2203622493070227,1,5,3,2,4
E327G,327,E,G,REC1b,-0.0269594150558076,1,2,3,2,4
E327K,327,E,K,REC1b,0.0270527287072379,1,6,3,2,4
E327Q,327,E,Q,REC1b,-0.2799519203441514,0,7,3,2,4
E327V,327,E,V,REC1b,-0.6950680770441853,0,1,3,2,4
E345A,345,E,A,REC1b,0.3359333111229889,1,7,8,2,4
E345D,345,E,D,REC1b,-0.6162907995086992,0,9,8,2,4
E345G,345,E,G,REC1b,0.4793743910646151,1,9,8,2,4
E345K,345,E,K,REC1b,-0.3852265285536828,0,1,8,2,4
E345Q,345,E,Q,REC1b,0.4885899338250261,1,5,8,2,4
E345V,345,E,V,REC1b,0.0375920365532427,1,4,8,2,4
E349A,349,E,A,REC1b,0.1800138453249892,1,6,6,2,4
E349D,349,E,D,REC1b,0.321619261561682,1,7,6,2,4
E349G,349,E,G,REC1b,-0.1183274292447573,1,1,6,2,4
E349K,349,E,K,REC1b,-0.1079000614920919,1,5,6,2,4
E349Q,349,E,Q,REC1b,-0.4828538653326326,0,7,6,2,4
E349V,349,E,V,REC1b,-0.4980580597876484,0,5,6,2,4
E370A,370,E,A,REC1b,-0.8818039255012279,0,0,7,2,4
E370D,370,E,D,REC1b,-0.2316141307205775,1,0,7,2,4
E370G,370,E,G,REC1b,-0.6279826978287687,0,6,7,2,4
E370K,370,E,K,REC1b,0.5898570783594017,1,0,7,2,4
E370Q,370,E,Q,REC1b,-0.5486434703375325,0,6,7,2,4
E370V,370,E,V,REC1b,-0.7653620172791228,0,4,7,2,4
E371A,371,E,A,REC1b,-1.3792586513637728,0,3,3,2,4
E371D,371,E,D,REC1b,-0.2908630593061369,0,2,3,2,4
E371G,371,E,G,REC1b,-0.1323439108932561,1,1,3,2,4
E371K,371,E,K,REC1b,-0.1333777222265982,1,7,3,2,4
E371Q,371,E,Q,REC1b,-0.6670597180040614,0,0,3,2,4
E371V,371,E,V,REC1b,-0.964221152084929,0,3,3,2,4
E381A,381,E,A,REC1b,0.7718826744925568,1,7,4,2,4
E381D,381,E,D,REC1b,0.2718212668827285,1,2,4,2,4
E381G,381,E,G,REC1b,-0.3574003424524096,0,6,4,2,4
E381K,381,E,K,REC1b,-0.3004264486886938,0,6,4,2,4
E381Q,381,E,Q,REC1b,0.1791476522361103,1,3,4,2,4
E381V,381,E,V,REC1b,-0.054087925732394,1,5,4,2,4
E387A,387,E,A,REC1b,-0.3048327718674678,0,4,3,2,4
E387D,387,E,D,REC1b,-0.2476519584679753,1,4,3,2,4
E387G,387,E,G,REC1b,-0.350275742628635,0,0,3,2,4
E387K,387,E,K,REC1b,0.0316657666184194,1,1,3,2,4
E387Q,387,E,Q,REC1b,-0.5532967341027367,0,9,3,2,4
E387V,387,E,V,REC1b,-0.7454053632534491,0,1,3,2,4
E388A,388,E,A,REC1b,-0.5089678884988094,0,8,9,2,4
E388D,388,E,D,REC1b,0.9340212354184292,1,2,9,2,4
E388G,388,E,G,REC1b,1.073077128840053,1,6,9,2,4
E388K,388,E,K,REC1b,-0.4186609801050248,0,5,9,2,4
E388Q,388,E,Q,REC1b,0.2769591262184601,1,9,9,2,4
E388V,388,E,V,REC1b,-0.1282002913047115,1,7,9,2,4
E396A,396,E,A,REC1b,-1.237115701086241,0,7,2,2,4
E396D,396,E,D,REC1b,0.2488507179962303,1,3,2,2,4
E396G,396,E,G,REC1b,-0.0325769445625913,1,1,2,2,4
E396K,396,E,K,REC1b,-0.5707559800352888,0,9,2,2,4
E396Q,396,E,Q,REC1b,-0.4292835540824084,0,5,2,2,4
E396V,396,E,V,REC1b,-0.4911397314717992,0,8,2,2,4
E418A,418,E,A,REC1b,-0.8431375219174775,0,4,5,3,4
E418D,418,E,D,REC1b,-0.507725550395272,0,5,5,3,4
E418G,418,E,G,REC1b,0.0009443346340893,1,6,5,3,4
E418K,418,E,K,REC1b,-0.4857926541264766,0,6,5,3,4
E418Q,418,E,Q,REC1b,-0.9633716194740336,0,7,5,3,4
E418V,418,E,V,REC1b,-0.5533434723280788,0,0,5,3,4
E427A,427,E,A,REC1b,-0.8591132042652767,0,1,9,3,4
E427D,427,E,D,REC1b,-0.5748530848085582,0,4,9,3,4
E427G,427,E,G,REC1b,-0.325681004184203,0,3,9,3,4
E427K,427,E,K,REC1b,-0.5867071061164807,0,2,9,3,4
E427Q,427,E,Q,REC1b,0.9925287835777182,1,8,9,3,4
E427V,427,E,V,REC1b,-0.8061201166513928,0,4,9,3,4
E438A,438,E,A,REC1b,-0.6347547448239734,0,0,8,3,4
E438D,438,E,D,REC1b,-0.7212141252374435,0,4,8,3,4
E438G,438,E,G,REC1b,-0.6299776045621015,0,2,8,3,4
E438K,438,E,K,REC1b,-0.4084560646414001,0,9,8,3,4
E438Q,438,E,Q,REC1b,-1.0818565300301404,0,4,8,3,4
E438V,438,E,V,REC1b,-0.1152425221826653,1,4,8,3,4
E441A,441,E,A,REC1b,-0.4971054216278025,0,0,4,3,4
E441D,441,E,D,REC1b,-0.5864994494072845,0,4,4,3,4
E441G,441,E,G,REC1b,-0.4028178260390401,0,4,4,3,4
E441K,441,E,K,REC1b,0.1537180101123685,1,0,4,3,4
E441Q,441,E,Q,REC1b,1.2405017762544348,1,6,4,3,4
E441V,441,E,V,REC1b,-0.2985597422457222,0,4,4,3,4
E470A,470,E,A,REC1b,0.1197136270365464,1,8,2,3,4
E470D,470,E,D,REC1b,-0.0524132350166939,1,8,2,3,4
E470G,470,E,G,REC1b,0.1622183555510818,1,6,2,3,4
E470K,470,E,K,REC1b,-0.2515069106744624,1,4,2,3,4
E470Q,470,E,Q,REC1b,-0.8388560042324966,0,4,2,3,4
E470V,470,E,V,REC1b,0.3470048477858335,1,3,2,3,4
E471A,471,E,A,REC1b,0.0984150370770496,1,7,5,3,4
E471D,471,E,D,REC1b,-0.2112519317462055,1,8,5,3,4
E471G,471,E,G,REC1b,-0.6000764092745207,0,2,5,3,4
E471K,471,E,K,REC1b,0.2558379237512417,1,2,5,3,4
E471Q,471,E,Q,REC1b,-0.495746027010694,0,6,5,3,4
E471V,471,E,V,REC1b,0.3094301345410095,1,0,5,3,4
E479A,479,E,A,REC1b,-0.6735429517315541,0,4,6,3,4
E479D,479,E,D,REC1b,-0.2704327866272019,0,7,6,3,4
E479G,479,E,G,REC1b,-0.2576387086351782,1,6,6,3,4
E479K,479,E,K,REC1b,-0.99812496022345,0,2,6,3,4
E479Q,479,E,Q,REC1b,-0.1640321989770509,1,3,6,3,4
E479V,479,E,V,REC1b,1.5552757387643268,1,8,6,3,4
E480A,480,E,A,REC1b,-0.348322374911413,0,2,9,3,4
E480D,480,E,D,REC1b,-0.030421977825621,1,4,9,3,4
E480G,480,E,G,REC1b,-0.7574350402331516,0,5,9,3,4
E480K,480,E,K,REC1b,-0.249469960150235,1,4,9,3,4
E480Q,480,E,Q,REC1b,0.4486558921526106,1,9,9,3,4
E480V,480,E,V,REC1b,1.0451589810009838,1,3,9,3,4
E493A,493,E,A,REC1b,0.1793612220964362,1,3,4,3,4
E493D,493,E,D,REC1b,0.2663590024112622,1,8,4,3,4
E493G,493,E,G,REC1b,0.5544006534433612,1,6,4,3,4
E493K,493,E,K,REC1b,-0.4102556992607913,0,4,4,3,4
E493Q,493,E,Q,REC1b,-0.101578072646794,1,8,4,3,4
E493V,493,E,V,REC1b,-0.1366469012471082,1,4,4,3,4
E505A,505,E,A,REC1b,-1.0905574802017912,0,3,5,3,4
E505D,505,E,D,REC1b,-0.8324515154714628,0,6,5,3,4
E505G,505,E,G,REC1b,0.019031858013046,1,0,5,3,4
E505K,505,E,K,REC1b,-0.6764633999611098,0,0,5,3,4
E505Q,505,E,Q,REC1b,1.7038813811515747,1,5,5,3,4
E505V,505,E,V,REC1b,0.0943602357159939,1,8,5,3,4
E516A,516,E,A,REC1b,-0.8910831948863022,0,9,2,3,4
E516D,516,E,D,REC1b,-0.0342604286614904,1,7,2,3,4
E516G,516,E,G,REC1b,-0.528513115501594,0,2,2,3,4
E516K,516,E,K,REC1b,-0.6784199370353861,0,2,2,3,4
E516Q,516,E,Q,REC1b,0.1368311318972448,1,8,2,3,4
E516V,516,E,V,REC1b,-0.6581060229086884,0,8,2,3,4
E523A,523,E,A,REC1b,-1.3859578077365926,0,3,2,3,4
E523D,523,E,D,REC1b,-0.0494107359776104,1,9,2,3,4
E523G,523,E,G,REC1b,-0.3761100217802453,0,5,2,3,4
E523K,523,E,K,REC1b,0.4780466590530246,1,9,2,3,4
E523Q,523,E,Q,REC1b,0.2804267656953365,1,5,2,3,4
E523V,523,E,V,REC1b,0.2693940208759617,1,4,2,3,4
E532A,532,E,A,REC1b,-0.6280285556442802,0,4,0,3,4
E532D,532,E,D,REC1b,-0.3202184539591473,0,0,0,3,4
E532G,532,E,G,REC1b,-0.0493999886451743,1,0,0,3,4
E532K,532,E,K,REC1b,-0.0821670830690728,1,3,0,3,4
E532Q,532,E,Q,REC1b,-0.5707450473658863,0,5,0,3,4
E532V,532,E,V,REC1b,-0.1189409218982514,1,4,0,3,4
E543A,543,E,A,REC1b,0.1164520599647673,1,1,5,3,4
E543D,543,E,D,REC1b,-0.2283939786753523,1,7,5,3,4
E543G,543,E,G,REC1b,-0.1180131936722556,1,5,5,3,4
E543K,543,E,K,REC1b,-0.1805526074547492,1,5,5,3,4
E543Q,543,E,Q,REC1b,0.1082448944441263,1,9,5,3,4
E543V,543,E,V,REC1b,-0.4830100104515041,0,4,5,3,4
E566A,566,E,A,REC1b,0.2911384339113272,1,8,6,4,4
E566D,566,E,D,REC1b,-0.4906357394974833,0,4,6,4,4
E566G,566,E,G,REC1b,-0.5091193132059648,0,0,6,4,4
E566K,566,E,K,REC1b,-0.2864456239330321,0,1,6,4,4
E566Q,566,E,Q,REC1b,0.74864134189104,1,5,6,4,4
E566V,566,E,V,REC1b,-0.4141183005275412,0,3,6,4,4
E573A,573,E,A,REC1b,-0.2652773385288951,1,6,4,4,4
E573D,573,E,D,REC1b,0.4530427376345341,1,8,4,4,4
E573G,573,E,G,REC1b,0.3987615075448523,1,2,4,4,4
E573K,573,E,K,REC1b,-0.1215813406360776,1,2,4,4,4
E573Q,573,E,Q,REC1b,-0.3899230303493079,0,0,4,4,4
E573V,573,E,V,REC1b,-0.3026994972796389,0,6,4,4,4
E579A,579,E,A,REC1b,-0.2002190709247514,1,8,6,4,4
E579D,579,E,D,REC1b,-0.4691500630702921,0,7,6,4,4
E579G,579,E,G,REC1b,-0.5157208966526807,0,6,6,4,4
E579K,579,E,K,REC1b,0.0153784681254854,1,2,6,4,4
E579Q,579,E,Q,REC1b,-0.3531164452163282,0,1,6,4,4
E579V,579,E,V,REC1b,-0.1250446804679765,1,6,6,4,4
E57A,57,E,A,RuvC-I,0.1524236099477973,1,8,5,0,0
E57D,57,E,D,RuvC-I,-0.6731150603990395,0,5,5,0,0
E57G,57,E,G,RuvC-I,-0.3256236868568468,0,4,5,0,0
E57K,57,E,K,RuvC-I,-0.4215797783776753,0,1,5,0,0
E57Q,57,E,Q,RuvC-I,0.452889339538466,1,5,5,0,0
E57V,57,E,V,RuvC-I,0.1378753013786424,1,6,5,0,0
E584A,584,E,A,REC1b,0.1602839958456779,1,7,8,4,4
E584D,584,E,D,REC1b,-0.3090754153965525,0,5,8,4,4
E584G,584,E,G,REC1b,-0.2423962969131831,1,2,8,4,4
E584K,584,E,K,REC1b,-0.6809736481895798,0,3,8,4,4
E584Q,584,E,Q,REC1b,-1.189900257878196,0,6,8,4,4
E584V,584,E,V,REC1b,-0.0439490563719298,1,1,8,4,4
E60A,60,E,A,BridgeHelix,-0.5448041659573156,0,0,6,0,1
E60D,60,E,D,BridgeHelix,0.175152281821394,1,6,6,0,1
E60G,60,E,G,BridgeHelix,-0.154857647641302,1,9,6,0,1
E60K,60,E,K,BridgeHelix,-0.846832407786639,0,6,6,0,1
E60Q,60,E,Q,BridgeHelix,-1.6597468551861438,0,3,6,0,1
E60V,60,E,V,BridgeHelix,-0.5772256436496933,0,2,6,0,1
E610A,610,E,A,REC1b,-0.0938212893345367,1,4,6,4,4
E610D,610,E,D,REC1b,-0.1253260676493476,1,8,6,4,4
E610G,610,E,G,REC1b,0.3350220094693379,1,9,6,4,4
E610K,610,E,K,REC1b,-0.2691286067829142,0,4,6,4,4
E610Q,610,E,Q,REC1b,-0.4215642276006807,0,4,6,4,4
E610V,610,E,V,REC1b,-0.5214863969411296,0,4,6,4,4
E611A,611,E,A,REC1b,-0.1832275898025435,1,3,9,4,4
E611D,611,E,D,REC1b,-0.580469275542408,0,4,9,4,4
E611G,611,E,G,REC1b,0.6858415403710079,1,4,9,4,4
E611K,611,E,K,REC1b,1.3161605373476408,1,9,9,4,4
E611Q,611,E,Q,REC1b,-0.4800381635988823,0,6,9,4,4
E611V,611,E,V,REC1b,-0.110296067348692,1,5,9,4,4
E613A,613,E,A,REC1b,-0.5453115985891662,0,3,9,4,4
E613D,613,E,D,REC1b,0.0545467145557097,1,5,9,4,4
E613G,613,E,G,REC1b,-0.0543252460770241,1,9,9,4,4
E613K,613,E,K,REC1b,-0.8373950594022438,0,6,9,4,4
E613Q,613,E,Q,REC1b,0.4142209582719477,1,5,9,4,4
E613V,613,E,V,REC1b,-0.2309303127551519,1,5,9,4,4
E617A,617,E,A,REC1b,0.0827249798741481,1,7,8,4,4
E617D,617,E,D,REC1b,0.6054360991251727,1,2,8,4,4
E617G,617,E,G,REC1b,-0.0632011229607815,1,1,8,4,4
E617K,617,E,K,REC1b,-1.1671777120853408,0,3,8,4,4
E617Q,617,E,Q,REC1b,-0.3629021829597087,0,2,8,4,4
E617V,617,E,V,REC1b,-0.2311137966311366,1,4,8,4,4
E627A,627,E,A,REC1b,-0.0058300511624808,1,5,3,4,4
E627D,627,E,D,REC1b,0.2868548341710278,1,6,3,4,4
E627G,627,E,G,REC1b,0.1168764706593736,1,4,3,4,4
E627K,627,E,K,REC1b,-0.1049431900355933,1,3,3,4,4
E627Q,627,E,Q,REC1b,0.1336898723080652,1,3,3,4,4
E627V,627,E,V,REC1b,0.6462466454172123,1,1,3,4,4
E630A,630,E,A,REC1b,-0.5445583480462622,0,5,7,4,4
E630D,630,E,D,REC1b,0.2575969847064391,1,2,7,4,4
E630G,630,E,G,REC1b,-0.1095524325348222,1,5,7,4,4
E630K,630,E,K,REC1b,-0.5457587082767894,0,0,7,4,4
E630Q,630,E,Q,REC1b,-0.4745786458953911,0,0,7,4,4
E630V,630,E,V,REC1b,-0.2405521611561624,1,2,7,4,4
E633A,633,E,A,REC1b,-0.318568091417792,0,8,2,4,4
E633D,633,E,D,REC1b,-0.2206857907734657,1,7,2,4,4
E633G,633,E,G,REC1b,0.0731054147955418,1,1,2,4,4
E633K,633,E,K,REC1b,-0.0244226624312819,1,9,2,4,4
E633Q,633,E,Q,REC1b,0.077071084906698,1,9,2,4,4
E633V,633,E,V,REC1b,0.3480081748570166,1,9,2,4,4
E634A,634,E,A,REC1b,-0.8469600482470245,0,8,3,4,4
E634D,634,E,D,REC1b,0.2592986059624105,1,7,3,4,4
E634G,634,E,G,REC1b,0.4705221416091459,1,3,3,4,4
E634K,634,E,K,REC1b,-0.3603597204575398,0,2,3,4,4
E634Q,634,E,Q,REC1b,-1.6516994955114797,0,0,3,4,4
E634V,634,E,V,REC1b,-0.4232053318670716,0,2,3,4,4
E706A,706,E,A,REC1b,0.4170919787202285,1,8,4,5,4
E706D,706,E,D,REC1b,-0.2120474008812714,1,2,4,5,4
E706G,706,E,G,REC1b,-0.6793708607810627,0,6,4,5,4
E706K,706,E,K,REC1b,-0.6093029088264946,0,5,4,5,4
E706Q,706,E,Q,REC1b,-0.2247065231117871,1,0,4,5,4
E706V,706,E,V,REC1b,0.0119505155838844,1,7,4,5,4
E722A,722,E,A,RuvC-II,-0.6054750133783702,0,4,0,5,5
E722D,722,E,D,RuvC-II,0.1950487598414458,1,1,0,5,5
E722G,722,E,G,RuvC-II,-0.5135525239373309,0,4,0,5,5
E722K,722,E,K,RuvC-II,0.0394876503703451,1,0,0,5,5
E722Q,722,E,Q,RuvC-II,-0.2459896013896391,1,5,0,5,5
E722V,722,E,V,RuvC-II,-0.253489684634828,1,1,0,5,5
E746A,746,E,A,RuvC-II,-1.0534948901683177,0,8,9,5,5
E746D,746,E,D,RuvC-II,-0.4963308865172681,0,0,9,5,5
E746G,746,E,G,RuvC-II,-0.6399832451204341,0,0,9,5,5
E746K,746,E,K,RuvC-II,-0.5312607563659635,0,4,9,5,5
E746Q,746,E,Q,RuvC-II,0.5211409415938562,1,1,9,5,5
E746V,746,E,V,RuvC-II,-0.9391622146893224,0,0,9,5,5
E757A,757,E,A,RuvC-II,1.081978107963648,1,1,1,5,5
E757D,757,E,D,RuvC-II,-0.2882045272648941,0,8,1,5,5
E757G,757,E,G,RuvC-II,-0.1590299915401467,1,9,1,5,5
E757K,757,E,K,RuvC-II,-0.3501057139577385,0,1,1,5,5
E757Q,757,E,Q,RuvC-II,1.1353211132125032,1,8,1,5,5
E757V,757,E,V,RuvC-II,-0.5260680058705495,0,6,1,5,5
E762A,762,E,A,RuvC-II,-0.2662608750172767,0,1,0,5,5
E762D,762,E,D,RuvC-II,-0.7888605649908946,0,9,0,5,5
E762G,762,E,G,RuvC-II,-0.3801625092498958,0,6,0,5,5
E762K,762,E,K,RuvC-II,-0.4570043988441708,0,3,0,5,5
E762Q,762,E,Q,RuvC-II,-0.3104289695977599,0,1,0,5,5
E762V,762,E,V,RuvC-II,-0.5078844675156129,0,9,0,5,5
E766A,766,E,A,HNH,-0.4347132639050162,0,2,3,5,6
E766D,766,E,D,HNH,-0.277830817085914,0,8,3,5,6
E766G,766,E,G,HNH,-0.436732431541668,0,9,3,5,6
E766K,766,E,K,HNH,-0.5242590918819762,0,9,3,5,6
E766Q,766,E,Q,HNH,1.0599141883376115,1,5,3,5,6
E766V,766,E,V,HNH,-0.4753552484023619,0,2,3,5,6
E779A,779,E,A,HNH,-0.3831067099298157,0,0,8,5,6
E779D,779,E,D,HNH,-0.601267749889306,0,7,8,5,6
E779G,779,E,G,HNH,0.0416321905413221,1,8,8,5,6
E779K,779,E,K,HNH,-0.657959060309906,0,1,8,5,6
E779Q,779,E,Q,HNH,1.906393160735964,1,0,8,5,6
E779V,779,E,V,HNH,-0.2601180224084097,1,2,8,5,6
E785A,785,E,A,HNH,-0.0597753556353365,1,3,0,5,6
E785D,785,E,D,HNH,-0.5756518016051467,0,8,0,5,6
E785G,785,E,G,HNH,0.0836774344457845,1,9,0,5,6
E785K,785,E,K,HNH,1.1384347828739727,1,2,0,5,6
E785Q,785,E,Q,HNH,-0.1264949966165712,1,6,0,5,6
E785V,785,E,V,HNH,-0.4017493927244571,0,4,0,5,6
E786A,786,E,A,HNH,-0.5429393947136751,0,0,0,5,6
E786D,786,E,D,HNH,0.0493460951074671,1,3,0,5,6
E786G,786,E,G,HNH,0.0205433785970296,1,9,0,5,6
E786K,786,E,K,HNH,-0.5824741488721877,0,7,0,5,6
E786Q,786,E,Q,HNH,-2.348984018652409,0,3,0,5,6
E786V,786,E,V,HNH,-0.0965377245254958,1,0,0,5,6
E790A,790,E,A,HNH,-0.934549355406876,0,2,4,5,6
E790D,790,E,D,HNH,-0.2476234487927967,1,7,4,5,6
E790G,790,E,G,HNH,-0.5962268222688449,0,2,4,5,6
E790K,790,E,K,HNH,-0.0172342862066674,1,6,4,5,6
E790Q,790,E,Q,HNH,-0.8082873959351707,0,5,4,5,6
E790V,790,E,V,HNH,0.018800551294303,1,0,4,5,6
E798A,798,E,A,HNH,-0.90896670025781,0,1,7,5,6
E798D,798,E,D,HNH,-1.600047297191048,0,0,7,5,6
E798G,798,E,G,HNH,1.1453054986562268,1,3,7,5,6
E798K,798,E,K,HNH,-0.2255144314929233,1,5,7,5,6
E798Q,798,E,Q,HNH,0.1203961666897644,1,9,7,5,6
E798V,798,E,V,HNH,-0.2240084095599327,1,3,7,5,6
E802A,802,E,A,HNH,0.6498088449614312,1,9,7,5,6
E802D,802,E,D,HNH,0.1648457167873296,1,2,7,5,6
E802G,802,E,G,HNH,0.5365982345134402,1,6,7,5,6
E802K,802,E,K,HNH,-0.1102826319943635,1,3,7,5,6
E802Q,802,E,Q,HNH,-0.4428579710812343,0,6,7,5,6
E802V,802,E,V,HNH,0.2078042980823178,1,6,7,5,6
E809A,809,E,A,HNH,-2.746325659089831,0,8,0,5,6
E809D,809,E,D,HNH,0.1810105371665664,1,9,0,5,6
E809G,809,E,G,HNH,-0.984774426645351,0,6,0,5,6
E809K,809,E,K,HNH,-0.3050165826436416,0,6,0,5,6
E809Q,809,E,Q,HNH,-0.6734872634680342,0,2,0,5,6
E809V,809,E,V,HNH,-0.8279394246434826,0,1,0,5,6
E827A,827,E,A,HNH,-1.5863192753639053,0,0,4,6,6
E827D,827,E,D,HNH,-0.0436780764313472,1,0,4,6,6
E827G,827,E,G,HNH,-0.2528955416387133,1,5,4,6,6
E827K,827,E,K,HNH,-0.4932457780796166,0,5,4,6,6
E827Q,827,E,Q,HNH,0.1383668159403608,1,8,4,6,6
E827V,827,E,V,HNH,-0.5159299474725072,0,1,4,6,6
E84A,84,E,A,BridgeHelix,-0.913158522408228,0,8,9,0,1
E84D,84,E,D,BridgeHelix,-0.4852077581823871,0,8,9,0,1
E84G,84,E,G,BridgeHelix,0.0868414775917716,1,8,9,0,1
E84K,84,E,K,BridgeHelix,2.3617520011093287,1,9,9,0,1
E84Q,84,E,Q,BridgeHelix,-0.3285634997580565,0,2,9,0,1
E84V,84,E,V,BridgeHelix,-0.0551775272806559,1,5,9,0,1
E873A,873,E,A,HNH,-0.1416913060929655,1,3,1,6,6
E873D,873,E,D,HNH,0.0390904282168101,1,5,1,6,6
E873G,873,E,G,HNH,-0.1773670376969617,1,1,1,6,6
E873K,873,E,K,HNH,-0.5982934904480548,0,9,1,6,6
E873Q,873,E,Q,HNH,-0.4148615906669932,0,7,1,6,6
E873V,873,E,V,HNH,0.1657372190992819,1,2,1,6,6
E874A,874,E,A,HNH,-0.2667208718833532,0,7,5,6,6
E874D,874,E,D,HNH,-0.0448181808667506,1,5,5,6,6
E874G,874,E,G,HNH,-0.1733703955486439,1,1,5,6,6
E874K,874,E,K,HNH,-0.7436423481505993,0,1,5,6,6
E874Q,874,E,Q,HNH,-0.1956740549116443,1,6,5,6,6
E874V,874,E,V,HNH,0.9248992006582782,1,3,5,6,6
E89A,89,E,A,BridgeHelix,0.8065279839671816,1,4,1,0,1
E89D,89,E,D,BridgeHelix,-0.143159776004162,1,8,1,0,1
E89G,89,E,G,BridgeHelix,-0.99976963130738,0,9,1,0,1
E89K,89,E,K,BridgeHelix,-0.6617792547905624,0,8,1,0,1
E89Q,89,E,Q,BridgeHelix,0.6716444789346293,1,3,1,0,1
E89V,89,E,V,BridgeHelix,-0.0455733209205048,1,6,1,0,1
E904A,904,E,A,HNH,0.3985301570163911,1,7,4,6,6
E904D,904,E,D,HNH,-0.0729662131193145,1,5,4,6,6
E904G,904,E,G,HNH,0.6603213959995531,1,2,4,6,6
E904K,904,E,K,HNH,-0.6107292050565826,0,3,4,6,6
E904Q,904,E,Q,HNH,0.3043818973569043,1,1,4,6,6
E904V,904,E,V,HNH,-0.0725643791464862,1,1,4,6,6
E910A,910,E,A,RuvC-III,0.4367777268768149,1,5,6,6,7
E910D,910,E,D,RuvC-III,-0.3653011545568272,0,4,6,6,7
E910G,910,E,G,RuvC-III,0.4931601967743337,1,2,6,6,7
E910K,910,E,K,RuvC-III,-0.3523937894678179,0,7,6,6,7
E910Q,910,E,Q,RuvC-III,-1.352393789467818,0,5,6,6,7
E910V,910,E,V,RuvC-III,-0.5272429760176187,0,6,6,6,7
E923A,923,E,A,RuvC-III,-0.1636175250921961,1,9,8,6,7
E923D,923,E,D,RuvC-III,-0.808421723507242,0,6,8,6,7
E923G,923,E,G,RuvC-III,-0.4490197439544445,0,2,8,6,7
E923K,923,E,K,RuvC-III,-0.9447637334695992,0,6,8,6,7
E923Q,923,E,Q,RuvC-III,1.2521283155729828,1,3,8,6,7
E923V,923,E,V,RuvC-III,0.9713120549939124,1,0,8,6,7
E945A,945,E,A,RuvC-III,-1.0556025082410188,0,2,1,6,7
E945D,945,E,D,RuvC-III,-0.4792327062417308,0,8,1,6,7
E945G,945,E,G,RuvC-III,-0.2965027547906357,0,8,1,6,7
E945K,945,E,K,RuvC-III,-0.0650585319532552,1,8,1,6,7
E945Q,945,E,Q,RuvC-III,-1.3467975367249188,0,4,1,6,7
E945V,945,E,V,RuvC-III,-0.3103085543156662,0,3,1,6,7
E952A,952,E,A,RuvC-III,1.228963468111996,1,0,2,6,7
E952D,952,E,D,RuvC-III,-0.623025900618316,0,5,2,6,7
E952G,952,E,G,RuvC-III,-0.6194522786377641,0,2,2,6,7
E952K,952,E,K,RuvC-III,-0.1220876287055145,1,7,2,6,7
E952Q,952,E,Q,RuvC-III,-0.1289740142907541,1,4,2,6,7
E952V,952,E,V,RuvC-III,-0.2490838286926484,1,9,2,6,7
E977A,977,E,A,RuvC-III,-0.8473829488423705,0,8,9,7,7
E977D,977,E,D,RuvC-III,-0.2593585171724162,1,9,9,7,7
E977G,977,E,G,RuvC-III,0.0232517613923108,1,1,9,7,7
E977K,977,E,K,RuvC-III,-0.2507344818860845,1,2,9,7,7
E977Q,977,E,Q,RuvC-III,-0.5539160359781458,0,8,9,7,7
E977V,977,E,V,RuvC-III,-0.7218520667585121,0,0,9,7,7
F1008C,1008,F,C,RuvC-III,0.0800971927805545,1,1,9,7,7
F1008I,1008,F,I,RuvC-III,0.3639814691402319,1,9,9,7,7
F1008L,1008,F,L,RuvC-III,-0.197934976141749,1,3,9,7,7
F1008S,1008,F,S,RuvC-III,-0.0122964115263399,1,1,9,7,7
F1008V,1008,F,V,RuvC-III,0.2540153904085827,1,9,9,7,7
F1008Y,1008,F,Y,RuvC-III,0.2704945938793703,1,2,9,7,7
F1037C,1037,F,C,RuvC-III,0.0772774895294689,1,1,5,7,7
F1037I,1037,F,I,RuvC-III,-0.9011089222630908,0,9,5,7,7
F1037L,1037,F,L,RuvC-III,-0.4941869656746143,0,1,5,7,7
F1037S,1037,F,S,RuvC-III,-0.3619263208801271,0,5,5,7,7
F1037V,1037,F,V,RuvC-III,-0.4675354715468194,0,3,5,7,7
F1037Y,1037,F,Y,RuvC-III,-0.6125078361469593,0,4,5,7,7
F1038C,1038,F,C,RuvC-III,-0.12070494856061,1,0,6,7,7
F1038I,1038,F,I,RuvC-III,-0.5464641240770907,0,4,6,7,7
F1038L,1038,F,L,RuvC-III,-0.4020950182996823,0,0,6,7,7
F1038S,1038,F,S,RuvC-III,-0.8279231993327644,0,0,6,7,7
F1038V,1038,F,V,RuvC-III,0.3623987138630332,1,7,6,7,7
F1038Y,1038,F,Y,RuvC-III,0.4830912354028513,1,9,6,7,7
F1045C,1045,F,C,RuvC-III,-0.5965709353106079,0,8,0,7,7
F1045I,1045,F,I,RuvC-III,-0.1202517209823104,1,9,0,7,7
F1045L,1045,F,L,RuvC-III,0.3194269406418257,1,8,0,7,7
F1045S,1045,F,S,RuvC-III,-0.3850668301168961,0,8,0,7,7
F1045V,1045,F,V,RuvC-III,-0.2681504160946238,0,2,0,7,7
F1045Y,1045,F,Y,RuvC-III,0.3238344667723922,1,3,0,7,7
F1046C,1046,F,C,RuvC-III,-0.9599943652593528,0,0,0,7,7
F1046I,1046,F,I,RuvC-III,-0.454318660174276,0,9,0,7,7
F1046L,1046,F,L,RuvC-III,-0.2544850733498499,1,9,0,7,7
F1046S,1046,F,S,RuvC-III,-0.4632937614948615,0,1,0,7,7
F1046V,1046,F,V,RuvC-III,-0.3782414838166922,0,2,0,7,7
F1046Y,1046,F,Y,RuvC-III,-0.7191063102755885,0,5,0,7,7
F105C,105,F,C,REC1a,-3.3293101775744467,0,1,3,0,2
F105I,105,F,I,REC1a,0.221877722169571,1,3,3,0,2
F105L,105,F,L,REC1a,-0.192876317099911,1,5,3,0,2
F105S,105,F,S,REC1a,0.0773150818881976,1,0,3,0,2
F105V,105,F,V,REC1a,-0.884712708915294,0,9,3,0,2
F105Y,105,F,Y,REC1a,0.5094089153924929,1,5,3,0,2
F1080C,1080,F,C,RuvC-III,-0.7064852895997928,0,6,0,7,7
F1080I,1080,F,I,RuvC-III,-0.204852888289304,1,9,0,7,7
F1080L,1080,F,L,RuvC-III,-0.4138824595675839,0,4,0,7,7
F1080S,1080,F,S,RuvC-III,0.3128060490089671,1,2,0,7,7
F1080V,1080,F,V,RuvC-III,-0.2354412081227271,1,3,0,7,7
F1080Y,1080,F,Y,RuvC-III,0.5285347400644044,1,1,0,7,7
F1105C,1105,F,C,WED,-0.3055835221961673,0,0,2,8,8
F1105I,1105,F,I,WED,0.5121728864601336,1,5,2,8,8
F1105L,1105,F,L,WED,-0.1903061742182487,1,2,2,8,8
F1105S,1105,F,S,WED,1.4078136008316346,1,9,2,8,8
F1105V,1105,F,V,WED,-1.2129672723092828,0,2,2,8,8
F1105Y,1105,F,Y,WED,-0.4232351108504402,0,0,2,8,8
F1134C,1134,F,C,WED,0.3368371821396201,1,1,5,8,8
F1134I,1134,F,I,WED,-0.6556216296404094,0,8,5,8,8
F1134L,1134,F,L,WED,-0.1584538677964899,1,6,5,8,8
F1134S,1134,F,S,WED,0.2475698440425326,1,2,5,8,8
F1134V,1134,F,V,WED,0.2602577491953639,1,0,5,8,8
F1134Y,1134,F,Y,WED,-0.6158571030820233,0,6,5,8,8
F1174C,1174,F,C,WED,-0.4110699969215128,0,7,7,8,8
F1174I,1174,F,I,WED,0.137472641365543,1,5,7,8,8
F1174L,1174,F,L,WED,0.0008308822793269,1,3,7,8,8
F1174S,1174,F,S,WED,-0.3261810993349996,0,6,7,8,8
F1174V,1174,F,V,WED,-0.0254602864184527,1,9,7,8,8
F1174Y,1174,F,Y,WED,-0.0366744821400149,1,1,7,8,8
F1181C,1181,F,C,WED,-0.8120838198188824,0,5,4,8,8
F1181I,1181,F,I,WED,-0.2593239312936348,1,1,4,8,8
F1181L,1181,F,L,WED,-0.5328925405001902,0,3,4,8,8
F1181S,1181,F,S,WED,0.696749586264865,1,2,4,8,8
F1181V,1181,F,V,WED,-0.3652197696239896,0,2,4,8,8
F1181Y,1181,F,Y,WED,-0.0038549663072346,1,1,4,8,8
F119C,119,F,C,REC1a,0.2739580648670147,1,7,0,0,2
F119I,119,F,I,REC1a,-0.6634868737390632,0,1,0,0,2
F119L,119,F,L,REC1a,-0.7292807688415986,0,6,0,0,2
F119S,119,F,S,REC1a,-0.4714311038841967,0,9,0,0,2
F119V,119,F,V,REC1a,0.7044978000739109,1,9,0,0,2
F119Y,119,F,Y,REC1a,-0.4542967571023417,0,4,0,0,2
F1204C,1204,F,C,TOPO,0.4035549499990272,1,7,8,8,9
F1204I,1204,F,I,TOPO,0.0741370406459203,1,4,8,8,9
F1204L,1204,F,L,TOPO,-0.1294755192017655,1,0,8,8,9
F1204S,1204,F,S,TOPO,0.1796911414459108,1,9,8,8,9
F1204V,1204,F,V,TOPO,-0.7066102455481986,0,0,8,8,9
F1204Y,1204,F,Y,TOPO,0.56085234311359,1,0,8,8,9
F1235C,1235,F,C,CTD-PI,-1.045524441669608,0,8,9,9,10
F1235I,1235,F,I,CTD-PI,-0.3320480822191865,0,3,9,9,10
F1235L,1235,F,L,CTD-PI,0.1890159257500242,1,8,9,9,10
F1235S,1235,F,S,CTD-PI,0.2090483854159894,1,1,9,9,10
F1235V,1235,F,V,CTD-PI,0.3690404756184233,1,7,9,9,10
F1235Y,1235,F,Y,CTD-PI,-0.0867471043961213,1,7,9,9,10
F1258C,1258,F,C,CTD-PI,-0.1711015332312911,1,0,3,9,10
F1258I,1258,F,I,CTD-PI,-0.0754506799266275,1,7,3,9,10
F1258L,1258,F,L,CTD-PI,-0.0063895231430019,1,8,3,9,10
F1258S,1258,F,S,CTD-PI,-0.4139944066667778,0,3,3,9,10
F1258V,1258,F,V,CTD-PI,0.5610291616020471,1,8,3,9,10
F1258Y,1258,F,Y,CTD-PI,-0.4434191798994213,0,8,3,9,10
F1276C,1276,F,C,CTD-PI,-0.5554278453081425,0,6,1,9,10
F1276I,1276,F,I,CTD-PI,-0.6850168195777973,0,3,1,9,10
F1276L,1276,F,L,CTD-PI,-0.5286450979909055,0,9,1,9,10
F1276S,1276,F,S,CTD-PI,-0.4965341562545742,0,7,1,9,10
F1276V,1276,F,V,CTD-PI,-0.4227247317644398,0,5,1,9,10
F1276Y,1276,F,Y,CTD-PI,0.625095288146957,1,2,1,9,10
F1313C,1313,F,C,CTD-PI,0.3792588845064616,1,6,1,9,10
F1313I,1313,F,I,CTD-PI,-0.7483021945759829,0,8,1,9,10
F1313L,1313,F,L,CTD-PI,-0.2424448502231085,1,4,1,9,10
F1313S,1313,F,S,CTD-PI,0.7575971867691467,1,2,1,9,10
F1313V,1313,F,V,CTD-PI,0.8597932716926978,1,8,1,9,10
F1313Y,1313,F,Y,CTD-PI,-0.558627600693368,0,1,1,9,10
F1324C,1324,F,C,CTD-PI,-0.304733074663312,0,0,5,9,10
F1324I,1324,F,I,CTD-PI,-0.5198646475877207,0,0,5,9,10
F1324L,1324,F,L,CTD-PI,-0.4945879540031853,0,8,5,9,10
F1324S,1324,F,S,CTD-PI,-0.2116236702718305,1,4,5,9,10
F1324V,1324,F,V,CTD-PI,-0.1596214961927677,1,1,5,9,10
F1324Y,1324,F,Y,CTD-PI,0.326033115670969,1,2,5,9,10
F1327C,1327,F,C,CTD-PI,0.1631567353601276,1,3,1,9,10
F1327I,1327,F,I,CTD-PI,-0.2100288337269396,1,9,1,9,10
F1327L,1327,F,L,CTD-PI,0.0125437149705461,1,8,1,9,10
F1327S,1327,F,S,CTD-PI,-0.4774210145823669,0,9,1,9,10
F1327V,1327,F,V,CTD-PI,-0.0249064657000249,1,0,1,9,10
F1327Y,1327,F,Y,CTD-PI,0.3651710875317785,1,4,1,9,10
F164C,164,F,C,REC1a,0.4642036183950508,1,5,9,1,2
F164I,164,F,I,REC1a,-0.2654328586114716,0,6,9,1,2
F164L,164,F,L,REC1a,-0.3451198081152196,0,2,9,1,2
F164S,164,F,S,REC1a,-0.4509074840184358,0,8,9,1,2
F164V,164,F,V,REC1a,0.589618805477429,1,7,9,1,2
F164Y,164,F,Y,REC1a,-0.8301687539717502,0,7,9,1,2
F168C,168,F,C,REC1a,-0.0133986175327553,1,1,5,1,2
F168I,168,F,I,REC1a,-0.5941517059001773,0,3,5,1,2
F168L,168,F,L,REC1a,-0.1006597211097786,1,6,5,1,2
F168S,168,F,S,REC1a,0.575130498208593,1,7,5,1,2
F168V,168,F,V,REC1a,-0.7340819670446523,0,2,5,1,2
F168Y,168,F,Y,REC1a,-0.540910846070012,0,7,5,1,2
F185C,185,F,C,REC2,-0.6507397145225434,0,6,6,1,3
F185I,185,F,I,REC2,-0.1832563769646068,1,4,6,1,3
F185L,185,F,L,REC2,-0.5859345943794254,0,7,6,1,3
F185S,185,F,S,REC2,0.0234441045811591,1,7,6,1,3
F185V,185,F,V,REC2,0.3410465108009102,1,2,6,1,3
F185Y,185,F,Y,REC2,-0.14893912349058,1,9,6,1,3
F196C,196,F,C,REC2,-0.1552955052522292,1,0,2,1,3
F196I,196,F,I,REC2,-0.2000803193868282,1,6,2,1,3
F196L,196,F,L,REC2,-0.3633330261904657,0,7,2,1,3
F196S,196,F,S,REC2,0.0491875865668518,1,7,2,1,3
F196V,196,F,V,REC2,-1.225615411493966,0,4,2,1,3
F196Y,196,F,Y,REC2,-0.1507800241297363,1,2,2,1,3
F238C,238,F,C,REC2,-0.3631116497473592,0,9,6,1,3
F238I,238,F,I,REC2,-0.2356882033785093,1,0,6,1,3
F238L,238,F,L,REC2,-0.0639247203730397,1,4,6,1,3
F238S,238,F,S,REC2,-0.7437228494052296,0,1,6,1,3
F238V,238,F,V,REC2,-0.187991461347213,1,8,6,1,3
F238Y,238,F,Y,REC2,0.1718710018971147,1,3,6,1,3
F252C,252,F,C,REC2,0.030065001511574,1,7,4,1,3
F252I,252,F,I,REC2,-0.4721794180251697,0,2,4,1,3
F252L,252,F,L,REC2,0.0665376123037261,1,1,4,1,3
F252S,252,F,S,REC2,-0.3343464246973015,0,5,4,1,3
F252V,252,F,V,REC2,1.3154429489771249,1,9,4,1,3
F252Y,252,F,Y,REC2,-0.8064362662055463,0,9,4,1,3
F256C,256,F,C,REC2,-0.2164657841783702,1,4,3,1,3
F256I,256,F,I,REC2,0.2161762097492088,1,8,3,1,3
F256L,256,F,L,REC2,0.4773403007279803,1,8,3,1,3
F256S,256,F,S,REC2,-0.2435148240517365,1,7,3,1,3
F256V,256,F,V,REC2,-0.706553643575579,0,7,3,1,3
F256Y,256,F,Y,REC2,0.0603024070520598,1,9,3,1,3
F290C,290,F,C,REC2,-0.3636081957496074,0,1,6,2,3
F290I,290,F,I,REC2,-0.5146537721239718,0,6,6,2,3
F290L,290,F,L,REC2,0.2089782854202532,1,9,6,2,3
F290S,290,F,S,REC2,1.1909806559280305,1,1,6,2,3
F290V,290,F,V,REC2,-0.7299567686741004,0,4,6,2,3
F290Y,290,F,Y,REC2,-0.2175299362616625,1,1,6,2,3
F32C,32,F,C,RuvC-I,-0.5934717442927111,0,1,1,0,0
F32I,32,F,I,RuvC-I,-0.346370365788736,0,8,1,0,0
F32L,32,F,L,RuvC-I,-0.1318728009925648,1,6,1,0,0
F32S,32,F,S,RuvC-I,-1.0441331533022764,0,6,1,0,0
F32V,32,F,V,RuvC-I,0.051949738545174,1,9,1,0,0
F32Y,32,F,Y,RuvC-I,0.7284563505946509,1,3,1,0,0
F351C,351,F,C,REC1b,-1.2215242274864444,0,7,8,2,4
F351I,351,F,I,REC1b,-0.4357256165673145,0,4,8,2,4
F351L,351,F,L,REC1b,0.088476157791099,1,2,8,2,4
F351S,351,F,S,REC1b,1.028127966426602,1,4,8,2,4
F351V,351,F,V,REC1b,-0.7755756194519394,0,5,8,2,4
F351Y,351,F,Y,REC1b,-0.9901986813799888,0,7,8,2,4
F352C,352,F,C,REC1b,-0.6274548005652032,0,4,2,2,4
F352I,352,F,I,REC1b,-0.1181287524363499,1,9,2,2,4
F352L,352,F,L,REC1b,-0.1689917941398366,1,4,2,2,4
F352S,352,F,S,REC1b,-0.0047232569683011,1,3,2,2,4
F352V,352,F,V,REC1b,-0.0757313832789772,1,3,2,2,4
F352Y,352,F,Y,REC1b,-0.315946456352789,0,7,2,2,4
F372C,372,F,C,REC1b,1.3900448901258848,1,6,0,2,4
F372I,372,F,I,REC1b,-0.6661628100278036,0,4,0,2,4
F372L,372,F,L,REC1b,-0.4982034463410912,0,0,0,2,4
F372S,372,F,S,REC1b,-0.9251179166741804,0,6,0,2,4
F372V,372,F,V,REC1b,-0.4409421285405374,0,1,0,2,4
F372Y,372,F,Y,REC1b,-0.3115153679091228,0,7,0,2,4
F375C,375,F,C,REC1b,0.3031766192748869,1,8,0,2,4
F375I,375,F,I,REC1b,-0.1164660636434592,1,2,0,2,4
F375L,375,F,L,REC1b,-1.8990335256994335,0,3,0,2,4
F375S,375,F,S,REC1b,-0.7897328412397742,0,3,0,2,4
F375V,375,F,V,REC1b,0.2579294511380388,1,3,0,2,4
F375Y,375,F,Y,REC1b,-0.3293310640293671,0,2,0,2,4
F405C,405,F,C,REC1b,2.109900303383332,1,1,6,2,4
F405I,405,F,I,REC1b,0.4846344758362397,1,2,6,2,4
F405L,405,F,L,REC1b,-0.1299669072187565,1,7,6,2,4
F405S,405,F,S,REC1b,-0.2982448118344251,0,6,6,2,4
F405V,405,F,V,REC1b,-0.3083600681306805,0,3,6,2,4
F405Y,405,F,Y,REC1b,-5.480720767944985,0,9,6,2,4
F429C,429,F,C,REC1b,-0.6075355385961363,0,0,8,3,4
F429I,429,F,I,REC1b,-0.4208897763374112,0,2,8,3,4
F429L,429,F,L,REC1b,-0.5327244827989811,0,3,8,3,4
F429S,429,F,S,REC1b,-0.1287724417069053,1,8,8,3,4
F429V,429,F,V,REC1b,-1.0453806412452047,0,4,8,3,4
F429Y,429,F,Y,REC1b,-0.4599783501822785,0,9,8,3,4
F432C,432,F,C,REC1b,-0.2445683328043744,1,5,7,3,4
F432I,432,F,I,REC1b,-0.4935829350324877,0,8,7,3,4
F432L,432,F,L,REC1b,0.231732674256546,1,9,7,3,4
F432S,432,F,S,REC1b,-0.656464020718151,0,5,7,3,4
F432V,432,F,V,REC1b,-0.2907433111174403,0,9,7,3,4
F432Y,432,F,Y,REC1b,-0.3452623324238471,0,6,7,3,4
F446C,446,F,C,REC1b,-0.3460591921585834,0,5,9,3,4
F446I,446,F,I,REC1b,-0.2328200082964152,1,7,9,3,4
F446L,446,F,L,REC1b,-0.1695542975487289,1,7,9,3,4
F446S,446,F,S,REC1b,0.2773774563772085,1,4,9,3,4
F446V,446,F,V,REC1b,-0.6759187968426857,0,8,9,3,4
F446Y,446,F,Y,REC1b,-0.7279298275022278,0,6,9,3,4
F462C,462,F,C,REC1b,-0.7506378573773727,0,3,4,3,4
F462I,462,F,I,REC1b,-0.0816038497500931,1,6,4,3,4
F462L,462,F,L,REC1b,0.541857938446493,1,2,4,3,4
F462S,462,F,S,REC1b,-0.8619989663250768,0,2,4,3,4
F462V,462,F,V,REC1b,-0.0096540078710781,1,4,4,3,4
F462Y,462,F,Y,REC1b,-0.0826584204370692,1,2,4,3,4
F478C,478,F,C,REC1b,-1.369893492955602,0,7,0,3,4
F478I,478,F,I,REC1b,-0.3934114833204832,0,0,0,3,4
F478L,478,F,L,REC1b,-0.0888033455504151,1,8,0,3,4
F478S,478,F,S,REC1b,-0.9369340856794957,0,0,0,3,4
F478V,478,F,V,REC1b,-0.3011880151894396,0,4,0,3,4
F478Y,478,F,Y,REC1b,0.054604335572308,1,3,0,3,4
F491C,491,F,C,REC1b,-1.179426767022913,0,7,8,3,4
F491I,491,F,I,REC1b,-0.752671921078924,0,8,8,3,4
F491L,491,F,L,REC1b,-0.5567792476848116,0,3,8,3,4
F491S,491,F,S,REC1b,-0.4952026349286799,0,0,8,3,4
F491V,491,F,V,REC1b,-0.8423091335636004,0,2,8,3,4
F491Y,491,F,Y,REC1b,0.0018706332161752,1,0,8,3,4
F498C,498,F,C,REC1b,-0.6406691892304662,0,4,5,3,4
F498I,498,F,I,REC1b,-0.117199896340986,1,8,5,3,4
F498L,498,F,L,REC1b,-0.0934698958195087,1,4,5,3,4
F498S,498,F,S,REC1b,0.5122369189788288,1,7,5,3,4
F498V,498,F,V,REC1b,-0.0914368002759042,1,9,5,3,4
F498Y,498,F,Y,REC1b,-0.3291362657054822,0,6,5,3,4
F518C,518,F,C,REC1b,-1.115320252779747,0,5,3,3,4
F518I,518,F,I,REC1b,-0.4507808147317583,0,1,3,3,4
F518L,518,F,L,REC1b,-0.014264602499072,1,0,3,3,4
F518S,518,F,S,REC1b,-0.0842933571591224,1,1,3,3,4
F518V,518,F,V,REC1b,-0.8276498384218546,0,3,3,3,4
F518Y,518,F,Y,REC1b,0.8543060981767344,1,1,3,3,4
F539C,539,F,C,REC1b,-0.4484481258131578,0,6,1,3,4
F539I,539,F,I,REC1b,-0.1524103161441228,1,8,1,3,4
F539L,539,F,L,REC1b,0.0372851830929659,1,0,1,3,4
F539S,539,F,S,REC1b,1.0367772217057698,1,0,1,3,4
F539V,539,F,V,REC1b,0.6858625007911004,1,4,1,3,4
F539Y,539,F,Y,REC1b,0.7891931225922385,1,1,1,3,4
F53C,53,F,C,RuvC-I,0.1835936880664083,1,5,8,0,0
F53I,53,F,I,RuvC-I,-0.1109284438438887,1,8,8,0,0
F53L,53,F,L,RuvC-I,-0.3383106673859959,0,2,8,0,0
F53S,53,F,S,RuvC-I,-1.0258596775625417,0,6,8,0,0
F53V,53,F,V,RuvC-I,0.3644095657027693,1,4,8,0,0
F53Y,53,F,Y,RuvC-I,-0.1052941450569463,1,2,8,0,0
F553C,553,F,C,REC1b,-1.0160497290083066,0,2,3,4,4
F553I,553,F,I,REC1b,-0.4683518496461783,0,7,3,4,4
F553L,553,F,L,REC1b,-0.7242400402079704,0,2,3,4,4
F553S,553,F,S,REC1b,-0.8539929708993332,0,9,3,4,4
F553V,553,F,V,REC1b,-0.9010913506584812,0,6,3,4,4
F553Y,553,F,Y,REC1b,-0.3656037298732301,0,3,3,4,4
F569C,569,F,C,REC1b,-0.3511474119011862,0,2,3,4,4
F569I,569,F,I,REC1b,-0.3904014551211954,0,2,3,4,4
F569L,569,F,L,REC1b,0.0389981672811986,1,0,3,4,4
F569S,569,F,S,REC1b,-0.5294846531596987,0,0,3,4,4
F569V,569,F,V,REC1b,-0.5127650581263711,0,5,3,4,4
F569Y,569,F,Y,REC1b,-0.1849902241462756,1,8,3,4,4
F575C,575,F,C,REC1b,0.2333358787250118,1,4,3,4,4
F575I,575,F,I,REC1b,0.0198988685667004,1,7,3,4,4
F575L,575,F,L,REC1b,-0.8655805711228798,0,9,3,4,4
F575S,575,F,S,REC1b,-0.4744833697816777,0,4,3,4,4
F575V,575,F,V,REC1b,0.2059255443006295,1,6,3,4,4
F575Y,575,F,Y,REC1b,-0.1872398040952619,1,7,3,4,4
F587C,587,F,C,REC1b,-0.0299180514751259,1,0,3,4,4
F587I,587,F,I,REC1b,-0.7502727047614632,0,8,3,4,4
F587L,587,F,L,REC1b,-0.4074886196113866,0,0,3,4,4
F587S,587,F,S,REC1b,-0.452775055213269,0,4,3,4,4
F587V,587,F,V,REC1b,-0.5462588127398699,0,2,3,4,4
F587Y,587,F,Y,REC1b,-0.5292423972359357,0,6,3,4,4
F606C,606,F,C,REC1b,-0.9129383113314918,0,8,1,4,4
F606I,606,F,I,REC1b,-0.1583515199979183,1,4,1,4,4
F606L,606,F,L,REC1b,-0.2955220883175423,0,6,1,4,4
F606S,606,F,S,REC1b,-0.6697055467131832,0,2,1,4,4
F606V,606,F,V,REC1b,-1.0089738959596914,0,3,1,4,4
F606Y,606,F,Y,REC1b,-0.5037298908548457,0,3,1,4,4
F626C,626,F,C,REC1b,-1.5633163811835258,0,5,3,4,4
F626I,626,F,I,REC1b,-0.5578139997162762,0,2,3,4,4
F626L,626,F,L,REC1b,-0.794884734327766,0,5,3,4,4
F626S,626,F,S,REC1b,-0.1690374420714792,1,2,3,4,4
F626V,626,F,V,REC1b,0.0312528993376163,1,1,3,4,4
F626Y,626,F,Y,REC1b,-0.914223543042654,0,3,3,4,4
F643C,643,F,C,REC1b,-0.6685801892351844,0,0,1,4,4
F643I,643,F,I,REC1b,-0.273689552436248,0,8,1,4,4
F643L,643,F,L,REC1b,0.3712841671797079,1,2,1,4,4
F643S,643,F,S,REC1b,-0.0025811164231219,1,5,1,4,4
F643V,643,F,V,REC1b,-0.1674901486043229,1,7,1,4,4
F643Y,643,F,Y,REC1b,-0.4751839032357798,0,5,1,4,4
F682C,682,F,C,REC1b,-0.0489581088644646,1,3,0,4,4
F682I,682,F,I,REC1b,-0.4303498356458007,0,5,0,4,4
F682L,682,F,L,REC1b,-0.6835359630527806,0,7,0,4,4
F682S,682,F,S,REC1b,-0.4976677496887846,0,0,0,4,4
F682V,682,F,V,REC1b,-0.7514880618898966,0,3,0,4,4
F682Y,682,F,Y,REC1b,0.219954157493653,1,5,0,4,4
F688C,688,F,C,REC1b,-1.5148371122620252,0,5,6,5,4
F688I,688,F,I,REC1b,0.2306169275337534,1,0,6,5,4
F688L,688,F,L,REC1b,-0.3798817644781578,0,5,6,5,4
F688S,688,F,S,REC1b,-0.0485191080394879,1,2,6,5,4
F688V,688,F,V,REC1b,-0.5510921873329805,0,5,6,5,4
F688Y,688,F,Y,REC1b,-0.8303389379899545,0,0,6,5,4
F693C,693,F,C,REC1b,-0.1108105335340637,1,0,4,5,4
F693I,693,F,I,REC1b,-0.4454721003401553,0,6,4,5,4
F693L,693,F,L,REC1b,-1.0339039154679706,0,3,4,5,4
F693S,693,F,S,REC1b,0.3866891259367531,1,9,4,5,4
F693V,693,F,V,REC1b,-0.3647929128340282,0,6,4,5,4
F693Y,693,F,Y,REC1b,-0.152216795858791,1,0,4,5,4
F704C,704,F,C,REC1b,-0.1108520896733299,1,3,3,5,4
F704I,704,F,I,REC1b,-0.4845210857161838,0,6,3,5,4
F704L,704,F,L,REC1b,-0.5494119019724977,0,2,3,5,4
F704S,704,F,S,REC1b,-0.8814002843639172,0,3,3,5,4
F704V,704,F,V,REC1b,-0.4970870627971164,0,8,3,5,4
F704Y,704,F,Y,REC1b,-0.5041648177974579,0,7,3,5,4
F846C,846,F,C,HNH,-0.7205036816658836,0,4,7,6,6
F846I,846,F,I,HNH,-0.1644180352650879,1,6,7,6,6
F846L,846,F,L,HNH,-0.3786223253176569,0,9,7,6,6
F846S,846,F,S,HNH,-0.8604339428103585,0,0,7,6,6
F846V,846,F,V,HNH,-1.01686084685123,0,5,7,6,6
F846Y,846,F,Y,HNH,-0.309024001800229,0,1,7,6,6
F86C,86,F,C,BridgeHelix,-0.328382226960268,0,0,4,0,1
F86I,86,F,I,BridgeHelix,-0.201459026476754,1,4,4,0,1
F86L,86,F,L,BridgeHelix,-0.4628887258690403,0,3,4,0,1
F86S,86,F,S,BridgeHelix,-1.1439576558228408,0,7,4,0,1
F86V,86,F,V,BridgeHelix,-0.3285709443800934,0,3,4,0,1
F86Y,86,F,Y,BridgeHelix,-0.9298328504699932,0,3,4,0,1
F897C,897,F,C,HNH,-0.4042938452839168,0,3,6,6,6
F897I,897,F,I,HNH,-0.7297786565990865,0,7,6,6,6
F897L,897,F,L,HNH,-1.7027174115506785,0,8,6,6,6
F897S,897,F,S,HNH,-0.4366492185963022,0,0,6,6,6
F897V,897,F,V,HNH,-0.960733091438958,0,7,6,6,6
F897Y,897,F,Y,HNH,-1.0988538731851236,0,7,6,6,6
F916C,916,F,C,RuvC-III,0.0769817405694979,1,9,5,6,7
F916I,916,F,I,RuvC-III,-0.3598043183836353,0,7,5,6,7
F916L,916,F,L,RuvC-III,-0.4249911376163728,0,8,5,6,7
F916S,916,F,S,RuvC-III,-0.7494820044358105,0,4,5,6,7
F916V,916,F,V,RuvC-III,-0.2246510993200381,1,9,5,6,7
F916Y,916,F,Y,RuvC-III,0.2071577906849717,1,7,5,6,7
F966C,966,F,C,RuvC-III,-0.9439266779352772,0,9,3,7,7
F966I,966,F,I,RuvC-III,-0.6110461242672528,0,2,3,7,7
F966L,966,F,L,RuvC-III,-0.6112744565366798,0,3,3,7,7
F966S,966,F,S,RuvC-III,-0.5251874031069665,0,2,3,7,7
F966V,966,F,V,RuvC-III,-0.7318299544200444,0,4,3,7,7
F966Y,966,F,Y,RuvC-III,-0.4261023522471037,0,9,3,7,7
F970C,970,F,C,RuvC-III,-3.430165393680759,0,3,6,7,7
F970I,970,F,I,RuvC-III,-0.3963948855134659,0,7,6,7,7
F970L,970,F,L,RuvC-III,-0.6436749177150016,0,4,6,7,7
F970S,970,F,S,RuvC-III,-0.2316712400416754,1,2,6,7,7
F970V,970,F,V,RuvC-III,-0.0516740141315026,1,4,6,7,7
F970Y,970,F,Y,RuvC-III,-0.8241412774317732,0,6,6,7,7
F972C,972,F,C,RuvC-III,-0.7235677220948027,0,2,7,7,7
F972I,972,F,I,RuvC-III,-0.4281629568550998,0,4,7,7,7
F972L,972,F,L,RuvC-III,0.0772754076935739,1,1,7,7,7
F972S,972,F,S,RuvC-III,-0.847323915388628,0,6,7,7,7
F972V,972,F,V,RuvC-III,-0.6985559818546925,0,8,7,7,7
F972Y,972,F,Y,RuvC-III,-0.8074992587245283,0,7,7,7,7
F97C,97,F,C,REC1a,0.5461802152927691,1,3,3,0,2
F97I,97,F,I,REC1a,-0.4703526248460347,0,1,3,0,2
F97L,97,F,L,REC1a,-0.6217190871142632,0,1,3,0,2
F97S,97,F,S,REC1a,-0.8467559915576213,0,7,3,0,2
F97V,97,F,V,REC1a,-0.9595561427617602,0,2,3,0,2
F97Y,97,F,Y,REC1a,-0.2681679101858011,0,6,3,0,2
F98C,98,F,C,REC1a,-0.6238409003363125,0,0,5,0,2
F98I,98,F,I,REC1a,-0.3486580614419309,0,5,5,0,2
F98L,98,F,L,REC1a,-0.4022068908362571,0,4,5,0,2
F98S,98,F,S,REC1a,-0.6139931143799655,0,6,5,0,2
F98V,98,F,V,REC1a,-0.7854029502811211,0,9,5,0,2
F98Y,98,F,Y,REC1a,-0.3310591511084665,0,3,5,0,2
G1011A,1011,G,A,RuvC-III,-0.5721593588419194,0,1,0,7,7
G1011C,1011,G,C,RuvC-III,0.0124555830559928,1,5,0,7,7
G1011D,1011,G,D,RuvC-III,-0.330794818313238,0,5,0,7,7
G1011R,1011,G,R,RuvC-III,-0.2615918155002189,1,4,0,7,7
G1011S,1011,G,S,RuvC-III,-0.2889721443503546,0,9,0,7,7
G1011V,1011,G,V,RuvC-III,-0.1804011852235089,1,6,0,7,7
G1030A,1030,G,A,RuvC-III,-0.0984351862836326,1,4,5,7,7
G1030C,1030,G,C,RuvC-III,-0.3647821603967369,0,8,5,7,7
G1030D,1030,G,D,RuvC-III,0.0733601293779197,1,4,5,7,7
G1030R,1030,G,R,RuvC-III,-0.2517043397726596,1,3,5,7,7
G1030S,1030,G,S,RuvC-III,0.0368610546541164,1,3,5,7,7
G1030V,1030,G,V,RuvC-III,-0.033162924975827,1,2,5,7,7
G1055A,1055,G,A,RuvC-III,-0.9520121005970086,0,2,5,7,7
G1055C,1055,G,C,RuvC-III,-0.9657876233931214,0,8,5,7,7
G1055D,1055,G,D,RuvC-III,-0.1573206668599156,1,6,5,7,7
G1055R,1055,G,R,RuvC-III,-0.953175868769922,0,9,5,7,7
G1055S,1055,G,S,RuvC-III,-0.6896277741142904,0,3,5,7,7
G1055V,1055,G,V,RuvC-III,-0.8630070945382634,0,0,5,7,7
G1067A,1067,G,A,RuvC-III,-0.4531243951219721,0,5,2,7,7
G1067C,1067,G,C,RuvC-III,0.4035080270189669,1,1,2,7,7
G1067D,1067,G,D,RuvC-III,-0.1699400015095424,1,3,2,7,7
G1067R,1067,G,R,RuvC-III,0.1722160237692778,1,8,2,7,7
G1067S,1067,G,S,RuvC-III,-0.2256015773865713,1,7,2,7,7
G1067V,1067,G,V,RuvC-III,-0.1785020150129664,1,2,2,7,7
G1070A,1070,G,A,RuvC-III,-0.5726310553193005,0,0,7,7,7
G1070E,1070,G,E,RuvC-III,0.3290145493754997,1,5,7,7,7
G1070R,1070,G,R,RuvC-III,-0.1890766007455444,1,1,7,7,7
G1070V,1070,G,V,RuvC-III,0.6597248898770596,1,4,7,7,7
G1070W,1070,G,W,RuvC-III,-0.0973085663410876,1,1,7,7,7
G1077A,1077,G,A,RuvC-III,-0.3195540462354825,0,9,6,7,7
G1077E,1077,G,E,RuvC-III,-0.8932892915333844,0,2,6,7,7
G1077R,1077,G,R,RuvC-III,-0.5430503751594411,0,5,6,7,7
G1077V,1077,G,V,RuvC-III,-0.8310543850156178,0,4,6,7,7
G1077W,1077,G,W,RuvC-III,-0.653755473263073,0,4,6,7,7
G1103A,1103,G,A,WED,-1.1283858791511845,0,8,0,8,8
G1103E,1103,G,E,WED,-0.3589988072926009,0,9,0,8,8
G1103R,1103,G,R,WED,-0.2380061251898823,1,9,0,8,8
G1103V,1103,G,V,WED,-0.0579965512597864,1,5,0,8,8
G1103W,1103,G,W,WED,-0.5332528637195446,0,7,0,8,8
G1104A,1104,G,A,WED,-0.3353516526914892,0,7,6,8,8
G1104E,1104,G,E,WED,0.966971884256362,1,2,6,8,8
G1104R,1104,G,R,WED,-0.6155245166851682,0,4,6,8,8
G1104V,1104,G,V,WED,-0.0052030509991584,1,4,6,8,8
G1132A,1132,G,A,WED,0.1420538636220091,1,2,4,8,8
G1132C,1132,G,C,WED,-1.2398855187849942,0,9,4,8,8
G1132D,1132,G,D,WED,-0.4083514150627785,0,4,4,8,8
G1132R,1132,G,R,WED,-0.0434883059814904,1,0,4,8,8
G1132S,1132,G,S,WED,-0.406243905207114,0,8,4,8,8
G1132V,1132,G,V,WED,-1.1271327691933803,0,6,4,8,8
G1133A,1133,G,A,WED,-0.0285864149166991,1,0,6,8,8
G1133E,1133,G,E,WED,-0.6604353032686913,0,0,6,8,8
G1133R,1133,G,R,WED,-0.8539013109709209,0,5,6,8,8
G1133V,1133,G,V,WED,-0.2658619065495629,0,9,6,8,8
G1133W,1133,G,W,WED,-0.4802954237050618,0,7,6,8,8
G1152A,1152,G,A,WED,-0.9108718387010848,0,9,8,8,8
G1152E,1152,G,E,WED,0.6043356252098465,1,5,8,8,8
G1152R,1152,G,R,WED,-0.242245057510548,1,9,8,8,8
G1152V,1152,G,V,WED,0.2481176850600721,1,8,8,8,8
G1152W,1152,G,W,WED,0.4341465063899645,1,8,8,8,8
G1165A,1165,G,A,WED,0.0315852268422748,1,8,0,8,8
G1165E,1165,G,E,WED,-0.3321464428152411,0,0,0,8,8
G1165R,1165,G,R,WED,-0.575558071522487,0,7,0,8,8
G1165V,1165,G,V,WED,-0.0994134221956862,1,9,0,8,8
G1186A,1186,G,A,WED,-0.5910455339316711,0,9,6,8,8
G1186E,1186,G,E,WED,-0.3890587401613798,0,0,6,8,8
G1186R,1186,G,R,WED,-0.6397414688630894,0,8,6,8,8
G1186V,1186,G,V,WED,-0.1300218293786471,1,2,6,8,8
G1209A,1209,G,A,TOPO,0.9817245945513844,1,1,3,8,9
G1209C,1209,G,C,TOPO,-0.2479673702911918,1,2,3,8,9
G1209D,1209,G,D,TOPO,0.2111436169033768,1,1,3,8,9
G1209R,1209,G,R,TOPO,-0.4730339259259652,0,1,3,8,9
G1209S,1209,G,S,TOPO,-0.068396231511337,1,6,3,8,9
G1209V,1209,G,V,TOPO,-0.7740217433651836,0,0,3,8,9
G120A,120,G,A,REC1a,-0.2833185096142311,0,0,7,0,2
G120C,120,G,C,REC1a,-0.1894410632403297,1,0,7,0,2
G120D,120,G,D,REC1a,-0.0267565810955343,1,4,7,0,2
G120R,120,G,R,REC1a,-0.0259423309574505,1,7,7,0,2
G120S,120,G,S,REC1a,-0.1476208875457025,1,9,7,0,2
G120V,120,G,V,REC1a,-0.2547493574174603,1,4,7,0,2
G1218A,1218,G,A,TOPO,-0.1137957931599124,1,5,5,8,9
G1218C,1218,G,C,TOPO,0.1163817191216442,1,2,5,8,9
G1218D,1218,G,D,TOPO,-0.0136591218744624,1,1,5,8,9
G1218R,1218,G,R,TOPO,-0.8092302427272977,0,8,5,8,9
G1218S,1218,G,S,TOPO,0.1012995702955364,1,8,5,8,9
G1218V,1218,G,V,TOPO,0.1897927110245163,1,1,5,8,9
G1223A,1223,G,A,CTD-PI,0.130652254403814,1,9,4,8,10
G1223E,1223,G,E,CTD-PI,-0.053479591757284,1,1,4,8,10
G1223R,1223,G,R,CTD-PI,0.2139029880742031,1,4,4,8,10
G1223V,1223,G,V,CTD-PI,0.8391560557304124,1,1,4,8,10
G1223W,1223,G,W,CTD-PI,0.1355708341773613,1,5,4,8,10
G1247A,1247,G,A,CTD-PI,-1.1819310342909966,0,4,4,9,10
G1247C,1247,G,C,CTD-PI,0.0227927775175726,1,6,4,9,10
G1247D,1247,G,D,CTD-PI,0.4657462403274214,1,3,4,9,10
G1247R,1247,G,R,CTD-PI,-0.3776372910485071,0,1,4,9,10
G1247S,1247,G,S,CTD-PI,0.6278171390436009,1,0,4,9,10
G1247V,1247,G,V,CTD-PI,-0.5418269793773796,0,0,4,9,10
G12A,12,G,A,RuvC-I,-0.6322003695437364,0,0,2,0,0
G12E,12,G,E,RuvC-I,-0.4231755484124838,0,1,2,0,0
G12R,12,G,R,RuvC-I,-0.5723416133173349,0,4,2,0,0
G12V,12,G,V,RuvC-I,-0.2121621892065261,1,7,2,0,0
G12W,12,G,W,RuvC-I,-0.6191142681033828,0,2,2,0,0
G1319A,1319,G,A,CTD-PI,-0.9071608621428506,0,1,0,9,10
G1319E,1319,G,E,CTD-PI,0.3341487725362271,1,7,0,9,10
G1319R,1319,G,R,CTD-PI,-0.6924931453893712,0,0,0,9,10
G1319V,1319,G,V,CTD-PI,-0.289776883729317,0,5,0,9,10
G1354A,1354,G,A,CTD-PI,-1.0017108179421683,0,5,6,9,10
G1354E,1354,G,E,CTD-PI,-0.6027383531897771,0,2,6,9,10
G1354R,1354,G,R,CTD-PI,-0.8410656097895473,0,2,6,9,10
G1354V,1354,G,V,CTD-PI,-0.7427332370219742,0,6,6,9,10
G1366A,1366,G,A,CTD-PI,-1.9681695372815509,0,6,1,9,10
G1366E,1366,G,E,CTD-PI,-0.1511995263472255,1,1,1,9,10
G1366R,1366,G,R,CTD-PI,-0.8056606004974254,0,5,1,9,10
G1366V,1366,G,V,CTD-PI,-0.3374033469472701,0,7,1,9,10
G1367A,1367,G,A,CTD-PI,0.0318404002024751,1,2,8,9,10
G1367C,1367,G,C,CTD-PI,0.5110151979593209,1,9,8,9,10
G1367D,1367,G,D,CTD-PI,-0.3149623633239164,0,9,8,9,10
G1367R,1367,G,R,CTD-PI,0.3798508790226911,1,2,8,9,10
G1367S,1367,G,S,CTD-PI,-0.4962488990271944,0,7,8,9,10
G1367V,1367,G,V,CTD-PI,-0.5010335893702268,0,4,8,9,10
G166A,166,G,A,REC1a,-0.8798846998964607,0,3,2,1,2
G166E,166,G,E,REC1a,-0.7245080070233033,0,2,2,1,2
G166R,166,G,R,REC1a,-0.4427328905888487,0,6,2,1,2
G166V,166,G,V,REC1a,-1.3172900122037587,0,5,2,1,2
G172A,172,G,A,REC1a,-0.6240097437280614,0,1,3,1,2
G172C,172,G,C,REC1a,-0.3821208362382698,0,4,3,1,2
G172D,172,G,D,REC1a,0.1684082967858631,1,4,3,1,2
G172R,172,G,R,REC1a,-0.9413938165388424,0,7,3,1,2
G172S,172,G,S,REC1a,-0.3049550983266004,0,8,3,1,2
G172V,172,G,V,REC1a,-0.9393949927486518,0,1,3,1,2
G17A,17,G,A,RuvC-I,-0.46196479460583,0,3,4,0,0
G17C,17,G,C,RuvC-I,-1.6477725716463774,0,9,4,0,0
G17D,17,G,D,RuvC-I,-0.9143765645481092,0,1,4,0,0
G17R,17,G,R,RuvC-I,-2.7146040801245865,0,8,4,0,0
G17S,17,G,S,RuvC-I,-0.891129492703705,0,0,4,0,0
G17V,17,G,V,RuvC-I,-0.5444269547978031,0,8,4,0,0
G205A,205,G,A,REC2,-0.2397879575093198,1,8,0,1,3
G205E,205,G,E,REC2,0.1961655579860992,1,1,0,1,3
G205R,205,G,R,REC2,0.2146002327923718,1,7,0,1,3
G205V,205,G,V,REC2,-0.1450005988565687,1,8,0,1,3
G231A,231,G,A,REC2,0.0820481092523701,1,3,4,1,3
G231C,231,G,C,REC2,0.1127399476705501,1,8,4,1,3
G231D,231,G,D,REC2,0.9818962778655884,1,1,4,1,3
G231R,231,G,R,REC2,-0.5741543494528623,0,2,4,1,3
G231S,231,G,S,REC2,-0.4249950564425028,0,2,4,1,3
G231V,231,G,V,REC2,0.3191993213862188,1,2,4,1,3
G236A,236,G,A,REC2,0.2817709444845242,1,1,1,1,3
G236E,236,G,E,REC2,0.244001901608778,1,0,1,1,3
G236R,236,G,R,REC2,-0.0707465002503821,1,0,1,1,3
G236V,236,G,V,REC2,0.0457757914030822,1,4,1,1,3
G239A,239,G,A,REC2,0.4270627269354174,1,0,5,1,3
G239C,239,G,C,REC2,-0.3455083058128771,0,7,5,1,3
G239D,239,G,D,REC2,-0.0919637691244829,1,0,5,1,3
G239R,239,G,R,REC2,-0.1879670288263971,1,7,5,1,3
G239S,239,G,S,REC2,-0.4988961247645023,0,5,5,1,3
G239V,239,G,V,REC2,-0.2081112197395067,1,0,5,1,3
G247A,247,G,A,REC2,-0.6575353969936493,0,2,0,1,3
G247E,247,G,E,REC2,-0.1209359178338923,1,2,0,1,3
G247R,247,G,R,REC2,-0.0269051758493427,1,3,0,1,3
G247V,247,G,V,REC2,0.3144502268367541,1,0,0,1,3
G247W,247,G,W,REC2,-0.4388420055440285,0,3,0,1,3
G283A,283,G,A,REC2,1.4440469318901892,1,4,3,2,3
G283C,283,G,C,REC2,-0.5599203508285997,0,9,3,2,3
G283D,283,G,D,REC2,0.1385890326577847,1,8,3,2,3
G283R,283,G,R,REC2,-0.6480961622149661,0,6,3,2,3
G283S,283,G,S,REC2,-0.2967242894351218,0,9,3,2,3
G283V,283,G,V,REC2,-0.0771899712205796,1,2,3,2,3
G358A,358,G,A,REC1b,-0.0583752023231888,1,6,8,2,4
G358E,358,G,E,REC1b,-0.9280671799774576,0,4,8,2,4
G358R,358,G,R,REC1b,-0.643204329442123,0,9,8,2,4
G358V,358,G,V,REC1b,-0.3895811107985616,0,3,8,2,4
G358W,358,G,W,REC1b,-0.3758111325824896,0,9,8,2,4
G361A,361,G,A,REC1b,-0.3784184363607967,0,6,1,2,4
G361E,361,G,E,REC1b,-0.0267429980793824,1,2,1,2,4
G361R,361,G,R,REC1b,0.2051138764577588,1,0,1,2,4
G361V,361,G,V,REC1b,-0.9067974087155856,0,5,1,2,4
G365A,365,G,A,REC1b,-0.4894891876809056,0,6,2,2,4
G365C,365,G,C,REC1b,-0.4896692980955375,0,9,2,2,4
G365D,365,G,D,REC1b,-0.6425982183521252,0,1,2,2,4
G365R,365,G,R,REC1b,-0.1013882570590894,1,7,2,2,4
G365S,365,G,S,REC1b,-0.1565298112515505,1,1,2,2,4
G365V,365,G,V,REC1b,-0.2940656880017893,0,0,2,2,4
G366A,366,G,A,REC1b,0.4724399643153728,1,1,3,2,4
G366E,366,G,E,REC1b,0.082696485200439,1,1,3,2,4
G366R,366,G,R,REC1b,-0.8920221692098983,0,7,3,2,4
G366V,366,G,V,REC1b,-0.1586751328964435,1,1,3,2,4
G366W,366,G,W,REC1b,0.0599427640338883,1,7,3,2,4
G36A,36,G,A,RuvC-I,0.2003754134761891,1,5,1,0,0
G36E,36,G,E,RuvC-I,-0.849311710624164,0,3,1,0,0
G36R,36,G,R,RuvC-I,0.0780932580717141,1,7,1,0,0
G36V,36,G,V,RuvC-I,-0.2210883549620876,1,9,1,0,0
G36W,36,G,W,RuvC-I,-0.180685397834321,1,8,1,0,0
G385A,385,G,A,REC1b,-0.3312655169741787,0,5,9,2,4
G385C,385,G,C,REC1b,-0.3030315698850757,0,2,9,2,4
G385D,385,G,D,REC1b,-0.3262039265595064,0,0,9,2,4
G385R,385,G,R,REC1b,0.058424889188924,1,8,9,2,4
G385S,385,G,S,REC1b,0.1216560994274874,1,8,9,2,4
G385V,385,G,V,REC1b,0.0843371909469148,1,7,9,2,4
G408A,408,G,A,REC1b,-0.974604158610249,0,0,1,2,4
G408E,408,G,E,REC1b,-0.0204078482233733,1,1,1,2,4
G408R,408,G,R,REC1b,-0.2308739568521735,1,5,1,2,4
G408V,408,G,V,REC1b,-0.2376385644440423,1,6,1,2,4
G408W,408,G,W,REC1b,-0.9391443871415924,0,6,1,2,4
G417A,417,G,A,REC1b,0.1675951447485902,1,0,6,3,4
G417E,417,G,E,REC1b,0.8549854583939448,1,5,6,3,4
G417R,417,G,R,REC1b,-0.1013022638635712,1,6,6,3,4
G417V,417,G,V,REC1b,-0.4684415405668351,0,7,6,3,4
G453A,453,G,A,REC1b,-0.8920351760905637,0,8,4,3,4
G453E,453,G,E,REC1b,-0.8970884038168492,0,5,4,3,4
G453R,453,G,R,REC1b,-0.1613978058890637,1,8,4,3,4
G453V,453,G,V,REC1b,-0.3445473807880703,0,3,4,3,4
G458A,458,G,A,REC1b,-0.5929264644863842,0,6,1,3,4
G458C,458,G,C,REC1b,-0.3136952205906025,0,0,1,3,4
G458D,458,G,D,REC1b,0.0227048658503462,1,4,1,3,4
G458R,458,G,R,REC1b,0.0332808292300205,1,0,1,3,4
G458S,458,G,S,REC1b,0.6202808295909998,1,2,1,3,4
G458V,458,G,V,REC1b,0.0368498835854719,1,2,1,3,4
G485A,485,G,A,REC1b,-0.7692361407335051,0,5,1,3,4
G485C,485,G,C,REC1b,-0.2858780654541593,0,0,1,3,4
G485D,485,G,D,REC1b,0.2273970081680961,1,7,1,3,4
G485R,485,G,R,REC1b,-0.7035362648921387,0,0,1,3,4
G485S,485,G,S,REC1b,-0.3469024920060533,0,5,1,3,4
G485V,485,G,V,REC1b,-0.1318062201182133,1,8,1,3,4
G49A,49,G,A,RuvC-I,-1.5499589301816423,0,7,9,0,0
G49E,49,G,E,RuvC-I,-1.5318115834713832,0,8,9,0,0
G49R,49,G,R,RuvC-I,-1.6521643818985874,0,6,9,0,0
G49V,49,G,V,RuvC-I,-1.2344571044537131,0,4,9,0,0
G49W,49,G,W,RuvC-I,-1.3156287698714515,0,4,9,0,0
G533A,533,G,A,REC1b,-0.7071292789613524,0,7,8,3,4
G533C,533,G,C,REC1b,-0.4027201796613693,0,5,8,3,4
G533D,533,G,D,REC1b,-0.1857929160848346,1,5,8,3,4
G533R,533,G,R,REC1b,-0.0927307570956917,1,8,8,3,4
G533S,533,G,S,REC1b,0.8750701508478647,1,8,8,3,4
G533V,533,G,V,REC1b,-0.3654056458901524,0,1,8,3,4
G542A,542,G,A,REC1b,-1.122542978941055,0,4,3,3,4
G542E,542,G,E,REC1b,0.0281963719655739,1,8,3,3,4
G542R,542,G,R,REC1b,0.0267807249203164,1,4,3,3,4
G542V,542,G,V,REC1b,-0.3323258787702755,0,7,3,3,4
G542W,542,G,W,REC1b,-0.6463450160665789,0,8,3,3,4
G56A,56,G,A,RuvC-I,-1.2392195688433831,0,6,5,0,0
G56E,56,G,E,RuvC-I,-0.1477344054964773,1,5,5,0,0
G56R,56,G,R,RuvC-I,-0.1312628227524498,1,7,5,0,0
G56V,56,G,V,RuvC-I,-1.0327686913759566,0,6,5,0,0
G582A,582,G,A,REC1b,-0.1884178911119059,1,4,9,4,4
G582E,582,G,E,REC1b,0.2715200251410065,1,1,9,4,4
G582R,582,G,R,REC1b,0.4533703420557609,1,7,9,4,4
G582V,582,G,V,REC1b,-0.4530633468516851,0,1,9,4,4
G592A,592,G,A,REC1b,0.8650804415208176,1,2,3,4,4
G592C,592,G,C,REC1b,-0.4987920582392446,0,8,3,4,4
G592D,592,G,D,REC1b,-0.09754386898613,1,5,3,4,4
G592R,592,G,R,REC1b,-0.555126366259922,0,0,3,4,4
G592S,592,G,S,REC1b,0.0858869545605339,1,4,3,4,4
G592V,592,G,V,REC1b,-0.3135168619359453,0,4,3,4,4
G658A,658,G,A,REC1b,0.2404945399781126,1,4,7,4,4
G658E,658,G,E,REC1b,-0.4539877228665803,0,4,7,4,4
G658R,658,G,R,REC1b,-0.267991898989109,0,8,7,4,4
G658V,658,G,V,REC1b,-0.9598878720083062,0,5,7,4,4
G658W,658,G,W,REC1b,-0.7464675143769118,0,1,7,4,4
G660A,660,G,A,REC1b,1.832430010105924,1,3,7,4,4
G660E,660,G,E,REC1b,0.1291697729024532,1,8,7,4,4
G660R,660,G,R,REC1b,-0.423051521488577,0,3,7,4,4
G660V,660,G,V,REC1b,-0.393845845717752,0,3,7,4,4
G669A,669,G,A,REC1b,-0.2902831795495711,0,0,9,4,4
G669C,669,G,C,REC1b,-0.4453253887758596,0,2,9,4,4
G669D,669,G,D,REC1b,-0.1825333241542457,1,3,9,4,4
G669R,669,G,R,REC1b,0.1241887128566327,1,3,9,4,4
G669S,669,G,S,REC1b,-0.464569357117436,0,5,9,4,4
G669V,669,G,V,REC1b,-0.5185170142630274,0,4,9,4,4
G676A,676,G,A,REC1b,-0.5730854967868503,0,4,2,4,4
G676E,676,G,E,REC1b,-0.2974142652751312,0,3,2,4,4
G676R,676,G,R,REC1b,-0.0630760244039214,1,8,2,4,4
G676V,676,G,V,REC1b,-0.91819636703679,0,3,2,4,4
G676W,676,G,W,REC1b,-0.6502897479275538,0,0,2,4,4
G687A,687,G,A,REC1b,-0.6770686713623892,0,1,4,5,4
G687C,687,G,C,REC1b,-1.2268305739978906,0,1,4,5,4
G687D,687,G,D,REC1b,-0.3146086163850467,0,7,4,5,4
G687R,687,G,R,REC1b,0.1424032356678285,1,2,4,5,4
G687S,687,G,S,REC1b,-0.2654980823293869,0,5,4,5,4
G687V,687,G,V,REC1b,0.0415702749972264,1,9,4,5,4
G715A,715,G,A,REC1b,0.1971682655825797,1,1,7,5,4
G715C,715,G,C,REC1b,-0.5430119790815097,0,7,7,5,4
G715D,715,G,D,REC1b,-0.2630185843334279,1,1,7,5,4
G715R,715,G,R,REC1b,0.2774086831210154,1,9,7,5,4
G715S,715,G,S,REC1b,0.6236073060718615,1,7,7,5,4
G715V,715,G,V,REC1b,0.1074136128242504,1,1,7,5,4
G717A,717,G,A,REC1b,-1.3653319909497166,0,3,7,5,4
G717E,717,G,E,REC1b,-0.0952777364209043,1,1,7,5,4
G717R,717,G,R,REC1b,0.1626758092610707,1,9,7,5,4
G717V,717,G,V,REC1b,-0.6599182370243105,0,8,7,5,4
G717W,717,G,W,REC1b,-0.6310127435995387,0,4,7,5,4
G729A,729,G,A,RuvC-II,-0.4657859093095344,0,6,5,5,5
G729E,729,G,E,RuvC-II,-0.08104233234429,1,3,5,5,5
G729R,729,G,R,RuvC-II,-0.7421607746797616,0,7,5,5,5
G729V,729,G,V,RuvC-II,-0.8473234933350521,0,5,5,5,5
G736A,736,G,A,RuvC-II,-0.4487431177235809,0,8,9,5,5
G736C,736,G,C,RuvC-II,-0.1966963259520093,1,5,9,5,5
G736D,736,G,D,RuvC-II,-0.5282434963147327,0,2,9,5,5
G736R,736,G,R,RuvC-II,-0.1899665409633618,1,2,9,5,5
G736S,736,G,S,RuvC-II,0.2723360629675639,1,8,9,5,5
G736V,736,G,V,RuvC-II,-0.398117044653613,0,2,9,5,5
G752A,752,G,A,RuvC-II,-0.1848776280383691,1,6,9,5,5
G752E,752,G,E,RuvC-II,0.1633960226579711,1,4,9,5,5
G752R,752,G,R,RuvC-II,-0.089401279795086,1,7,9,5,5
G752V,752,G,V,RuvC-II,-0.5530768768559615,0,7,9,5,5
G752W,752,G,W,RuvC-II,-0.690642987334672,0,6,9,5,5
G773A,773,G,A,HNH,0.9111980141271874,1,9,0,5,6
G773E,773,G,E,HNH,-0.2722481269687437,0,5,0,5,6
G773R,773,G,R,HNH,-0.3704687861462448,0,9,0,5,6
G773V,773,G,V,HNH,-0.7892417040139048,0,8,0,5,6
G787A,787,G,A,HNH,-2.098906391769252,0,8,4,5,6
G787E,787,G,E,HNH,-0.5168292820916709,0,9,4,5,6
G787R,787,G,R,HNH,-0.5734731134725857,0,5,4,5,6
G787V,787,G,V,HNH,-0.5166120905156657,0,5,4,5,6
G787W,787,G,W,HNH,-0.9445572006441452,0,6,4,5,6
G792A,792,G,A,HNH,-0.6717232357780969,0,1,4,5,6
G792E,792,G,E,HNH,0.4982017656642156,1,8,4,5,6
G792R,792,G,R,HNH,-0.736851824249244,0,2,4,5,6
G792V,792,G,V,HNH,-0.3497951408907346,0,4,4,5,6
G819A,819,G,A,HNH,-0.3001890604825218,0,5,2,5,6
G819C,819,G,C,HNH,-1.7402551755436857,0,6,2,5,6
G819D,819,G,D,HNH,-0.3914601347288031,0,5,2,5,6
G819R,819,G,R,HNH,-1.5934137872144147,0,5,2,5,6
G819S,819,G,S,HNH,-0.6375363404467221,0,6,2,5,6
G819V,819,G,V,HNH,-0.8336580494618879,0,4,2,5,6
G865A,865,G,A,HNH,-0.4845719491211827,0,7,4,6,6
G865E,865,G,E,HNH,-1.0542676931890285,0,4,4,6,6
G865R,865,G,R,HNH,-1.389928792332365,0,1,4,6,6
G865V,865,G,V,HNH,-0.3986580461339049,0,1,4,6,6
G865W,865,G,W,HNH,-0.4595446092403676,0,6,4,6,6
G8A,8,G,A,RuvC-I,-0.9064063789487552,0,7,0,0,0
G8E,8,G,E,RuvC-I,-1.0584094723938051,0,4,0,0,0
G8R,8,G,R,RuvC-I,-0.3160254865491096,0,1,0,0,0
G8V,8,G,V,RuvC-I,-1.5833646637506844,0,8,0,0,0
G8W,8,G,W,RuvC-I,-0.8918900657475297,0,4,0,0,0
G906A,906,G,A,HNH,-0.9190022954568478,0,5,3,6,6
G906E,906,G,E,HNH,-0.3644134437792102,0,4,3,6,6
G906R,906,G,R,HNH,-0.917552484372816,0,4,3,6,6
G906V,906,G,V,HNH,0.0003792443348679,1,0,3,6,6
G907A,907,G,A,HNH,-0.6427965340359765,0,8,9,6,6
G907C,907,G,C,HNH,-0.53177685518913,0,9,9,6,6
G907D,907,G,D,HNH,-0.3746406459912891,0,6,9,6,6
G907R,907,G,R,HNH,-1.8201668352998184,0,2,9,6,6
G907S,907,G,S,HNH,-0.1397240257244334,1,6,9,6,6
G907V,907,G,V,HNH,-0.5045992401159568,0,7,9,6,6
G915A,915,G,A,RuvC-III,-0.3893667331002545,0,6,2,6,7
G915C,915,G,C,RuvC-III,-0.3361912566020875,0,1,2,6,7
G915D,915,G,D,RuvC-III,0.0465659904899393,1,9,2,6,7
G915R,915,G,R,RuvC-III,-0.6422943843277674,0,2,2,6,7
G915S,915,G,S,RuvC-III,-5.549184979936285,0,0,2,6,7
G915V,915,G,V,RuvC-III,-0.7274802557285552,0,8,2,6,7
G994A,994,G,A,RuvC-III,-0.6240994605556904,0,2,1,7,7
G994E,994,G,E,RuvC-III,-0.8448622136012371,0,9,1,7,7
G994R,994,G,R,RuvC-III,-0.6021729765673085,0,1,1,7,7
G994V,994,G,V,RuvC-III,-0.7786324115810209,0,8,1,7,7
H113D,113,H,D,REC1a,-0.8201923219718721,0,2,3,0,2
H113L,113,H,L,REC1a,0.1460643839514636,1,2,3,0,2
H113N,113,H,N,REC1a,-0.1951765717302765,1,4,3,0,2
H113P,113,H,P,REC1a,0.0711595749375724,1,6,3,0,2
H113Q,113,H,Q,REC1a,0.4169197025761193,1,3,3,0,2
H113R,113,H,R,REC1a,-0.0226225713830442,1,3,3,0,2
H113Y,113,H,Y,REC1a,-0.0861822452653768,1,6,3,0,2
H116D,116,H,D,REC1a,-0.3338042393175401,0,6,2,0,2
H116L,116,H,L,REC1a,0.3089966806770444,1,4,2,0,2
H116N,116,H,N,REC1a,-0.3338042393175399,0,9,2,0,2
H116P,116,H,P,REC1a,-0.5534997955730209,0,1,2,0,2
H116Q,116,H,Q,REC1a,-1.263539824303094,0,8,2,0,2
H116R,116,H,R,REC1a,0.0052731811672727,1,4,2,0,2
H116Y,116,H,Y,REC1a,-0.2406948349260585,1,5,2,0,2
H1241D,1241,H,D,CTD-PI,0.5625560637533868,1,2,3,9,10
H1241L,1241,H,L,CTD-PI,0.1961248893203047,1,2,3,9,10
H1241N,1241,H,N,CTD-PI,-0.8210862392499227,0,0,3,9,10
H1241P,1241,H,P,CTD-PI,0.0771177091877594,1,1,3,9,10
H1241Q,1241,H,Q,CTD-PI,0.0854794171112873,1,8,3,9,10
H1241R,1241,H,R,CTD-PI,-0.2914561035424273,0,2,3,9,10
H1241Y,1241,H,Y,CTD-PI,-0.470890419339755,0,0,3,9,10
H1262D,1262,H,D,CTD-PI,-0.2746989878117221,0,2,6,9,10
H1262L,1262,H,L,CTD-PI,-0.6107025388179607,0,4,6,9,10
H1262N,1262,H,N,CTD-PI,-0.2200637312348763,1,5,6,9,10
H1262P,1262,H,P,CTD-PI,-1.0474351091961234,0,1,6,9,10
H1262Q,1262,H,Q,CTD-PI,-0.2895911991809319,0,1,6,9,10
H1262R,1262,H,R,CTD-PI,-0.2940750767792487,0,6,6,9,10
H1262Y,1262,H,Y,CTD-PI,-0.0240089979679104,1,5,6,9,10
H1264D,1264,H,D,CTD-PI,0.2913909225899944,1,6,9,9,10
H1264L,1264,H,L,CTD-PI,-5.219764266347039,0,1,9,9,10
H1264N,1264,H,N,CTD-PI,-0.4250091011817424,0,2,9,9,10
H1264P,1264,H,P,CTD-PI,-1.0498392649047268,0,6,9,9,10
H1264Q,1264,H,Q,CTD-PI,-0.223393465876662,1,9,9,9,10
H1264R,1264,H,R,CTD-PI,-1.0498392649047266,0,4,9,9,10
H1264Y,1264,H,Y,CTD-PI,-0.3668869963498291,0,1,9,9,10
H1297D,1297,H,D,CTD-PI,-0.4168550633133867,0,6,7,9,10
H1297L,1297,H,L,CTD-PI,-0.4937827411838509,0,5,7,9,10
H1297N,1297,H,N,CTD-PI,-0.8106639864682851,0,8,7,9,10
H1297P,1297,H,P,CTD-PI,0.6947579384258088,1,1,7,9,10
H1297Q,1297,H,Q,CTD-PI,-0.0332184155510165,1,1,7,9,10
H1297R,1297,H,R,CTD-PI,-0.2663211735180033,0,4,7,9,10
H1297Y,1297,H,Y,CTD-PI,0.1878799136844688,1,7,7,9,10
H129D,129,H,D,REC1a,-0.3312242147450864,0,3,7,0,2
H129L,129,H,L,REC1a,-0.6032488383009773,0,7,7,0,2
H129N,129,H,N,REC1a,-0.4243336191365678,0,7,7,0,2
H129P,129,H,P,REC1a,-1.2106138860742774,0,0,7,0,2
H129Q,129,H,Q,REC1a,-0.1869155759661769,1,2,7,0,2
H129R,129,H,R,REC1a,-0.2394687487464624,1,6,7,0,2
H129Y,129,H,Y,REC1a,-0.267093877325371,0,5,7,0,2
H1311D,1311,H,D,CTD-PI,-0.3362590392683144,0,6,1,9,10
H1311L,1311,H,L,CTD-PI,-0.1775786806738621,1,8,1,9,10
H1311N,1311,H,N,CTD-PI,-0.4819180707416733,0,3,1,9,10
H1311P,1311,H,P,CTD-PI,0.3129170399396444,1,2,1,9,10
H1311Q,1311,H,Q,CTD-PI,-0.4738156509658067,0,0,1,9,10
H1311R,1311,H,R,CTD-PI,0.747319864085419,1,1,1,9,10
H1311Y,1311,H,Y,CTD-PI,-0.1314578990199808,1,9,1,9,10
H1349D,1349,H,D,CTD-PI,0.4243578711455041,1,6,8,9,10
H1349L,1349,H,L,CTD-PI,0.7451938035922062,1,8,8,9,10
H1349N,1349,H,N,CTD-PI,-0.5467998071580787,0,8,8,9,10
H1349P,1349,H,P,CTD-PI,-1.4564400575774443,0,7,8,9,10
H1349Q,1349,H,Q,CTD-PI,-0.6854257120991926,0,3,8,9,10
H1349R,1349,H,R,CTD-PI,-0.0828535136184989,1,8,8,9,10
H1349Y,1349,H,Y,CTD-PI,-0.0480149828508826,1,9,8,9,10
H137D,137,H,D,REC1a,-0.7290937866777814,0,3,3,0,2
H137L,137,H,L,REC1a,-0.040412244675796,1,3,3,0,2
H137N,137,H,N,REC1a,-1.1645344587485773,0,7,3,0,2
H137P,137,H,P,REC1a,-0.9869362997207446,0,0,3,0,2
H137Q,137,H,Q,REC1a,1.0022524527833057,1,7,3,0,2
H137R,137,H,R,REC1a,0.4593917316423726,1,8,3,0,2
H137Y,137,H,Y,REC1a,-0.3305444101875064,0,9,3,0,2
H160D,160,H,D,REC1a,-1.869372764492368,0,7,9,1,2
H160L,160,H,L,REC1a,-0.6103358169778653,0,6,9,1,2
H160N,160,H,N,REC1a,-0.6867813512138954,0,6,9,1,2
H160P,160,H,P,REC1a,0.7787064737680338,1,0,9,1,2
H160Q,160,H,Q,REC1a,-0.6023505639840692,0,9,9,1,2
H160R,160,H,R,REC1a,-0.3155734743313856,0,4,9,1,2
H160Y,160,H,Y,REC1a,-0.2881000229202735,0,4,9,1,2
H167D,167,H,D,REC1a,-1.032359216411992,0,2,7,1,2
H167L,167,H,L,REC1a,-0.1047972400970694,1,9,7,1,2
H167N,167,H,N,REC1a,-0.5563310872439999,0,4,7,1,2
H167P,167,H,P,REC1a,-0.165787869986218,1,4,7,1,2
H167Q,167,H,Q,REC1a,-0.8136506220963101,0,7,7,1,2
H167R,167,H,R,REC1a,0.2520646448996799,1,8,7,1,2
H167Y,167,H,Y,REC1a,-0.8445440560737905,0,4,7,1,2
H328D,328,H,D,REC1b,0.1023416796544422,1,7,0,2,4
H328L,328,H,L,REC1b,0.1884991527083225,1,0,0,2,4
H328N,328,H,N,REC1b,0.3322092215530367,1,7,0,2,4
H328P,328,H,P,REC1b,-0.3785414400155715,0,2,0,2,4
H328Q,328,H,Q,REC1b,-0.354029634647497,0,6,0,2,4
H328R,328,H,R,REC1b,0.2296908400284319,1,1,0,2,4
H328Y,328,H,Y,REC1b,0.2103066889954024,1,0,0,2,4
H329D,329,H,D,REC1b,-0.694596494157557,0,3,9,2,4
H329L,329,H,L,REC1b,-0.1305262880099714,1,7,9,2,4
H329N,329,H,N,REC1b,-0.20076574838744,1,6,9,2,4
H329P,329,H,P,REC1b,-0.0008977567438975,1,9,9,2,4
H329Q,329,H,Q,REC1b,0.1087321476716198,1,7,9,2,4
H329R,329,H,R,REC1b,-0.051658277886363,1,7,9,2,4
H329Y,329,H,Y,REC1b,-0.0159748862221557,1,7,9,2,4
H412D,412,H,D,REC1b,-0.6026866730943385,0,8,5,3,4
H412L,412,H,L,REC1b,-0.5704317632240967,0,1,5,3,4
H412N,412,H,N,REC1b,-0.4145641538426364,0,8,5,3,4
H412P,412,H,P,REC1b,-1.8720398737318629,0,0,5,3,4
H412Q,412,H,Q,REC1b,-0.4550372955759481,0,5,5,3,4
H412R,412,H,R,REC1b,-0.0426280308010616,1,0,5,3,4
H412Y,412,H,Y,REC1b,-0.6188666001497731,0,8,5,3,4
H415D,415,H,D,REC1b,-0.7852163186323625,0,0,0,3,4
H415L,415,H,L,REC1b,-0.7677041315873528,0,5,0,3,4
H415N,415,H,N,REC1b,-0.7282892505475269,0,5,0,3,4
H415P,415,H,P,REC1b,0.1995361199359975,1,1,0,3,4
H415Q,415,H,Q,REC1b,0.9601560608713358,1,2,0,3,4
H415R,415,H,R,REC1b,-0.7777438035639188,0,9,0,3,4
H415Y,415,H,Y,REC1b,-0.4851627233677628,0,4,0,3,4
H41D,41,H,D,RuvC-I,-0.5526242855147238,0,5,8,0,0
H41L,41,H,L,RuvC-I,0.3239572102680906,1,5,8,0,0
H41N,41,H,N,RuvC-I,0.8862599557184879,1,2,8,0,0
H41P,41,H,P,RuvC-I,-0.8545180945381504,0,6,8,0,0
H41Q,41,H,Q,RuvC-I,-0.0419326297481697,1,3,8,0,0
H41R,41,H,R,RuvC-I,-0.5177057625648088,0,9,8,0,0
H41Y,41,H,Y,RuvC-I,-0.5275333045518935,0,8,8,0,0
H420D,420,H,D,REC1b,-0.0894232796870508,1,1,2,3,4
H420L,420,H,L,REC1b,0.0361442253244806,1,1,2,3,4
H420N,420,H,N,REC1b,0.1337183990232303,1,2,2,3,4
H420P,420,H,P,REC1b,-0.0793329920954554,1,0,2,3,4
H420Q,420,H,Q,REC1b,-0.1618903387805818,1,3,2,3,4
H420R,420,H,R,REC1b,0.1397668563986382,1,8,2,3,4
H420Y,420,H,Y,REC1b,-0.105446541817211,1,1,2,3,4
H511D,511,H,D,REC1b,-0.2435714171862863,1,1,5,3,4
H511L,511,H,L,REC1b,-0.7385563106486436,0,5,5,3,4
H511N,511,H,N,REC1b,-0.5955991189393299,0,1,5,3,4
H511P,511,H,P,REC1b,0.0064298464457106,1,3,5,3,4
H511Q,511,H,Q,REC1b,-0.2978290061085406,0,4,5,3,4
H511R,511,H,R,REC1b,0.658150424611396,1,7,5,3,4
H511Y,511,H,Y,REC1b,0.0206748283163155,1,4,5,3,4
H595D,595,H,D,REC1b,-0.1475063222731737,1,5,4,4,4
H595L,595,H,L,REC1b,-0.1463582524384892,1,1,4,4,4
H595N,595,H,N,REC1b,-0.8327009460112864,0,2,4,4,4
H595P,595,H,P,REC1b,0.2015650509818173,1,4,4,4,4
H595Q,595,H,Q,REC1b,-0.3980421136101758,0,4,4,4,4
H595R,595,H,R,REC1b,-0.4806946510942534,0,3,4,4,4
H595Y,595,H,Y,REC1b,-0.4642602785020783,0,7,4,4,4
H641D,641,H,D,REC1b,-0.6930143488275953,0,9,4,4,4
H641L,641,H,L,REC1b,-0.4080582090288724,0,8,4,4,4
H641N,641,H,N,REC1b,-0.6236610676887218,0,0,4,4,4
H641P,641,H,P,REC1b,-0.6595523374926505,0,6,4,4,4
H641Q,641,H,Q,REC1b,-0.3917734204439161,0,6,4,4,4
H641R,641,H,R,REC1b,0.0565159157802901,1,2,4,4,4
H641Y,641,H,Y,REC1b,-0.5398976350718369,0,4,4,4,4
H698D,698,H,D,REC1b,0.3458623877103837,1,4,4,5,4
H698L,698,H,L,REC1b,0.6281147517301295,1,9,4,5,4
H698N,698,H,N,REC1b,-0.4941110719135418,0,0,4,5,4
H698P,698,H,P,REC1b,-1.1693923843711278,0,6,4,5,4
H698Q,698,H,Q,REC1b,0.0564493791194738,1,1,4,5,4
H698R,698,H,R,REC1b,0.2755823990618202,1,9,4,5,4
H698Y,698,H,Y,REC1b,0.0319865651177544,1,1,4,5,4
H721D,721,H,D,RuvC-II,0.3696603993754317,1,0,0,5,5
H721L,721,H,L,RuvC-II,0.0008065737321367,1,7,0,5,5
H721N,721,H,N,RuvC-II,-0.3386620563358327,0,1,0,5,5
H721P,721,H,P,RuvC-II,-0.0557769546342307,1,6,0,5,5
H721Q,721,H,Q,RuvC-II,0.0294812996272425,1,5,0,5,5
H721R,721,H,R,RuvC-II,-0.0159133327351501,1,8,0,5,5
H721Y,721,H,Y,RuvC-II,-0.1920614181182404,1,2,0,5,5
H723D,723,H,D,RuvC-II,0.1096168295559749,1,3,1,5,5
H723L,723,H,L,RuvC-II,-0.0779915659719498,1,8,1,5,5
H723N,723,H,N,RuvC-II,-0.1673483547989764,1,5,1,5,5
H723P,723,H,P,RuvC-II,-1.2114712011712998,0,3,1,5,5
H723Q,723,H,Q,RuvC-II,-0.0237995106325307,1,5,1,5,5
H723R,723,H,R,RuvC-II,0.2065105747230877,1,1,1,5,5
H723Y,723,H,Y,RuvC-II,-0.3721681466874744,0,4,1,5,5
H754D,754,H,D,RuvC-II,-0.3603684253323419,0,3,2,5,5
H754L,754,H,L,RuvC-II,0.4120783916039497,1,6,2,5,5
H754N,754,H,N,RuvC-II,-0.1531872542320654,1,1,2,5,5
H754P,754,H,P,RuvC-II,-1.511423470922007,0,2,2,5,5
H754Q,754,H,Q,RuvC-II,-1.4573257183343111,0,8,2,5,5
H754R,754,H,R,RuvC-II,0.7327294691532521,1,3,2,5,5
H754Y,754,H,Y,RuvC-II,-0.2537355768411151,1,1,2,5,5
H799D,799,H,D,HNH,-0.4866742410249896,0,1,9,5,6
H799L,799,H,L,HNH,0.4632816205903561,1,3,9,5,6
H799N,799,H,N,HNH,-0.001247413854748,1,6,9,5,6
H799P,799,H,P,HNH,-0.8452674444958066,0,7,9,5,6
H799Q,799,H,Q,HNH,-0.1781732014327545,1,2,9,5,6
H799R,799,H,R,HNH,-0.4338411987693414,0,4,9,5,6
H799Y,799,H,Y,HNH,-0.2808647038841457,0,2,9,5,6
H840D,840,H,D,HNH,-0.4337123902182835,0,0,6,6,6
H840L,840,H,L,HNH,-0.5712161395866421,0,8,6,6,6
H840N,840,H,N,HNH,-1.0640354243393153,0,2,6,6,6
H840P,840,H,P,HNH,-0.0064814470931869,1,5,6,6,6
H840Q,840,H,Q,HNH,-0.6461475799639733,0,3,6,6,6
H840R,840,H,R,HNH,-0.7080417051281944,0,5,6,6,6
H840Y,840,H,Y,HNH,-0.398771295527298,0,5,6,6,6
H930D,930,H,D,RuvC-III,-0.5171766864647092,0,7,9,6,7
H930L,930,H,L,RuvC-III,-1.3402181858376403,0,1,9,6,7
H930N,930,H,N,RuvC-III,0.0813069539100656,1,6,9,6,7
H930P,930,H,P,RuvC-III,-1.3402181858376403,0,4,9,6,7
H930Q,930,H,Q,RuvC-III,0.6214103227621192,1,9,9,6,7
H930R,930,H,R,RuvC-III,-0.3045942761069189,0,4,9,6,7
H930Y,930,H,Y,RuvC-III,-0.0417039361952778,1,6,9,6,7
H982D,982,H,D,RuvC-III,-0.0534687557431524,1,6,1,7,7
H982L,982,H,L,RuvC-III,-0.0017327212634407,1,6,1,7,7
H982N,982,H,N,RuvC-III,1.974897357252539,1,0,1,7,7
H982P,982,H,P,RuvC-III,-0.8655219350918388,0,2,1,7,7
H982Q,982,H,Q,RuvC-III,-0.1059356149926362,1,9,1,7,7
H982R,982,H,R,RuvC-III,-0.6899452658729373,0,1,1,7,7
H982Y,982,H,Y,RuvC-III,-0.4546801001549799,0,1,1,7,7
H983D,983,H,D,RuvC-III,-0.6752172450320764,0,4,6,7,7
H983L,983,H,L,RuvC-III,-0.8681579986605813,0,5,6,7,7
H983N,983,H,N,RuvC-III,-0.6670433135863761,0,0,6,7,7
H983P,983,H,P,RuvC-III,-0.146532950628861,1,9,6,7,7
H983Q,983,H,Q,RuvC-III,0.0904720196749462,1,9,6,7,7
H983R,983,H,R,RuvC-III,-0.408063765872267,0,2,6,7,7
H983Y,983,H,Y,RuvC-III,-0.6464464089792626,0,8,6,7,7
H985D,985,H,D,RuvC-III,-0.3162379545272731,0,9,4,7,7
H985L,985,H,L,RuvC-III,-0.5010528904801246,0,4,4,7,7
H985N,985,H,N,RuvC-III,-0.5090159201445097,0,4,4,7,7
H985P,985,H,P,RuvC-III,-0.198644246312186,1,0,4,7,7
H985Q,985,H,Q,RuvC-III,-0.5577312795395237,0,7,4,7,7
H985R,985,H,R,RuvC-III,-0.5443478135637746,0,2,4,7,7
H985Y,985,H,Y,RuvC-III,-0.4636117223012691,0,9,4,7,7
H99D,99,H,D,REC1a,0.0570558527119157,1,4,6,0,2
H99L,99,H,L,REC1a,0.1992935021879966,1,3,6,0,2
H99N,99,H,N,REC1a,0.3481046347153063,1,9,6,0,2
H99P,99,H,P,REC1a,-1.3298157637996422,0,5,6,0,2
H99Q,99,H,Q,REC1a,-0.1071295557840843,1,0,6,0,2
H99R,99,H,R,REC1a,0.4262586533142685,1,1,6,0,2
H99Y,99,H,Y,REC1a,-0.162857284562073,1,5,6,0,2
I1022F,1022,I,F,RuvC-III,-0.2260446560760626,1,4,8,7,7
I1022L,1022,I,L,RuvC-III,-0.0610736291495197,1,5,8,7,7
I1022M,1022,I,M,RuvC-III,-0.5906692394709531,0,1,8,7,7
I1022N,1022,I,N,RuvC-III,-0.5433257287937516,0,6,8,7,7
I1022S,1022,I,S,RuvC-III,-1.382775115393541,0,0,8,7,7
I1022T,1022,I,T,RuvC-III,-0.3791273383783964,0,4,8,7,7
I1022V,1022,I,V,RuvC-III,-0.7067996161919928,0,6,8,7,7
I1029F,1029,I,F,RuvC-III,-0.5526487606913272,0,6,7,7,7
I1029L,1029,I,L,RuvC-III,0.0683956415812469,1,3,7,7,7
I1029M,1029,I,M,RuvC-III,-0.1200477321840189,1,0,7,7,7
I1029N,1029,I,N,RuvC-III,-0.0682004016072371,1,1,7,7,7
I1029S,1029,I,S,RuvC-III,-0.8687174556777933,0,2,7,7,7
I1029T,1029,I,T,RuvC-III,0.2517125547132001,1,4,7,7,7
I1029V,1029,I,V,RuvC-III,0.6752211004110049,1,2,7,7,7
I1042F,1042,I,F,RuvC-III,-0.4519744316299296,0,1,8,7,7
I1042L,1042,I,L,RuvC-III,-1.3910638496265966,0,5,8,7,7
I1042M,1042,I,M,RuvC-III,-0.34693828347605,0,4,8,7,7
I1042N,1042,I,N,RuvC-III,-0.5911162547238934,0,9,8,7,7
I1042S,1042,I,S,RuvC-III,0.0637721656865253,1,5,8,7,7
I1042T,1042,I,T,RuvC-III,-0.2464425086370463,1,5,8,7,7
I1042V,1042,I,V,RuvC-III,-0.6132151990198167,0,2,8,7,7
I1050F,1050,I,F,RuvC-III,0.3144119681705011,1,0,1,7,7
I1050L,1050,I,L,RuvC-III,-0.2829940721822226,0,6,1,7,7
I1050M,1050,I,M,RuvC-III,0.032557310435277,1,7,1,7,7
I1050N,1050,I,N,RuvC-III,-0.4775692952558486,0,2,1,7,7
I1050S,1050,I,S,RuvC-III,-0.8190828332092852,0,4,1,7,7
I1050T,1050,I,T,RuvC-III,0.0549092818786094,1,1,1,7,7
I1050V,1050,I,V,RuvC-III,-0.3666257191088729,0,5,1,7,7
I1057F,1057,I,F,RuvC-III,-0.1451127222638328,1,0,9,7,7
I1057L,1057,I,L,RuvC-III,0.5268330800519633,1,1,9,7,7
I1057M,1057,I,M,RuvC-III,-0.2569092397116228,1,4,9,7,7
I1057N,1057,I,N,RuvC-III,0.1015225268291454,1,9,9,7,7
I1057S,1057,I,S,RuvC-III,-0.709948503700691,0,0,9,7,7
I1057T,1057,I,T,RuvC-III,0.0804831153204445,1,7,9,7,7
I1057V,1057,I,V,RuvC-III,0.0060050105882949,1,8,9,7,7
I1063F,1063,I,F,RuvC-III,-0.096654569849914,1,0,9,7,7
I1063L,1063,I,L,RuvC-III,-1.2936478144903971,0,7,9,7,7
I1063M,1063,I,M,RuvC-III,-0.5438145845039827,0,6,9,7,7
I1063N,1063,I,N,RuvC-III,-0.7223761397297211,0,9,9,7,7
I1063S,1063,I,S,RuvC-III,-0.1963073280621337,1,6,9,7,7
I1063T,1063,I,T,RuvC-III,-0.2938151963511321,0,2,9,7,7
I1063V,1063,I,V,RuvC-III,-0.0294724872520336,1,8,9,7,7
I1072F,1072,I,F,RuvC-III,-0.2106254936998597,1,8,9,7,7
I1072L,1072,I,L,RuvC-III,-1.3971727160895857,0,9,9,7,7
I1072M,1072,I,M,RuvC-III,-0.0080971966251612,1,0,9,7,7
I1072N,1072,I,N,RuvC-III,-0.4756499344554071,0,3,9,7,7
I1072S,1072,I,S,RuvC-III,0.1413568194714985,1,2,9,7,7
I1072T,1072,I,T,RuvC-III,-0.6020065458928582,0,7,9,7,7
I1072V,1072,I,V,RuvC-III,-0.5902639653795576,0,2,9,7,7
I1094F,1094,I,F,RuvC-III,-0.215146954231141,1,6,4,7,7
I1094L,1094,I,L,RuvC-III,-0.6798152212345857,0,4,4,7,7
I1094M,1094,I,M,RuvC-III,-0.7414831180534899,0,5,4,7,7
I1094N,1094,I,N,RuvC-III,-0.0843405983050236,1,8,4,7,7
I1094S,1094,I,S,RuvC-III,-0.774195877121395,0,5,4,7,7
I1094T,1094,I,T,RuvC-III,-0.2005773420121499,1,0,4,7,7
I1094V,1094,I,V,RuvC-III,-0.5278121277895357,0,9,4,7,7
I1110F,1110,I,F,WED,-0.0175326652044354,1,1,7,8,8
I1110L,1110,I,L,WED,0.1932794061075761,1,2,7,8,8
I1110M,1110,I,M,WED,-0.3749224728718929,0,0,7,8,8
I1110N,1110,I,N,WED,-0.1650910756689234,1,4,7,8,8
I1110S,1110,I,S,WED,-0.4268016477221791,0,2,7,8,8
I1110T,1110,I,T,WED,-0.2747985542771292,0,9,7,8,8
I1110V,1110,I,V,WED,-0.2687729126888565,0,1,7,8,8
I1120F,1120,I,F,WED,-0.278889672176937,0,2,0,8,8
I1120L,1120,I,L,WED,-0.1940007745904241,1,1,0,8,8
I1120M,1120,I,M,WED,-0.0623422888156031,1,7,0,8,8
I1120N,1120,I,N,WED,-0.2531684529296741,1,5,0,8,8
I1120S,1120,I,S,WED,-1.6344580621054958,0,0,0,8,8
I1120T,1120,I,T,WED,-0.0413950626132228,1,4,0,8,8
I1120V,1120,I,V,WED,-0.1625577269395429,1,5,0,8,8
I1166F,1166,I,F,WED,-0.3241198575765412,0,5,9,8,8
I1166L,1166,I,L,WED,-0.0252753758022203,1,4,9,8,8
I1166M,1166,I,M,WED,-0.7603391836853315,0,5,9,8,8
I1166N,1166,I,N,WED,-0.2815015069575596,0,8,9,8,8
I1166S,1166,I,S,WED,0.9629172207088872,1,3,9,8,8
I1166T,1166,I,T,WED,-0.3574503601908583,0,4,9,8,8
I1166V,1166,I,V,WED,-0.0618012518273341,1,0,9,8,8
I1168F,1168,I,F,WED,0.7463287712296411,1,8,9,8,8
I1168L,1168,I,L,WED,-0.468511046527327,0,5,9,8,8
I1168M,1168,I,M,WED,-0.3080769656820161,0,6,9,8,8
I1168N,1168,I,N,WED,0.4353495038945942,1,0,9,8,8
I1168S,1168,I,S,WED,0.4489509331991793,1,2,9,8,8
I1168T,1168,I,T,WED,0.5524223812468443,1,2,9,8,8
I1168V,1168,I,V,WED,0.383931765058815,1,0,9,8,8
I1179F,1179,I,F,WED,-0.2229488498545933,1,3,3,8,8
I1179L,1179,I,L,WED,-0.2050269418573308,1,1,3,8,8
I1179M,1179,I,M,WED,-0.507608574822453,0,2,3,8,8
I1179N,1179,I,N,WED,-0.6364064368765269,0,7,3,8,8
I1179S,1179,I,S,WED,0.247445079428924,1,4,3,8,8
I1179T,1179,I,T,WED,-0.2050671252685825,1,3,3,8,8
I1179V,1179,I,V,WED,-0.1665527940426953,1,2,3,8,8
I118F,118,I,F,REC1a,0.0668132502610911,1,1,9,0,2
I118L,118,I,L,REC1a,-0.4262267610190255,0,1,9,0,2
I118M,118,I,M,REC1a,-0.1855167202427612,1,9,9,0,2
I118N,118,I,N,REC1a,-0.6273940141558181,0,8,9,0,2
I118S,118,I,S,REC1a,-2.1717145303796284,0,3,9,0,2
I118T,118,I,T,REC1a,-1.0595050267936033,0,5,9,0,2
I118V,118,I,V,REC1a,-0.374219457550697,0,4,9,0,2
I1195F,1195,I,F,WED,-0.2938318732249124,0,8,9,8,8
I1195L,1195,I,L,WED,-0.4696031326029119,0,6,9,8,8
I1195M,1195,I,M,WED,-1.3493923353941313,0,5,9,8,8
I1195N,1195,I,N,WED,-0.3866281512503028,0,2,9,8,8
I1195S,1195,I,S,WED,0.1128592287796109,1,3,9,8,8
I1195T,1195,I,T,WED,-0.2005102961974034,1,7,9,8,8
I1195V,1195,I,V,WED,0.655178056563321,1,1,9,8,8
I1196F,1196,I,F,WED,0.1612285994106723,1,8,5,8,8
I1196L,1196,I,L,WED,-1.23356504353744,0,1,5,8,8
I1196M,1196,I,M,WED,0.0973872175426514,1,5,5,8,8
I1196N,1196,I,N,WED,0.3186630596584605,1,0,5,8,8
I1196S,1196,I,S,WED,1.11109640870859,1,5,5,8,8
I1196T,1196,I,T,WED,0.1211500733725124,1,0,5,8,8
I1196V,1196,I,V,WED,0.7586576058708412,1,9,5,8,8
I11F,11,I,F,RuvC-I,-0.490515899483224,0,6,2,0,0
I11L,11,I,L,RuvC-I,-0.5456574536756847,0,4,2,0,0
I11M,11,I,M,RuvC-I,-0.8462837502565576,0,5,2,0,0
I11N,11,I,N,RuvC-I,-0.5174049367912706,0,9,2,0,0
I11S,11,I,S,RuvC-I,-2.86734740784823,0,9,2,0,0
I11T,11,I,T,RuvC-I,-0.5122524490256682,0,4,2,0,0
I11V,11,I,V,RuvC-I,-0.8935807570959918,0,3,2,0,0
I122F,122,I,F,REC1a,0.0353282912497274,1,0,8,0,2
I122L,122,I,L,REC1a,-0.6360489612889018,0,1,8,0,2
I122M,122,I,M,REC1a,-0.3407789682789201,0,2,8,0,2
I122N,122,I,N,REC1a,0.2875146417864845,1,5,8,0,2
I122S,122,I,S,REC1a,-0.0329114279356457,1,0,8,0,2
I122T,122,I,T,REC1a,0.1856769172590317,1,2,8,0,2
I122V,122,I,V,REC1a,0.2799992603786385,1,6,8,0,2
I1269F,1269,I,F,CTD-PI,0.5372942141828075,1,6,6,9,10
I1269L,1269,I,L,CTD-PI,-0.4459844499385522,0,1,6,9,10
I1269M,1269,I,M,CTD-PI,-0.4765234667492324,0,4,6,9,10
I1269N,1269,I,N,CTD-PI,-0.4400190171220786,0,9,6,9,10
I1269S,1269,I,S,CTD-PI,0.8914214949867718,1,5,6,9,10
I1269T,1269,I,T,CTD-PI,-0.7360319613066734,0,4,6,9,10
I1269V,1269,I,V,CTD-PI,0.3054140661450362,1,9,6,9,10
I1270F,1270,I,F,CTD-PI,-0.0577535945400899,1,2,5,9,10
I1270L,1270,I,L,CTD-PI,-0.3248955226098367,0,9,5,9,10
I1270M,1270,I,M,CTD-PI,-1.1540760733565063,0,1,5,9,10
I1270N,1270,I,N,CTD-PI,0.1069743050433685,1,1,5,9,10
I1270S,1270,I,S,CTD-PI,0.4475135326663172,1,9,5,9,10
I1270T,1270,I,T,CTD-PI,-0.577682842973909,0,5,5,9,10
I1270V,1270,I,V,CTD-PI,0.4812465409981175,1,9,5,9,10
I1273F,1273,I,F,CTD-PI,0.3715499261777277,1,4,3,9,10
I1273L,1273,I,L,CTD-PI,-0.8132101164275268,0,4,3,9,10
I1273M,1273,I,M,CTD-PI,0.3686364436505134,1,7,3,9,10
I1273N,1273,I,N,CTD-PI,-0.4025348553028835,0,9,3,9,10
I1273S,1273,I,S,CTD-PI,-0.8724948811273548,0,2,3,9,10
I1273T,1273,I,T,CTD-PI,0.0473347701886621,1,3,3,9,10
I1273V,1273,I,V,CTD-PI,0.061553699690209,1,1,3,9,10
I1281F,1281,I,F,CTD-PI,2.1825168446938017,1,3,2,9,10
I1281L,1281,I,L,CTD-PI,-0.2266626920676131,1,7,2,9,10
I1281M,1281,I,M,CTD-PI,-0.4685686974950016,0,8,2,9,10
I1281N,1281,I,N,CTD-PI,0.2116888949676053,1,0,2,9,10
I1281S,1281,I,S,CTD-PI,-0.6427786229281178,0,2,2,9,10
I1281T,1281,I,T,CTD-PI,-0.3291181440243562,0,0,2,9,10
I1281V,1281,I,V,CTD-PI,0.1896547378356724,1,8,2,9,10
I1302F,1302,I,F,CTD-PI,1.1083074002783146,1,5,7,9,10
I1302L,1302,I,L,CTD-PI,-0.2742171033872953,0,9,7,9,10
I1302M,1302,I,M,CTD-PI,0.0252807571307235,1,0,7,9,10
I1302N,1302,I,N,CTD-PI,-0.2909708716095684,0,2,7,9,10
I1302S,1302,I,S,CTD-PI,-2.084827801918196,0,2,7,9,10
I1302T,1302,I,T,CTD-PI,-0.6878585954006673,0,7,7,9,10
I1302V,1302,I,V,CTD-PI,-0.0336664152499017,1,4,7,9,10
I1309F,1309,I,F,CTD-PI,-0.0954390426587233,1,7,9,9,10
I1309L,1309,I,L,CTD-PI,-0.365244406469953,0,6,9,9,10
I1309M,1309,I,M,CTD-PI,-0.4145355165868243,0,5,9,9,10
I1309N,1309,I,N,CTD-PI,-0.8567407681570552,0,9,9,9,10
I1309S,1309,I,S,CTD-PI,-0.4249770330504678,0,7,9,9,10
I1309T,1309,I,T,CTD-PI,0.1709850613751574,1,9,9,9,10
I1309V,1309,I,V,CTD-PI,-0.2039634994368921,1,6,9,9,10
I1310F,1310,I,F,CTD-PI,0.622637332271165,1,2,9,9,10
I1310L,1310,I,L,CTD-PI,0.2051206706573828,1,1,9,9,10
I1310M,1310,I,M,CTD-PI,-0.5115508152196778,0,3,9,9,10
I1310N,1310,I,N,CTD-PI,-0.3323925519758359,0,9,9,9,10
I1310S,1310,I,S,CTD-PI,-0.4472022302830776,0,7,9,9,10
I1310T,1310,I,T,CTD-PI,-0.513839423313368,0,8,9,9,10
I1310V,1310,I,V,CTD-PI,0.0834540199002673,1,7,9,9,10
I1331F,1331,I,F,CTD-PI,0.1051717628829239,1,7,4,9,10
I1331L,1331,I,L,CTD-PI,-0.353524911754328,0,8,4,9,10
I1331M,1331,I,M,CTD-PI,0.1475802187169881,1,2,4,9,10
I1331N,1331,I,N,CTD-PI,0.2562581400995256,1,9,4,9,10
I1331S,1331,I,S,CTD-PI,-0.845025195737656,0,5,4,9,10
I1331T,1331,I,T,CTD-PI,-0.03652360912832,1,9,4,9,10
I1331V,1331,I,V,CTD-PI,-0.3726337347020326,0,8,4,9,10
I1348F,1348,I,F,CTD-PI,0.8696002869670033,1,5,4,9,10
I1348L,1348,I,L,CTD-PI,-0.5890641447120986,0,8,4,9,10
I1348M,1348,I,M,CTD-PI,0.3482068493545975,1,0,4,9,10
I1348N,1348,I,N,CTD-PI,-0.2894902490355802,0,6,4,9,10
I1348S,1348,I,S,CTD-PI,-1.502875179878247,0,0,4,9,10
I1348T,1348,I,T,CTD-PI,0.5037885504027638,1,6,4,9,10
I1348V,1348,I,V,CTD-PI,-0.3078823921680452,0,9,4,9,10
I1352F,1352,I,F,CTD-PI,-0.0502624901320897,1,5,1,9,10
I1352L,1352,I,L,CTD-PI,-0.9286330457305584,0,1,1,9,10
I1352M,1352,I,M,CTD-PI,-2.842926833374285,0,2,1,9,10
I1352N,1352,I,N,CTD-PI,-0.7439999787814779,0,8,1,9,10
I1352S,1352,I,S,CTD-PI,0.1199384716424935,1,8,1,9,10
I1352T,1352,I,T,CTD-PI,0.9373470583640208,1,0,1,9,10
I1352V,1352,I,V,CTD-PI,-0.4498699488413277,0,4,1,9,10
I135F,135,I,F,REC1a,-0.4021692434545578,0,1,1,0,2
I135L,135,I,L,REC1a,-0.3385106062322401,0,6,1,0,2
I135M,135,I,M,REC1a,-0.1528160046907527,1,2,1,0,2
I135N,135,I,N,REC1a,-0.4896287258150111,0,4,1,0,2
I135S,135,I,S,REC1a,-0.0727889839021817,1,8,1,0,2
I135T,135,I,T,REC1a,-0.739179083967184,0,0,1,0,2
I135V,135,I,V,REC1a,0.4915643923254475,1,9,1,0,2
I1360F,1360,I,F,CTD-PI,-0.2763623251826504,0,8,3,9,10
I1360L,1360,I,L,CTD-PI,-0.6065365437349911,0,2,3,9,10
I1360M,1360,I,M,CTD-PI,-0.4704869687819434,0,9,3,9,10
I1360N,1360,I,N,CTD-PI,-0.3928452886313022,0,2,3,9,10
I1360S,1360,I,S,CTD-PI,-0.553551760044236,0,2,3,9,10
I1360T,1360,I,T,CTD-PI,-0.5471254908848031,0,1,3,9,10
I1360V,1360,I,V,CTD-PI,-0.2880890175825906,0,5,3,9,10
I154F,154,I,F,REC1a,-0.3659398427733737,0,3,2,1,2
I154L,154,I,L,REC1a,0.5879482323723141,1,7,2,1,2
I154M,154,I,M,REC1a,-0.7326031110100532,0,3,2,1,2
I154N,154,I,N,REC1a,-0.150436657484654,1,2,2,1,2
I154S,154,I,S,REC1a,-0.7498428949691321,0,5,2,1,2
I154T,154,I,T,REC1a,-0.2359634923094582,1,7,2,1,2
I154V,154,I,V,REC1a,0.2795033668485741,1,8,2,1,2
I162F,162,I,F,REC1a,-0.434556392940535,0,4,4,1,2
I162L,162,I,L,REC1a,-0.5800972357558881,0,0,4,1,2
I162M,162,I,M,REC1a,-1.2175289357645849,0,0,4,1,2
I162N,162,I,N,REC1a,0.0950584823303653,1,7,4,1,2
I162S,162,I,S,REC1a,-0.6662912704628,0,7,4,1,2
I162T,162,I,T,REC1a,0.594039633533591,1,6,4,1,2
I162V,162,I,V,REC1a,-0.7478246814939546,0,6,4,1,2
I170F,170,I,F,REC1a,0.0212149934313203,1,0,2,1,2
I170L,170,I,L,REC1a,0.8319246671220769,1,8,2,1,2
I170M,170,I,M,REC1a,-0.596890622319929,0,5,2,1,2
I170N,170,I,N,REC1a,-0.277300583996332,0,9,2,1,2
I170S,170,I,S,REC1a,-0.2292594223921028,1,5,2,1,2
I170T,170,I,T,REC1a,-0.1416355570843511,1,9,2,1,2
I170V,170,I,V,REC1a,-0.539859634202883,0,8,2,1,2
I186F,186,I,F,REC2,0.1277312182116877,1,8,3,1,3
I186L,186,I,L,REC2,-0.6724441173571393,0,7,3,1,3
I186M,186,I,M,REC2,-0.7407579970397129,0,7,3,1,3
I186N,186,I,N,REC2,0.1351322600452051,1,1,3,1,3
I186S,186,I,S,REC2,-0.42374101180729,0,4,3,1,3
I186T,186,I,T,REC2,0.5500274466195304,1,6,3,1,3
I186V,186,I,V,REC2,-0.3199277026363538,0,4,3,1,3
I201F,201,I,F,REC2,-0.2573663571659969,1,6,1,1,3
I201L,201,I,L,REC2,0.8077863223592541,1,9,1,1,3
I201M,201,I,M,REC2,0.1832241844511792,1,5,1,1,3
I201N,201,I,N,REC2,-0.4232004722453678,0,7,1,1,3
I201S,201,I,S,REC2,-1.3533042891343274,0,9,1,1,3
I201T,201,I,T,REC2,-0.6687831330454507,0,1,1,1,3
I201V,201,I,V,REC2,0.9846640844433332,1,7,1,1,3
I211F,211,I,F,REC2,0.6205806210951174,1,1,0,1,3
I211L,211,I,L,REC2,0.2486118437081593,1,4,0,1,3
I211M,211,I,M,REC2,-0.4729785167015442,0,1,0,1,3
I211N,211,I,N,REC2,-0.4039637702612753,0,8,0,1,3
I211S,211,I,S,REC2,1.14408284416727,1,1,0,1,3
I211T,211,I,T,REC2,-0.1975747211460241,1,5,0,1,3
I211V,211,I,V,REC2,0.0624605278512638,1,1,0,1,3
I21F,21,I,F,RuvC-I,-1.194065632446913,0,6,0,0,0
I21L,21,I,L,RuvC-I,0.034753058048968,1,9,0,0,0
I21M,21,I,M,RuvC-I,-0.8671528028511228,0,8,0,0,0
I21N,21,I,N,RuvC-I,-1.6592927020124897,0,9,0,0,0
I21S,21,I,S,RuvC-I,-1.133223890344902,0,0,0,0,0
I21T,21,I,T,RuvC-I,-0.8306611203244705,0,0,0,0,0
I21V,21,I,V,RuvC-I,0.9837691293301633,1,9,0,0,0
I226F,226,I,F,REC2,-0.2282096461003064,1,3,6,1,3
I226L,226,I,L,REC2,0.3948879835076213,1,5,6,1,3
I226M,226,I,M,REC2,0.0933954807403271,1,6,6,1,3
I226N,226,I,N,REC2,-0.0866962106985336,1,1,6,1,3
I226S,226,I,S,REC2,-1.5086360375608263,0,6,6,1,3
I226T,226,I,T,REC2,-0.2936231465899758,0,6,6,1,3
I226V,226,I,V,REC2,-0.3420776106585849,0,7,6,1,3
I242F,242,I,F,REC2,-0.4385459436115096,0,0,1,1,3
I242L,242,I,L,REC2,-1.9290736424746169,0,9,1,1,3
I242M,242,I,M,REC2,-0.1874357967525216,1,0,1,1,3
I242N,242,I,N,REC2,0.1032415959987915,1,3,1,1,3
I242S,242,I,S,REC2,0.6591750481084157,1,1,1,1,3
I242T,242,I,T,REC2,-0.3764488616223057,0,7,1,1,3
I242V,242,I,V,REC2,-0.6567763153118551,0,0,1,1,3
I282F,282,I,F,REC2,-0.2322701221970937,1,4,8,2,3
I282L,282,I,L,REC2,0.6209093495750069,1,1,8,2,3
I282M,282,I,M,REC2,0.1823973303920294,1,7,8,2,3
I282N,282,I,N,REC2,-0.0833609983379458,1,9,8,2,3
I282S,282,I,S,REC2,0.435965704462447,1,2,8,2,3
I282T,282,I,T,REC2,-0.0945490122363327,1,7,8,2,3
I282V,282,I,V,REC2,0.0354786693784165,1,5,8,2,3
I300F,300,I,F,REC2,-0.3394115281928134,0,6,4,2,3
I300L,300,I,L,REC2,-2.268607573185215,0,3,4,2,3
I300M,300,I,M,REC2,0.0694657154657164,1,6,4,2,3
I300N,300,I,N,REC2,1.3812588186584345,1,0,4,2,3
I300S,300,I,S,REC2,0.4174790065711873,1,9,4,2,3
I300T,300,I,T,REC2,0.0599270019531035,1,7,4,2,3
I300V,300,I,V,REC2,0.2549543828717977,1,5,4,2,3
I305F,305,I,F,REC2,-0.1663748093922985,1,1,8,2,3
I305L,305,I,L,REC2,-0.2131515800617459,1,5,8,2,3
I305M,305,I,M,REC2,-0.4963655251016138,0,1,8,2,3
I305N,305,I,N,REC2,-0.3658569409441775,0,3,8,2,3
I305S,305,I,S,REC2,0.5692749588785878,1,1,8,2,3
I305T,305,I,T,REC2,-0.2449766362034467,1,7,8,2,3
I305V,305,I,V,REC2,-0.2830535932919023,0,9,8,2,3
I312F,312,I,F,REC1b,0.2425763808399853,1,5,0,2,4
I312L,312,I,L,REC1b,-0.0876291442495746,1,7,0,2,4
I312M,312,I,M,REC1b,-0.4572955777004321,0,2,0,2,4
I312N,312,I,N,REC1b,-0.1927928638249939,1,9,0,2,4
I312S,312,I,S,REC1b,-0.4586043543293616,0,9,0,2,4
I312T,312,I,T,REC1b,-0.6086297983339689,0,0,0,2,4
I312V,312,I,V,REC1b,-0.1974784041011639,1,0,0,2,4
I322F,322,I,F,REC1b,-0.6073997628714596,0,4,7,2,4
I322L,322,I,L,REC1b,-0.7398500588951092,0,6,7,2,4
I322M,322,I,M,REC1b,-0.5674937715157942,0,6,7,2,4
I322N,322,I,N,REC1b,-0.2070129719375698,1,5,7,2,4
I322S,322,I,S,REC1b,0.0223133225185898,1,5,7,2,4
I322T,322,I,T,REC1b,-0.423312496593677,0,2,7,2,4
I322V,322,I,V,REC1b,-0.3905455250764414,0,4,7,2,4
I350F,350,I,F,REC1b,0.165968130197051,1,0,9,2,4
I350L,350,I,L,REC1b,0.9346425840905954,1,8,9,2,4
I350M,350,I,M,REC1b,0.1090383202330719,1,9,9,2,4
I350N,350,I,N,REC1b,0.5885460493919953,1,2,9,2,4
I350S,350,I,S,REC1b,-3.3830502356043386,0,8,9,2,4
I350T,350,I,T,REC1b,-0.2768508317724131,0,9,9,2,4
I350V,350,I,V,REC1b,-0.6199462675870419,0,1,9,2,4
I363F,363,I,F,REC1b,-0.1590202320270298,1,2,0,2,4
I363L,363,I,L,REC1b,-0.966375154084634,0,0,0,2,4
I363M,363,I,M,REC1b,1.035724467044658,1,7,0,2,4
I363N,363,I,N,REC1b,-0.2677009169543572,0,7,0,2,4
I363S,363,I,S,REC1b,1.2064158150785087,1,3,0,2,4
I363T,363,I,T,REC1b,-0.6279061545793648,0,2,0,2,4
I363V,363,I,V,REC1b,0.1107927064378258,1,3,0,2,4
I376F,376,I,F,REC1b,-0.1040874504265371,1,2,7,2,4
I376L,376,I,L,REC1b,1.0357702131564233,1,1,7,2,4
I376M,376,I,M,REC1b,-0.6912041404493144,0,5,7,2,4
I376N,376,I,N,REC1b,-0.4913595318313193,0,4,7,2,4
I376S,376,I,S,REC1b,-0.5490750296876067,0,0,7,2,4
I376T,376,I,T,REC1b,-0.3791500282452946,0,7,7,2,4
I376V,376,I,V,REC1b,-0.250138658929957,1,1,7,2,4
I379F,379,I,F,REC1b,-0.3922783442965044,0,6,8,2,4
I379L,379,I,L,REC1b,2.94123772486607,1,8,8,2,4
I379M,379,I,M,REC1b,0.0364584766697893,1,4,8,2,4
I379N,379,I,N,REC1b,0.106958670467453,1,2,8,2,4
I379S,379,I,S,REC1b,-0.8640932379671848,0,4,8,2,4
I379T,379,I,T,REC1b,0.2605356778222816,1,0,8,2,4
I379V,379,I,V,REC1b,2.0530432229674567,1,5,8,2,4
I410F,410,I,F,REC1b,-0.5422399300430586,0,7,2,2,4
I410L,410,I,L,REC1b,-1.4328287133224764,0,1,2,2,4
I410M,410,I,M,REC1b,-0.6114712537164115,0,7,2,2,4
I410N,410,I,N,REC1b,-0.7981582365640638,0,0,2,2,4
I410S,410,I,S,REC1b,-0.1788756626590316,1,7,2,2,4
I410T,410,I,T,REC1b,-0.6643024898292733,0,6,2,2,4
I410V,410,I,V,REC1b,-0.2729573765440873,0,3,2,2,4
I414F,414,I,F,REC1b,-0.7937602101058197,0,9,4,3,4
I414L,414,I,L,REC1b,-0.0690346784526033,1,7,4,3,4
I414M,414,I,M,REC1b,-0.7864990968103839,0,7,4,3,4
I414N,414,I,N,REC1b,-0.1537111766622848,1,3,4,3,4
I414S,414,I,S,REC1b,-0.5061342523320953,0,1,4,3,4
I414T,414,I,T,REC1b,-0.2430998464983015,1,6,4,3,4
I414V,414,I,V,REC1b,-0.2015694339816418,1,5,4,3,4
I422F,422,I,F,REC1b,-0.1115457510023815,1,2,4,3,4
I422L,422,I,L,REC1b,0.8500028898737528,1,4,4,3,4
I422M,422,I,M,REC1b,-0.2362240367976061,1,6,4,3,4
I422N,422,I,N,REC1b,-0.6627850219163371,0,1,4,3,4
I422S,422,I,S,REC1b,-0.1882465108888313,1,5,4,3,4
I422T,422,I,T,REC1b,-0.4445076881271989,0,9,4,3,4
I422V,422,I,V,REC1b,0.3358638262173963,1,3,4,3,4
I43F,43,I,F,RuvC-I,0.0308326110893735,1,2,1,0,0
I43L,43,I,L,RuvC-I,-1.2910954837979889,0,6,1,0,0
I43M,43,I,M,RuvC-I,0.0348789137206701,1,3,1,0,0
I43N,43,I,N,RuvC-I,-0.5664972229737796,0,1,1,0,0
I43S,43,I,S,RuvC-I,-0.7709194686925291,0,3,1,0,0
I43T,43,I,T,RuvC-I,-0.1936105405148082,1,2,1,0,0
I43V,43,I,V,RuvC-I,-1.051629549102599,0,9,1,0,0
I440F,440,I,F,REC1b,0.3307906312604929,1,5,0,3,4
I440L,440,I,L,REC1b,0.1390170091228422,1,3,0,3,4
I440M,440,I,M,REC1b,0.3222259380267502,1,0,0,3,4
I440N,440,I,N,REC1b,-0.6840285359537085,0,8,0,3,4
I440S,440,I,S,REC1b,-0.9693133145423044,0,7,0,3,4
I440T,440,I,T,REC1b,-1.1777124637992524,0,9,0,3,4
I440V,440,I,V,REC1b,-0.2261155843296879,1,8,0,3,4
I443F,443,I,F,REC1b,-0.5148244633162623,0,3,6,3,4
I443L,443,I,L,REC1b,0.2003907777242975,1,7,6,3,4
I443M,443,I,M,REC1b,-2.666954080082589,0,3,6,3,4
I443N,443,I,N,REC1b,0.2074554054234733,1,4,6,3,4
I443S,443,I,S,REC1b,-0.3450856176053055,0,4,6,3,4
I443T,443,I,T,REC1b,-0.7185440131327501,0,9,6,3,4
I443V,443,I,V,REC1b,0.3071281455800741,1,6,6,3,4
I448F,448,I,F,REC1b,-0.4387664628875438,0,5,6,3,4
I448L,448,I,L,REC1b,0.2758313182502076,1,4,6,3,4
I448M,448,I,M,REC1b,-0.5151198460803127,0,8,6,3,4
I448N,448,I,N,REC1b,-0.3981717562408452,0,3,6,3,4
I448S,448,I,S,REC1b,-0.8047514926124074,0,0,6,3,4
I448T,448,I,T,REC1b,-0.0780359951399583,1,0,6,3,4
I448V,448,I,V,REC1b,0.4053153936640232,1,0,6,3,4
I473F,473,I,F,REC1b,-0.1291522033255422,1,2,6,3,4
I473L,473,I,L,REC1b,0.1464822392878849,1,2,6,3,4
I473M,473,I,M,REC1b,-0.481131665878493,0,8,6,3,4
I473N,473,I,N,REC1b,-0.5372470041962297,0,6,6,3,4
I473S,473,I,S,REC1b,-1.5268518328338514,0,2,6,3,4
I473T,473,I,T,REC1b,-0.2974258196428769,0,6,6,3,4
I473V,473,I,V,REC1b,0.0348180749791487,1,1,6,3,4
I48F,48,I,F,RuvC-I,0.3144000029928356,1,8,1,0,0
I48L,48,I,L,RuvC-I,-0.5809026183404711,0,2,1,0,0
I48M,48,I,M,RuvC-I,-0.9901951957518524,0,5,1,0,0
I48N,48,I,N,RuvC-I,-0.379505934882072,0,4,1,0,0
I48S,48,I,S,RuvC-I,-1.377382762989102,0,2,1,0,0
I48T,48,I,T,RuvC-I,-0.9932392716560416,0,3,1,0,0
I48V,48,I,V,RuvC-I,-1.0115369726703334,0,9,1,0,0
I492F,492,I,F,REC1b,0.7751705717158726,1,8,7,3,4
I492L,492,I,L,REC1b,0.5675810240702441,1,1,7,3,4
I492M,492,I,M,REC1b,0.1772751436671594,1,8,7,3,4
I492N,492,I,N,REC1b,-0.4990175003459733,0,8,7,3,4
I492S,492,I,S,REC1b,0.082512053982264,1,6,7,3,4
I492T,492,I,T,REC1b,0.5800704443468944,1,8,7,3,4
I492V,492,I,V,REC1b,0.7068744068588934,1,1,7,3,4
I548F,548,I,F,REC1b,-4.61616806869235,0,2,0,4,4
I548L,548,I,L,REC1b,-0.7362445206841005,0,7,0,4,4
I548M,548,I,M,REC1b,-0.0806165953082732,1,7,0,4,4
I548N,548,I,N,REC1b,-0.6870133060570266,0,2,0,4,4
I548S,548,I,S,REC1b,0.327270919949221,1,6,0,4,4
I548T,548,I,T,REC1b,0.9280007365286936,1,3,0,4,4
I548V,548,I,V,REC1b,0.6150764175676485,1,5,0,4,4
I572F,572,I,F,REC1b,-0.0652040270356841,1,5,2,4,4
I572L,572,I,L,REC1b,-0.5750838979304649,0,3,2,4,4
I572M,572,I,M,REC1b,-0.3518455785086227,0,1,2,4,4
I572N,572,I,N,REC1b,0.1984544199843805,1,2,2,4,4
I572S,572,I,S,REC1b,-1.062103255557201,0,9,2,4,4
I572T,572,I,T,REC1b,0.2566224072918176,1,2,2,4,4
I572V,572,I,V,REC1b,0.1697295580584265,1,4,2,4,4
I580F,580,I,F,REC1b,0.4706691667911876,1,8,0,4,4
I580L,580,I,L,REC1b,-1.6189137263335214,0,7,0,4,4
I580M,580,I,M,REC1b,-0.2742438773778543,0,9,0,4,4
I580N,580,I,N,REC1b,-0.600761322037853,0,1,0,4,4
I580S,580,I,S,REC1b,-1.7373843483293376,0,9,0,4,4
I580T,580,I,T,REC1b,-0.7319161356898243,0,3,0,4,4
I580V,580,I,V,REC1b,-0.3215278157089504,0,4,0,4,4
I600F,600,I,F,REC1b,-0.2067123591043591,1,8,9,4,4
I600L,600,I,L,REC1b,-1.0989561787484765,0,3,9,4,4
I600M,600,I,M,REC1b,-0.4690541914199307,0,6,9,4,4
I600N,600,I,N,REC1b,-0.2515565236917232,1,7,9,4,4
I600S,600,I,S,REC1b,-0.3803699897648833,0,3,9,4,4
I600T,600,I,T,REC1b,-0.5525509651475637,0,9,9,4,4
I600V,600,I,V,REC1b,0.1464737786648427,1,0,9,4,4
I601F,601,I,F,REC1b,-0.5403424870004772,0,9,9,4,4
I601L,601,I,L,REC1b,0.183089951512036,1,6,9,4,4
I601M,601,I,M,REC1b,-1.1425933412868523,0,0,9,4,4
I601N,601,I,N,REC1b,-0.5108273378872153,0,0,9,4,4
I601S,601,I,S,REC1b,-0.8290828935638183,0,8,9,4,4
I601T,601,I,T,REC1b,0.4444821797621449,1,1,9,4,4
I601V,601,I,V,REC1b,-0.2199749061007317,1,4,9,4,4
I615F,615,I,F,REC1b,-0.2307975306210139,1,9,0,4,4
I615L,615,I,L,REC1b,0.224881953155176,1,9,0,4,4
I615M,615,I,M,REC1b,-0.734147563197586,0,5,0,4,4
I615N,615,I,N,REC1b,-0.3780570700440457,0,3,0,4,4
I615S,615,I,S,REC1b,-0.2653460077453978,1,3,0,4,4
I615T,615,I,T,REC1b,0.1611871303712752,1,5,0,4,4
I615V,615,I,V,REC1b,-0.4987868183975724,0,0,0,4,4
I619F,619,I,F,REC1b,2.6098778750401084,1,6,6,4,4
I619L,619,I,L,REC1b,1.8283985864624253,1,9,6,4,4
I619M,619,I,M,REC1b,-1.3626347261174,0,5,6,4,4
I619N,619,I,N,REC1b,-0.4388590390113517,0,3,6,4,4
I619S,619,I,S,REC1b,-0.329037653662492,0,8,6,4,4
I619T,619,I,T,REC1b,-0.0813551007494024,1,2,6,4,4
I619V,619,I,V,REC1b,-0.0485177179597566,1,3,6,4,4
I632F,632,I,F,REC1b,-0.0640837594992042,1,4,6,4,4
I632L,632,I,L,REC1b,1.563326013592754,1,6,6,4,4
I632M,632,I,M,REC1b,-0.5024647605048645,0,3,6,4,4
I632N,632,I,N,REC1b,-0.6639895422311359,0,8,6,4,4
I632S,632,I,S,REC1b,0.0367937156284239,1,2,6,4,4
I632T,632,I,T,REC1b,-0.1690320773227726,1,8,6,4,4
I632V,632,I,V,REC1b,-0.4015175409936301,0,8,6,4,4
I667F,667,I,F,REC1b,-0.3652285586892308,0,7,4,4,4
I667L,667,I,L,REC1b,1.0701289249692088,1,0,4,4,4
I667M,667,I,M,REC1b,0.1235530214611046,1,2,4,4,4
I667N,667,I,N,REC1b,-0.5915741581821911,0,2,4,4,4
I667S,667,I,S,REC1b,-0.1898580374011811,1,6,4,4,4
I667T,667,I,T,REC1b,-0.3639952901304079,0,1,4,4,4
I667V,667,I,V,REC1b,0.037258942409867,1,2,4,4,4
I670F,670,I,F,REC1b,0.2877962858383355,1,3,4,4,4
I670L,670,I,L,REC1b,-0.8980702594729986,0,9,4,4,4
I670M,670,I,M,REC1b,-0.2204325781501216,1,9,4,4,4
I670N,670,I,N,REC1b,-0.8593073337350143,0,0,4,4,4
I670S,670,I,S,REC1b,-0.3614015672830812,0,7,4,4,4
I670T,670,I,T,REC1b,-0.561856996660938,0,8,4,4,4
I670V,670,I,V,REC1b,-0.426449231827787,0,1,4,4,4
I679F,679,I,F,REC1b,-0.5690901528080057,0,4,6,4,4
I679L,679,I,L,REC1b,0.2527643389447134,1,1,6,4,4
I679M,679,I,M,REC1b,-0.0204945992176044,1,7,6,4,4
I679N,679,I,N,REC1b,-0.2175804772929647,1,5,6,4,4
I679S,679,I,S,REC1b,-0.1836331453696269,1,5,6,4,4
I679T,679,I,T,REC1b,-0.2133804887636788,1,1,6,4,4
I679V,679,I,V,REC1b,-0.0166963360485134,1,6,6,4,4
I697F,697,I,F,REC1b,-0.6219571737253629,0,2,7,5,4
I697L,697,I,L,REC1b,-0.8054767034175209,0,8,7,5,4
I697M,697,I,M,REC1b,-0.6057799876404568,0,0,7,5,4
I697N,697,I,N,REC1b,-0.7314944016379972,0,4,7,5,4
I697S,697,I,S,REC1b,-0.4087038806767971,0,6,7,5,4
I697T,697,I,T,REC1b,-0.5673883392134962,0,5,7,5,4
I697V,697,I,V,REC1b,-0.0359432467948837,1,2,7,5,4
I708F,708,I,F,REC1b,-0.1061878211996269,1,0,9,5,4
I708L,708,I,L,REC1b,0.3299112936070464,1,7,9,5,4
I708M,708,I,M,REC1b,-0.218688980608851,1,8,9,5,4
I708N,708,I,N,REC1b,-0.6831600635359748,0,7,9,5,4
I708S,708,I,S,REC1b,-1.747791812168789,0,5,9,5,4
I708T,708,I,T,REC1b,-0.1980374098943505,1,5,9,5,4
I708V,708,I,V,REC1b,-0.3049074135517073,0,4,9,5,4
I724F,724,I,F,RuvC-II,-0.3617455845680903,0,9,2,5,5
I724L,724,I,L,RuvC-II,0.2770342893981448,1,8,2,5,5
I724M,724,I,M,RuvC-II,-3.992813747775564,0,1,2,5,5
I724N,724,I,N,RuvC-II,-0.4006444114884871,0,2,2,5,5
I724S,724,I,S,RuvC-II,-1.8224077739556444,0,8,2,5,5
I724T,724,I,T,RuvC-II,-0.6596782739175361,0,7,2,5,5
I724V,724,I,V,RuvC-II,0.0564832148858644,1,5,2,5,5
I733F,733,I,F,RuvC-II,0.214458317401621,1,0,5,5,5
I733L,733,I,L,RuvC-II,-0.345505911609758,0,7,5,5,5
I733M,733,I,M,RuvC-II,-0.4668421291393213,0,1,5,5,5
I733N,733,I,N,RuvC-II,-0.3513874427877975,0,1,5,5,5
I733S,733,I,S,RuvC-II,1.2742170424307049,1,5,5,5,5
I733T,733,I,T,RuvC-II,-0.1356587517323604,1,9,5,5,5
I733V,733,I,V,RuvC-II,-0.2522139915572208,1,6,5,5,5
I737F,737,I,F,RuvC-II,-0.5582415660867232,0,9,2,5,5
I737L,737,I,L,RuvC-II,-0.8247565406554788,0,0,2,5,5
I737M,737,I,M,RuvC-II,0.089816295494875,1,5,2,5,5
I737N,737,I,N,RuvC-II,-0.7196191010145452,0,5,2,5,5
I737S,737,I,S,RuvC-II,-0.770877220719778,0,7,2,5,5
I737T,737,I,T,RuvC-II,-0.8528856318780094,0,4,2,5,5
I737V,737,I,V,RuvC-II,-0.7923350629631013,0,8,2,5,5
I759F,759,I,F,RuvC-II,-0.8857985752283524,0,9,9,5,5
I759L,759,I,L,RuvC-II,-0.342656250201823,0,9,9,5,5
I759M,759,I,M,RuvC-II,-0.4959031472728349,0,3,9,5,5
I759N,759,I,N,RuvC-II,-0.5064171422671484,0,1,9,5,5
I759S,759,I,S,RuvC-II,-0.8264872909339285,0,3,9,5,5
I759T,759,I,T,RuvC-II,-0.630090078130425,0,9,9,5,5
I759V,759,I,V,RuvC-II,-0.7094758025878891,0,3,9,5,5
I761F,761,I,F,RuvC-II,0.5538164836487659,1,7,7,5,5
I761L,761,I,L,RuvC-II,-0.9621986633548992,0,5,7,5,5
I761M,761,I,M,RuvC-II,-0.6019883617309157,0,0,7,5,5
I761N,761,I,N,RuvC-II,-1.0002959032153222,0,8,7,5,5
I761S,761,I,S,RuvC-II,-0.7636192558726267,0,6,7,5,5
I761T,761,I,T,RuvC-II,-0.5374051235837706,0,6,7,5,5
I761V,761,I,V,RuvC-II,-0.1109993247616048,1,8,7,5,5
I784F,784,I,F,HNH,-0.6498683700243051,0,9,2,5,6
I784L,784,I,L,HNH,1.5183319509485462,1,1,2,5,6
I784M,784,I,M,HNH,-0.6967307597297444,0,5,2,5,6
I784N,784,I,N,HNH,-0.7916207417866543,0,2,2,5,6
I784S,784,I,S,HNH,0.2339143503204834,1,5,2,5,6
I784T,784,I,T,HNH,-0.6729762452880355,0,5,2,5,6
I784V,784,I,V,HNH,-0.22403363096025,1,1,2,5,6
I788F,788,I,F,HNH,0.5779726104923043,1,8,9,5,6
I788L,788,I,L,HNH,-1.571907311059776,0,5,9,5,6
I788M,788,I,M,HNH,-1.7643297730887668,0,6,9,5,6
I788N,788,I,N,HNH,0.0936541400747465,1,3,9,5,6
I788S,788,I,S,HNH,-0.4423987601654632,0,8,9,5,6
I788T,788,I,T,HNH,-0.4465865571288964,0,7,9,5,6
I788V,788,I,V,HNH,-0.6390215069183128,0,9,9,5,6
I795F,795,I,F,HNH,-0.2315719417931739,1,4,0,5,6
I795L,795,I,L,HNH,-1.3571028238770328,0,7,0,5,6
I795M,795,I,M,HNH,-0.5724608882944139,0,8,0,5,6
I795N,795,I,N,HNH,0.0912738489049802,1,1,0,5,6
I795S,795,I,S,HNH,-0.0289599565297895,1,4,0,5,6
I795T,795,I,T,HNH,-0.5028911448622018,0,9,0,5,6
I795V,795,I,V,HNH,-0.6277504138207018,0,3,0,5,6
I79F,79,I,F,BridgeHelix,-0.3290147413838931,0,8,7,0,1
I79L,79,I,L,BridgeHelix,0.893377679952555,1,3,7,0,1
I79M,79,I,M,BridgeHelix,-0.8306846073598171,0,7,7,0,1
I79N,79,I,N,BridgeHelix,1.0945231971574028,1,6,7,0,1
I79S,79,I,S,BridgeHelix,-0.4980125232685547,0,0,7,0,1
I79T,79,I,T,BridgeHelix,-0.1094472353509018,1,0,7,0,1
I79V,79,I,V,BridgeHelix,-0.2755754824224323,0,7,7,0,1
I7F,7,I,F,RuvC-I,-0.3259233864031531,0,9,4,0,0
I7L,7,I,L,RuvC-I,0.295797664328121,1,0,4,0,0
I7M,7,I,M,RuvC-I,0.2424699897710803,1,9,4,0,0
I7N,7,I,N,RuvC-I,-0.9220890644857036,0,8,4,0,0
I7S,7,I,S,RuvC-I,-2.546121129885452,0,4,4,0,0
I7T,7,I,T,RuvC-I,-0.9195795254128964,0,4,4,0,0
I7V,7,I,V,RuvC-I,-1.165176119117582,0,7,4,0,0
I830F,830,I,F,HNH,1.4992635627426536,1,6,7,6,6
I830L,830,I,L,HNH,0.2244037215120702,1,7,7,6,6
I830M,830,I,M,HNH,0.34862035318256,1,4,7,6,6
I830N,830,I,N,HNH,-0.5115595081316889,0,0,7,6,6
I830S,830,I,S,HNH,-0.4456715724752316,0,0,7,6,6
I830T,830,I,T,HNH,-0.5945349583897144,0,8,7,6,6
I830V,830,I,V,HNH,1.799518436276879,1,4,7,6,6
I841F,841,I,F,HNH,-0.6973135633358994,0,5,9,6,6
I841L,841,I,L,HNH,0.0502992750298149,1,1,9,6,6
I841M,841,I,M,HNH,-5.396955358708994,0,3,9,6,6
I841N,841,I,N,HNH,-0.4964579413739705,0,0,9,6,6
I841S,841,I,S,HNH,1.518059136649867,1,8,9,6,6
I841T,841,I,T,HNH,-0.6518658647924453,0,3,9,6,6
I841V,841,I,V,HNH,0.5132712513723608,1,4,9,6,6
I852F,852,I,F,HNH,-0.3034953468076384,0,7,0,6,6
I852L,852,I,L,HNH,0.2975071651777856,1,1,0,6,6
I852M,852,I,M,HNH,-0.0944728440645572,1,5,0,6,6
I852N,852,I,N,HNH,0.1171023016617822,1,8,0,6,6
I852S,852,I,S,HNH,-0.7781568656560428,0,2,0,6,6
I852T,852,I,T,HNH,0.0469689169299114,1,1,0,6,6
I852V,852,I,V,HNH,-0.5065726248469575,0,2,0,6,6
I85F,85,I,F,BridgeHelix,0.71561539869954,1,5,5,0,1
I85L,85,I,L,BridgeHelix,-2.1361336427165174,0,7,5,0,1
I85M,85,I,M,BridgeHelix,0.0525618559522988,1,3,5,0,1
I85N,85,I,N,BridgeHelix,-0.5893706467422194,0,3,5,0,1
I85S,85,I,S,BridgeHelix,-1.0065759827037737,0,9,5,0,1
I85T,85,I,T,BridgeHelix,0.7954846396843175,1,2,5,0,1
I85V,85,I,V,BridgeHelix,-0.7604949610843873,0,9,5,0,1
I892F,892,I,F,HNH,-0.3659645255283665,0,0,6,6,6
I892L,892,I,L,HNH,-0.0902190679450186,1,3,6,6,6
I892M,892,I,M,HNH,0.0972843185898111,1,7,6,6,6
I892N,892,I,N,HNH,-0.9250891892719896,0,0,6,6,6
I892S,892,I,S,HNH,-1.851840207241351,0,5,6,6,6
I892T,892,I,T,HNH,-1.2014246450315789,0,6,6,6,6
I892V,892,I,V,HNH,0.198156467231317,1,2,6,6,6
I917F,917,I,F,RuvC-III,-0.8961083590753269,0,3,8,6,7
I917L,917,I,L,RuvC-III,-0.3331721646841694,0,9,8,6,7
I917M,917,I,M,RuvC-III,-1.3467441264358873,0,9,8,6,7
I917N,917,I,N,RuvC-III,0.1650504933270085,1,3,8,6,7
I917S,917,I,S,RuvC-III,-2.0185494450123804,0,1,8,6,7
I917T,917,I,T,RuvC-III,-0.2723060372581635,0,2,8,6,7
I917V,917,I,V,RuvC-III,0.3219164224276288,1,0,8,6,7
I927F,927,I,F,RuvC-III,0.0691285016572463,1,2,8,6,7
I927L,927,I,L,RuvC-III,-0.6994339374032987,0,7,8,6,7
I927M,927,I,M,RuvC-III,0.106969394381114,1,2,8,6,7
I927N,927,I,N,RuvC-III,-0.6677201100878944,0,3,8,6,7
I927S,927,I,S,RuvC-III,-0.2621610355412195,1,0,8,6,7
I927T,927,I,T,RuvC-III,-0.4191648100446361,0,4,8,6,7
I927V,927,I,V,RuvC-III,-0.3126163117719131,0,6,8,6,7
I934F,934,I,F,RuvC-III,-0.1724736013665698,1,5,4,6,7
I934L,934,I,L,RuvC-III,-0.3356007125489814,0,0,4,6,7
I934M,934,I,M,RuvC-III,-0.4835925566345965,0,6,4,6,7
I934N,934,I,N,RuvC-III,-0.7512525251646639,0,1,4,6,7
I934S,934,I,S,RuvC-III,-0.2162643958085542,1,0,4,6,7
I934T,934,I,T,RuvC-III,-0.7526693630304561,0,4,4,6,7
I934V,934,I,V,RuvC-III,-0.0528815798997081,1,4,4,6,7
I950F,950,I,F,RuvC-III,-0.6620809042872253,0,1,6,6,7
I950L,950,I,L,RuvC-III,-0.9714759787712705,0,2,6,6,7
I950M,950,I,M,RuvC-III,-0.1064817002023007,1,4,6,6,7
I950N,950,I,N,RuvC-III,-0.4507652236534968,0,0,6,6,7
I950S,950,I,S,RuvC-III,0.7497172447647853,1,8,6,6,7
I950T,950,I,T,RuvC-III,-0.536586940391856,0,5,6,6,7
I950V,950,I,V,RuvC-III,-0.4833750173027034,0,0,6,6,7
I956F,956,I,F,RuvC-III,0.1756257463489554,1,3,7,6,7
I956L,956,I,L,RuvC-III,-0.9002586591373137,0,4,7,6,7
I956M,956,I,M,RuvC-III,-0.2469399639843094,1,1,7,6,7
I956N,956,I,N,RuvC-III,-0.7654430805374483,0,8,7,6,7
I956S,956,I,S,RuvC-III,-0.5291527854920989,0,8,7,6,7
I956T,956,I,T,RuvC-III,-0.6188014862773411,0,2,7,6,7
I956V,956,I,V,RuvC-III,-0.1641176977691459,1,7,7,6,7
I978F,978,I,F,RuvC-III,0.3278071329041653,1,8,7,7,7
I978L,978,I,L,RuvC-III,0.7675450728113334,1,1,7,7,7
I978M,978,I,M,RuvC-III,-0.5417431638176483,0,1,7,7,7
I978N,978,I,N,RuvC-III,-0.5024553889421317,0,7,7,7,7
I978S,978,I,S,RuvC-III,-0.0401939878143568,1,1,7,7,7
I978T,978,I,T,RuvC-III,-0.0120154545027628,1,2,7,7,7
I978V,978,I,V,RuvC-III,-0.4824535203288502,0,8,7,7,7
I998F,998,I,F,RuvC-III,-0.1132966192883765,1,0,2,7,7
I998L,998,I,L,RuvC-III,-0.0860022706038083,1,5,2,7,7
I998M,998,I,M,RuvC-III,0.7367343437900387,1,4,2,7,7
I998N,998,I,N,RuvC-III,-0.4306869551857821,0,5,2,7,7
I998S,998,I,S,RuvC-III,-0.2760750092379736,0,1,2,7,7
I998T,998,I,T,RuvC-III,-0.1650436968492299,1,3,2,7,7
I998V,998,I,V,RuvC-III,-0.2174397936543893,1,1,2,7,7
K1000E,1000,K,E,RuvC-III,-0.2099626915608927,1,9,6,7,7
K1000I,1000,K,I,RuvC-III,-0.3544316022401874,0,8,6,7,7
K1000N,1000,K,N,RuvC-III,-0.0931957785802838,1,0,6,7,7
K1000Q,1000,K,Q,RuvC-III,0.3173472218039704,1,8,6,7,7
K1000R,1000,K,R,RuvC-III,-0.5557094482929659,0,6,6,7,7
K1000T,1000,K,T,RuvC-III,0.0530261141884256,1,6,6,7,7
K1003E,1003,K,E,RuvC-III,0.3280984063834242,1,0,8,7,7
K1003I,1003,K,I,RuvC-III,-0.4891091760597534,0,4,8,7,7
K1003N,1003,K,N,RuvC-III,-1.0097717778440525,0,4,8,7,7
K1003Q,1003,K,Q,RuvC-III,-0.1234280141685269,1,5,8,7,7
K1003R,1003,K,R,RuvC-III,0.6223991391572371,1,6,8,7,7
K1003T,1003,K,T,RuvC-III,0.6818408307833237,1,3,8,7,7
K1014E,1014,K,E,RuvC-III,0.0354360226558305,1,2,6,7,7
K1014M,1014,K,M,RuvC-III,-0.0785140253761113,1,3,6,7,7
K1014N,1014,K,N,RuvC-III,-0.534452555611544,0,9,6,7,7
K1014Q,1014,K,Q,RuvC-III,-0.1239197370762944,1,8,6,7,7
K1014R,1014,K,R,RuvC-III,-0.2952989048739042,0,3,6,7,7
K1014T,1014,K,T,RuvC-III,0.6038631360967995,1,1,6,7,7
K1020E,1020,K,E,RuvC-III,1.3335050464678364,1,9,7,7,7
K1020I,1020,K,I,RuvC-III,-0.5690904190497518,0,7,7,7,7
K1020N,1020,K,N,RuvC-III,0.6558217612506647,1,1,7,7,7
K1020Q,1020,K,Q,RuvC-III,-0.7722896175547604,0,1,7,7,7
K1020R,1020,K,R,RuvC-III,-0.0242154821283263,1,5,7,7,7
K1020T,1020,K,T,RuvC-III,-0.6282481928635103,0,4,7,7,7
K1024E,1024,K,E,RuvC-III,0.5828749140893301,1,6,1,7,7
K1024M,1024,K,M,RuvC-III,-0.0509735482378699,1,4,1,7,7
K1024N,1024,K,N,RuvC-III,-0.2134088324378641,1,2,1,7,7
K1024Q,1024,K,Q,RuvC-III,3.547413111504973,1,7,1,7,7
K1024R,1024,K,R,RuvC-III,-0.4227774283207599,0,9,1,7,7
K1024T,1024,K,T,RuvC-III,0.0608074108504579,1,4,1,7,7
K1031E,1031,K,E,RuvC-III,0.3280325426310521,1,1,4,7,7
K1031I,1031,K,I,RuvC-III,-0.2808381356225126,0,6,4,7,7
K1031N,1031,K,N,RuvC-III,0.0253978808077006,1,1,4,7,7
K1031Q,1031,K,Q,RuvC-III,0.3797497225964485,1,5,4,7,7
K1031R,1031,K,R,RuvC-III,-0.0207661815059955,1,5,4,7,7
K1031T,1031,K,T,RuvC-III,-0.1619259932951952,1,7,4,7,7
K1035E,1035,K,E,RuvC-III,-0.2313896777396543,1,5,3,7,7
K1035M,1035,K,M,RuvC-III,-0.5115527499314185,0,3,3,7,7
K1035N,1035,K,N,RuvC-III,-0.2026640008429585,1,5,3,7,7
K1035Q,1035,K,Q,RuvC-III,-0.5502118617591951,0,5,3,7,7
K1035R,1035,K,R,RuvC-III,-0.2356784701608456,1,7,3,7,7
K1035T,1035,K,T,RuvC-III,-0.3084245340987129,0,1,3,7,7
K1047E,1047,K,E,RuvC-III,-0.6658721448744681,0,3,2,7,7
K1047M,1047,K,M,RuvC-III,-0.2909173897177971,0,5,2,7,7
K1047N,1047,K,N,RuvC-III,-0.2406970561320972,1,9,2,7,7
K1047Q,1047,K,Q,RuvC-III,-0.1460938129134492,1,7,2,7,7
K1047R,1047,K,R,RuvC-III,-0.4002575079468342,0,4,2,7,7
K1047T,1047,K,T,RuvC-III,0.0637893333884515,1,2,2,7,7
K1059E,1059,K,E,RuvC-III,-0.2451048505233763,1,4,8,7,7
K1059M,1059,K,M,RuvC-III,0.9427015767524056,1,3,8,7,7
K1059N,1059,K,N,RuvC-III,-0.2395749676405009,1,6,8,7,7
K1059Q,1059,K,Q,RuvC-III,-0.2670392737660712,0,5,8,7,7
K1059R,1059,K,R,RuvC-III,-0.0846351815151196,1,6,8,7,7
K1059T,1059,K,T,RuvC-III,-0.3770658242446502,0,4,8,7,7
K1076E,1076,K,E,RuvC-III,-0.955521433520512,0,8,2,7,7
K1076I,1076,K,I,RuvC-III,-0.4169074134690338,0,1,2,7,7
K1076N,1076,K,N,RuvC-III,-0.1823607681667224,1,4,2,7,7
K1076Q,1076,K,Q,RuvC-III,-0.3980963778176412,0,3,2,7,7
K1076R,1076,K,R,RuvC-III,-0.6257133398397986,0,8,2,7,7
K1076T,1076,K,T,RuvC-III,-0.3785039011676874,0,7,2,7,7
K1085E,1085,K,E,RuvC-III,-0.3388202003130924,0,1,3,7,7
K1085M,1085,K,M,RuvC-III,-0.6575167341471464,0,6,3,7,7
K1085N,1085,K,N,RuvC-III,-0.0762514342620621,1,2,3,7,7
K1085Q,1085,K,Q,RuvC-III,-0.7798732896355351,0,6,3,7,7
K1085R,1085,K,R,RuvC-III,0.0806165614513948,1,7,3,7,7
K1085T,1085,K,T,RuvC-III,0.001446348017787,1,8,3,7,7
K1096E,1096,K,E,RuvC-III,-0.1855964644930721,1,1,7,8,7
K1096M,1096,K,M,RuvC-III,-0.4221631313370603,0,4,7,8,7
K1096N,1096,K,N,RuvC-III,0.0527001658305581,1,6,7,8,7
K1096Q,1096,K,Q,RuvC-III,-0.8134675566835192,0,5,7,8,7
K1096R,1096,K,R,RuvC-III,-0.3512602012484485,0,3,7,8,7
K1096T,1096,K,T,RuvC-III,1.579675868326721,1,7,7,8,7
K1097E,1097,K,E,RuvC-III,0.136816078900201,1,2,1,8,7
K1097I,1097,K,I,RuvC-III,-0.3930623862315657,0,9,1,8,7
K1097N,1097,K,N,RuvC-III,-0.6827511167013846,0,8,1,8,7
K1097Q,1097,K,Q,RuvC-III,-0.6345595460518363,0,3,1,8,7
K1097R,1097,K,R,RuvC-III,0.3237074887895003,1,4,1,8,7
K1097T,1097,K,T,RuvC-III,-0.4449316261521657,0,3,1,8,7
K1107E,1107,K,E,WED,0.5585338813455798,1,1,1,8,8
K1107M,1107,K,M,WED,0.896539588041372,1,5,1,8,8
K1107N,1107,K,N,WED,-0.0149130812282188,1,7,1,8,8
K1107Q,1107,K,Q,WED,-0.6630893077460975,0,4,1,8,8
K1107R,1107,K,R,WED,-0.0492621039853766,1,9,1,8,8
K1107T,1107,K,T,WED,0.262584551201361,1,3,1,8,8
K1113E,1113,K,E,WED,-0.4361422077246376,0,1,6,8,8
K1113I,1113,K,I,WED,-0.5389741654378222,0,9,6,8,8
K1113N,1113,K,N,WED,0.6856064276338611,1,2,6,8,8
K1113Q,1113,K,Q,WED,1.922049431149496,1,7,6,8,8
K1113R,1113,K,R,WED,-0.0686741453983657,1,9,6,8,8
K1113T,1113,K,T,WED,-0.3707026828480234,0,2,6,8,8
K1118E,1118,K,E,WED,0.750913352565017,1,7,0,8,8
K1118M,1118,K,M,WED,0.7564706903340743,1,0,0,8,8
K1118N,1118,K,N,WED,0.3748627113181038,1,7,0,8,8
K1118Q,1118,K,Q,WED,0.9040626412565028,1,7,0,8,8
K1118R,1118,K,R,WED,-0.2377853271311215,1,3,0,8,8
K1118T,1118,K,T,WED,-0.2553386119555588,1,8,0,8,8
K111E,111,K,E,REC1a,0.0031174610027778,1,6,3,0,2
K111M,111,K,M,REC1a,-0.370184533298748,0,6,3,0,2
K111N,111,K,N,REC1a,-0.1289780508534526,1,5,3,0,2
K111Q,111,K,Q,REC1a,-1.2240232752318336,0,1,3,0,2
K111R,111,K,R,REC1a,-0.4601659001364137,0,9,3,0,2
K111T,111,K,T,REC1a,-0.5939889775164424,0,7,3,0,2
K1123E,1123,K,E,WED,-0.5969148949770551,0,2,4,8,8
K1123M,1123,K,M,WED,-0.1943092921383798,1,5,4,8,8
K1123N,1123,K,N,WED,-0.7322993239865819,0,9,4,8,8
K1123Q,1123,K,Q,WED,-0.7706819627137617,0,5,4,8,8
K1123R,1123,K,R,WED,-0.15430967598545,1,6,4,8,8
K1123T,1123,K,T,WED,-0.786733530412876,0,3,4,8,8
K1124E,1124,K,E,WED,-0.5600992339352902,0,5,2,8,8
K1124I,1124,K,I,WED,-0.4639827729971097,0,9,2,8,8
K1124N,1124,K,N,WED,-0.1477798652221069,1,3,2,8,8
K1124Q,1124,K,Q,WED,-0.327438477145015,0,2,2,8,8
K1124R,1124,K,R,WED,-0.5102182391797306,0,0,2,8,8
K1124T,1124,K,T,WED,1.5825598129399203,1,4,2,8,8
K1129E,1129,K,E,WED,1.1799055591180867,1,5,3,8,8
K1129M,1129,K,M,WED,-0.270139526469494,0,5,3,8,8
K1129N,1129,K,N,WED,-0.4242503762751096,0,0,3,8,8
K1129Q,1129,K,Q,WED,-0.6248900309912431,0,2,3,8,8
K1129R,1129,K,R,WED,0.214986247931411,1,7,3,8,8
K1129T,1129,K,T,WED,0.035847024548847,1,9,3,8,8
K112E,112,K,E,REC1a,-0.4366552328673516,0,2,1,0,2
K112I,112,K,I,REC1a,-0.0600260378050801,1,2,1,0,2
K112N,112,K,N,REC1a,0.0226397247649813,1,6,1,0,2
K112Q,112,K,Q,REC1a,1.1259661000994023,1,4,1,0,2
K112R,112,K,R,REC1a,-0.7049367055097759,0,9,1,0,2
K112T,112,K,T,REC1a,-0.6803641730498895,0,0,1,0,2
K1130E,1130,K,E,WED,0.0878350763405962,1,6,6,8,8
K1130I,1130,K,I,WED,0.1949702291500125,1,7,6,8,8
K1130N,1130,K,N,WED,-0.1178771302467262,1,1,6,8,8
K1130Q,1130,K,Q,WED,-0.769014836768327,0,0,6,8,8
K1130R,1130,K,R,WED,-0.370703662338592,0,9,6,8,8
K1130T,1130,K,T,WED,-4.128305549199097,0,3,6,8,8
K1148E,1148,K,E,WED,-0.0430338280924228,1,3,4,8,8
K1148M,1148,K,M,WED,-0.2060582335687526,1,1,4,8,8
K1148N,1148,K,N,WED,-0.2431393821605087,1,9,4,8,8
K1148Q,1148,K,Q,WED,-0.0682027632368863,1,1,4,8,8
K1148R,1148,K,R,WED,-0.2812645777579264,0,7,4,8,8
K1148T,1148,K,T,WED,-0.2752782826921953,0,5,4,8,8
K1151E,1151,K,E,WED,0.3982270142292016,1,9,7,8,8
K1151M,1151,K,M,WED,-0.13099253500824,1,8,7,8,8
K1151N,1151,K,N,WED,0.2922520755347063,1,6,7,8,8
K1151Q,1151,K,Q,WED,0.4335471275089183,1,3,7,8,8
K1151R,1151,K,R,WED,-0.0605379843477407,1,1,7,8,8
K1151T,1151,K,T,WED,0.510004000627244,1,7,7,8,8
K1153E,1153,K,E,WED,-0.0673078885448224,1,0,7,8,8
K1153I,1153,K,I,WED,-0.3703998341338322,0,0,7,8,8
K1153N,1153,K,N,WED,-0.2485630988030468,1,7,7,8,8
K1153Q,1153,K,Q,WED,0.9412541249586016,1,8,7,8,8
K1153R,1153,K,R,WED,0.2384094085416917,1,7,7,8,8
K1153T,1153,K,T,WED,-0.4985561856245143,0,1,7,8,8
K1155E,1155,K,E,WED,-0.3193840869768193,0,5,5,8,8
K1155M,1155,K,M,WED,-0.3242236534130821,0,7,5,8,8
K1155N,1155,K,N,WED,0.1563390611414095,1,8,5,8,8
K1155Q,1155,K,Q,WED,0.1216079534718315,1,2,5,8,8
K1155R,1155,K,R,WED,0.2520049506226383,1,1,5,8,8
K1155T,1155,K,T,WED,-0.2363375457143553,1,0,5,8,8
K1156E,1156,K,E,WED,-0.363695349610827,0,7,6,8,8
K1156I,1156,K,I,WED,-0.0929949305131266,1,3,6,8,8
K1156N,1156,K,N,WED,-0.1154301252757647,1,2,6,8,8
K1156Q,1156,K,Q,WED,0.0974947461586772,1,9,6,8,8
K1156R,1156,K,R,WED,0.5076801026058262,1,6,6,8,8
K1156T,1156,K,T,WED,-0.1223447572286733,1,0,6,8,8
K1158E,1158,K,E,WED,-0.4068233818211745,0,8,9,8,8
K1158I,1158,K,I,WED,-0.0979873424072088,1,7,9,8,8
K1158N,1158,K,N,WED,-0.2088305221886639,1,5,9,8,8
K1158Q,1158,K,Q,WED,-1.3759440689372024,0,7,9,8,8
K1158R,1158,K,R,WED,-0.6469271743078259,0,0,9,8,8
K1158T,1158,K,T,WED,0.7562979347178039,1,5,9,8,8
K1161E,1161,K,E,WED,-0.1623355565415065,1,7,4,8,8
K1161M,1161,K,M,WED,0.2741894927390314,1,7,4,8,8
K1161N,1161,K,N,WED,0.3803887677811344,1,2,4,8,8
K1161Q,1161,K,Q,WED,-0.3090853167685928,0,0,4,8,8
K1161R,1161,K,R,WED,-0.1742167561249803,1,4,4,8,8
K1161T,1161,K,T,WED,0.3011212534216775,1,9,4,8,8
K1176E,1176,K,E,WED,-0.0551990707776026,1,8,8,8,8
K1176M,1176,K,M,WED,-0.4250532816772865,0,7,8,8,8
K1176N,1176,K,N,WED,0.7572621091405605,1,3,8,8,8
K1176Q,1176,K,Q,WED,-0.4153647757324467,0,9,8,8,8
K1176R,1176,K,R,WED,0.1149424880323784,1,0,8,8,8
K1176T,1176,K,T,WED,0.2393436865382746,1,6,8,8,8
K1185E,1185,K,E,WED,-0.2277157243397376,1,0,6,8,8
K1185I,1185,K,I,WED,-0.0242567454094177,1,0,6,8,8
K1185N,1185,K,N,WED,-0.3234851280402339,0,0,6,8,8
K1185Q,1185,K,Q,WED,0.1229413338817387,1,4,6,8,8
K1185R,1185,K,R,WED,-0.2685587049250397,0,0,6,8,8
K1185T,1185,K,T,WED,0.6450561598707152,1,3,6,8,8
K1188E,1188,K,E,WED,-0.3836638693634557,0,4,5,8,8
K1188M,1188,K,M,WED,-0.3323849341544081,0,1,5,8,8
K1188N,1188,K,N,WED,-0.7437475496803319,0,1,5,8,8
K1188Q,1188,K,Q,WED,-0.1142414982118031,1,8,5,8,8
K1188R,1188,K,R,WED,0.5450646398867849,1,3,5,8,8
K1188T,1188,K,T,WED,0.2643022888203243,1,1,5,8,8
K1191E,1191,K,E,WED,0.316305029103803,1,2,5,8,8
K1191M,1191,K,M,WED,-0.5029577506996273,0,9,5,8,8
K1191N,1191,K,N,WED,-0.4196798511145916,0,5,5,8,8
K1191Q,1191,K,Q,WED,0.3606820776734272,1,4,5,8,8
K1191R,1191,K,R,WED,0.3087468349938339,1,7,5,8,8
K1191T,1191,K,T,WED,-0.3758663546281512,0,4,5,8,8
K1192E,1192,K,E,WED,0.5740636550383197,1,7,0,8,8
K1192I,1192,K,I,WED,0.2277037840316062,1,0,0,8,8
K1192N,1192,K,N,WED,-0.1388572022486363,1,2,0,8,8
K1192Q,1192,K,Q,WED,-0.0440818342053041,1,3,0,8,8
K1192R,1192,K,R,WED,0.0961332160354121,1,8,0,8,8
K1192T,1192,K,T,WED,-0.0928268150991278,1,9,0,8,8
K1197E,1197,K,E,WED,0.0622236722836634,1,9,1,8,8
K1197M,1197,K,M,WED,0.5077918533994649,1,1,1,8,8
K1197N,1197,K,N,WED,-0.1241672600489599,1,8,1,8,8
K1197Q,1197,K,Q,WED,0.7401039677912262,1,4,1,8,8
K1197R,1197,K,R,WED,-0.215471688952487,1,8,1,8,8
K1197T,1197,K,T,WED,-0.4389958437329021,0,8,1,8,8
K1200E,1200,K,E,WED,-0.0167208738897378,1,9,8,8,8
K1200M,1200,K,M,WED,0.3789778563414402,1,1,8,8,8
K1200N,1200,K,N,WED,-0.0857416353424107,1,1,8,8,8
K1200Q,1200,K,Q,WED,-0.1634015908453797,1,3,8,8,8
K1200R,1200,K,R,WED,1.2983546958132486,1,6,8,8,8
K1200T,1200,K,T,WED,-0.0263581182348144,1,6,8,8,8
K1211E,1211,K,E,TOPO,-0.3068203547778192,0,1,3,8,9
K1211M,1211,K,M,TOPO,-0.0486287513136051,1,9,3,8,9
K1211N,1211,K,N,TOPO,-0.2770586078134927,0,1,3,8,9
K1211Q,1211,K,Q,TOPO,2.284607900045777,1,8,3,8,9
K1211R,1211,K,R,TOPO,-0.4212167036664338,0,9,3,8,9
K1211T,1211,K,T,TOPO,-0.9127062633831508,0,6,3,8,9
K1222E,1222,K,E,CTD-PI,-0.6044376834184414,0,5,9,8,10
K1222I,1222,K,I,CTD-PI,0.3067337314978974,1,7,9,8,10
K1222N,1222,K,N,CTD-PI,0.397981230515114,1,9,9,8,10
K1222Q,1222,K,Q,CTD-PI,0.2155448469669121,1,2,9,8,10
K1222R,1222,K,R,CTD-PI,0.0876013532149314,1,9,9,8,10
K1222T,1222,K,T,CTD-PI,-0.2853233047752425,0,2,9,8,10
K1231E,1231,K,E,CTD-PI,-0.044669310379895,1,2,2,8,10
K1231M,1231,K,M,CTD-PI,-0.3723702995718458,0,5,2,8,10
K1231N,1231,K,N,CTD-PI,0.1034008967214294,1,6,2,8,10
K1231Q,1231,K,Q,CTD-PI,0.2328646651490139,1,4,2,8,10
K1231R,1231,K,R,CTD-PI,-0.0838438513821449,1,0,2,8,10
K1231T,1231,K,T,CTD-PI,0.3895684218925845,1,8,2,8,10
K1244E,1244,K,E,CTD-PI,0.6339216961261294,1,2,1,9,10
K1244M,1244,K,M,CTD-PI,0.9010384793849602,1,1,1,9,10
K1244N,1244,K,N,CTD-PI,-0.0960243182455216,1,8,1,9,10
K1244Q,1244,K,Q,CTD-PI,-0.5976964443474214,0,6,1,9,10
K1244R,1244,K,R,CTD-PI,0.2564937066676006,1,0,1,9,10
K1244T,1244,K,T,CTD-PI,-0.1117771226050828,1,6,1,9,10
K1246E,1246,K,E,CTD-PI,-0.8037156087584609,0,6,1,9,10
K1246I,1246,K,I,CTD-PI,-0.3460549915448102,0,6,1,9,10
K1246N,1246,K,N,CTD-PI,-0.0991743688102187,1,4,1,9,10
K1246Q,1246,K,Q,CTD-PI,-0.5574764454676452,0,2,1,9,10
K1246R,1246,K,R,CTD-PI,-0.0091198841535242,1,3,1,9,10
K1246T,1246,K,T,CTD-PI,0.0869419253522458,1,8,1,9,10
K1255E,1255,K,E,CTD-PI,-0.4792297629079857,0,2,8,9,10
K1255I,1255,K,I,CTD-PI,-0.4086064135884336,0,3,8,9,10
K1255N,1255,K,N,CTD-PI,0.7267034231505805,1,1,8,9,10
K1255Q,1255,K,Q,CTD-PI,-0.0641922636291418,1,1,8,9,10
K1255R,1255,K,R,CTD-PI,0.2840368495924781,1,6,8,9,10
K1255T,1255,K,T,CTD-PI,-0.65788296403499,0,7,8,9,10
K1263E,1263,K,E,CTD-PI,-0.1894139423941626,1,8,6,9,10
K1263M,1263,K,M,CTD-PI,0.4501100452073364,1,3,6,9,10
K1263N,1263,K,N,CTD-PI,0.4625135234873283,1,8,6,9,10
K1263Q,1263,K,Q,CTD-PI,0.0066098970045758,1,9,6,9,10
K1263R,1263,K,R,CTD-PI,-0.5204143055236727,0,5,6,9,10
K1263T,1263,K,T,CTD-PI,-0.4408751598520696,0,1,6,9,10
K1278E,1278,K,E,CTD-PI,-0.0226381108333567,1,0,6,9,10
K1278I,1278,K,I,CTD-PI,0.1213578284576062,1,1,6,9,10
K1278N,1278,K,N,CTD-PI,-0.061931462614019,1,3,6,9,10
K1278Q,1278,K,Q,CTD-PI,-0.3408140708596116,0,4,6,9,10
K1278R,1278,K,R,CTD-PI,1.5823628461673938,1,8,6,9,10
K1278T,1278,K,T,CTD-PI,-0.4979492465016106,0,7,6,9,10
K1289E,1289,K,E,CTD-PI,-0.2479267748334537,1,8,5,9,10
K1289M,1289,K,M,CTD-PI,0.0980793066350255,1,0,5,9,10
K1289N,1289,K,N,CTD-PI,-0.4282420230992622,0,9,5,9,10
K1289Q,1289,K,Q,CTD-PI,-0.4849659721343028,0,5,5,9,10
K1289R,1289,K,R,CTD-PI,-0.2482454425598043,1,1,5,9,10
K1289T,1289,K,T,CTD-PI,0.2423896756131986,1,2,5,9,10
K1296E,1296,K,E,CTD-PI,0.3937652262030779,1,5,7,9,10
K1296I,1296,K,I,CTD-PI,-0.0760503130640286,1,4,7,9,10
K1296N,1296,K,N,CTD-PI,-0.8732581479611506,0,9,7,9,10
K1296Q,1296,K,Q,CTD-PI,-0.4842442494183118,0,7,7,9,10
K1296R,1296,K,R,CTD-PI,-0.7068021086202299,0,1,7,9,10
K1296T,1296,K,T,CTD-PI,-0.5875031802478852,0,3,7,9,10
K1300E,1300,K,E,CTD-PI,-0.4942762889286396,0,0,1,9,10
K1300M,1300,K,M,CTD-PI,1.2382678786276111,1,7,1,9,10
K1300N,1300,K,N,CTD-PI,0.0905355951081854,1,4,1,9,10
K1300Q,1300,K,Q,CTD-PI,-0.248115701659242,1,8,1,9,10
K1300R,1300,K,R,CTD-PI,1.903721925298219,1,9,1,9,10
K1300T,1300,K,T,CTD-PI,0.588372800406259,1,6,1,9,10
K131E,131,K,E,REC1a,-0.1113267990139059,1,5,4,0,2
K131M,131,K,M,REC1a,-0.3102629911881098,0,5,4,0,2
K131N,131,K,N,REC1a,0.0482460641409538,1,3,4,0,2
K131Q,131,K,Q,REC1a,0.1066550562432282,1,1,4,0,2
K131R,131,K,R,REC1a,0.3524069979057807,1,0,4,0,2
K131T,131,K,T,REC1a,-0.2126381056741355,1,7,4,0,2
K1325E,1325,K,E,CTD-PI,-0.1370967079137544,1,6,8,9,10
K1325M,1325,K,M,CTD-PI,-0.1441207645988357,1,4,8,9,10
K1325N,1325,K,N,CTD-PI,-0.3553255307660695,0,3,8,9,10
K1325Q,1325,K,Q,CTD-PI,0.6623539893402464,1,7,8,9,10
K1325R,1325,K,R,CTD-PI,-0.175826574492088,1,8,8,9,10
K1325T,1325,K,T,CTD-PI,-0.4101468131159009,0,6,8,9,10
K1334E,1334,K,E,CTD-PI,0.5775793875992586,1,5,2,9,10
K1334I,1334,K,I,CTD-PI,0.976965345975112,1,2,2,9,10
K1334N,1334,K,N,CTD-PI,0.8806708226058604,1,2,2,9,10
K1334Q,1334,K,Q,CTD-PI,0.4953890786345519,1,1,2,9,10
K1334R,1334,K,R,CTD-PI,0.0645614062145008,1,0,2,9,10
K1334T,1334,K,T,CTD-PI,0.712830905744989,1,7,2,9,10
K1340E,1340,K,E,CTD-PI,0.1557897086207543,1,0,3,9,10
K1340M,1340,K,M,CTD-PI,-0.2722522285414741,0,2,3,9,10
K1340N,1340,K,N,CTD-PI,-0.1597636184880635,1,8,3,9,10
K1340Q,1340,K,Q,CTD-PI,0.3207484571697173,1,4,3,9,10
K1340R,1340,K,R,CTD-PI,0.0001719233799195,1,9,3,9,10
K1340T,1340,K,T,CTD-PI,0.8339892471846146,1,4,3,9,10
K140E,140,K,E,REC1a,-0.3317642889742134,0,9,4,1,2
K140M,140,K,M,REC1a,-0.3588502464969529,0,5,4,1,2
K140N,140,K,N,REC1a,0.3813157797791153,1,5,4,1,2
K140Q,140,K,Q,REC1a,-1.3317642889742136,0,8,4,1,2
K140R,140,K,R,REC1a,-0.9901683829098484,0,5,4,1,2
K140T,140,K,T,REC1a,-0.6137261289435825,0,5,4,1,2
K141E,141,K,E,REC1a,-0.2235592045626915,1,4,5,1,2
K141I,141,K,I,REC1a,0.4037018592402824,1,4,5,1,2
K141N,141,K,N,REC1a,-0.3458848086818913,0,8,5,1,2
K141Q,141,K,Q,REC1a,0.4064911856870026,1,0,5,1,2
K141R,141,K,R,REC1a,0.6294552489946166,1,1,5,1,2
K141T,141,K,T,REC1a,-1.2359665335710088,0,8,5,1,2
K148E,148,K,E,REC1a,-0.2599141053709966,1,8,1,1,2
K148I,148,K,I,REC1a,-0.2845347938995043,0,1,1,1,2
K148N,148,K,N,REC1a,0.1986164813114681,1,9,1,1,2
K148Q,148,K,Q,REC1a,-0.1776199837373509,1,0,1,1,2
K148R,148,K,R,REC1a,0.6765742099139238,1,8,1,1,2
K148T,148,K,T,REC1a,-0.4211387280301728,0,5,1,1,2
K163E,163,K,E,REC1a,-0.5284077853093486,0,8,9,1,2
K163M,163,K,M,REC1a,-0.8269170331838409,0,3,9,1,2
K163N,163,K,N,REC1a,-0.8535846588866254,0,8,9,1,2
K163Q,163,K,Q,REC1a,-1.122347882149762,0,2,9,1,2
K163R,163,K,R,REC1a,-0.6388877212217564,0,7,9,1,2
K163T,163,K,T,REC1a,-0.3465415515042338,0,0,9,1,2
K183E,183,K,E,REC2,-0.2931319273568233,0,7,2,1,3
K183M,183,K,M,REC2,-0.3248577727251107,0,8,2,1,3
K183N,183,K,N,REC2,0.2758465015586875,1,4,2,1,3
K183Q,183,K,Q,REC2,0.4903241595495314,1,9,2,1,3
K183R,183,K,R,REC2,-0.0246247489370673,1,9,2,1,3
K183T,183,K,T,REC2,-0.1382815307326345,1,0,2,1,3
K209E,209,K,E,REC2,-0.054373643526313,1,2,7,1,3
K209I,209,K,I,REC2,0.4376981012002708,1,5,7,1,3
K209N,209,K,N,REC2,-0.3165356416501839,0,4,7,1,3
K209Q,209,K,Q,REC2,-0.7241911435259439,0,7,7,1,3
K209R,209,K,R,REC2,-0.3908824877497918,0,4,7,1,3
K209T,209,K,T,REC2,0.364709582260916,1,2,7,1,3
K218E,218,K,E,REC2,-0.7542667651371798,0,4,3,1,3
K218M,218,K,M,REC2,-0.3481705754761953,0,1,3,1,3
K218N,218,K,N,REC2,1.4956569008876288,1,7,3,1,3
K218Q,218,K,Q,REC2,-0.998503575516848,0,6,3,1,3
K218R,218,K,R,REC2,-0.1591908342351748,1,8,3,1,3
K218T,218,K,T,REC2,-0.602853611877067,0,1,3,1,3
K233E,233,K,E,REC2,-0.4663454846847474,0,3,0,1,3
K233M,233,K,M,REC2,0.0331134686148614,1,1,0,1,3
K233N,233,K,N,REC2,-0.280799752145943,0,0,0,1,3
K233Q,233,K,Q,REC2,-0.8470350351970657,0,3,0,1,3
K233R,233,K,R,REC2,-0.1043900551350736,1,7,0,1,3
K233T,233,K,T,REC2,-0.136811532827451,1,0,0,1,3
K234E,234,K,E,REC2,0.1153200400922553,1,6,8,1,3
K234I,234,K,I,REC2,-0.2376028580841744,1,9,8,1,3
K234N,234,K,N,REC2,0.0125840281455436,1,3,8,1,3
K234Q,234,K,Q,REC2,-1.888188745684884,0,1,8,1,3
K234R,234,K,R,REC2,-0.1042154428064714,1,4,8,1,3
K234T,234,K,T,REC2,-0.0014773372172133,1,7,8,1,3
K253E,253,K,E,REC2,0.5079084932835327,1,9,1,1,3
K253M,253,K,M,REC2,0.1471370854621473,1,8,1,1,3
K253N,253,K,N,REC2,0.088284788862219,1,2,1,1,3
K253Q,253,K,Q,REC2,-2.8208328139873213,0,3,1,1,3
K253R,253,K,R,REC2,-0.5783812244790676,0,6,1,1,3
K253T,253,K,T,REC2,-0.0899801080024711,1,5,1,1,3
K263E,263,K,E,REC2,0.0054042574590866,1,1,6,1,3
K263I,263,K,I,REC2,-0.3894968516791638,0,0,6,1,3
K263N,263,K,N,REC2,-0.0716737661359803,1,9,6,1,3
K263Q,263,K,Q,REC2,-0.6764197825146584,0,4,6,1,3
K263R,263,K,R,REC2,-0.3366233593114188,0,5,6,1,3
K263T,263,K,T,REC2,-0.7053897046600329,0,9,6,1,3
K268E,268,K,E,REC2,-0.4390004263724911,0,7,9,1,3
K268M,268,K,M,REC2,0.5506292779615803,1,9,9,1,3
K268N,268,K,N,REC2,-0.8940868343131855,0,6,9,1,3
K268Q,268,K,Q,REC2,-0.1938879285359596,1,8,9,1,3
K268R,268,K,R,REC2,-0.0974478868532198,1,2,9,1,3
K268T,268,K,T,REC2,-0.7022188686545564,0,3,9,1,3
K26E,26,K,E,RuvC-I,-0.0391171841554266,1,7,6,0,0
K26I,26,K,I,RuvC-I,-0.6174812937655623,0,0,6,0,0
K26N,26,K,N,RuvC-I,-0.2354600268370832,1,9,6,0,0
K26Q,26,K,Q,RuvC-I,-0.5460771728753098,0,4,6,0,0
K26R,26,K,R,RuvC-I,-0.5796379426208896,0,2,6,0,0
K26T,26,K,T,RuvC-I,-1.1306531114187084,0,7,6,0,0
K294E,294,K,E,REC2,-0.561608342178085,0,6,3,2,3
K294M,294,K,M,REC2,-0.560132862072292,0,8,3,2,3
K294N,294,K,N,REC2,-0.3583744919943251,0,2,3,2,3
K294Q,294,K,Q,REC2,-2.366478000846094,0,0,3,2,3
K294R,294,K,R,REC2,0.2772846219494243,1,7,3,2,3
K294T,294,K,T,REC2,-0.8142552770349698,0,4,3,2,3
K30E,30,K,E,RuvC-I,-0.4244806893103799,0,9,7,0,0
K30M,30,K,M,RuvC-I,-0.5632898608238971,0,6,7,0,0
K30N,30,K,N,RuvC-I,-0.5461720020847559,0,0,7,0,0
K30Q,30,K,Q,RuvC-I,-0.260504954199254,1,7,7,0,0
K30R,30,K,R,RuvC-I,0.26754649457287,1,7,7,0,0
K30T,30,K,T,RuvC-I,-1.282333546992841,0,5,7,0,0
K314E,314,K,E,REC1b,-0.1239665977023404,1,6,9,2,4
K314I,314,K,I,REC1b,0.2038825009915401,1,4,9,2,4
K314N,314,K,N,REC1b,-0.06998630551516,1,4,9,2,4
K314Q,314,K,Q,REC1b,-0.3109093162805529,0,1,9,2,4
K314R,314,K,R,REC1b,-0.3559009950788727,0,2,9,2,4
K314T,314,K,T,REC1b,-0.4838492621802203,0,2,9,2,4
K31E,31,K,E,RuvC-I,0.31856950786805,1,6,8,0,0
K31M,31,K,M,RuvC-I,-0.6762090936413304,0,3,8,0,0
K31N,31,K,N,RuvC-I,-0.1827910784012386,1,8,8,0,0
K31Q,31,K,Q,RuvC-I,-1.0319277392160835,0,2,8,0,0
K31R,31,K,R,RuvC-I,0.4780989931697197,1,6,8,0,0
K31T,31,K,T,RuvC-I,-0.6981516465220078,0,7,8,0,0
K323E,323,K,E,REC1b,0.0001396360023841,1,6,6,2,4
K323M,323,K,M,REC1b,0.0977919322442734,1,9,6,2,4
K323N,323,K,N,REC1b,0.1596517665143542,1,3,6,2,4
K323Q,323,K,Q,REC1b,-0.371178154666351,0,5,6,2,4
K323R,323,K,R,REC1b,-0.0186175598710371,1,4,6,2,4
K323T,323,K,T,REC1b,-0.592352805168939,0,6,6,2,4
K336E,336,K,E,REC1b,-0.3807724844477689,0,1,8,2,4
K336M,336,K,M,REC1b,-0.3415153115416898,0,7,8,2,4
K336N,336,K,N,REC1b,-2.570997599279061,0,1,8,2,4
K336Q,336,K,Q,REC1b,-0.8116349508882953,0,1,8,2,4
K336R,336,K,R,REC1b,-0.5375784602614424,0,6,8,2,4
K336T,336,K,T,REC1b,-1.190712463624178,0,0,8,2,4
K33E,33,K,E,RuvC-I,-0.0338808906631749,1,5,8,0,0
K33M,33,K,M,RuvC-I,0.3363161820141193,1,7,8,0,0
K33N,33,K,N,RuvC-I,0.5194466873044387,1,5,8,0,0
K33Q,33,K,Q,RuvC-I,0.0574808514420387,1,8,8,0,0
K33R,33,K,R,RuvC-I,0.2391514129259516,1,2,8,0,0
K33T,33,K,T,RuvC-I,0.1069954543593851,1,0,8,0,0
K346E,346,K,E,REC1b,-0.25820489222581,1,5,7,2,4
K346M,346,K,M,REC1b,0.0823251788612082,1,1,7,2,4
K346N,346,K,N,REC1b,-0.1356379163161469,1,4,7,2,4
K346Q,346,K,Q,REC1b,-0.6270339620822004,0,8,7,2,4
K346R,346,K,R,REC1b,0.4852470183781078,1,6,7,2,4
K346T,346,K,T,REC1b,-0.3753290648551039,0,5,7,2,4
K348E,348,K,E,REC1b,-0.6396883392368639,0,3,2,2,4
K348I,348,K,I,REC1b,-0.1886529518928668,1,7,2,2,4
K348N,348,K,N,REC1b,-0.5815463581084135,0,9,2,2,4
K348Q,348,K,Q,REC1b,-1.158707417097814,0,9,2,2,4
K348R,348,K,R,REC1b,-0.1336115883349049,1,8,2,2,4
K348T,348,K,T,REC1b,0.4706514683451878,1,2,2,2,4
K356E,356,K,E,REC1b,-0.3711080341931247,0,4,6,2,4
K356M,356,K,M,REC1b,-0.2556282298040478,1,1,6,2,4
K356N,356,K,N,REC1b,-0.0806490016499777,1,6,6,2,4
K356Q,356,K,Q,REC1b,-0.8018672629477589,0,5,6,2,4
K356R,356,K,R,REC1b,-0.1308357578036668,1,0,6,2,4
K356T,356,K,T,REC1b,0.9034084554955286,1,1,6,2,4
K374E,374,K,E,REC1b,0.2611067740870408,1,3,0,2,4
K374M,374,K,M,REC1b,-0.3500632105576633,0,2,0,2,4
K374N,374,K,N,REC1b,0.3915286910476307,1,7,0,2,4
K374Q,374,K,Q,REC1b,0.2286852963946631,1,4,0,2,4
K374R,374,K,R,REC1b,0.0753444817393645,1,2,0,2,4
K374T,374,K,T,REC1b,-1.0316169901339358,0,3,0,2,4
K377E,377,K,E,REC1b,-0.0030490686398618,1,5,3,2,4
K377I,377,K,I,REC1b,-0.204524827780766,1,5,3,2,4
K377N,377,K,N,REC1b,-0.3333644082919895,0,6,3,2,4
K377Q,377,K,Q,REC1b,-1.096396994159586,0,7,3,2,4
K377R,377,K,R,REC1b,0.139138524629852,1,5,3,2,4
K377T,377,K,T,REC1b,-0.3926036084811554,0,6,3,2,4
K382E,382,K,E,REC1b,0.3109718626001474,1,5,7,2,4
K382M,382,K,M,REC1b,-0.6279889363356151,0,6,7,2,4
K382N,382,K,N,REC1b,-0.4621897050221052,0,4,7,2,4
K382Q,382,K,Q,REC1b,-0.0797402142591093,1,4,7,2,4
K382R,382,K,R,REC1b,0.0638887683020527,1,1,7,2,4
K382T,382,K,T,REC1b,-0.3742823326569407,0,6,7,2,4
K392E,392,K,E,REC1b,1.8315796432860063,1,3,2,2,4
K392I,392,K,I,REC1b,-0.9828303831122824,0,7,2,2,4
K392N,392,K,N,REC1b,-0.3538335722072001,0,7,2,2,4
K392Q,392,K,Q,REC1b,-0.4082959832090214,0,2,2,2,4
K392R,392,K,R,REC1b,-0.557251409353514,0,7,2,2,4
K392T,392,K,T,REC1b,-0.4510858521365863,0,0,2,2,4
K3E,3,K,E,RuvC-I,-0.6090469928586427,0,9,5,0,0
K3I,3,K,I,RuvC-I,0.0916400414346994,1,8,5,0,0
K3N,3,K,N,RuvC-I,-0.0412314960190582,1,9,5,0,0
K3Q,3,K,Q,RuvC-I,-0.1699938276698619,1,0,5,0,0
K3R,3,K,R,RuvC-I,0.831944857596608,1,7,5,0,0
K3T,3,K,T,RuvC-I,-0.0113296387159389,1,7,5,0,0
K401E,401,K,E,REC1b,-0.6461826421802455,0,6,7,2,4
K401M,401,K,M,REC1b,-0.6089273651764411,0,7,7,2,4
K401N,401,K,N,REC1b,-0.138954775963813,1,5,7,2,4
K401Q,401,K,Q,REC1b,-0.6270738192325409,0,8,7,2,4
K401R,401,K,R,REC1b,-0.1856475148052029,1,4,7,2,4
K401T,401,K,T,REC1b,-0.6272236310534466,0,6,7,2,4
K434E,434,K,E,REC1b,-0.3777173866846069,0,6,2,3,4
K434M,434,K,M,REC1b,0.1538126570071626,1,3,2,3,4
K434N,434,K,N,REC1b,-0.4038531031422923,0,9,2,3,4
K434Q,434,K,Q,REC1b,0.0964077644124007,1,3,2,3,4
K434R,434,K,R,REC1b,-0.3794062686199954,0,0,2,3,4
K434T,434,K,T,REC1b,-0.5275049076091292,0,0,2,3,4
K439E,439,K,E,REC1b,-0.8036489055038113,0,6,5,3,4
K439M,439,K,M,REC1b,-0.4464887694535631,0,8,5,3,4
K439N,439,K,N,REC1b,-0.1893170632395204,1,5,5,3,4
K439Q,439,K,Q,REC1b,-1.0811828810327202,0,4,5,3,4
K439R,439,K,R,REC1b,-0.6172207779908554,0,7,5,3,4
K439T,439,K,T,REC1b,-0.4929471465668594,0,8,5,3,4
K442E,442,K,E,REC1b,-0.5924918506077574,0,2,5,3,4
K442I,442,K,I,REC1b,-0.533868811452924,0,5,5,3,4
K442N,442,K,N,REC1b,-0.318975955993475,0,5,5,3,4
K442Q,442,K,Q,REC1b,-0.7171038861509146,0,5,5,3,4
K442R,442,K,R,REC1b,-0.152189909120511,1,3,5,3,4
K442T,442,K,T,REC1b,-0.2678730052480227,0,6,5,3,4
K44E,44,K,E,RuvC-I,-0.249499456527709,1,4,4,0,0
K44M,44,K,M,RuvC-I,-0.7190530476882078,0,7,4,0,0
K44N,44,K,N,RuvC-I,0.1384921918891068,1,7,4,0,0
K44Q,44,K,Q,RuvC-I,-0.7493260439882805,0,7,4,0,0
K44R,44,K,R,RuvC-I,0.6863984027614384,1,3,4,0,0
K44T,44,K,T,RuvC-I,0.2403049678144467,1,8,4,0,0
K45E,45,K,E,RuvC-I,-0.6062775885932445,0,2,0,0,0
K45I,45,K,I,RuvC-I,-0.5206647757621342,0,6,0,0,0
K45N,45,K,N,RuvC-I,-0.927179960358967,0,4,0,0,0
K45Q,45,K,Q,RuvC-I,2.5018362404132053,1,5,0,0,0
K45R,45,K,R,RuvC-I,0.2923983406834286,1,7,0,0,0
K45T,45,K,T,RuvC-I,-0.2841025812895315,0,0,0,0,0
K468E,468,K,E,REC1b,-0.4741065716310546,0,9,5,3,4
K468I,468,K,I,REC1b,-0.4926774422030052,0,7,5,3,4
K468N,468,K,N,REC1b,0.6452784638715247,1,1,5,3,4
K468Q,468,K,Q,REC1b,0.0151666097261426,1,6,5,3,4
K468R,468,K,R,REC1b,-0.1915548939189892,1,4,5,3,4
K468T,468,K,T,REC1b,-0.2460253333283145,1,7,5,3,4
K484E,484,K,E,REC1b,-0.5151798991227194,0,3,5,3,4
K484M,484,K,M,REC1b,-0.2312046125457913,1,2,5,3,4
K484N,484,K,N,REC1b,-0.3761079079098111,0,9,5,3,4
K484Q,484,K,Q,REC1b,-0.5057195698736533,0,9,5,3,4
K484R,484,K,R,REC1b,-0.3908314627771324,0,8,5,3,4
K484T,484,K,T,REC1b,1.275795296940477,1,3,5,3,4
K4E,4,K,E,RuvC-I,-1.5450834689427189,0,1,8,0,0
K4I,4,K,I,RuvC-I,-0.2240826858092089,1,9,8,0,0
K4N,4,K,N,RuvC-I,-0.0973904211373221,1,9,8,0,0
K4Q,4,K,Q,RuvC-I,-1.0045150875800155,0,8,8,0,0
K4R,4,K,R,RuvC-I,-1.0605839535263295,0,1,8,0,0
K4T,4,K,T,RuvC-I,0.5969471731454717,1,7,8,0,0
K500E,500,K,E,REC1b,-0.03623017501122,1,0,1,3,4
K500M,500,K,M,REC1b,-1.0904699422861,0,0,1,3,4
K500N,500,K,N,REC1b,-0.473068036498729,0,5,1,3,4
K500Q,500,K,Q,REC1b,-1.2192817047155002,0,7,1,3,4
K500R,500,K,R,REC1b,-0.0743010053925885,1,1,1,3,4
K500T,500,K,T,REC1b,-0.0489506728478332,1,0,1,3,4
K506E,506,K,E,REC1b,-0.4555510419453817,0,2,7,3,4
K506I,506,K,I,REC1b,0.1923966089995379,1,3,7,3,4
K506N,506,K,N,REC1b,-0.430267759982583,0,7,7,3,4
K506Q,506,K,Q,REC1b,0.1293160960470563,1,1,7,3,4
K506R,506,K,R,REC1b,-0.0986824280142005,1,1,7,3,4
K506T,506,K,T,REC1b,0.5281569770664698,1,9,7,3,4
K510E,510,K,E,REC1b,-0.0883985887856532,1,9,2,3,4
K510M,510,K,M,REC1b,0.4812145029676685,1,8,2,3,4
K510N,510,K,N,REC1b,-0.3548719887040314,0,4,2,3,4
K510Q,510,K,Q,REC1b,0.6806097732555862,1,0,2,3,4
K510R,510,K,R,REC1b,-0.4569375995764183,0,3,2,3,4
K510T,510,K,T,REC1b,-0.0822506018075891,1,0,2,3,4
K526E,526,K,E,REC1b,0.0570410391621644,1,5,0,3,4
K526M,526,K,M,REC1b,1.10143819748436,1,4,0,3,4
K526N,526,K,N,REC1b,0.2659759179358616,1,3,0,3,4
K526Q,526,K,Q,REC1b,0.4777439038408515,1,6,0,3,4
K526R,526,K,R,REC1b,-0.2881648405973643,0,5,0,3,4
K526T,526,K,T,REC1b,-0.4063067434518517,0,6,0,3,4
K528E,528,K,E,REC1b,0.6766375008613051,1,7,3,3,4
K528I,528,K,I,REC1b,0.3816445663236827,1,7,3,3,4
K528N,528,K,N,REC1b,-0.2464832376373882,1,8,3,3,4
K528Q,528,K,Q,REC1b,-0.1343930793396972,1,5,3,3,4
K528R,528,K,R,REC1b,0.2417222686061639,1,5,3,3,4
K528T,528,K,T,REC1b,-0.2075976617747097,1,8,3,3,4
K536E,536,K,E,REC1b,0.7961894161321904,1,8,5,3,4
K536M,536,K,M,REC1b,-0.0231387698709282,1,6,5,3,4
K536N,536,K,N,REC1b,0.1703975603290538,1,3,5,3,4
K536Q,536,K,Q,REC1b,3.3442007806804552,1,5,5,3,4
K536R,536,K,R,REC1b,-0.0160022789385844,1,6,5,3,4
K536T,536,K,T,REC1b,-0.3005687411435193,0,2,5,3,4
K545E,545,K,E,REC1b,-0.5592841232685081,0,9,8,3,4
K545M,545,K,M,REC1b,-0.4716662524201858,0,7,8,3,4
K545N,545,K,N,REC1b,-0.0306289826538153,1,3,8,3,4
K545Q,545,K,Q,REC1b,-2.0065561499944384,0,9,8,3,4
K545R,545,K,R,REC1b,-0.0723714896870891,1,5,8,3,4
K545T,545,K,T,REC1b,0.4380440576690128,1,4,8,3,4
K546E,546,K,E,REC1b,-0.0118473617460671,1,8,7,3,4
K546I,546,K,I,REC1b,-0.0876885415845932,1,1,7,3,4
K546N,546,K,N,REC1b,-0.5130061924236313,0,9,7,3,4
K546Q,546,K,Q,REC1b,-1.1455987506348948,0,2,7,3,4
K546R,546,K,R,REC1b,0.305817378178035,1,0,7,3,4
K546T,546,K,T,REC1b,0.2297169946120752,1,8,7,3,4
K554E,554,K,E,REC1b,-0.300546887455239,0,2,2,4,4
K554I,554,K,I,REC1b,-0.1826692144108656,1,1,2,4,4
K554N,554,K,N,REC1b,-0.4248293892139001,0,4,2,4,4
K554Q,554,K,Q,REC1b,-0.6187993241992035,0,2,2,4,4
K554R,554,K,R,REC1b,0.4597429173193343,1,7,2,4,4
K554T,554,K,T,REC1b,0.023724185062389,1,1,2,4,4
K558E,558,K,E,REC1b,-0.3940991706224963,0,6,8,4,4
K558M,558,K,M,REC1b,0.0050940212027335,1,1,8,4,4
K558N,558,K,N,REC1b,-0.0463025554079904,1,0,8,4,4
K558Q,558,K,Q,REC1b,-0.6710947266486498,0,9,8,4,4
K558R,558,K,R,REC1b,-0.5948409864545826,0,8,8,4,4
K558T,558,K,T,REC1b,-0.187416671285614,1,7,8,4,4
K562E,562,K,E,REC1b,-0.4878339916789777,0,8,9,4,4
K562M,562,K,M,REC1b,-0.4376200774777192,0,6,9,4,4
K562N,562,K,N,REC1b,-0.5059893079016204,0,2,9,4,4
K562Q,562,K,Q,REC1b,-0.4584922162617441,0,4,9,4,4
K562R,562,K,R,REC1b,-0.327151449251882,0,1,9,4,4
K562T,562,K,T,REC1b,-0.7877225523495414,0,0,9,4,4
K565E,565,K,E,REC1b,-0.2426568215016444,1,1,2,4,4
K565I,565,K,I,REC1b,-0.0898530140285063,1,6,2,4,4
K565N,565,K,N,REC1b,0.0471977701737068,1,3,2,4,4
K565Q,565,K,Q,REC1b,-0.2098668863839749,1,4,2,4,4
K565R,565,K,R,REC1b,-0.6056534902422668,0,9,2,4,4
K565T,565,K,T,REC1b,-0.8779784646060579,0,8,2,4,4
K570E,570,K,E,REC1b,0.7609636931033232,1,7,4,4,4
K570M,570,K,M,REC1b,0.0622499122558195,1,7,4,4,4
K570N,570,K,N,REC1b,0.4633046581765651,1,3,4,4,4
K570Q,570,K,Q,REC1b,0.6950587974336889,1,7,4,4,4
K570R,570,K,R,REC1b,-0.0190926445291251,1,5,4,4,4
K570T,570,K,T,REC1b,-0.1902045609218797,1,2,4,4,4
K571E,571,K,E,REC1b,0.0199437744397352,1,2,2,4,4
K571I,571,K,I,REC1b,-0.0620758208271258,1,5,2,4,4
K571N,571,K,N,REC1b,-0.1795415889419034,1,2,2,4,4
K571Q,571,K,Q,REC1b,0.3836920450217246,1,2,2,4,4
K571R,571,K,R,REC1b,0.1061578468477017,1,9,2,4,4
K571T,571,K,T,REC1b,0.7384260623472148,1,1,2,4,4
K599E,599,K,E,REC1b,0.2532710563971599,1,2,8,4,4
K599M,599,K,M,REC1b,0.4910109320531283,1,0,8,4,4
K599N,599,K,N,REC1b,0.386387669167415,1,1,8,4,4
K599Q,599,K,Q,REC1b,-0.0555670390497584,1,2,8,4,4
K599R,599,K,R,REC1b,-0.0416191736476566,1,3,8,4,4
K599T,599,K,T,REC1b,-0.1662458281614015,1,7,8,4,4
K602E,602,K,E,REC1b,-0.3081097187086874,0,1,9,4,4
K602M,602,K,M,REC1b,-0.4258321512115133,0,9,9,4,4
K602N,602,K,N,REC1b,-0.5508737726097728,0,4,9,4,4
K602Q,602,K,Q,REC1b,-0.4527832703552485,0,9,9,4,4
K602R,602,K,R,REC1b,-0.0200439145457062,1,1,9,4,4
K602T,602,K,T,REC1b,-1.1106464633266129,0,7,9,4,4
K604E,604,K,E,REC1b,-0.3028047784047699,0,0,8,4,4
K604I,604,K,I,REC1b,0.3945659331316486,1,6,8,4,4
K604N,604,K,N,REC1b,-0.43024828622548,0,8,8,4,4
K604Q,604,K,Q,REC1b,-0.167190645498753,1,5,8,4,4
K604R,604,K,R,REC1b,0.1439230770850281,1,8,8,4,4
K604T,604,K,T,REC1b,-0.3878892888858539,0,9,8,4,4
K637E,637,K,E,REC1b,0.328049648266437,1,6,9,4,4
K637M,637,K,M,REC1b,-0.2477060605604044,1,8,9,4,4
K637N,637,K,N,REC1b,0.1657513694265036,1,8,9,4,4
K637Q,637,K,Q,REC1b,0.0675112552367129,1,9,9,4,4
K637R,637,K,R,REC1b,-0.3644667330165311,0,0,9,4,4
K637T,637,K,T,REC1b,-0.5002097989020285,0,7,9,4,4
K646E,646,K,E,REC1b,-0.3244630637236577,0,2,6,4,4
K646I,646,K,I,REC1b,1.3158208483404557,1,0,6,4,4
K646N,646,K,N,REC1b,-0.1503990879309427,1,4,6,4,4
K646Q,646,K,Q,REC1b,-0.2093545862522821,1,5,6,4,4
K646R,646,K,R,REC1b,-0.4230427949137516,0,2,6,4,4
K646T,646,K,T,REC1b,-0.6565983056591582,0,4,6,4,4
K649E,649,K,E,REC1b,0.8873434678235195,1,9,7,4,4
K649I,649,K,I,REC1b,0.2217281304655944,1,2,7,4,4
K649N,649,K,N,REC1b,1.6460119325568496,1,0,7,4,4
K649Q,649,K,Q,REC1b,-0.2231894579551218,1,0,7,4,4
K649R,649,K,R,REC1b,0.2643647164708791,1,6,7,4,4
K649T,649,K,T,REC1b,0.7880749530194034,1,0,7,4,4
K652E,652,K,E,REC1b,0.4561370865610217,1,3,4,4,4
K652M,652,K,M,REC1b,0.1117736120063493,1,6,4,4,4
K652N,652,K,N,REC1b,-0.0044113519933135,1,3,4,4,4
K652Q,652,K,Q,REC1b,-1.7228767863100416,0,6,4,4,4
K652R,652,K,R,REC1b,0.102343057641065,1,6,4,4,4
K652T,652,K,T,REC1b,-0.5454777495216864,0,5,4,4,4
K65E,65,K,E,BridgeHelix,0.0238441570306493,1,6,4,0,1
K65I,65,K,I,BridgeHelix,0.3824660189764159,1,5,4,0,1
K65N,65,K,N,BridgeHelix,0.0211516042233085,1,1,4,0,1
K65Q,65,K,Q,BridgeHelix,-0.3517945246014808,0,1,4,0,1
K65R,65,K,R,BridgeHelix,0.9690416712345102,1,4,4,0,1
K65T,65,K,T,BridgeHelix,-0.8769429075484834,0,7,4,0,1
K665E,665,K,E,REC1b,-0.125894414497184,1,1,4,4,4
K665M,665,K,M,REC1b,-0.337650631958504,0,9,4,4,4
K665N,665,K,N,REC1b,-0.4253849571860981,0,7,4,4,4
K665Q,665,K,Q,REC1b,0.1869226296904247,1,1,4,4,4
K665R,665,K,R,REC1b,-0.4254700023199843,0,7,4,4,4
K665T,665,K,T,REC1b,-0.464271849179956,0,0,4,4,4
K673E,673,K,E,REC1b,0.0847745256982506,1,5,7,4,4
K673I,673,K,I,REC1b,-0.3901077314071369,0,5,7,4,4
K673N,673,K,N,REC1b,0.9057216847251004,1,9,7,4,4
K673Q,673,K,Q,REC1b,-0.1196399449431254,1,7,7,4,4
K673R,673,K,R,REC1b,-0.2883511043883995,0,4,7,4,4
K673T,673,K,T,REC1b,1.082053550197064,1,9,7,4,4
K677E,677,K,E,REC1b,-0.456842589340092,0,1,4,4,4
K677M,677,K,M,REC1b,0.2542078728021505,1,1,4,4,4
K677N,677,K,N,REC1b,-0.7433012553772279,0,3,4,4,4
K677Q,677,K,Q,REC1b,0.2058149763825825,1,0,4,4,4
K677R,677,K,R,REC1b,0.6776437201817749,1,6,4,4,4
K677T,677,K,T,REC1b,-0.6461567890383577,0,6,4,4,4
K684E,684,K,E,REC1b,-0.2705143967149634,0,3,3,4,4
K684I,684,K,I,REC1b,-0.5394594717848791,0,7,3,4,4
K684N,684,K,N,REC1b,-0.1884318032683195,1,0,3,4,4
K684Q,684,K,Q,REC1b,-0.1695854878641826,1,3,3,4,4
K684R,684,K,R,REC1b,-0.2125528827847002,1,4,3,4,4
K684T,684,K,T,REC1b,-0.7740280243554563,0,8,3,4,4
K705E,705,K,E,REC1b,-0.4888275299986426,0,5,7,5,4
K705I,705,K,I,REC1b,0.3312063561947819,1,2,7,5,4
K705N,705,K,N,REC1b,-0.4611667395967535,0,5,7,5,4
K705Q,705,K,Q,REC1b,-0.8189761316909735,0,9,7,5,4
K705R,705,K,R,REC1b,-0.0473052670589482,1,6,7,5,4
K705T,705,K,T,REC1b,-0.1712939843344016,1,8,7,5,4
K710E,710,K,E,REC1b,-0.3067979436110026,0,5,2,5,4
K710M,710,K,M,REC1b,-0.4852939510669762,0,0,2,5,4
K710N,710,K,N,REC1b,-0.5837282538611094,0,3,2,5,4
K710Q,710,K,Q,REC1b,-0.3581886578699696,0,3,2,5,4
K710R,710,K,R,REC1b,0.2529148099498622,1,1,2,5,4
K710T,710,K,T,REC1b,-0.1912718527494983,1,5,2,5,4
K734E,734,K,E,RuvC-II,-0.52797346805662,0,0,9,5,5
K734M,734,K,M,RuvC-II,-0.5716733161746608,0,2,9,5,5
K734N,734,K,N,RuvC-II,-0.7413302282632612,0,9,9,5,5
K734Q,734,K,Q,RuvC-II,-0.3886632036483514,0,1,9,5,5
K734R,734,K,R,RuvC-II,-0.468716125826832,0,1,9,5,5
K734T,734,K,T,RuvC-II,-0.5100541979109948,0,6,9,5,5
K735E,735,K,E,RuvC-II,0.2009851615216367,1,8,5,5,5
K735I,735,K,I,RuvC-II,-0.5487275462840492,0,8,5,5,5
K735N,735,K,N,RuvC-II,-0.4308851737883396,0,5,5,5,5
K735Q,735,K,Q,RuvC-II,-0.2604026540809868,1,6,5,5,5
K735R,735,K,R,RuvC-II,-0.0871215564124146,1,6,5,5,5
K735T,735,K,T,RuvC-II,0.0915520937379071,1,9,5,5,5
K742E,742,K,E,RuvC-II,-0.3068048703697369,0,2,5,5,5
K742M,742,K,M,RuvC-II,0.7923506980329242,1,5,5,5,5
K742N,742,K,N,RuvC-II,-0.1897931020071469,1,2,5,5,5
K742Q,742,K,Q,RuvC-II,-0.8853411019314601,0,9,5,5,5
K742R,742,K,R,RuvC-II,-0.6127217681607839,0,1,5,5,5
K742T,742,K,T,RuvC-II,-0.5326175460762431,0,8,5,5,5
K749E,749,K,E,RuvC-II,-0.0520137305767621,1,2,0,5,5
K749I,749,K,I,RuvC-II,-0.1166134806250642,1,1,0,5,5
K749N,749,K,N,RuvC-II,-0.293514768957083,0,9,0,5,5
K749Q,749,K,Q,RuvC-II,-0.7611489247321175,0,6,0,5,5
K749R,749,K,R,RuvC-II,-0.1041251736423722,1,1,0,5,5
K749T,749,K,T,RuvC-II,-0.6167843036823081,0,4,0,5,5
K755E,755,K,E,RuvC-II,-0.5930800325137744,0,1,2,5,5
K755M,755,K,M,RuvC-II,-6.4511200069759935,0,5,2,5,5
K755N,755,K,N,RuvC-II,-0.3740416558114519,0,3,2,5,5
K755Q,755,K,Q,RuvC-II,0.171614227346614,1,7,2,5,5
K755R,755,K,R,RuvC-II,-0.1353992500013966,1,0,2,5,5
K755T,755,K,T,RuvC-II,-0.7106646099870213,0,1,2,5,5
K76E,76,K,E,BridgeHelix,-0.5480250679167512,0,4,1,0,1
K76M,76,K,M,BridgeHelix,-0.260964405738655,1,2,1,0,1
K76N,76,K,N,BridgeHelix,-0.4386497296049471,0,6,1,0,1
K76Q,76,K,Q,BridgeHelix,0.1184436909962659,1,1,1,0,1
K76R,76,K,R,BridgeHelix,-0.2298982076582884,1,8,1,0,1
K76T,76,K,T,BridgeHelix,0.5650061944862961,1,3,1,0,1
K772E,772,K,E,HNH,-0.4348187393147795,0,1,1,5,6
K772I,772,K,I,HNH,-0.4799523691132258,0,7,1,5,6
K772N,772,K,N,HNH,-0.1679372087676615,1,7,1,5,6
K772Q,772,K,Q,HNH,-0.6000672535476188,0,7,1,5,6
K772R,772,K,R,HNH,-0.0561250195756432,1,8,1,5,6
K772T,772,K,T,HNH,-0.2156574170735148,1,4,1,5,6
K775E,775,K,E,HNH,-0.2533491092079072,1,6,6,5,6
K775M,775,K,M,HNH,-0.0823994052661162,1,7,6,5,6
K775N,775,K,N,HNH,-0.9375823410216048,0,9,6,5,6
K775Q,775,K,Q,HNH,0.2300424083735713,1,4,6,5,6
K775R,775,K,R,HNH,-0.5753599051217655,0,1,6,5,6
K775T,775,K,T,HNH,-0.5753599051217657,0,7,6,5,6
K782E,782,K,E,HNH,-0.2538960531893862,1,3,2,5,6
K782I,782,K,I,HNH,-0.196475482241148,1,8,2,5,6
K782N,782,K,N,HNH,-0.9080182851962724,0,5,2,5,6
K782Q,782,K,Q,HNH,-0.179548711729305,1,9,2,5,6
K782R,782,K,R,HNH,-0.4404879456813503,0,5,2,5,6
K782T,782,K,T,HNH,-1.330776573952739,0,1,2,5,6
K789E,789,K,E,HNH,0.3876528164048849,1,9,5,5,6
K789M,789,K,M,HNH,-0.5746350533893091,0,5,5,5,6
K789N,789,K,N,HNH,0.8301540772689793,1,9,5,5,6
K789Q,789,K,Q,HNH,0.6422256434904825,1,3,5,5,6
K789R,789,K,R,HNH,-0.1036010552797083,1,8,5,5,6
K789T,789,K,T,HNH,-0.8874184284919054,0,3,5,5,6
K797E,797,K,E,HNH,-0.3098236048247152,0,3,4,5,6
K797I,797,K,I,HNH,0.0965269143451584,1,1,4,5,6
K797N,797,K,N,HNH,-0.4038783590939911,0,9,4,5,6
K797Q,797,K,Q,HNH,-1.0533320448576933,0,3,4,5,6
K797R,797,K,R,HNH,-0.2385744209821194,1,1,4,5,6
K797T,797,K,T,HNH,-0.6671045401310987,0,7,4,5,6
K810E,810,K,E,HNH,-0.4762124823182198,0,6,6,5,6
K810M,810,K,M,HNH,-0.1998567179499897,1,3,6,5,6
K810N,810,K,N,HNH,0.149733186689048,1,3,6,5,6
K810Q,810,K,Q,HNH,0.7960848448445422,1,4,6,5,6
K810R,810,K,R,HNH,0.0082444135810242,1,3,6,5,6
K810T,810,K,T,HNH,-0.1919808042302235,1,8,6,5,6
K848E,848,K,E,HNH,0.6143460178095412,1,4,7,6,6
K848I,848,K,I,HNH,-0.4088997956647002,0,9,7,6,6
K848N,848,K,N,HNH,0.760396036515514,1,4,7,6,6
K848Q,848,K,Q,HNH,-0.3517066502671211,0,2,7,6,6
K848R,848,K,R,HNH,0.1961099940301005,1,5,7,6,6
K848T,848,K,T,HNH,0.4557612646986877,1,7,7,6,6
K855E,855,K,E,HNH,-0.0976655977637708,1,9,5,6,6
K855M,855,K,M,HNH,0.6153432449934362,1,1,5,6,6
K855N,855,K,N,HNH,-0.5595860066432986,0,4,5,6,6
K855Q,855,K,Q,HNH,-0.1311120808569126,1,5,5,6,6
K855R,855,K,R,HNH,-0.0604344189133867,1,8,5,6,6
K855T,855,K,T,HNH,0.6950466627856673,1,7,5,6,6
K862E,862,K,E,HNH,0.063575428734212,1,5,9,6,6
K862I,862,K,I,HNH,-0.5328672052285313,0,8,9,6,6
K862N,862,K,N,HNH,-0.1914443953649523,1,3,9,6,6
K862Q,862,K,Q,HNH,-0.4590264060990417,0,2,9,6,6
K862R,862,K,R,HNH,-0.0485609179522046,1,9,9,6,6
K862T,862,K,T,HNH,-0.4079637182582299,0,6,9,6,6
K866E,866,K,E,HNH,-0.4769172701260772,0,6,8,6,6
K866M,866,K,M,HNH,-0.0760553732853984,1,5,8,6,6
K866N,866,K,N,HNH,-0.776664356527847,0,1,8,6,6
K866Q,866,K,Q,HNH,-0.6544554556782646,0,3,8,6,6
K866R,866,K,R,HNH,-0.5363123768391095,0,4,8,6,6
K866T,866,K,T,HNH,-0.421586367476182,0,7,8,6,6
K877E,877,K,E,HNH,-0.1385807708259666,1,8,6,6,6
K877M,877,K,M,HNH,-0.3048749405906583,0,9,6,6,6
K877N,877,K,N,HNH,-0.190028573396418,1,9,6,6,6
K877Q,877,K,Q,HNH,-0.2453867499976872,1,4,6,6,6
K877R,877,K,R,HNH,-0.1757335795975839,1,2,6,6,6
K877T,877,K,T,HNH,0.3875338500242531,1,4,6,6,6
K878E,878,K,E,HNH,-0.0944241598856618,1,1,4,6,6
K878I,878,K,I,HNH,-0.2011374230271634,1,3,4,6,6
K878N,878,K,N,HNH,0.0796462051978338,1,8,4,6,6
K878Q,878,K,Q,HNH,-0.2181346063451519,1,7,4,6,6
K878R,878,K,R,HNH,0.0468090494224197,1,3,4,6,6
K878T,878,K,T,HNH,-0.3981742700867171,0,9,4,6,6
K880E,880,K,E,HNH,-0.4170749415470258,0,9,5,6,6
K880M,880,K,M,HNH,-0.4567383875406692,0,6,5,6,6
K880N,880,K,N,HNH,-0.9985951512634192,0,0,5,6,6
K880Q,880,K,Q,HNH,-0.5151850269968736,0,6,5,6,6
K880R,880,K,R,HNH,0.4250893495412706,1,7,5,6,6
K880T,880,K,T,HNH,0.1546026400037773,1,9,5,6,6
K890E,890,K,E,HNH,-0.9607890911187716,0,8,0,6,6
K890I,890,K,I,HNH,-0.4531613507645901,0,4,0,6,6
K890N,890,K,N,HNH,-0.6544661343043104,0,0,0,6,6
K890Q,890,K,Q,HNH,1.8180616543954125,1,0,0,6,6
K890R,890,K,R,HNH,-0.6046218683028302,0,3,0,6,6
K890T,890,K,T,HNH,-0.4976311167707231,0,4,0,6,6
K896E,896,K,E,HNH,-0.9629690978152552,0,3,5,6,6
K896M,896,K,M,HNH,-0.2705730614459706,0,4,5,6,6
K896N,896,K,N,HNH,-0.8061399565267309,0,0,5,6,6
K896Q,896,K,Q,HNH,0.0069012360003569,1,6,5,6,6
K896R,896,K,R,HNH,-0.9313030697850913,0,6,5,6,6
K896T,896,K,T,HNH,-0.208899769821777,1,6,5,6,6
K902E,902,K,E,HNH,0.0134473188730993,1,0,1,6,6
K902I,902,K,I,HNH,0.1215886312498592,1,6,1,6,6
K902N,902,K,N,HNH,-0.4131196875673744,0,2,1,6,6
K902Q,902,K,Q,HNH,-0.0866757501305058,1,0,1,6,6
K902R,902,K,R,HNH,-0.3075240532407073,0,3,1,6,6
K902T,902,K,T,HNH,-0.4235560466878174,0,1,1,6,6
K913E,913,K,E,RuvC-III,-0.4368895889529192,0,5,4,6,7
K913I,913,K,I,RuvC-III,-0.3119288788712523,0,0,4,6,7
K913N,913,K,N,RuvC-III,-0.8358989764150557,0,9,4,6,7
K913Q,913,K,Q,RuvC-III,0.0105693880183022,1,2,4,6,7
K913R,913,K,R,RuvC-III,-0.2012645771627801,1,9,4,6,7
K913T,913,K,T,RuvC-III,-0.7346718901042218,0,8,4,6,7
K918E,918,K,E,RuvC-III,-0.3038380026695308,0,4,8,6,7
K918M,918,K,M,RuvC-III,-0.2580387374546646,1,8,8,6,7
K918N,918,K,N,RuvC-III,-1.2712150324276417,0,0,8,6,7
K918Q,918,K,Q,RuvC-III,0.1385201026088249,1,0,8,6,7
K918R,918,K,R,RuvC-III,0.280246415500697,1,2,8,6,7
K918T,918,K,T,RuvC-III,-0.0316002396860406,1,8,8,6,7
K929E,929,K,E,RuvC-III,-0.6983878859102608,0,7,9,6,7
K929M,929,K,M,RuvC-III,-0.01319637314621,1,3,9,6,7
K929N,929,K,N,RuvC-III,0.3051656514804721,1,7,9,6,7
K929Q,929,K,Q,RuvC-III,-0.7364229700661652,0,8,9,6,7
K929R,929,K,R,RuvC-III,-0.3621560210122652,0,9,9,6,7
K929T,929,K,T,RuvC-III,0.1137013447015552,1,8,9,6,7
K92E,92,K,E,BridgeHelix,-0.6144801696361523,0,5,8,0,1
K92M,92,K,M,BridgeHelix,-0.1063909893871076,1,3,8,0,1
K92N,92,K,N,BridgeHelix,-0.0610216727793493,1,9,8,0,1
K92Q,92,K,Q,BridgeHelix,0.7408861169697167,1,1,8,0,1
K92R,92,K,R,BridgeHelix,0.1225959356190085,1,0,8,0,1
K92T,92,K,T,BridgeHelix,-0.3585307541176075,0,5,8,0,1
K942E,942,K,E,RuvC-III,-0.233725308936592,1,9,4,6,7
K942M,942,K,M,RuvC-III,-0.119591538729605,1,3,4,6,7
K942N,942,K,N,RuvC-III,-0.0772121617071125,1,3,4,6,7
K942Q,942,K,Q,RuvC-III,-0.0106026743226594,1,2,4,6,7
K942R,942,K,R,RuvC-III,0.1984526671215531,1,3,4,6,7
K942T,942,K,T,RuvC-III,-0.1064845500881282,1,0,4,6,7
K948E,948,K,E,RuvC-III,0.0627608242831796,1,3,7,6,7
K948I,948,K,I,RuvC-III,-0.2186444798556392,1,0,7,6,7
K948N,948,K,N,RuvC-III,0.39346793337674,1,9,7,6,7
K948Q,948,K,Q,RuvC-III,0.0027836240702405,1,7,7,6,7
K948R,948,K,R,RuvC-III,-0.0257069083916655,1,6,7,6,7
K948T,948,K,T,RuvC-III,-0.4990957738497044,0,1,7,6,7
K954E,954,K,E,RuvC-III,-0.4422815682342838,0,0,1,6,7
K954M,954,K,M,RuvC-III,-0.3296524084676984,0,2,1,6,7
K954N,954,K,N,RuvC-III,-0.529765705560249,0,3,1,6,7
K954Q,954,K,Q,RuvC-III,-0.4929076413042517,0,1,1,6,7
K954R,954,K,R,RuvC-III,-0.6294219635964492,0,1,1,6,7
K954T,954,K,T,RuvC-III,-0.3776118688171775,0,0,1,6,7
K959E,959,K,E,RuvC-III,-0.0649823446029993,1,1,8,7,7
K959M,959,K,M,RuvC-III,-0.4168231552976256,0,5,8,7,7
K959N,959,K,N,RuvC-III,-0.3485047446410313,0,3,8,7,7
K959Q,959,K,Q,RuvC-III,-0.3407358067306539,0,7,8,7,7
K959R,959,K,R,RuvC-III,-0.0336400923199982,1,8,8,7,7
K959T,959,K,T,RuvC-III,-0.5473251795317533,0,2,8,7,7
K961E,961,K,E,RuvC-III,0.5420439831650912,1,0,3,7,7
K961I,961,K,I,RuvC-III,-0.3427822819963628,0,4,3,7,7
K961N,961,K,N,RuvC-III,0.0344995402054168,1,8,3,7,7
K961Q,961,K,Q,RuvC-III,-0.6397888086826465,0,3,3,7,7
K961R,961,K,R,RuvC-III,-0.5480755203854892,0,7,3,7,7
K961T,961,K,T,RuvC-III,-0.4276759202143407,0,2,3,7,7
K968E,968,K,E,RuvC-III,0.111807180521195,1,1,3,7,7
K968I,968,K,I,RuvC-III,-0.4952107127450517,0,3,3,7,7
K968N,968,K,N,RuvC-III,0.7004423444566671,1,4,3,7,7
K968Q,968,K,Q,RuvC-III,-0.5556174803919339,0,1,3,7,7
K968R,968,K,R,RuvC-III,1.9490452651420445,1,5,3,7,7
K968T,968,K,T,RuvC-III,0.2296325646485072,1,1,3,7,7
K974E,974,K,E,RuvC-III,-0.4270720067315028,0,3,5,7,7
K974M,974,K,M,RuvC-III,-0.6079387826393962,0,3,5,7,7
K974N,974,K,N,RuvC-III,-0.8439241481507178,0,5,5,7,7
K974Q,974,K,Q,RuvC-III,0.8089953515020217,1,0,5,7,7
K974R,974,K,R,RuvC-III,-0.2831157848783793,0,4,5,7,7
K974T,974,K,T,RuvC-III,-0.7438766625653981,0,8,5,7,7
K999E,999,K,E,RuvC-III,0.3121806372414492,1,8,2,7,7
K999M,999,K,M,RuvC-III,-0.18664672751196,1,2,2,7,7
K999N,999,K,N,RuvC-III,-0.4799037321739174,0,8,2,7,7
K999Q,999,K,Q,RuvC-III,-0.7679897114425345,0,4,2,7,7
K999R,999,K,R,RuvC-III,-0.1139206380404129,1,1,2,7,7
K999T,999,K,T,RuvC-III,-1.143507434028763,0,9,2,7,7
L1004M,1004,L,M,RuvC-III,-0.4215978570080321,0,9,3,7,7
L1004P,1004,L,P,RuvC-III,-0.7153983707952715,0,9,3,7,7
L1004Q,1004,L,Q,RuvC-III,-0.5402487729343566,0,7,3,7,7
L1004R,1004,L,R,RuvC-III,-0.1311570373177691,1,4,3,7,7
L1004V,1004,L,V,RuvC-III,-0.3464810376519605,0,6,3,7,7
L101M,101,L,M,REC1a,-0.2348866111749068,1,6,4,0,2
L101P,101,L,P,REC1a,-0.8036883867568196,0,0,4,0,2
L101Q,101,L,Q,REC1a,-0.6353391808869175,0,8,4,0,2
L101R,101,L,R,REC1a,0.0580151820586731,1,4,4,0,2
L101V,101,L,V,REC1a,-0.081996293352041,1,6,4,0,2
L1052M,1052,L,M,RuvC-III,-0.4558704023975218,0,2,2,7,7
L1052P,1052,L,P,RuvC-III,-0.5281302909446524,0,3,2,7,7
L1052Q,1052,L,Q,RuvC-III,-0.4380914994091041,0,7,2,7,7
L1052R,1052,L,R,RuvC-III,-0.8102735197261507,0,4,2,7,7
L1052V,1052,L,V,RuvC-III,-0.7985753569397572,0,7,2,7,7
L1062M,1062,L,M,RuvC-III,-0.1299894537883328,1,6,2,7,7
L1062P,1062,L,P,RuvC-III,-0.1250353974866617,1,6,2,7,7
L1062Q,1062,L,Q,RuvC-III,-0.0413135715891586,1,7,2,7,7
L1062R,1062,L,R,RuvC-III,-0.3755788591372586,0,1,2,7,7
L1062V,1062,L,V,RuvC-III,-0.2860693549978377,0,1,2,7,7
L106M,106,L,M,REC1a,-0.3198973919537189,0,3,6,0,2
L106P,106,L,P,REC1a,-0.387899100185173,0,1,6,0,2
L106Q,106,L,Q,REC1a,-0.5004909265615342,0,0,6,0,2
L106R,106,L,R,REC1a,-1.0675315192854278,0,5,6,0,2
L106V,106,L,V,REC1a,-0.171607433706575,1,5,6,0,2
L1087M,1087,L,M,RuvC-III,-0.4332682928061301,0,9,7,7,7
L1087P,1087,L,P,RuvC-III,-0.7357978785331608,0,1,7,7,7
L1087Q,1087,L,Q,RuvC-III,-0.5134054571967128,0,7,7,7,7
L1087R,1087,L,R,RuvC-III,-0.0406524600615818,1,2,7,7,7
L1087V,1087,L,V,RuvC-III,0.0013894019420014,1,0,7,7,7
L1111M,1111,L,M,WED,0.7229489944911575,1,7,1,8,8
L1111P,1111,L,P,WED,0.3253442449157709,1,8,1,8,8
L1111Q,1111,L,Q,WED,0.2525181708882602,1,2,1,8,8
L1111R,1111,L,R,WED,-0.3586282616365508,0,4,1,8,8
L1111V,1111,L,V,WED,-0.239331339559684,1,8,1,8,8
L1119M,1119,L,M,WED,-0.010905824886214,1,9,9,8,8
L1119P,1119,L,P,WED,0.3921629257213183,1,7,9,8,8
L1119Q,1119,L,Q,WED,-0.3445384143840905,0,5,9,8,8
L1119R,1119,L,R,WED,-0.995907525957256,0,4,9,8,8
L1119V,1119,L,V,WED,-0.3513723453032649,0,2,9,8,8
L1144M,1144,L,M,WED,-0.4529827970189048,0,7,7,8,8
L1144P,1144,L,P,WED,0.0194123031838345,1,3,7,8,8
L1144Q,1144,L,Q,WED,-0.1964937367401995,1,3,7,8,8
L1144R,1144,L,R,WED,-0.6854293496875798,0,9,7,8,8
L1144V,1144,L,V,WED,-0.6649349441543818,0,8,7,8,8
L1157M,1157,L,M,WED,-0.0105244276422038,1,6,5,8,8
L1157P,1157,L,P,WED,-0.0182714411121275,1,3,5,8,8
L1157Q,1157,L,Q,WED,-0.2080134456428894,1,0,5,8,8
L1157R,1157,L,R,WED,2.240971385559292,1,0,5,8,8
L1157V,1157,L,V,WED,-0.2544860486233651,1,8,5,8,8
L1163M,1163,L,M,WED,0.9040032849989986,1,1,3,8,8
L1163P,1163,L,P,WED,0.4641303642684357,1,8,3,8,8
L1163Q,1163,L,Q,WED,0.2461796000510272,1,6,3,8,8
L1163R,1163,L,R,WED,3.162011992450252,1,3,3,8,8
L1163V,1163,L,V,WED,0.9831337736997386,1,9,3,8,8
L1164M,1164,L,M,WED,-0.6114783604768004,0,6,2,8,8
L1164P,1164,L,P,WED,-0.4387899548816019,0,6,2,8,8
L1164Q,1164,L,Q,WED,-0.0152908768545617,1,5,2,8,8
L1164R,1164,L,R,WED,-0.7607180497689643,0,4,2,8,8
L1164V,1164,L,V,WED,-0.2369823506662515,1,1,2,8,8
L1182M,1182,L,M,WED,0.3206273178166401,1,1,0,8,8
L1182P,1182,L,P,WED,-0.1662577962399707,1,9,0,8,8
L1182Q,1182,L,Q,WED,-0.5047352995742825,0,6,0,8,8
L1182R,1182,L,R,WED,-0.7473131989986251,0,3,0,8,8
L1182V,1182,L,V,WED,0.6894563876730305,1,8,0,8,8
L1194M,1194,L,M,WED,-0.1878112551737149,1,4,1,8,8
L1194P,1194,L,P,WED,-0.0378439987224747,1,5,1,8,8
L1194Q,1194,L,Q,WED,-0.0314401618289484,1,0,1,8,8
L1194R,1194,L,R,WED,-0.2390510901682947,1,4,1,8,8
L1194V,1194,L,V,WED,0.2860513134511582,1,9,1,8,8
L1198M,1198,L,M,WED,-0.4609569870084176,0,4,8,8,8
L1198P,1198,L,P,WED,-0.980211557855618,0,4,8,8,8
L1198Q,1198,L,Q,WED,-0.5465583804094271,0,1,8,8,8
L1198R,1198,L,R,WED,-1.2614976682456345,0,4,8,8,8
L1198V,1198,L,V,WED,0.1046781550043352,1,7,8,8,8
L1203M,1203,L,M,TOPO,0.5340304427037255,1,6,8,8,9
L1203P,1203,L,P,TOPO,-0.4736306408237286,0,4,8,8,9
L1203Q,1203,L,Q,TOPO,0.1091236961024101,1,1,8,8,9
L1203R,1203,L,R,TOPO,0.26112678954746,1,6,8,8,9
L1203V,1203,L,V,TOPO,-0.2830995810818947,0,7,8,8,9
L1206M,1206,L,M,TOPO,-0.2132177788292663,1,2,8,8,9
L1206P,1206,L,P,TOPO,-0.3652819511073052,0,1,8,8,9
L1206Q,1206,L,Q,TOPO,0.0475486151879839,1,3,8,8,9
L1206R,1206,L,R,TOPO,0.3443600330062024,1,4,8,8,9
L1206V,1206,L,V,TOPO,-0.3734595700347072,0,6,8,8,9
L1214M,1214,L,M,TOPO,0.1560350975775148,1,0,2,8,9
L1214P,1214,L,P,TOPO,-0.2522201467576819,1,9,2,8,9
L1214Q,1214,L,Q,TOPO,-0.2612249600188915,1,3,2,8,9
L1214R,1214,L,R,TOPO,-0.628596025667421,0,6,2,8,9
L1214V,1214,L,V,TOPO,-0.1314434188569328,1,9,2,8,9
L1220M,1220,L,M,CTD-PI,-0.1402857290391448,1,2,1,8,10
L1220P,1220,L,P,CTD-PI,-0.0963438182483689,1,8,1,8,10
L1220Q,1220,L,Q,CTD-PI,-0.3209859893997499,0,4,1,8,10
L1220R,1220,L,R,CTD-PI,-0.5584495711839917,0,8,1,8,10
L1220V,1220,L,V,CTD-PI,0.6329502884428299,1,4,1,8,10
L1226M,1226,L,M,CTD-PI,-0.4073251583427578,0,0,3,8,10
L1226P,1226,L,P,CTD-PI,-0.4438962661389353,0,4,3,8,10
L1226Q,1226,L,Q,CTD-PI,-0.4711034744848947,0,6,3,8,10
L1226R,1226,L,R,CTD-PI,-0.5886093236535077,0,3,3,8,10
L1226V,1226,L,V,CTD-PI,0.7729262031694288,1,3,3,8,10
L1228M,1228,L,M,CTD-PI,-0.4471022460326649,0,2,5,8,10
L1228P,1228,L,P,CTD-PI,-0.0970080168651669,1,4,5,8,10
L1228Q,1228,L,Q,CTD-PI,-0.7501654773488942,0,4,5,8,10
L1228R,1228,L,R,CTD-PI,-0.5744113971043843,0,0,5,8,10
L1228V,1228,L,V,CTD-PI,0.1081290444015955,1,7,5,8,10
L1236M,1236,L,M,CTD-PI,0.4753792058263006,1,5,7,9,10
L1236P,1236,L,P,CTD-PI,-0.2907620023173005,0,6,7,9,10
L1236Q,1236,L,Q,CTD-PI,-0.197112768156793,1,0,7,9,10
L1236R,1236,L,R,CTD-PI,-0.6825395953270347,0,6,7,9,10
L1236V,1236,L,V,CTD-PI,-0.6111889140558334,0,0,7,9,10
L1238M,1238,L,M,CTD-PI,-0.3924204949278305,0,6,7,9,10
L1238P,1238,L,P,CTD-PI,-0.6627697487331564,0,5,7,9,10
L1238Q,1238,L,Q,CTD-PI,0.0747030423922075,1,7,7,9,10
L1238R,1238,L,R,CTD-PI,0.2723061338871365,1,0,7,9,10
L1238V,1238,L,V,CTD-PI,0.1696276138453234,1,0,7,9,10
L1245M,1245,L,M,CTD-PI,-0.4002992987586901,0,3,8,9,10
L1245P,1245,L,P,CTD-PI,-0.3301046256405293,0,1,8,9,10
L1245Q,1245,L,Q,CTD-PI,-0.1140562662757723,1,6,8,9,10
L1245R,1245,L,R,CTD-PI,0.0957073452324896,1,4,8,9,10
L1245V,1245,L,V,CTD-PI,2.459735401540424,1,5,8,9,10
L1257M,1257,L,M,CTD-PI,-0.2118836225286441,1,9,7,9,10
L1257P,1257,L,P,CTD-PI,-0.2293976410651479,1,8,7,9,10
L1257Q,1257,L,Q,CTD-PI,-0.6285202417490224,0,5,7,9,10
L1257R,1257,L,R,CTD-PI,0.366461683484353,1,8,7,9,10
L1257V,1257,L,V,CTD-PI,-0.5180177562836376,0,9,7,9,10
L1266M,1266,L,M,CTD-PI,0.0269230498331593,1,1,4,9,10
L1266P,1266,L,P,CTD-PI,1.345736268488706,1,3,4,9,10
L1266Q,1266,L,Q,CTD-PI,-0.3229474112389705,0,3,4,9,10
L1266R,1266,L,R,CTD-PI,-0.0240886539065341,1,9,4,9,10
L1266V,1266,L,V,CTD-PI,-0.081499410052826,1,6,4,9,10
L1282M,1282,L,M,CTD-PI,-0.187092204052611,1,0,0,9,10
L1282P,1282,L,P,CTD-PI,0.5278023562363662,1,6,0,9,10
L1282Q,1282,L,Q,CTD-PI,0.0766075476701739,1,3,0,9,10
L1282R,1282,L,R,CTD-PI,0.1297037298496547,1,1,0,9,10
L1282V,1282,L,V,CTD-PI,-0.2505423174801624,1,4,0,9,10
L1287M,1287,L,M,CTD-PI,-0.062767489999765,1,2,4,9,10
L1287P,1287,L,P,CTD-PI,-0.3289584622444336,0,6,4,9,10
L1287Q,1287,L,Q,CTD-PI,-0.4512676729058992,0,2,4,9,10
L1287R,1287,L,R,CTD-PI,-1.2481758075283875,0,2,4,9,10
L1287V,1287,L,V,CTD-PI,1.355698197127962,1,7,4,9,10
L1291M,1291,L,M,CTD-PI,-0.3907787993364094,0,9,5,9,10
L1291P,1291,L,P,CTD-PI,-0.6469322152411591,0,1,5,9,10
L1291Q,1291,L,Q,CTD-PI,0.101497992396677,1,2,5,9,10
L1291R,1291,L,R,CTD-PI,0.3371262408898193,1,9,5,9,10
L1291V,1291,L,V,CTD-PI,0.0944618375979297,1,6,5,9,10
L1312M,1312,L,M,CTD-PI,-4.090697387934968,0,4,3,9,10
L1312P,1312,L,P,CTD-PI,-0.0288462269215212,1,9,3,9,10
L1312Q,1312,L,Q,CTD-PI,-0.2021118878065605,1,2,3,9,10
L1312R,1312,L,R,CTD-PI,0.0862597837445622,1,9,3,9,10
L1312V,1312,L,V,CTD-PI,0.0982385113878746,1,1,3,9,10
L1315M,1315,L,M,CTD-PI,-0.6807614886882185,0,1,1,9,10
L1315P,1315,L,P,CTD-PI,-0.1690755335980082,1,8,1,9,10
L1315Q,1315,L,Q,CTD-PI,1.200292129540805,1,5,1,9,10
L1315R,1315,L,R,CTD-PI,-0.0736059951032849,1,1,1,9,10
L1315V,1315,L,V,CTD-PI,0.0700001718277272,1,8,1,9,10
L1318M,1318,L,M,CTD-PI,-0.1027394273698778,1,3,3,9,10
L1318P,1318,L,P,CTD-PI,-0.5541305058602222,0,8,3,9,10
L1318Q,1318,L,Q,CTD-PI,0.3974415290583722,1,8,3,9,10
L1318R,1318,L,R,CTD-PI,0.3936096674673454,1,6,3,9,10
L1318V,1318,L,V,CTD-PI,0.1342139335459456,1,6,3,9,10
L1343M,1343,L,M,CTD-PI,0.0532994066128895,1,8,6,9,10
L1343P,1343,L,P,CTD-PI,0.0938048824173212,1,6,6,9,10
L1343Q,1343,L,Q,CTD-PI,-0.581649683032338,0,5,6,9,10
L1343R,1343,L,R,CTD-PI,-0.8741612899429654,0,2,6,9,10
L1343V,1343,L,V,CTD-PI,-0.593502347926129,0,7,6,9,10
L1347M,1347,L,M,CTD-PI,-0.159532065014076,1,4,5,9,10
L1347P,1347,L,P,CTD-PI,-0.3533381283552219,0,9,5,9,10
L1347Q,1347,L,Q,CTD-PI,-0.4783879434377364,0,0,5,9,10
L1347R,1347,L,R,CTD-PI,-0.5023506157261205,0,3,5,9,10
L1347V,1347,L,V,CTD-PI,-0.3717820328561821,0,3,5,9,10
L1355M,1355,L,M,CTD-PI,-0.465011905861628,0,9,6,9,10
L1355P,1355,L,P,CTD-PI,-0.1121688970933952,1,7,6,9,10
L1355Q,1355,L,Q,CTD-PI,-0.6513981242778578,0,7,6,9,10
L1355R,1355,L,R,CTD-PI,-1.1958520319345114,0,6,6,9,10
L1355V,1355,L,V,CTD-PI,-0.7725962801456215,0,4,6,9,10
L1362M,1362,L,M,CTD-PI,-0.7651975755650693,0,8,0,9,10
L1362P,1362,L,P,CTD-PI,-0.5880116961022621,0,6,0,9,10
L1362Q,1362,L,Q,CTD-PI,-0.7162431057252248,0,9,0,9,10
L1362R,1362,L,R,CTD-PI,-0.6843224392711273,0,6,0,9,10
L1362V,1362,L,V,CTD-PI,-0.1642379468764022,1,2,0,9,10
L1365M,1365,L,M,CTD-PI,-0.3370677757435107,0,6,9,9,10
L1365P,1365,L,P,CTD-PI,-0.7030256302550822,0,4,9,9,10
L1365Q,1365,L,Q,CTD-PI,-0.5516201637656994,0,7,9,9,10
L1365R,1365,L,R,CTD-PI,-0.4732317685506197,0,5,9,9,10
L1365V,1365,L,V,CTD-PI,-0.2020178155796579,1,5,9,9,10
L138M,138,L,M,REC1a,-4.633520914341059,0,0,3,1,2
L138P,138,L,P,REC1a,0.1081713109805725,1,5,3,1,2
L138Q,138,L,Q,REC1a,-0.4445436459854701,0,4,3,1,2
L138R,138,L,R,REC1a,0.2753484348217947,1,6,3,1,2
L138V,138,L,V,REC1a,-1.4672436899138903,0,0,3,1,2
L142M,142,L,M,REC1a,1.5063769470881538,1,7,3,1,2
L142P,142,L,P,REC1a,-0.5799631290615992,0,4,3,1,2
L142Q,142,L,Q,REC1a,-0.7214355550144793,0,3,3,1,2
L142R,142,L,R,REC1a,-0.6574724962825145,0,8,3,1,2
L142V,142,L,V,REC1a,0.1582467145479368,1,8,3,1,2
L151M,151,L,M,REC1a,-0.6100059093262659,0,9,4,1,2
L151P,151,L,P,REC1a,0.3351156629125806,1,0,4,1,2
L151Q,151,L,Q,REC1a,0.5631902303925745,1,0,4,1,2
L151R,151,L,R,REC1a,-0.1323087464782473,1,8,4,1,2
L151V,151,L,V,REC1a,-0.884486841811168,0,9,4,1,2
L153M,153,L,M,REC1a,0.0447484782875188,1,7,2,1,2
L153P,153,L,P,REC1a,-0.1206018835370433,1,2,2,1,2
L153Q,153,L,Q,REC1a,-0.0937552763125912,1,4,2,1,2
L153R,153,L,R,REC1a,0.705368716687908,1,7,2,1,2
L153V,153,L,V,REC1a,0.4164155470853312,1,6,2,1,2
L156M,156,L,M,REC1a,0.2786799561169015,1,0,3,1,2
L156P,156,L,P,REC1a,-0.3087390311278166,0,9,3,1,2
L156Q,156,L,Q,REC1a,-0.1364044018279169,1,1,3,1,2
L156R,156,L,R,REC1a,-0.1729676819582659,1,2,3,1,2
L156V,156,L,V,REC1a,-0.2215419275092527,1,8,3,1,2
L158M,158,L,M,REC1a,-0.635675626296498,0,0,7,1,2
L158P,158,L,P,REC1a,-0.1410455247854106,1,6,7,1,2
L158Q,158,L,Q,REC1a,-0.4842096246732917,0,2,7,1,2
L158R,158,L,R,REC1a,-0.6193156488421605,0,4,7,1,2
L158V,158,L,V,REC1a,0.5897444877375178,1,9,7,1,2
L169M,169,L,M,REC1a,-0.6499892969900157,0,0,1,1,2
L169P,169,L,P,REC1a,-0.3538720659671127,0,3,1,1,2
L169Q,169,L,Q,REC1a,0.933838224610629,1,5,1,1,2
L169R,169,L,R,REC1a,0.6952368235394963,1,0,1,1,2
L169V,169,L,V,REC1a,-0.0535311574310299,1,7,1,1,2
L174M,174,L,M,REC1a,-0.886170566516807,0,4,8,1,2
L174P,174,L,P,REC1a,-0.3056264520178569,0,2,8,1,2
L174Q,174,L,Q,REC1a,-0.3561680606376448,0,3,8,1,2
L174R,174,L,R,REC1a,-0.367255108792664,0,5,8,1,2
L174V,174,L,V,REC1a,-1.0734021482728386,0,1,8,1,2
L184M,184,L,M,REC2,-0.257573399808189,1,5,9,1,3
L184P,184,L,P,REC2,-0.1993103516489585,1,4,9,1,3
L184Q,184,L,Q,REC2,-0.4013588399348095,0,8,9,1,3
L184R,184,L,R,REC2,0.6245326931972144,1,6,9,1,3
L184V,184,L,V,REC2,-0.1012372349548054,1,8,9,1,3
L188M,188,L,M,REC2,-0.1423548069164623,1,3,7,1,3
L188P,188,L,P,REC2,-0.6809364623710087,0,0,7,1,3
L188Q,188,L,Q,REC2,-0.9072646665696932,0,1,7,1,3
L188R,188,L,R,REC2,0.2488545353475887,1,0,7,1,3
L188V,188,L,V,REC2,0.2197623780865989,1,2,7,1,3
L195M,195,L,M,REC2,-0.175339620966644,1,6,0,1,3
L195P,195,L,P,REC2,-0.2409131632407931,1,6,0,1,3
L195Q,195,L,Q,REC2,-0.0267743680500225,1,4,0,1,3
L195R,195,L,R,REC2,-0.2018133435518525,1,9,0,1,3
L195V,195,L,V,REC2,-0.4101157667589242,0,0,0,1,3
L212M,212,L,M,REC2,-0.1728489738700622,1,2,2,1,3
L212P,212,L,P,REC2,-0.1370380497838137,1,8,2,1,3
L212Q,212,L,Q,REC2,-0.306924252935414,0,7,2,1,3
L212R,212,L,R,REC2,-0.8647074811827977,0,1,2,1,3
L212V,212,L,V,REC2,0.0655742035958487,1,1,2,1,3
L216M,216,L,M,REC2,-0.27242070986256,0,1,1,1,3
L216P,216,L,P,REC2,-0.1203552912085219,1,4,1,1,3
L216Q,216,L,Q,REC2,-0.0922265893405844,1,6,1,1,3
L216R,216,L,R,REC2,-0.0136445653649039,1,1,1,1,3
L216V,216,L,V,REC2,-0.7410897583239654,0,5,1,1,3
L222M,222,L,M,REC2,-0.3648134838064662,0,7,4,1,3
L222P,222,L,P,REC2,-0.7581126543484743,0,5,4,1,3
L222Q,222,L,Q,REC2,0.1021426043479659,1,0,4,1,3
L222R,222,L,R,REC2,-0.0618331307631599,1,5,4,1,3
L222V,222,L,V,REC2,0.5964256357851117,1,4,4,1,3
L225M,225,L,M,REC2,-0.130169881345267,1,7,2,1,3
L225P,225,L,P,REC2,-0.461857753579618,0,9,2,1,3
L225Q,225,L,Q,REC2,-0.1869979123490343,1,6,2,1,3
L225R,225,L,R,REC2,-0.6020354116278781,0,5,2,1,3
L225V,225,L,V,REC2,-0.2826012061711185,0,6,2,1,3
L229M,229,L,M,REC2,0.0333735884764389,1,9,2,1,3
L229P,229,L,P,REC2,-0.2707067054547548,0,0,2,1,3
L229Q,229,L,Q,REC2,-0.8285948054953689,0,9,2,1,3
L229R,229,L,R,REC2,-0.8150799990208873,0,9,2,1,3
L229V,229,L,V,REC2,0.0459085309022108,1,8,2,1,3
L237M,237,L,M,REC2,-0.2173628410561421,1,7,9,1,3
L237P,237,L,P,REC2,0.0691732331922454,1,4,9,1,3
L237Q,237,L,Q,REC2,-0.2921360796690824,0,5,9,1,3
L237R,237,L,R,REC2,-1.006594274425719,0,5,9,1,3
L237V,237,L,V,REC2,0.0973998474464358,1,2,9,1,3
L241M,241,L,M,REC2,-0.0830131368271886,1,6,1,1,3
L241P,241,L,P,REC2,0.0547099088684625,1,5,1,1,3
L241Q,241,L,Q,REC2,0.0800494959218715,1,7,1,1,3
L241R,241,L,R,REC2,-0.7731091157488572,0,8,1,1,3
L241V,241,L,V,REC2,-0.5492945657340047,0,6,1,1,3
L244M,244,L,M,REC2,1.7143751267908445,1,2,3,1,3
L244P,244,L,P,REC2,-0.491024754142835,0,2,3,1,3
L244Q,244,L,Q,REC2,2.2115179536002807,1,7,3,1,3
L244R,244,L,R,REC2,0.2277934933131113,1,7,3,1,3
L244V,244,L,V,REC2,-0.341309005786834,0,9,3,1,3
L246M,246,L,M,REC2,-0.5184010735340367,0,1,4,1,3
L246P,246,L,P,REC2,-0.5569460154062098,0,2,4,1,3
L246Q,246,L,Q,REC2,0.1455789334309664,1,8,4,1,3
L246R,246,L,R,REC2,-0.6020339049347482,0,7,4,1,3
L246V,246,L,V,REC2,-0.8440624910051597,0,3,4,1,3
L248M,248,L,M,REC2,0.4781841004838667,1,0,3,1,3
L248P,248,L,P,REC2,-0.4246393261573405,0,7,3,1,3
L248Q,248,L,Q,REC2,0.2356085785713161,1,2,3,1,3
L248R,248,L,R,REC2,-0.4105915516717076,0,4,3,1,3
L248V,248,L,V,REC2,-0.0395997566317228,1,3,3,1,3
L258M,258,L,M,REC2,-0.4366961757938485,0,2,1,1,3
L258P,258,L,P,REC2,2.3138700692998206,1,8,1,1,3
L258Q,258,L,Q,REC2,0.3311480607316562,1,9,1,1,3
L258R,258,L,R,REC2,0.0403049959738572,1,7,1,1,3
L258V,258,L,V,REC2,1.1037052173123,1,0,1,1,3
L264M,264,L,M,REC2,-0.6299968320413585,0,0,8,1,3
L264P,264,L,P,REC2,2.614181000442523,1,2,8,1,3
L264Q,264,L,Q,REC2,-0.7616351890386027,0,9,8,1,3
L264R,264,L,R,REC2,-0.6564665895011463,0,2,8,1,3
L264V,264,L,V,REC2,-0.2065426313777529,1,0,8,1,3
L266M,266,L,M,REC2,-0.0868105168630421,1,5,2,1,3
L266P,266,L,P,REC2,-0.7339351013400885,0,5,2,1,3
L266Q,266,L,Q,REC2,-0.5020823507545742,0,4,2,1,3
L266R,266,L,R,REC2,0.1247090494143699,1,4,2,1,3
L266V,266,L,V,REC2,0.4067402959416458,1,9,2,1,3
L275M,275,L,M,REC2,-0.4589453876468464,0,2,0,2,3
L275P,275,L,P,REC2,-0.4752297931578255,0,4,0,2,3
L275Q,275,L,Q,REC2,-0.3925037395700857,0,7,0,2,3
L275R,275,L,R,REC2,0.152930396964433,1,8,0,2,3
L275V,275,L,V,REC2,-0.556877175495171,0,5,0,2,3
L278M,278,L,M,REC2,-0.2591599294461147,1,6,6,2,3
L278P,278,L,P,REC2,-0.835799818775606,0,4,6,2,3
L278Q,278,L,Q,REC2,-0.4864495277100482,0,6,6,2,3
L278R,278,L,R,REC2,0.2456344147317055,1,1,6,2,3
L278V,278,L,V,REC2,0.2326764567431107,1,3,6,2,3
L279M,279,L,M,REC2,-0.3777313108171298,0,5,4,2,3
L279P,279,L,P,REC2,0.2193051224495167,1,9,4,2,3
L279Q,279,L,Q,REC2,-1.1298128496104332,0,9,4,2,3
L279R,279,L,R,REC2,0.271221790269436,1,9,4,2,3
L279V,279,L,V,REC2,-0.1886974864271126,1,6,4,2,3
L289M,289,L,M,REC2,-0.2794329143160722,0,1,4,2,3
L289P,289,L,P,REC2,-0.4586744762763189,0,7,4,2,3
L289Q,289,L,Q,REC2,-0.645792266431358,0,1,4,2,3
L289R,289,L,R,REC2,-0.3405884063536246,0,2,4,2,3
L289V,289,L,V,REC2,-0.4871543291099035,0,8,4,2,3
L291M,291,L,M,REC2,0.6963838632604697,1,6,7,2,3
L291P,291,L,P,REC2,-0.576206056702895,0,3,7,2,3
L291Q,291,L,Q,REC2,0.1262879645381414,1,7,7,2,3
L291R,291,L,R,REC2,-0.8485237033710257,0,6,7,2,3
L291V,291,L,V,REC2,1.503310240820377,1,6,7,2,3
L296M,296,L,M,REC2,0.0606489584093557,1,5,6,2,3
L296P,296,L,P,REC2,-0.5220804523504453,0,7,6,2,3
L296Q,296,L,Q,REC2,-0.4456484344935257,0,3,6,2,3
L296R,296,L,R,REC2,-1.2730770389263384,0,6,6,2,3
L296V,296,L,V,REC2,-0.6850868453845828,0,3,6,2,3
L301M,301,L,M,REC2,-0.4106358521481364,0,9,5,2,3
L301P,301,L,P,REC2,-0.4155673720905388,0,5,5,2,3
L301Q,301,L,Q,REC2,-0.1742028315618574,1,0,5,2,3
L301R,301,L,R,REC2,0.4728206372915502,1,4,5,2,3
L301V,301,L,V,REC2,0.2844214500292419,1,8,5,2,3
L302M,302,L,M,REC2,-0.852604979800509,0,8,6,2,3
L302P,302,L,P,REC2,0.1091339915240097,1,3,6,2,3
L302Q,302,L,Q,REC2,-0.8412352407513896,0,5,6,2,3
L302R,302,L,R,REC2,-0.3323757191160251,0,0,6,2,3
L302V,302,L,V,REC2,-0.9489733742727404,0,6,6,2,3
L306M,306,L,M,REC2,-0.1987085702012772,1,3,9,2,3
L306P,306,L,P,REC2,-0.7728871638639702,0,1,9,2,3
L306Q,306,L,Q,REC2,-0.345096065741705,0,3,9,2,3
L306R,306,L,R,REC2,-0.9485945179002886,0,8,9,2,3
L306V,306,L,V,REC2,-0.0861333432213313,1,8,9,2,3
L317M,317,L,M,REC1b,-0.265296052204414,1,0,3,2,4
L317P,317,L,P,REC1b,-0.2146758013578525,1,8,3,2,4
L317Q,317,L,Q,REC1b,-0.7676349847445889,0,5,3,2,4
L317R,317,L,R,REC1b,0.472078346854586,1,6,3,2,4
L317V,317,L,V,REC1b,-0.5610441900224351,0,3,3,2,4
L332M,332,L,M,REC1b,-0.0901368975655384,1,2,8,2,4
L332P,332,L,P,REC1b,-0.2406504380653794,1,7,8,2,4
L332Q,332,L,Q,REC1b,-0.7815096560465227,0,5,8,2,4
L332R,332,L,R,REC1b,1.892046767943622,1,5,8,2,4
L332V,332,L,V,REC1b,0.3172874176034301,1,9,8,2,4
L334M,334,L,M,REC1b,-0.2613956703424983,1,2,3,2,4
L334P,334,L,P,REC1b,-0.5281518742394625,0,2,3,2,4
L334Q,334,L,Q,REC1b,-0.4948184115719175,0,6,3,2,4
L334R,334,L,R,REC1b,0.0113164727269111,1,2,3,2,4
L334V,334,L,V,REC1b,-0.3847869537389268,0,1,3,2,4
L335M,335,L,M,REC1b,-0.3657300748708219,0,3,4,2,4
L335P,335,L,P,REC1b,-0.74076359728788,0,9,4,2,4
L335Q,335,L,Q,REC1b,-0.0062453235404169,1,5,4,2,4
L335R,335,L,R,REC1b,-0.1652614258157902,1,8,4,2,4
L335V,335,L,V,REC1b,-0.4504272394461036,0,0,4,2,4
L338M,338,L,M,REC1b,-0.3499209144333649,0,0,0,2,4
L338P,338,L,P,REC1b,0.0792818089026744,1,5,0,2,4
L338Q,338,L,Q,REC1b,-0.251085366389179,1,0,0,2,4
L338R,338,L,R,REC1b,-0.3713796001068911,0,7,0,2,4
L338V,338,L,V,REC1b,-0.951003080517798,0,5,0,2,4
L343M,343,L,M,REC1b,-0.1349801295929561,1,4,7,2,4
L343P,343,L,P,REC1b,-0.3674547049565048,0,2,7,2,4
L343Q,343,L,Q,REC1b,0.0218563191497483,1,0,7,2,4
L343R,343,L,R,REC1b,-0.4848116555946639,0,2,7,2,4
L343V,343,L,V,REC1b,-0.1042624722686677,1,3,7,2,4
L35M,35,L,M,RuvC-I,0.3081574645229183,1,0,8,0,0
L35P,35,L,P,RuvC-I,0.1858808128282585,1,6,8,0,0
L35Q,35,L,Q,RuvC-I,-1.178924270939758,0,2,8,0,0
L35R,35,L,R,RuvC-I,-0.220744446634385,1,0,8,0,0
L35V,35,L,V,RuvC-I,0.1158892716346372,1,1,8,0,0
L380M,380,L,M,REC1b,-0.2009955679220227,1,0,7,2,4
L380P,380,L,P,REC1b,-0.8959778623005963,0,9,7,2,4
L380Q,380,L,Q,REC1b,-0.2606964082638812,1,6,7,2,4
L380R,380,L,R,REC1b,-0.8047758525444639,0,1,7,2,4
L380V,380,L,V,REC1b,1.3121666561000285,1,0,7,2,4
L389M,389,L,M,REC1b,0.175595361629931,1,3,0,2,4
L389P,389,L,P,REC1b,-0.4160714625218233,0,4,0,2,4
L389Q,389,L,Q,REC1b,-0.673007652307317,0,7,0,2,4
L389R,389,L,R,REC1b,-0.8538080100598017,0,8,0,2,4
L389V,389,L,V,REC1b,0.6164551803535349,1,4,0,2,4
L390M,390,L,M,REC1b,-0.1938135819977883,1,4,7,2,4
L390P,390,L,P,REC1b,0.2021849734893488,1,9,7,2,4
L390Q,390,L,Q,REC1b,-0.4651386017286094,0,5,7,2,4
L390R,390,L,R,REC1b,-0.6130671048976373,0,0,7,2,4
L390V,390,L,V,REC1b,-0.8537267432493384,0,8,7,2,4
L393M,393,L,M,REC1b,-0.1140543698609108,1,9,0,2,4
L393P,393,L,P,REC1b,-0.4170596914688481,0,7,0,2,4
L393Q,393,L,Q,REC1b,-0.8504043825076633,0,8,0,2,4
L393R,393,L,R,REC1b,0.834520561488238,1,1,0,2,4
L393V,393,L,V,REC1b,-0.2880803755505372,0,2,0,2,4
L398M,398,L,M,REC1b,-0.6459386076772063,0,7,0,2,4
L398P,398,L,P,REC1b,-0.9984807878456472,0,2,0,2,4
L398Q,398,L,Q,REC1b,-0.965697028000866,0,9,0,2,4
L398R,398,L,R,REC1b,-0.1369132418844225,1,2,0,2,4
L398V,398,L,V,REC1b,0.0052096268176407,1,6,0,2,4
L399M,399,L,M,REC1b,-0.0278432407525192,1,7,7,2,4
L399P,399,L,P,REC1b,-0.2621740194939428,1,7,7,2,4
L399Q,399,L,Q,REC1b,-0.1924151023798423,1,4,7,2,4
L399R,399,L,R,REC1b,-0.445395843549713,0,0,7,2,4
L399V,399,L,V,REC1b,0.1830535417460993,1,4,7,2,4
L416M,416,L,M,REC1b,-3.291706606866176,0,4,9,3,4
L416P,416,L,P,REC1b,-0.3613594433553339,0,4,9,3,4
L416Q,416,L,Q,REC1b,-0.1143152462820639,1,9,9,3,4
L416R,416,L,R,REC1b,-0.0804148396637733,1,9,9,3,4
L416V,416,L,V,REC1b,0.0025928076274172,1,3,9,3,4
L419M,419,L,M,REC1b,0.1214751405312465,1,2,9,3,4
L419P,419,L,P,REC1b,-0.4261792576378194,0,3,9,3,4
L419Q,419,L,Q,REC1b,-0.2389006894452387,1,7,9,3,4
L419R,419,L,R,REC1b,-1.1602908547488724,0,8,9,3,4
L419V,419,L,V,REC1b,-0.7329291873881818,0,7,9,3,4
L423M,423,L,M,REC1b,-0.4695878626102401,0,1,9,3,4
L423P,423,L,P,REC1b,-0.5007886248681698,0,4,9,3,4
L423Q,423,L,Q,REC1b,-0.272308526538252,0,1,9,3,4
L423R,423,L,R,REC1b,0.0918478037384076,1,4,9,3,4
L423V,423,L,V,REC1b,0.4245122668636001,1,9,9,3,4
L433M,433,L,M,REC1b,-0.6633532235837308,0,9,5,3,4
L433P,433,L,P,REC1b,-0.7483975490602057,0,4,5,3,4
L433Q,433,L,Q,REC1b,-0.4844449114944136,0,5,5,3,4
L433R,433,L,R,REC1b,-1.567434276165445,0,1,5,3,4
L433V,433,L,V,REC1b,-0.514916745158873,0,2,5,3,4
L444M,444,L,M,REC1b,-0.6072675670065649,0,4,9,3,4
L444P,444,L,P,REC1b,-0.5864008924827376,0,7,9,3,4
L444Q,444,L,Q,REC1b,-0.2371399023269195,1,2,9,3,4
L444R,444,L,R,REC1b,0.1020661839922783,1,8,9,3,4
L444V,444,L,V,REC1b,-0.4433670210073032,0,8,9,3,4
L455M,455,L,M,REC1b,0.5971595621813592,1,0,5,3,4
L455P,455,L,P,REC1b,-0.9470671046522046,0,6,5,3,4
L455Q,455,L,Q,REC1b,-0.7158687859404156,0,8,5,3,4
L455R,455,L,R,REC1b,-0.4636755870707257,0,6,5,3,4
L455V,455,L,V,REC1b,-0.0040880221272865,1,4,5,3,4
L47M,47,L,M,RuvC-I,0.2639898293988187,1,2,5,0,0
L47P,47,L,P,RuvC-I,-0.6719340730919228,0,2,5,0,0
L47Q,47,L,Q,RuvC-I,-0.5826667349948352,0,4,5,0,0
L47R,47,L,R,RuvC-I,-2.3614525048556683,0,6,5,0,0
L47V,47,L,V,RuvC-I,-1.0508835079545933,0,8,5,0,0
L502M,502,L,M,REC1b,-0.338703954184614,0,1,9,3,4
L502P,502,L,P,REC1b,-0.2596426690100141,1,5,9,3,4
L502Q,502,L,Q,REC1b,-0.3203560312962043,0,4,9,3,4
L502R,502,L,R,REC1b,-0.7885578595612339,0,2,9,3,4
L502V,502,L,V,REC1b,-0.3768743021088442,0,3,9,3,4
L508M,508,L,M,REC1b,-0.5071892099726107,0,4,2,3,4
L508P,508,L,P,REC1b,-0.4621385345501388,0,0,2,3,4
L508Q,508,L,Q,REC1b,-0.4766240153577014,0,6,2,3,4
L508R,508,L,R,REC1b,0.1707899938302121,1,9,2,3,4
L508V,508,L,V,REC1b,-0.9153551365667474,0,7,2,3,4
L513M,513,L,M,REC1b,-0.3927197934945923,0,7,1,3,4
L513P,513,L,P,REC1b,-0.2582951518333076,1,5,1,3,4
L513Q,513,L,Q,REC1b,-0.8940939868696713,0,6,1,3,4
L513R,513,L,R,REC1b,-0.6524374268008016,0,8,1,3,4
L513V,513,L,V,REC1b,1.041518239734023,1,8,1,3,4
L514M,514,L,M,REC1b,-0.2761395777782234,0,6,8,3,4
L514P,514,L,P,REC1b,1.1405785458829611,1,8,8,3,4
L514Q,514,L,Q,REC1b,0.0389218230498675,1,9,8,3,4
L514R,514,L,R,REC1b,0.3538389813476487,1,5,8,3,4
L514V,514,L,V,REC1b,-0.5545342398529838,0,7,8,3,4
L51M,51,L,M,RuvC-I,-0.5387413310718697,0,7,4,0,0
L51P,51,L,P,RuvC-I,-0.663442125544073,0,0,4,0,0
L51Q,51,L,Q,RuvC-I,-1.0241361382913423,0,4,4,0,0
L51R,51,L,R,RuvC-I,-0.7189372381357761,0,6,4,0,0
L51V,51,L,V,RuvC-I,-1.548865548345577,0,5,4,0,0
L524M,524,L,M,REC1b,0.1111080642562364,1,5,7,3,4
L524P,524,L,P,REC1b,-0.77124810986438,0,4,7,3,4
L524Q,524,L,Q,REC1b,-0.1508400495749283,1,9,7,3,4
L524R,524,L,R,REC1b,-1.1833740137233206,0,0,7,3,4
L524V,524,L,V,REC1b,-0.9494334776788146,0,5,7,3,4
L52M,52,L,M,RuvC-I,0.146414609270723,1,3,3,0,0
L52P,52,L,P,RuvC-I,-0.7537639220472989,0,7,3,0,0
L52Q,52,L,Q,RuvC-I,1.0445380560941513,1,5,3,0,0
L52R,52,L,R,RuvC-I,-0.7417613982357791,0,5,3,0,0
L52V,52,L,V,RuvC-I,-0.4051393845096748,0,1,3,0,0
L540M,540,L,M,REC1b,-0.319303776179427,0,3,8,3,4
L540P,540,L,P,REC1b,-0.5052674554651705,0,3,8,3,4
L540Q,540,L,Q,REC1b,-1.2554839762268295,0,8,8,3,4
L540R,540,L,R,REC1b,-0.8851155262817142,0,5,8,3,4
L540V,540,L,V,REC1b,-0.631779691693251,0,9,8,3,4
L551M,551,L,M,REC1b,-0.0681758249717522,1,3,8,4,4
L551P,551,L,P,REC1b,-0.1375965661852635,1,1,8,4,4
L551Q,551,L,Q,REC1b,-0.0675319609588019,1,2,8,4,4
L551R,551,L,R,REC1b,-0.6461503997082674,0,5,8,4,4
L551V,551,L,V,REC1b,-0.1043628236384162,1,7,8,4,4
L552M,552,L,M,REC1b,0.0521061279682811,1,9,9,4,4
L552P,552,L,P,REC1b,-0.6631239944601518,0,4,9,4,4
L552Q,552,L,Q,REC1b,-0.2181803605126237,1,4,9,4,4
L552R,552,L,R,REC1b,-1.0026890430605562,0,7,9,4,4
L552V,552,L,V,REC1b,1.081186827950902,1,4,9,4,4
L564M,564,L,M,REC1b,0.6771575204111202,1,1,0,4,4
L564P,564,L,P,REC1b,-0.8775082406084089,0,4,0,4,4
L564Q,564,L,Q,REC1b,-0.5098497894941802,0,3,0,4,4
L564R,564,L,R,REC1b,-0.0887505374281352,1,0,0,4,4
L564V,564,L,V,REC1b,0.134015195384591,1,4,0,4,4
L591M,591,L,M,REC1b,-0.3887399789033192,0,8,7,4,4
L591P,591,L,P,REC1b,-0.7636928052194921,0,6,7,4,4
L591Q,591,L,Q,REC1b,-0.6868325696364749,0,6,7,4,4
L591R,591,L,R,REC1b,-0.0696158699106917,1,0,7,4,4
L591V,591,L,V,REC1b,-0.3534069057910385,0,2,7,4,4
L597M,597,L,M,REC1b,-0.2328616566401599,1,8,3,4,4
L597P,597,L,P,REC1b,-0.5773825682824641,0,4,3,4,4
L597Q,597,L,Q,REC1b,-0.5159084614984129,0,1,3,4,4
L597R,597,L,R,REC1b,0.0774013819362632,1,5,3,4,4
L597V,597,L,V,REC1b,0.2577038938290544,1,6,3,4,4
L598M,598,L,M,REC1b,-0.7394609996897381,0,7,6,4,4
L598P,598,L,P,REC1b,-0.6947936349870784,0,7,6,4,4
L598Q,598,L,Q,REC1b,0.7758171950537229,1,0,6,4,4
L598R,598,L,R,REC1b,-0.62994249063711,0,9,6,4,4
L598V,598,L,V,REC1b,-0.1585453320312837,1,4,6,4,4
L607M,607,L,M,REC1b,0.2234661747730813,1,7,4,4,4
L607P,607,L,P,REC1b,-0.3753477071683442,0,7,4,4,4
L607Q,607,L,Q,REC1b,-0.4861916687301397,0,5,4,4,4
L607R,607,L,R,REC1b,-0.4391941891929702,0,0,4,4,4
L607V,607,L,V,REC1b,-0.3794553123278771,0,5,4,4,4
L616M,616,L,M,REC1b,-1.345026705106891,0,1,9,4,4
L616P,616,L,P,REC1b,-0.7850899518621789,0,5,9,4,4
L616Q,616,L,Q,REC1b,0.112752806827731,1,3,9,4,4
L616R,616,L,R,REC1b,-0.6928948881240815,0,2,9,4,4
L616V,616,L,V,REC1b,-0.3549421739719734,0,6,9,4,4
L621M,621,L,M,REC1b,-0.1139282756232735,1,5,4,4,4
L621P,621,L,P,REC1b,-0.0030933315745362,1,0,4,4,4
L621Q,621,L,Q,REC1b,-0.5662974309340386,0,0,4,4,4
L621R,621,L,R,REC1b,-0.849618850912818,0,0,4,4,4
L621V,621,L,V,REC1b,-0.6643176277970035,0,3,4,4,4
L623M,623,L,M,REC1b,-0.1649822393310406,1,4,7,4,4
L623P,623,L,P,REC1b,0.7219664196226293,1,5,7,4,4
L623Q,623,L,Q,REC1b,0.2145711153654425,1,0,7,4,4
L623R,623,L,R,REC1b,-0.6190704982124378,0,8,7,4,4
L623V,623,L,V,REC1b,-0.5034647737340477,0,9,7,4,4
L625M,625,L,M,REC1b,-0.0891166535075122,1,3,5,4,4
L625P,625,L,P,REC1b,-0.4139617860003159,0,1,5,4,4
L625Q,625,L,Q,REC1b,-0.5301548035048387,0,6,5,4,4
L625R,625,L,R,REC1b,-0.1781903348626682,1,3,5,4,4
L625V,625,L,V,REC1b,0.5704444369730873,1,5,5,4,4
L636M,636,L,M,REC1b,-0.2047918170926846,1,1,8,4,4
L636P,636,L,P,REC1b,-0.8250254974650807,0,0,8,4,4
L636Q,636,L,Q,REC1b,-0.2104773089095563,1,9,8,4,4
L636R,636,L,R,REC1b,-1.2209817453443357,0,8,8,4,4
L636V,636,L,V,REC1b,-0.2884784532946555,0,5,8,4,4
L642M,642,L,M,REC1b,-3.917979488222273,0,3,0,4,4
L642P,642,L,P,REC1b,0.7072450405075006,1,5,0,4,4
L642Q,642,L,Q,REC1b,-0.4321993174299314,0,3,0,4,4
L642R,642,L,R,REC1b,-1.0409348799113232,0,4,0,4,4
L642V,642,L,V,REC1b,-0.1890264141074512,1,2,0,4,4
L64M,64,L,M,BridgeHelix,0.7841978282582032,1,0,6,0,1
L64P,64,L,P,BridgeHelix,-0.2710839489697796,0,0,6,0,1
L64Q,64,L,Q,BridgeHelix,0.5538293444721292,1,5,6,0,1
L64R,64,L,R,BridgeHelix,-1.7629370452994546,0,0,6,0,1
L64V,64,L,V,BridgeHelix,-0.9982352620801966,0,8,6,0,1
L651M,651,L,M,REC1b,0.1623053490008361,1,7,0,4,4
L651P,651,L,P,REC1b,-0.0136343093440321,1,6,0,4,4
L651Q,651,L,Q,REC1b,-0.5453027206591822,0,4,0,4,4
L651R,651,L,R,REC1b,-0.3272557695986982,0,2,0,4,4
L651V,651,L,V,REC1b,0.4294483401774642,1,7,0,4,4
L662M,662,L,M,REC1b,0.6632596521313547,1,6,1,4,4
L662P,662,L,P,REC1b,0.1864883008453519,1,2,1,4,4
L662Q,662,L,Q,REC1b,0.2533984589455618,1,7,1,4,4
L662R,662,L,R,REC1b,0.1767072800527666,1,3,1,4,4
L662V,662,L,V,REC1b,-0.2599247508178144,1,4,1,4,4
L666M,666,L,M,REC1b,-0.2831714557737403,0,0,5,4,4
L666P,666,L,P,REC1b,-0.1416720609062854,1,0,5,4,4
L666Q,666,L,Q,REC1b,-0.1807504500284373,1,3,5,4,4
L666R,666,L,R,REC1b,0.0830666467459638,1,3,5,4,4
L666V,666,L,V,REC1b,-0.0955444525979688,1,2,5,4,4
L680M,680,L,M,REC1b,-0.402536846000074,0,7,9,4,4
L680P,680,L,P,REC1b,-0.4351600724641281,0,4,9,4,4
L680Q,680,L,Q,REC1b,-0.3295638036151511,0,9,9,4,4
L680R,680,L,R,REC1b,0.072217598961426,1,6,9,4,4
L680V,680,L,V,REC1b,-0.8420672683461513,0,6,9,4,4
L683M,683,L,M,REC1b,0.0197107474089911,1,9,2,4,4
L683P,683,L,P,REC1b,-0.4567099197278801,0,9,2,4,4
L683Q,683,L,Q,REC1b,-0.7666177289825865,0,2,2,4,4
L683R,683,L,R,REC1b,-0.942136746898122,0,0,2,4,4
L683V,683,L,V,REC1b,-0.221042211048796,1,1,2,4,4
L696M,696,L,M,REC1b,-0.4082504227830747,0,7,6,5,4
L696P,696,L,P,REC1b,-0.7157662101632501,0,0,6,5,4
L696Q,696,L,Q,REC1b,-0.8295660233287085,0,6,6,5,4
L696R,696,L,R,REC1b,0.2421697302702058,1,8,6,5,4
L696V,696,L,V,REC1b,-0.8810034199182059,0,8,6,5,4
L702M,702,L,M,REC1b,-0.323566495846804,0,0,2,5,4
L702P,702,L,P,REC1b,-0.3546080407156415,0,4,2,5,4
L702Q,702,L,Q,REC1b,-0.3915120310243742,0,4,2,5,4
L702R,702,L,R,REC1b,0.5510798078112198,1,1,2,5,4
L702V,702,L,V,REC1b,-0.6145627311822753,0,4,2,5,4
L720M,720,L,M,RuvC-II,-0.3321258218375925,0,0,3,5,5
L720P,720,L,P,RuvC-II,-0.3043423898922871,0,2,3,5,5
L720Q,720,L,Q,RuvC-II,-0.4137544649233538,0,5,3,5,5
L720R,720,L,R,RuvC-II,-0.8882957608909374,0,3,3,5,5
L720V,720,L,V,RuvC-II,-0.4066163659421795,0,5,3,5,5
L727M,727,L,M,RuvC-II,0.2671054580180318,1,8,8,5,5
L727P,727,L,P,RuvC-II,-0.3755501725808567,0,9,8,5,5
L727Q,727,L,Q,RuvC-II,-0.1701078201743462,1,5,8,5,5
L727R,727,L,R,RuvC-II,-0.427080473220939,0,8,8,5,5
L727V,727,L,V,RuvC-II,0.3215561655560572,1,9,8,5,5
L738M,738,L,M,RuvC-II,-0.2739933654600097,0,9,3,5,5
L738P,738,L,P,RuvC-II,-0.5708127292025046,0,9,3,5,5
L738Q,738,L,Q,RuvC-II,-0.4328601174984721,0,1,3,5,5
L738R,738,L,R,RuvC-II,-1.13260606546948,0,7,3,5,5
L738V,738,L,V,RuvC-II,-0.4423908971557284,0,9,3,5,5
L747M,747,L,M,RuvC-II,-0.3795018793534143,0,5,2,5,5
L747P,747,L,P,RuvC-II,-0.9434360408368324,0,0,2,5,5
L747Q,747,L,Q,RuvC-II,-0.6966120547248682,0,5,2,5,5
L747R,747,L,R,RuvC-II,-0.9228331195979476,0,7,2,5,5
L747V,747,L,V,RuvC-II,0.1477420498307677,1,5,2,5,5
L791M,791,L,M,HNH,0.1544491239809803,1,6,7,5,6
L791P,791,L,P,HNH,-0.5161655220051045,0,4,7,5,6
L791Q,791,L,Q,HNH,-0.6158420768647471,0,8,7,5,6
L791R,791,L,R,HNH,-0.8636287089996042,0,9,7,5,6
L791V,791,L,V,HNH,-0.2684935733832096,0,6,7,5,6
L796M,796,L,M,HNH,-0.2254220639452519,1,1,8,5,6
L796P,796,L,P,HNH,-0.4836759946866354,0,1,8,5,6
L796Q,796,L,Q,HNH,-0.1274278266153968,1,7,8,5,6
L796R,796,L,R,HNH,0.2782109746611975,1,7,8,5,6
L796V,796,L,V,HNH,-0.7824718189460022,0,2,8,5,6
L806M,806,L,M,HNH,0.3122858585830794,1,5,0,5,6
L806P,806,L,P,HNH,-0.1900265065304651,1,4,0,5,6
L806Q,806,L,Q,HNH,-0.4500268522746257,0,1,0,5,6
L806R,806,L,R,HNH,0.0645463205551323,1,6,0,5,6
L806V,806,L,V,HNH,-0.8006772700835536,0,0,0,5,6
L811M,811,L,M,HNH,-0.8722736537043376,0,7,3,5,6
L811P,811,L,P,HNH,-0.6095028613836672,0,9,3,5,6
L811Q,811,L,Q,HNH,-0.0349138143386065,1,5,3,5,6
L811R,811,L,R,HNH,-1.134686949011099,0,1,3,5,6
L811V,811,L,V,HNH,-0.5510667260606295,0,2,3,5,6
L813M,813,L,M,HNH,-0.1816732468609929,1,6,0,5,6
L813P,813,L,P,HNH,-0.4946546520392072,0,1,0,5,6
L813Q,813,L,Q,HNH,-0.7698036342178171,0,7,0,5,6
L813R,813,L,R,HNH,-0.0987259757080679,1,3,0,5,6
L813V,813,L,V,HNH,0.312609931269756,1,2,0,5,6
L816M,816,L,M,HNH,-0.1166820106033655,1,3,9,5,6
L816P,816,L,P,HNH,-0.4794248751641836,0,8,9,5,6
L816Q,816,L,Q,HNH,0.0845510429268787,1,0,9,5,6
L816R,816,L,R,HNH,-0.3525127626819639,0,3,9,5,6
L816V,816,L,V,HNH,-0.1088730873926013,1,0,9,5,6
L828M,828,L,M,HNH,-0.4938241877274265,0,1,5,6,6
L828P,828,L,P,HNH,-0.9900300824977762,0,4,5,6,6
L828Q,828,L,Q,HNH,-0.6507284882482606,0,7,5,6,6
L828R,828,L,R,HNH,-0.7695833054762976,0,7,5,6,6
L828V,828,L,V,HNH,-0.6800971832572226,0,0,5,6,6
L82M,82,L,M,BridgeHelix,0.402691312306183,1,9,4,0,1
L82P,82,L,P,BridgeHelix,-0.0720555264568649,1,8,4,0,1
L82Q,82,L,Q,BridgeHelix,-0.5922477717877833,0,2,4,0,1
L82R,82,L,R,BridgeHelix,-1.7697859573399712,0,3,4,0,1
L82V,82,L,V,BridgeHelix,-0.7187779720447586,0,8,4,0,1
L833M,833,L,M,HNH,-0.6828411475049148,0,6,1,6,6
L833P,833,L,P,HNH,-0.5563465734500025,0,3,1,6,6
L833Q,833,L,Q,HNH,-0.8922989190209921,0,8,1,6,6
L833R,833,L,R,HNH,-0.77082837844361,0,6,1,6,6
L833V,833,L,V,HNH,0.3527352746913349,1,0,1,6,6
L847M,847,L,M,HNH,-0.260529312998938,1,8,3,6,6
L847P,847,L,P,HNH,-0.1140879475162176,1,3,3,6,6
L847Q,847,L,Q,HNH,-0.1567140230777496,1,8,3,6,6
L847R,847,L,R,HNH,-2.0611676332404354,0,6,3,6,6
L847V,847,L,V,HNH,-0.5035060664914786,0,7,3,6,6
L857M,857,L,M,HNH,-0.4280477840186397,0,4,8,6,6
L857P,857,L,P,HNH,-1.1810618664085613,0,9,8,6,6
L857Q,857,L,Q,HNH,-1.4073377222322374,0,2,8,6,6
L857R,857,L,R,HNH,-1.944994508175037,0,6,8,6,6
L857V,857,L,V,HNH,-0.3839926039407041,0,9,8,6,6
L886M,886,L,M,HNH,-0.0275251062879778,1,5,5,6,6
L886P,886,L,P,HNH,-0.4720033688218754,0,4,5,6,6
L886Q,886,L,Q,HNH,-0.3908989527211263,0,5,5,6,6
L886R,886,L,R,HNH,0.3592773924812091,1,9,5,6,6
L886V,886,L,V,HNH,-0.5904913753091874,0,3,5,6,6
L887M,887,L,M,HNH,-0.2695012213682354,0,0,5,6,6
L887P,887,L,P,HNH,-0.3168958290791179,0,5,5,6,6
L887Q,887,L,Q,HNH,-0.3011285132208012,0,1,5,6,6
L887R,887,L,R,HNH,-0.2073064908642805,1,8,5,6,6
L887V,887,L,V,HNH,-0.079170009264086,1,9,5,6,6
L891M,891,L,M,HNH,0.4198073143248884,1,0,6,6,6
L891P,891,L,P,HNH,-0.2261932205439033,1,5,6,6,6
L891Q,891,L,Q,HNH,-0.3071415121105215,0,1,6,6,6
L891R,891,L,R,HNH,-0.3747505442081368,0,1,6,6,6
L891V,891,L,V,HNH,-0.4457526744630073,0,7,6,6,6
L900M,900,L,M,HNH,-0.0447493978618659,1,0,6,6,6
L900P,900,L,P,HNH,-0.8927225458691692,0,6,6,6,6
L900Q,900,L,Q,HNH,-0.65568334856832,0,5,6,6,6
L900R,900,L,R,HNH,-0.4441792433746082,0,7,6,6,6
L900V,900,L,V,HNH,-0.582271936640934,0,3,6,6,6
L908M,908,L,M,HNH,-0.4173035249904968,0,8,7,6,6
L908P,908,L,P,HNH,-0.5102143270301129,0,3,7,6,6
L908Q,908,L,Q,HNH,-0.4768808643625681,0,1,7,6,6
L908R,908,L,R,HNH,-0.260341169271558,1,6,7,6,6
L908V,908,L,V,HNH,-0.4153824926948203,0,8,7,6,6
L911M,911,L,M,RuvC-III,0.8507679099433824,1,6,9,6,7
L911P,911,L,P,RuvC-III,-0.9765239554591312,0,0,9,6,7
L911Q,911,L,Q,RuvC-III,0.0467598373463208,1,7,9,6,7
L911R,911,L,R,RuvC-III,-0.3713835728003448,0,5,9,6,7
L911V,911,L,V,RuvC-III,-0.3494497139566964,0,3,9,6,7
L921M,921,L,M,RuvC-III,0.1020071028694622,1,5,7,6,7
L921P,921,L,P,RuvC-III,-0.3566508671809953,0,1,7,6,7
L921Q,921,L,Q,RuvC-III,-0.1735165605530235,1,5,7,6,7
L921R,921,L,R,RuvC-III,-0.4117924213734562,0,6,7,6,7
L921V,921,L,V,RuvC-III,0.5630444863412243,1,0,7,6,7
L935M,935,L,M,RuvC-III,-0.7637844177054267,0,6,5,6,7
L935P,935,L,P,RuvC-III,-0.8863137170557615,0,1,5,6,7
L935Q,935,L,Q,RuvC-III,-0.6355519732009187,0,5,5,6,7
L935R,935,L,R,RuvC-III,-0.6914284713934251,0,8,5,6,7
L935V,935,L,V,RuvC-III,-0.3767865220504469,0,6,5,6,7
L949M,949,L,M,RuvC-III,-0.7213815876245621,0,0,9,6,7
L949P,949,L,P,RuvC-III,-0.4080851063726911,0,1,9,6,7
L949Q,949,L,Q,RuvC-III,0.1267750806020531,1,8,9,6,7
L949R,949,L,R,RuvC-III,0.0894145530981257,1,1,9,6,7
L949V,949,L,V,RuvC-III,0.0595453307367761,1,7,9,6,7
L958M,958,L,M,RuvC-III,-0.3022194460776717,0,9,3,6,7
L958P,958,L,P,RuvC-III,-0.3566980912687431,0,5,3,6,7
L958Q,958,L,Q,RuvC-III,-0.4692308603850683,0,3,3,6,7
L958R,958,L,R,RuvC-III,-1.1917384018575838,0,4,3,6,7
L958V,958,L,V,RuvC-III,-0.5468615400492058,0,6,3,6,7
L962M,962,L,M,RuvC-III,-0.0993842701645551,1,0,4,7,7
L962P,962,L,P,RuvC-III,-0.736066505041936,0,6,4,7,7
L962Q,962,L,Q,RuvC-III,-0.7312028664551414,0,0,4,7,7
L962R,962,L,R,RuvC-III,-0.5837551763556987,0,6,4,7,7
L962V,962,L,V,RuvC-III,-0.2488978115839073,1,8,4,7,7
L989M,989,L,M,RuvC-III,-0.3675580313340233,0,7,2,7,7
L989P,989,L,P,RuvC-III,-0.5241230854042808,0,8,2,7,7
L989Q,989,L,Q,RuvC-III,-0.6462949553982248,0,2,2,7,7
L989R,989,L,R,RuvC-III,-0.3666640390337361,0,8,2,7,7
L989V,989,L,V,RuvC-III,-0.137909793994776,1,2,2,7,7
L997M,997,L,M,RuvC-III,-0.7857988696257863,0,8,0,7,7
L997P,997,L,P,RuvC-III,-0.620891803516613,0,5,0,7,7
L997Q,997,L,Q,RuvC-III,-0.5100547804071187,0,6,0,7,7
L997R,997,L,R,RuvC-III,-0.2506681515884693,1,3,0,7,7
L997V,997,L,V,RuvC-III,-0.8134486685711887,0,9,0,7,7
L9M,9,L,M,RuvC-I,-0.7701909857865549,0,1,0,0,0
L9P,9,L,P,RuvC-I,-1.2496432830158175,0,6,0,0,0
L9Q,9,L,Q,RuvC-I,-1.0704553602445377,0,3,0,0,0
L9R,9,L,R,RuvC-I,-0.8074209544107437,0,5,0,0,0
L9V,9,L,V,RuvC-I,0.2445093922499495,1,8,0,0,0
M1021I,1021,M,I,RuvC-III,-0.5407803582440427,0,1,6,7,7
M1021K,1021,M,K,RuvC-III,-0.2199015369790898,1,0,6,7,7
M1021L,1021,M,L,RuvC-III,-0.0874775718968769,1,4,6,7,7
M1021R,1021,M,R,RuvC-III,-1.2193702554260817,0,1,6,7,7
M1021T,1021,M,T,RuvC-III,0.1768829502149151,1,6,6,7,7
M1021V,1021,M,V,RuvC-III,-0.46764914536816,0,3,6,7,7
M1043I,1043,M,I,RuvC-III,-1.1321986719981043,0,8,8,7,7
M1043K,1043,M,K,RuvC-III,-0.6829379604864995,0,6,8,7,7
M1043L,1043,M,L,RuvC-III,0.2293238419594815,1,4,8,7,7
M1043R,1043,M,R,RuvC-III,-0.3768904643900592,0,5,8,7,7
M1043T,1043,M,T,RuvC-III,-0.4836126785342426,0,1,8,7,7
M1043V,1043,M,V,RuvC-III,-0.54403793191375,0,1,8,7,7
M1089I,1089,M,I,RuvC-III,-0.1470822206602029,1,0,6,7,7
M1089K,1089,M,K,RuvC-III,-0.2936181742355765,0,7,6,7,7
M1089L,1089,M,L,RuvC-III,-1.0525407422388315,0,6,6,7,7
M1089R,1089,M,R,RuvC-III,-1.3200903855967676,0,4,6,7,7
M1089T,1089,M,T,RuvC-III,-0.0692822820962331,1,9,6,7,7
M1089V,1089,M,V,RuvC-III,-0.1642113728754798,1,9,6,7,7
M1169I,1169,M,I,WED,-0.5068621220518313,0,6,1,8,8
M1169K,1169,M,K,WED,-0.2642940592809786,1,8,1,8,8
M1169L,1169,M,L,WED,-0.1156121983306582,1,0,1,8,8
M1169R,1169,M,R,WED,-0.5153888518032472,0,9,1,8,8
M1169T,1169,M,T,WED,0.7919649397755311,1,9,1,8,8
M1169V,1169,M,V,WED,0.236446352983976,1,3,1,8,8
M1213I,1213,M,I,TOPO,-0.0008513911492857,1,6,0,8,9
M1213K,1213,M,K,TOPO,0.1405519046257787,1,9,0,8,9
M1213L,1213,M,L,TOPO,0.2820083293192101,1,2,0,8,9
M1213R,1213,M,R,TOPO,-0.1590083772331291,1,4,0,8,9
M1213T,1213,M,T,TOPO,0.2713421775402188,1,7,0,8,9
M1213V,1213,M,V,TOPO,-0.3292029110083675,0,0,0,8,9
M161I,161,M,I,REC1a,-0.1755084856974076,1,4,4,1,2
M161K,161,M,K,REC1a,0.3630453701389641,1,0,4,1,2
M161L,161,M,L,REC1a,-0.9356422026400806,0,3,4,1,2
M161R,161,M,R,REC1a,-1.8432118439895733,0,7,4,1,2
M161T,161,M,T,REC1a,0.3629767014395109,1,5,4,1,2
M161V,161,M,V,REC1a,-0.3335717654195536,0,3,4,1,2
M1I,1,M,I,RuvC-I,1.795454114466949,1,6,2,0,0
M1K,1,M,K,RuvC-I,-0.1842002962687144,1,1,2,0,0
M1L,1,M,L,RuvC-I,0.5940560157283783,1,4,2,0,0
M1R,1,M,R,RuvC-I,-0.0594156023245515,1,7,2,0,0
M1T,1,M,T,RuvC-I,1.7732580895319796,1,1,2,0,0
M1V,1,M,V,RuvC-I,-0.131512503554097,1,1,2,0,0
M321I,321,M,I,REC1b,-0.4831400834458287,0,8,9,2,4
M321K,321,M,K,REC1b,-0.1063993331479642,1,7,9,2,4
M321L,321,M,L,REC1b,0.2362947895677893,1,3,9,2,4
M321R,321,M,R,REC1b,-0.9808684510641054,0,3,9,2,4
M321T,321,M,T,REC1b,-0.122518998511241,1,1,9,2,4
M321V,321,M,V,REC1b,-0.3450564437907551,0,8,9,2,4
M383I,383,M,I,REC1b,0.0107103341552602,1,1,3,2,4
M383K,383,M,K,REC1b,-0.0953777515936117,1,4,3,2,4
M383L,383,M,L,REC1b,0.1833694738361105,1,2,3,2,4
M383R,383,M,R,REC1b,0.0358667816846408,1,1,3,2,4
M383T,383,M,T,REC1b,-0.1326389426723371,1,9,3,2,4
M383V,383,M,V,REC1b,-0.2394579871514423,1,2,3,2,4
M465I,465,M,I,REC1b,-0.4412526215566934,0,1,0,3,4
M465K,465,M,K,REC1b,-1.0367643950190202,0,7,0,3,4
M465L,465,M,L,REC1b,0.3461945679323477,1,9,0,3,4
M465R,465,M,R,REC1b,0.0734185227314024,1,5,0,3,4
M465T,465,M,T,REC1b,-0.3586924899063827,0,1,0,3,4
M465V,465,M,V,REC1b,-0.1983856105808685,1,9,0,3,4
M495I,495,M,I,REC1b,0.1479843835503575,1,7,7,3,4
M495K,495,M,K,REC1b,0.5482124559778602,1,7,7,3,4
M495L,495,M,L,REC1b,0.39360459129496,1,9,7,3,4
M495R,495,M,R,REC1b,-0.5780275414021084,0,6,7,3,4
M495T,495,M,T,REC1b,-0.1156843273449077,1,2,7,3,4
M495V,495,M,V,REC1b,-0.0930113639788466,1,6,7,3,4
M534I,534,M,I,REC1b,-0.6908154279737584,0,6,4,3,4
M534K,534,M,K,REC1b,0.0686787299175786,1,1,4,3,4
M534L,534,M,L,REC1b,-0.7210833106957966,0,7,4,3,4
M534R,534,M,R,REC1b,1.7070409252282452,1,6,4,3,4
M534T,534,M,T,REC1b,-0.1654090250512439,1,2,4,3,4
M534V,534,M,V,REC1b,0.2441578872465123,1,1,4,3,4
M631I,631,M,I,REC1b,-0.5428878378547081,0,9,3,4,4
M631K,631,M,K,REC1b,-0.2010223167918735,1,0,3,4,4
M631L,631,M,L,REC1b,-0.3120358040552654,0,5,3,4,4
M631R,631,M,R,REC1b,0.0944335667342978,1,4,3,4,4
M631T,631,M,T,REC1b,-0.3145512624222878,0,8,3,4,4
M631V,631,M,V,REC1b,-0.3895362600145709,0,5,3,4,4
M648I,648,M,I,REC1b,-0.2721369262520823,0,3,4,4,4
M648K,648,M,K,REC1b,-0.3025089106211235,0,7,4,4,4
M648L,648,M,L,REC1b,0.148028861751396,1,4,4,4,4
M648R,648,M,R,REC1b,0.2487329722560312,1,8,4,4,4
M648T,648,M,T,REC1b,0.4243045368394859,1,8,4,4,4
M648V,648,M,V,REC1b,-0.5052069065456304,0,4,4,4,4
M694I,694,M,I,REC1b,-0.0570557238929868,1,8,4,5,4
M694K,694,M,K,REC1b,0.6945771807478659,1,8,4,5,4
M694L,694,M,L,REC1b,0.7255317479262887,1,8,4,5,4
M694R,694,M,R,REC1b,-1.985820566434584,0,8,4,5,4
M694T,694,M,T,REC1b,-0.1223225663394457,1,3,4,5,4
M694V,694,M,V,REC1b,-0.2592307831111249,1,5,4,5,4
M751I,751,M,I,RuvC-II,-0.7613591648011072,0,8,3,5,5
M751K,751,M,K,RuvC-II,-0.9161974657087762,0,3,3,5,5
M751L,751,M,L,RuvC-II,-0.5275895039895202,0,4,3,5,5
M751R,751,M,R,RuvC-II,-0.8538315847484027,0,7,3,5,5
M751T,751,M,T,RuvC-II,-0.6055605315863493,0,5,3,5,5
M751V,751,M,V,RuvC-II,-0.698612750770444,0,0,3,5,5
M763I,763,M,I,RuvC-II,0.0700155867496772,1,6,8,5,5
M763K,763,M,K,RuvC-II,-0.5128542433396405,0,5,8,5,5
M763L,763,M,L,RuvC-II,0.5599282087536416,1,0,8,5,5
M763R,763,M,R,RuvC-II,-0.590576538764158,0,2,8,5,5
M763T,763,M,T,RuvC-II,-0.6068783510932584,0,4,8,5,5
M763V,763,M,V,RuvC-II,-0.2998240552580752,0,3,8,5,5
M781I,781,M,I,HNH,-0.0388245186483116,1,0,4,5,6
M781K,781,M,K,HNH,-1.0607883060771102,0,6,4,5,6
M781L,781,M,L,HNH,-0.1071515309414206,1,3,4,5,6
M781R,781,M,R,HNH,-0.7736256293504244,0,0,4,5,6
M781T,781,M,T,HNH,0.0066266705686914,1,8,4,5,6
M781V,781,M,V,HNH,-0.7177739532826031,0,8,4,5,6
M822I,822,M,I,HNH,-0.3547197254750693,0,5,8,6,6
M822K,822,M,K,HNH,-0.5023911296727567,0,8,8,6,6
M822L,822,M,L,HNH,0.2802587521390928,1,9,8,6,6
M822R,822,M,R,HNH,0.8524515876873406,1,8,8,6,6
M822T,822,M,T,HNH,-0.5990093198413771,0,9,8,6,6
M822V,822,M,V,HNH,-0.944848558456078,0,7,8,6,6
M879I,879,M,I,HNH,0.0353080959301664,1,8,1,6,6
M879K,879,M,K,HNH,-0.7180199693068111,0,6,1,6,6
M879L,879,M,L,HNH,-0.4486519781330443,0,9,1,6,6
M879R,879,M,R,HNH,0.1247402888819918,1,2,1,6,6
M879T,879,M,T,HNH,-0.4137629007465041,0,4,1,6,6
M879V,879,M,V,HNH,-0.5269476607565136,0,1,1,6,6
M90I,90,M,I,BridgeHelix,-0.3040244157316466,0,2,5,0,1
M90K,90,M,K,BridgeHelix,-0.6621916866233383,0,9,5,0,1
M90L,90,M,L,BridgeHelix,-0.269521302228351,0,1,5,0,1
M90R,90,M,R,BridgeHelix,-0.0877598533943516,1,1,5,0,1
M90T,90,M,T,BridgeHelix,-0.400917738653982,0,0,5,0,1
M90V,90,M,V,BridgeHelix,1.378844715889226,1,5,5,0,1
M939I,939,M,I,RuvC-III,-0.4728008492030421,0,0,0,6,7
M939K,939,M,K,RuvC-III,-0.643571011481286,0,6,0,6,7
M939L,939,M,L,RuvC-III,-0.7357951200577016,0,3,0,6,7
M939R,939,M,R,RuvC-III,-0.0059039420135019,1,3,0,6,7
M939T,939,M,T,RuvC-III,-0.1513343815350656,1,4,0,6,7
M939V,939,M,V,RuvC-III,-0.226354658112419,1,6,0,6,7
N1041D,1041,N,D,RuvC-III,-0.4956191757345229,0,5,9,7,7
N1041H,1041,N,H,RuvC-III,-0.6302892549581833,0,2,9,7,7
N1041I,1041,N,I,RuvC-III,-0.8184151018207771,0,0,9,7,7
N1041K,1041,N,K,RuvC-III,-0.6357911904256964,0,2,9,7,7
N1041S,1041,N,S,RuvC-III,-0.7269573233004538,0,3,9,7,7
N1041T,1041,N,T,RuvC-III,-0.742064215690662,0,8,9,7,7
N1041Y,1041,N,Y,RuvC-III,-0.028048762805192,1,4,9,7,7
N1044D,1044,N,D,RuvC-III,-0.3748325660046893,0,7,3,7,7
N1044H,1044,N,H,RuvC-III,-0.8946368026214683,0,0,3,7,7
N1044I,1044,N,I,RuvC-III,-0.4135987655451527,0,7,3,7,7
N1044K,1044,N,K,RuvC-III,-0.8097166573067968,0,2,3,7,7
N1044S,1044,N,S,RuvC-III,-0.4376624704356221,0,2,3,7,7
N1044T,1044,N,T,RuvC-III,-0.8769992863853957,0,2,3,7,7
N1044Y,1044,N,Y,RuvC-III,-0.7609651404625603,0,3,3,7,7
N1054D,1054,N,D,RuvC-III,-0.6496029866531925,0,8,7,7,7
N1054H,1054,N,H,RuvC-III,-0.4023722590434312,0,7,7,7,7
N1054I,1054,N,I,RuvC-III,-0.4665840255958215,0,8,7,7,7
N1054K,1054,N,K,RuvC-III,-0.5015702370410038,0,6,7,7,7
N1054S,1054,N,S,RuvC-III,-0.1767492528073966,1,5,7,7,7
N1054T,1054,N,T,RuvC-III,-0.3060803347534799,0,3,7,7,7
N1054Y,1054,N,Y,RuvC-III,-4.876468884568948,0,6,7,7,7
N1066D,1066,N,D,RuvC-III,0.1811372138733882,1,9,1,7,7
N1066H,1066,N,H,RuvC-III,-1.2746466277487647,0,8,1,7,7
N1066I,1066,N,I,RuvC-III,0.1421176965197132,1,6,1,7,7
N1066K,1066,N,K,RuvC-III,-0.5276214495533181,0,3,1,7,7
N1066S,1066,N,S,RuvC-III,-0.2041358207872362,1,0,1,7,7
N1066T,1066,N,T,RuvC-III,0.1108728601603357,1,2,1,7,7
N1066Y,1066,N,Y,RuvC-III,-0.8908278590806413,0,6,1,7,7
N1093D,1093,N,D,RuvC-III,-0.0348879572817768,1,2,9,7,7
N1093H,1093,N,H,RuvC-III,-0.9988687344807952,0,0,9,7,7
N1093I,1093,N,I,RuvC-III,-0.2368205350343904,1,3,9,7,7
N1093K,1093,N,K,RuvC-III,-0.1211613230092068,1,5,9,7,7
N1093S,1093,N,S,RuvC-III,0.1566838026948124,1,6,9,7,7
N1093T,1093,N,T,RuvC-III,-0.3287430244754294,0,6,9,7,7
N1093Y,1093,N,Y,RuvC-III,-1.0442791941707414,0,2,9,7,7
N1115D,1115,N,D,WED,-0.1526542529133806,1,8,7,8,8
N1115H,1115,N,H,WED,0.9143935678886292,1,9,7,8,8
N1115I,1115,N,I,WED,0.2220532206193698,1,5,7,8,8
N1115K,1115,N,K,WED,0.1110984959966003,1,1,7,8,8
N1115S,1115,N,S,WED,-0.157987344002932,1,5,7,8,8
N1115T,1115,N,T,WED,-0.924788167709901,0,0,7,8,8
N1115Y,1115,N,Y,WED,-0.3479105443123143,0,3,7,8,8
N1177D,1177,N,D,WED,-0.078110963324516,1,7,7,8,8
N1177H,1177,N,H,WED,-0.2036418454083747,1,3,7,8,8
N1177I,1177,N,I,WED,-0.4676460519950022,0,1,7,8,8
N1177K,1177,N,K,WED,-0.0365712311725233,1,5,7,8,8
N1177S,1177,N,S,WED,-0.0216047549891149,1,9,7,8,8
N1177T,1177,N,T,WED,-0.3368514847848282,0,0,7,8,8
N1177Y,1177,N,Y,WED,-0.4905229931965361,0,4,7,8,8
N1208D,1208,N,D,TOPO,0.2965820178351022,1,8,7,8,9
N1208H,1208,N,H,TOPO,0.0960104914186507,1,6,7,8,9
N1208I,1208,N,I,TOPO,-0.1960610384629289,1,1,7,8,9
N1208K,1208,N,K,TOPO,0.2310051506759585,1,0,7,8,9
N1208S,1208,N,S,TOPO,-0.4917996093694284,0,4,7,8,9
N1208T,1208,N,T,TOPO,0.6236776080505073,1,6,7,8,9
N1208Y,1208,N,Y,TOPO,0.1603034515686663,1,4,7,8,9
N121D,121,N,D,REC1a,-0.3786990652108596,0,7,9,0,2
N121H,121,N,H,REC1a,-0.3443475604200828,0,2,9,0,2
N121I,121,N,I,REC1a,-0.2210586167344458,1,1,9,0,2
N121K,121,N,K,REC1a,0.1596837007184252,1,7,9,0,2
N121S,121,N,S,REC1a,-0.0787380766867351,1,1,9,0,2
N121T,121,N,T,REC1a,-0.2434264297629003,1,1,9,0,2
N121Y,121,N,Y,REC1a,-0.4438832339709971,0,1,9,0,2
N1224D,1224,N,D,CTD-PI,-0.1954534147961635,1,1,5,8,10
N1224H,1224,N,H,CTD-PI,-0.1320495904198753,1,7,5,8,10
N1224I,1224,N,I,CTD-PI,-0.2486596674360787,1,6,5,8,10
N1224K,1224,N,K,CTD-PI,-0.41601646953311,0,7,5,8,10
N1224S,1224,N,S,CTD-PI,0.2294928165685607,1,2,5,8,10
N1224T,1224,N,T,CTD-PI,-0.4422818500828676,0,4,5,8,10
N1224Y,1224,N,Y,CTD-PI,0.2184476566642577,1,2,5,8,10
N1234D,1234,N,D,CTD-PI,-0.4039327189427905,0,9,2,9,10
N1234H,1234,N,H,CTD-PI,-1.1997920021625652,0,1,2,9,10
N1234I,1234,N,I,CTD-PI,-0.0286931887242772,1,8,2,9,10
N1234K,1234,N,K,CTD-PI,-0.5129877431069916,0,2,2,9,10
N1234S,1234,N,S,CTD-PI,-0.4989237007553705,0,8,2,9,10
N1234T,1234,N,T,CTD-PI,-0.7674799845304667,0,3,2,9,10
N1234Y,1234,N,Y,CTD-PI,-0.3224112888265208,0,4,2,9,10
N1252D,1252,N,D,CTD-PI,0.2342002545668332,1,3,9,9,10
N1252H,1252,N,H,CTD-PI,0.4936459186944406,1,3,9,9,10
N1252I,1252,N,I,CTD-PI,-0.199526312388401,1,2,9,9,10
N1252K,1252,N,K,CTD-PI,-0.1973760794148942,1,9,9,9,10
N1252S,1252,N,S,CTD-PI,-0.3472339853169348,0,9,9,9,10
N1252T,1252,N,T,CTD-PI,1.6064921621063892,1,0,9,9,10
N1252Y,1252,N,Y,CTD-PI,-0.2479694437656473,1,7,9,9,10
N1286D,1286,N,D,CTD-PI,1.356426182708374,1,0,9,9,10
N1286H,1286,N,H,CTD-PI,-0.782432620653572,0,5,9,9,10
N1286I,1286,N,I,CTD-PI,-0.1960339919214182,1,6,9,9,10
N1286K,1286,N,K,CTD-PI,-0.1517408868430932,1,3,9,9,10
N1286S,1286,N,S,CTD-PI,-0.4299357399693661,0,8,9,9,10
N1286T,1286,N,T,CTD-PI,0.0450838641377103,1,9,9,9,10
N1286Y,1286,N,Y,CTD-PI,0.2301674161260614,1,4,9,9,10
N1295D,1295,N,D,CTD-PI,-0.5749561454076991,0,3,8,9,10
N1295H,1295,N,H,CTD-PI,-0.2258627413196478,1,5,8,9,10
N1295I,1295,N,I,CTD-PI,-0.0992246551813434,1,8,8,9,10
N1295K,1295,N,K,CTD-PI,0.0730756143151552,1,6,8,9,10
N1295S,1295,N,S,CTD-PI,-0.2759772730359893,0,5,8,9,10
N1295T,1295,N,T,CTD-PI,0.3523738730822752,1,2,8,9,10
N1295Y,1295,N,Y,CTD-PI,-0.6284278086048389,0,9,8,9,10
N1308D,1308,N,D,CTD-PI,-0.4428363643478392,0,6,5,9,10
N1308H,1308,N,H,CTD-PI,-0.9723037524772924,0,3,5,9,10
N1308I,1308,N,I,CTD-PI,-0.2244058484563937,1,4,5,9,10
N1308K,1308,N,K,CTD-PI,-0.4129877748967847,0,6,5,9,10
N1308S,1308,N,S,CTD-PI,-0.0671945552814267,1,6,5,9,10
N1308T,1308,N,T,CTD-PI,0.4872929870993823,1,6,5,9,10
N1308Y,1308,N,Y,CTD-PI,-0.1156912367367495,1,0,5,9,10
N1317D,1317,N,D,CTD-PI,0.0314114212354372,1,3,2,9,10
N1317H,1317,N,H,CTD-PI,-0.0774931422610124,1,6,2,9,10
N1317I,1317,N,I,CTD-PI,-0.3633770539416185,0,2,2,9,10
N1317K,1317,N,K,CTD-PI,-0.0236909666383511,1,9,2,9,10
N1317S,1317,N,S,CTD-PI,-0.367755494452193,0,9,2,9,10
N1317T,1317,N,T,CTD-PI,-1.6328377289348457,0,5,2,9,10
N1317Y,1317,N,Y,CTD-PI,-0.2515225420360612,1,2,2,9,10
N14D,14,N,D,RuvC-I,-0.2454823907994985,1,0,5,0,0
N14H,14,N,H,RuvC-I,-3.13161442624122,0,7,5,0,0
N14I,14,N,I,RuvC-I,-0.3271187842645013,0,9,5,0,0
N14K,14,N,K,RuvC-I,-1.0228418855482586,0,7,5,0,0
N14S,14,N,S,RuvC-I,-0.0947492198637326,1,3,5,0,0
N14T,14,N,T,RuvC-I,-1.546128566206297,0,9,5,0,0
N14Y,14,N,Y,RuvC-I,-0.4641897653280905,0,2,5,0,0
N175D,175,N,D,REC1a,-0.6891000238996317,0,2,2,1,2
N175H,175,N,H,REC1a,-0.3265299445149234,0,8,2,1,2
N175I,175,N,I,REC1a,-0.4955630412958561,0,9,2,1,2
N175K,175,N,K,REC1a,0.0471220195822629,1,3,2,1,2
N175S,175,N,S,REC1a,0.7962684316481418,1,2,2,1,2
N175T,175,N,T,REC1a,0.6321925059025165,1,5,2,1,2
N175Y,175,N,Y,REC1a,-0.2243830575074709,1,2,2,1,2
N178D,178,N,D,REC1a,0.2748395990706715,1,4,7,1,2
N178H,178,N,H,REC1a,-0.0810358277400285,1,3,7,1,2
N178I,178,N,I,REC1a,-0.3200021186958902,0,7,7,1,2
N178K,178,N,K,REC1a,-0.6410502421728528,0,6,7,1,2
N178S,178,N,S,REC1a,-0.1061597714329775,1,3,7,1,2
N178T,178,N,T,REC1a,0.2631613499428107,1,3,7,1,2
N178Y,178,N,Y,REC1a,1.0344413896799074,1,6,7,1,2
N193D,193,N,D,REC2,-0.0688304218298273,1,7,1,1,3
N193H,193,N,H,REC2,-0.2873705176706689,0,9,1,1,3
N193I,193,N,I,REC2,-0.3990232969368704,0,4,1,1,3
N193K,193,N,K,REC2,-0.2127252927449628,1,2,1,1,3
N193S,193,N,S,REC2,-0.20586526075231,1,3,1,1,3
N193T,193,N,T,REC2,-0.4642433041548823,0,0,1,1,3
N193Y,193,N,Y,REC2,-0.5222848592617891,0,4,1,1,3
N199D,199,N,D,REC2,-0.6427997602621327,0,8,5,1,3
N199H,199,N,H,REC2,-0.4880827802754089,0,8,5,1,3
N199I,199,N,I,REC2,-0.4165240146555451,0,9,5,1,3
N199K,199,N,K,REC2,-0.4633644844324317,0,2,5,1,3
N199S,199,N,S,REC2,-0.9006696854381431,0,3,5,1,3
N199T,199,N,T,REC2,-0.7983946499991899,0,2,5,1,3
N199Y,199,N,Y,REC2,0.0999591133777194,1,7,5,1,3
N202D,202,N,D,REC2,0.2631816236559645,1,8,3,1,3
N202H,202,N,H,REC2,-0.8720517264691434,0,2,3,1,3
N202I,202,N,I,REC2,-0.0428054808863085,1,6,3,1,3
N202K,202,N,K,REC2,-0.1773996816679346,1,3,3,1,3
N202S,202,N,S,REC2,-0.8464082680828052,0,0,3,1,3
N202T,202,N,T,REC2,-1.0428054808863088,0,4,3,1,3
N202Y,202,N,Y,REC2,-0.4782084494594227,0,4,3,1,3
N224D,224,N,D,REC2,-0.1471378199131735,1,3,9,1,3
N224H,224,N,H,REC2,-0.6039954948866443,0,0,9,1,3
N224I,224,N,I,REC2,-0.2783258036922834,0,0,9,1,3
N224K,224,N,K,REC2,-0.4603908807166967,0,1,9,1,3
N224S,224,N,S,REC2,-0.4964553857010352,0,8,9,1,3
N224T,224,N,T,REC2,-0.0076782137486146,1,7,9,1,3
N224Y,224,N,Y,REC2,0.1782509785804281,1,7,9,1,3
N235D,235,N,D,REC2,0.3818419901444441,1,0,7,1,3
N235H,235,N,H,REC2,-0.5912323304481205,0,9,7,1,3
N235I,235,N,I,REC2,0.7554293876345666,1,8,7,1,3
N235K,235,N,K,REC2,-0.1490638952326239,1,4,7,1,3
N235S,235,N,S,REC2,-0.029557721394583,1,7,7,1,3
N235T,235,N,T,REC2,-0.1060097818324561,1,8,7,1,3
N235Y,235,N,Y,REC2,0.4792154641426794,1,9,7,1,3
N240D,240,N,D,REC2,-0.3440918570177689,0,9,2,1,3
N240H,240,N,H,REC2,0.0893668390817629,1,5,2,1,3
N240I,240,N,I,REC2,-0.20808053769802,1,4,2,1,3
N240K,240,N,K,REC2,0.3259405222948738,1,2,2,1,3
N240S,240,N,S,REC2,-0.1003419951711239,1,4,2,1,3
N240T,240,N,T,REC2,-0.2842168634857879,0,1,2,1,3
N240Y,240,N,Y,REC2,0.5022811664676369,1,7,2,1,3
N251D,251,N,D,REC2,-0.4321821597371836,0,5,9,1,3
N251H,251,N,H,REC2,0.477836473425151,1,5,9,1,3
N251I,251,N,I,REC2,0.6952359378289986,1,0,9,1,3
N251K,251,N,K,REC2,-0.1654141633800153,1,1,9,1,3
N251S,251,N,S,REC2,-0.1536629350203441,1,6,9,1,3
N251T,251,N,T,REC2,-1.0823716408345536,0,9,9,1,3
N251Y,251,N,Y,REC2,-0.1158432443971142,1,2,9,1,3
N255D,255,N,D,REC2,-0.8354497655263088,0,3,0,1,3
N255H,255,N,H,REC2,-0.7829823456321732,0,0,0,1,3
N255I,255,N,I,REC2,0.0855391001024621,1,5,0,1,3
N255K,255,N,K,REC2,-0.3382752748323528,0,2,0,1,3
N255S,255,N,S,REC2,-0.3104507384739336,0,0,0,1,3
N255T,255,N,T,REC2,-0.971467479406841,0,1,0,1,3
N255Y,255,N,Y,REC2,1.180491778342713,1,0,0,1,3
N277D,277,N,D,REC2,0.2834987528815341,1,9,5,2,3
N277H,277,N,H,REC2,1.394530065270278,1,0,5,2,3
N277I,277,N,I,REC2,-0.4395457909525798,0,3,5,2,3
N277K,277,N,K,REC2,-0.2244579468102816,1,7,5,2,3
N277S,277,N,S,REC2,-0.1473123680936119,1,1,5,2,3
N277T,277,N,T,REC2,-0.5204657863361474,0,7,5,2,3
N277Y,277,N,Y,REC2,0.504712983020701,1,8,5,2,3
N295D,295,N,D,REC2,0.0766270828070049,1,4,2,2,3
N295H,295,N,H,REC2,-0.2252514590569493,1,2,2,2,3
N295I,295,N,I,REC2,0.7496792036022989,1,9,2,2,3
N295K,295,N,K,REC2,-0.113599785098197,1,2,2,2,3
N295S,295,N,S,REC2,-0.5961142410961205,0,0,2,2,3
N295T,295,N,T,REC2,0.3014384899330619,1,4,2,2,3
N295Y,295,N,Y,REC2,0.2591015347619745,1,6,2,2,3
N309D,309,N,D,REC1b,-0.6523128307657271,0,2,4,2,4
N309H,309,N,H,REC1b,-0.0597371459346959,1,0,4,2,4
N309I,309,N,I,REC1b,-0.5851243242777405,0,5,4,2,4
N309K,309,N,K,REC1b,-0.13086904130264,1,6,4,2,4
N309S,309,N,S,REC1b,-0.4197261387267265,0,5,4,2,4
N309T,309,N,T,REC1b,-0.3756709586487908,0,1,4,2,4
N309Y,309,N,Y,REC1b,-0.5902518626334758,0,9,4,2,4
N357D,357,N,D,REC1b,0.0967562592855316,1,5,4,2,4
N357H,357,N,H,REC1b,0.5676469932978928,1,0,4,2,4
N357I,357,N,I,REC1b,0.3673351036904624,1,6,4,2,4
N357K,357,N,K,REC1b,0.3186747194343713,1,1,4,2,4
N357S,357,N,S,REC1b,-0.001402474057287,1,2,4,2,4
N357T,357,N,T,REC1b,-0.1765586428095172,1,1,4,2,4
N357Y,357,N,Y,REC1b,-0.6995187748630854,0,0,4,2,4
N37D,37,N,D,RuvC-I,0.6079729498700728,1,2,8,0,0
N37H,37,N,H,RuvC-I,-1.8867917418795053,0,6,8,0,0
N37I,37,N,I,RuvC-I,-0.7051092242318932,0,3,8,0,0
N37K,37,N,K,RuvC-I,-0.3250880711575857,0,9,8,0,0
N37S,37,N,S,RuvC-I,-0.0176123063299864,1,3,8,0,0
N37T,37,N,T,RuvC-I,0.4357533116079569,1,1,8,0,0
N37Y,37,N,Y,RuvC-I,-0.7713145244595693,0,9,8,0,0
N394D,394,N,D,REC1b,0.1641936641040143,1,7,1,2,4
N394H,394,N,H,REC1b,-0.3156709584283692,0,4,1,2,4
N394I,394,N,I,REC1b,-0.3202501969440696,0,4,1,2,4
N394K,394,N,K,REC1b,2.285167804910362,1,6,1,2,4
N394S,394,N,S,REC1b,-0.2557099447493586,1,0,1,2,4
N394T,394,N,T,REC1b,-0.4483550226917547,0,2,1,2,4
N394Y,394,N,Y,REC1b,-0.2843185397259177,0,5,1,2,4
N407D,407,N,D,REC1b,-0.1906595701491342,1,3,9,2,4
N407H,407,N,H,REC1b,-0.2525873192923359,1,3,9,2,4
N407I,407,N,I,REC1b,0.177628310264844,1,5,9,2,4
N407K,407,N,K,REC1b,-0.4300331210529211,0,3,9,2,4
N407S,407,N,S,REC1b,-0.3776779234197844,0,6,9,2,4
N407T,407,N,T,REC1b,0.4458244212144169,1,1,9,2,4
N407Y,407,N,Y,REC1b,-0.2404126053462336,1,1,9,2,4
N436D,436,N,D,REC1b,-0.0961235329737673,1,4,7,3,4
N436H,436,N,H,REC1b,-1.0824485960766907,0,6,7,3,4
N436I,436,N,I,REC1b,-0.4493146019963189,0,1,7,3,4
N436K,436,N,K,REC1b,-0.0794079290653152,1,6,7,3,4
N436S,436,N,S,REC1b,-0.3456919709221615,0,5,7,3,4
N436T,436,N,T,REC1b,-0.3456919709221615,0,1,7,3,4
N436Y,436,N,Y,REC1b,-0.4068835465746279,0,7,7,3,4
N459D,459,N,D,REC1b,0.056161097246523,1,1,7,3,4
N459H,459,N,H,REC1b,-0.8001606739593585,0,2,7,3,4
N459I,459,N,I,REC1b,0.1219435014486883,1,6,7,3,4
N459K,459,N,K,REC1b,-0.7725558447922493,0,8,7,3,4
N459S,459,N,S,REC1b,0.412620662351611,1,1,7,3,4
N459T,459,N,T,REC1b,-0.0009132463368451,1,4,7,3,4
N459Y,459,N,Y,REC1b,-0.4122823163470949,0,8,7,3,4
N46D,46,N,D,RuvC-I,-0.4221777162645308,0,7,5,0,0
N46H,46,N,H,RuvC-I,-1.4665718356229842,0,9,5,0,0
N46I,46,N,I,RuvC-I,-0.4606076918522357,0,7,5,0,0
N46K,46,N,K,RuvC-I,-0.9098440608594404,0,8,5,0,0
N46S,46,N,S,RuvC-I,-0.136572213886517,1,1,5,0,0
N46T,46,N,T,RuvC-I,-1.8146441189991551,0,2,5,0,0
N46Y,46,N,Y,RuvC-I,-0.532714192414196,0,2,5,0,0
N477D,477,N,D,REC1b,-0.7993124759108252,0,3,5,3,4
N477H,477,N,H,REC1b,-0.1819284974972914,1,2,5,3,4
N477I,477,N,I,REC1b,-0.683519487856836,0,0,5,3,4
N477K,477,N,K,REC1b,-0.3902798513866361,0,9,5,3,4
N477S,477,N,S,REC1b,0.2554747978664531,1,6,5,3,4
N477T,477,N,T,REC1b,0.7212933404115456,1,1,5,3,4
N477Y,477,N,Y,REC1b,-0.673781593826966,0,0,5,3,4
N497D,497,N,D,REC1b,0.2657061622490757,1,4,5,3,4
N497H,497,N,H,REC1b,0.3018221234991952,1,3,5,3,4
N497I,497,N,I,REC1b,0.6119204865720292,1,7,5,3,4
N497K,497,N,K,REC1b,-0.5284920064461358,0,2,5,3,4
N497S,497,N,S,REC1b,-5.671188359424805,0,5,5,3,4
N497T,497,N,T,REC1b,0.9726678303499198,1,7,5,3,4
N497Y,497,N,Y,REC1b,0.0796083972816832,1,4,5,3,4
N501D,501,N,D,REC1b,0.3046067611891349,1,4,3,3,4
N501H,501,N,H,REC1b,0.188552811784349,1,1,3,3,4
N501I,501,N,I,REC1b,-0.381310363000239,0,9,3,3,4
N501K,501,N,K,REC1b,0.2102308626447323,1,5,3,3,4
N501S,501,N,S,REC1b,0.4494772535224879,1,5,3,3,4
N501T,501,N,T,REC1b,-2.1065061802269027,0,9,3,3,4
N501Y,501,N,Y,REC1b,-0.4685594746926425,0,3,3,3,4
N504D,504,N,D,REC1b,-0.5654641856344612,0,2,4,3,4
N504H,504,N,H,REC1b,-0.8099481950964753,0,9,4,3,4
N504I,504,N,I,REC1b,0.0036623676018262,1,4,4,3,4
N504K,504,N,K,REC1b,-0.1921467288637682,1,6,4,3,4
N504S,504,N,S,REC1b,-0.5196907191585514,0,4,4,3,4
N504T,504,N,T,REC1b,-0.0351301153952326,1,2,4,3,4
N504Y,504,N,Y,REC1b,0.0267541310894939,1,7,4,3,4
N522D,522,N,D,REC1b,0.0242021225376623,1,6,1,3,4
N522H,522,N,H,REC1b,-0.6888877512905007,0,8,1,3,4
N522I,522,N,I,REC1b,0.3154088902634533,1,3,1,3,4
N522K,522,N,K,REC1b,-0.0602815318320806,1,4,1,3,4
N522S,522,N,S,REC1b,-0.1570205963779154,1,3,1,3,4
N522T,522,N,T,REC1b,-0.3634714738453418,0,0,1,3,4
N522Y,522,N,Y,REC1b,-0.4831542161967936,0,5,1,3,4
N556D,556,N,D,REC1b,-0.0697801372650036,1,3,1,4,4
N556H,556,N,H,REC1b,-0.489835711310472,0,3,1,4,4
N556I,556,N,I,REC1b,-0.1638571618959725,1,3,1,4,4
N556K,556,N,K,REC1b,-0.1708056336656294,1,4,1,4,4
N556S,556,N,S,REC1b,-0.5279089871882648,0,8,1,4,4
N556T,556,N,T,REC1b,-0.5327638264557273,0,6,1,4,4
N556Y,556,N,Y,REC1b,0.0653794460166322,1,3,1,4,4
N588D,588,N,D,REC1b,-0.335405611302464,0,6,0,4,4
N588H,588,N,H,REC1b,-0.3573203877309044,0,6,0,4,4
N588I,588,N,I,REC1b,0.917131340578689,1,4,0,4,4
N588K,588,N,K,REC1b,-0.2302473481001808,1,7,0,4,4
N588S,588,N,S,REC1b,0.6764270409652994,1,8,0,4,4
N588T,588,N,T,REC1b,-0.0708667229678666,1,7,0,4,4
N588Y,588,N,Y,REC1b,0.161146701203345,1,3,0,4,4
N609D,609,N,D,REC1b,-0.1808815002572652,1,9,2,4,4
N609H,609,N,H,REC1b,-0.7037222890706238,0,5,2,4,4
N609I,609,N,I,REC1b,-0.4158200657474303,0,6,2,4,4
N609K,609,N,K,REC1b,-0.3228444553794614,0,6,2,4,4
N609S,609,N,S,REC1b,-0.1772156987341943,1,6,2,4,4
N609T,609,N,T,REC1b,-0.0007825664685864,1,2,2,4,4
N609Y,609,N,Y,REC1b,-0.4557947756270384,0,8,2,4,4
N612D,612,N,D,REC1b,-0.2091881337318807,1,3,7,4,4
N612H,612,N,H,REC1b,-0.4298422027143737,0,2,7,4,4
N612I,612,N,I,REC1b,-0.1122356882893172,1,1,7,4,4
N612K,612,N,K,REC1b,0.2226110327402174,1,8,7,4,4
N612S,612,N,S,REC1b,0.0892075041374548,1,8,7,4,4
N612T,612,N,T,REC1b,-0.5669779742607829,0,9,7,4,4
N612Y,612,N,Y,REC1b,-0.2186484629809469,1,4,7,4,4
N668D,668,N,D,REC1b,-0.3473115587947725,0,5,8,4,4
N668H,668,N,H,REC1b,-0.1986098284399739,1,1,8,4,4
N668I,668,N,I,REC1b,-0.7654842268200095,0,0,8,4,4
N668K,668,N,K,REC1b,0.021535399773998,1,3,8,4,4
N668S,668,N,S,REC1b,0.0868353647393202,1,0,8,4,4
N668T,668,N,T,REC1b,-0.8359574347684613,0,0,8,4,4
N668Y,668,N,Y,REC1b,-0.3096411408287174,0,6,8,4,4
N690D,690,N,D,REC1b,0.4780182669144335,1,5,0,5,4
N690H,690,N,H,REC1b,-0.1706698314171101,1,2,0,5,4
N690I,690,N,I,REC1b,-0.0068937391430073,1,2,0,5,4
N690K,690,N,K,REC1b,0.3147507653478214,1,3,0,5,4
N690S,690,N,S,REC1b,0.0664103928347274,1,3,0,5,4
N690T,690,N,T,REC1b,0.6691428563808669,1,8,0,5,4
N690Y,690,N,Y,REC1b,0.5818087621204208,1,1,0,5,4
N692D,692,N,D,REC1b,0.5122488307879444,1,0,5,5,4
N692H,692,N,H,REC1b,-0.3618667287289541,0,4,5,5,4
N692I,692,N,I,REC1b,0.6541306166450821,1,7,5,5,4
N692K,692,N,K,REC1b,-0.3520866458140225,0,9,5,5,4
N692S,692,N,S,REC1b,0.0072590184208885,1,9,5,5,4
N692T,692,N,T,REC1b,1.106642821342589,1,1,5,5,4
N692Y,692,N,Y,REC1b,-1.1050913133668423,0,3,5,5,4
N726D,726,N,D,RuvC-II,0.1674627685164864,1,3,4,5,5
N726H,726,N,H,RuvC-II,0.0949469621154453,1,4,4,5,5
N726I,726,N,I,RuvC-II,-0.1034725898423533,1,3,4,5,5
N726K,726,N,K,RuvC-II,-0.1350320491050741,1,1,4,5,5
N726S,726,N,S,RuvC-II,-0.6551305747387047,0,3,4,5,5
N726T,726,N,T,RuvC-II,-0.0895333988844797,1,3,4,5,5
N726Y,726,N,Y,RuvC-II,0.2095550487129146,1,8,4,5,5
N758D,758,N,D,RuvC-II,-0.7973325714764897,0,4,5,5,5
N758H,758,N,H,RuvC-II,-0.3204790645958904,0,8,5,5,5
N758I,758,N,I,RuvC-II,-0.4044778943478437,0,6,5,5,5
N758K,758,N,K,RuvC-II,-0.6357717505126927,0,3,5,5,5
N758S,758,N,S,RuvC-II,-0.3561772292634503,0,8,5,5,5
N758T,758,N,T,RuvC-II,1.481664330445703,1,8,5,5,5
N758Y,758,N,Y,RuvC-II,-0.6592024020262307,0,2,5,5,5
N767D,767,N,D,HNH,-0.1749933870603932,1,7,8,5,6
N767H,767,N,H,HNH,-0.5059666215507627,0,6,8,5,6
N767I,767,N,I,HNH,-0.1592846454314205,1,4,8,5,6
N767K,767,N,K,HNH,-0.2982417132818289,0,5,8,5,6
N767S,767,N,S,HNH,-0.4150784085089551,0,4,8,5,6
N767T,767,N,T,HNH,0.3261421817388213,1,5,8,5,6
N767Y,767,N,Y,HNH,-0.0683865536208304,1,4,8,5,6
N776D,776,N,D,HNH,-0.3747998256550939,0,3,4,5,6
N776H,776,N,H,HNH,-0.6423638899694019,0,9,4,5,6
N776I,776,N,I,HNH,0.5185083128411259,1,0,4,5,6
N776K,776,N,K,HNH,-0.2281663196923403,1,8,4,5,6
N776S,776,N,S,HNH,-0.229820416944513,1,6,4,5,6
N776T,776,N,T,HNH,-1.3522663215172734,0,2,4,5,6
N776Y,776,N,Y,HNH,-0.4722925037630359,0,7,4,5,6
N77D,77,N,D,BridgeHelix,0.0138643948825991,1,4,0,0,1
N77H,77,N,H,BridgeHelix,0.6659410914622921,1,1,0,0,1
N77I,77,N,I,BridgeHelix,-0.8165167297554677,0,7,0,0,1
N77K,77,N,K,BridgeHelix,-0.1044166707272027,1,9,0,0,1
N77S,77,N,S,BridgeHelix,-0.0221396616960738,1,5,0,0,1
N77T,77,N,T,BridgeHelix,-0.0456876837229778,1,9,0,0,1
N77Y,77,N,Y,BridgeHelix,-0.1324250473680573,1,6,0,0,1
N803D,803,N,D,HNH,1.1264317956224308,1,4,6,5,6
N803H,803,N,H,HNH,-0.0196161038019413,1,0,6,5,6
N803I,803,N,I,HNH,-0.4837683522436958,0,4,6,5,6
N803K,803,N,K,HNH,-0.3120972462579404,0,3,6,5,6
N803S,803,N,S,HNH,2.258903939012412,1,7,6,5,6
N803T,803,N,T,HNH,0.6019915964122408,1,7,6,5,6
N803Y,803,N,Y,HNH,0.246305425350574,1,9,6,5,6
N808D,808,N,D,HNH,0.0681051217408519,1,1,6,5,6
N808H,808,N,H,HNH,-0.7370501827521369,0,7,6,5,6
N808I,808,N,I,HNH,0.1678014345467294,1,9,6,5,6
N808K,808,N,K,HNH,-0.4346937523955475,0,8,6,5,6
N808S,808,N,S,HNH,-0.5733197891107881,0,5,6,5,6
N808T,808,N,T,HNH,0.3164972931387889,1,7,6,5,6
N808Y,808,N,Y,HNH,0.1552921042872264,1,9,6,5,6
N818D,818,N,D,HNH,0.2300393340685453,1,2,2,5,6
N818H,818,N,H,HNH,-0.3740319896003155,0,6,2,5,6
N818I,818,N,I,HNH,-0.2394603942524649,1,6,2,5,6
N818K,818,N,K,HNH,-0.6347775877999191,0,8,2,5,6
N818S,818,N,S,HNH,-0.743937571266462,0,4,2,5,6
N818T,818,N,T,HNH,-0.137279999445987,1,8,2,5,6
N818Y,818,N,Y,HNH,-0.3365572841816526,0,2,2,5,6
N831D,831,N,D,HNH,0.0017867392132184,1,0,8,6,6
N831H,831,N,H,HNH,0.0399699331011062,1,9,8,6,6
N831I,831,N,I,HNH,-0.8062727529889759,0,5,8,6,6
N831K,831,N,K,HNH,-0.1064317336420011,1,7,8,6,6
N831S,831,N,S,HNH,-0.706801848346056,0,5,8,6,6
N831T,831,N,T,HNH,-0.3781791008846853,0,2,8,6,6
N831Y,831,N,Y,HNH,0.1029797306269064,1,8,8,6,6
N854D,854,N,D,HNH,-0.4349000719635859,0,3,9,6,6
N854H,854,N,H,HNH,-0.4564237846494533,0,2,9,6,6
N854I,854,N,I,HNH,-0.5655666279409939,0,2,9,6,6
N854K,854,N,K,HNH,-0.6565694715756392,0,0,9,6,6
N854S,854,N,S,HNH,-0.2462497465101694,1,9,9,6,6
N854T,854,N,T,HNH,-0.8112915531080653,0,6,9,6,6
N854Y,854,N,Y,HNH,-1.020885833271571,0,9,9,6,6
N863D,863,N,D,HNH,-0.4976497184807099,0,5,8,6,6
N863H,863,N,H,HNH,-0.4743232751080179,0,1,8,6,6
N863I,863,N,I,HNH,-0.4099007203747012,0,7,8,6,6
N863K,863,N,K,HNH,-0.9593066351437104,0,1,8,6,6
N863S,863,N,S,HNH,-0.4488638759190894,0,2,8,6,6
N863T,863,N,T,HNH,-1.082735977121192,0,5,8,6,6
N863Y,863,N,Y,HNH,-0.779020183323908,0,8,8,6,6
N869D,869,N,D,HNH,-0.2736650708482752,0,3,2,6,6
N869H,869,N,H,HNH,-1.9191691135044824,0,6,2,6,6
N869I,869,N,I,HNH,-0.1013126395289407,1,0,2,6,6
N869K,869,N,K,HNH,0.700777119016531,1,7,2,6,6
N869S,869,N,S,HNH,0.2776290612479887,1,4,2,6,6
N869T,869,N,T,HNH,0.3850125966215882,1,0,2,6,6
N869Y,869,N,Y,HNH,-0.2311131198192225,1,5,2,6,6
N881D,881,N,D,HNH,0.3209584619735969,1,0,5,6,6
N881H,881,N,H,HNH,3.142457566351471,1,5,5,6,6
N881I,881,N,I,HNH,-0.017382448989272,1,0,5,6,6
N881K,881,N,K,HNH,0.0432420898098599,1,2,5,6,6
N881S,881,N,S,HNH,-0.5966590413176487,0,2,5,6,6
N881T,881,N,T,HNH,-0.9901609802542476,0,7,5,6,6
N881Y,881,N,Y,HNH,-0.0775909145166776,1,4,5,6,6
N888D,888,N,D,HNH,0.2172043123575281,1,1,1,6,6
N888H,888,N,H,HNH,-1.9232769111923025,0,9,1,6,6
N888I,888,N,I,HNH,-0.3712269946334194,0,8,1,6,6
N888K,888,N,K,HNH,-0.3471843043403026,0,6,1,6,6
N888S,888,N,S,HNH,-0.2245828170270157,1,0,1,6,6
N888T,888,N,T,HNH,-0.586545573716631,0,7,1,6,6
N888Y,888,N,Y,HNH,-0.2831728562786852,0,7,1,6,6
N88D,88,N,D,BridgeHelix,-0.5657861494454066,0,2,5,0,1
N88H,88,N,H,BridgeHelix,-1.0418142786133986,0,0,5,0,1
N88I,88,N,I,BridgeHelix,0.6711279266618888,1,4,5,0,1
N88K,88,N,K,BridgeHelix,-0.061646165884369,1,0,5,0,1
N88S,88,N,S,BridgeHelix,0.0578053448320587,1,3,5,0,1
N88T,88,N,T,BridgeHelix,0.0791789956246257,1,5,5,0,1
N88Y,88,N,Y,BridgeHelix,-0.2699203511442402,0,1,5,0,1
N899D,899,N,D,HNH,-0.1705909983779612,1,6,8,6,6
N899H,899,N,H,HNH,-0.1843967979029918,1,0,8,6,6
N899I,899,N,I,HNH,0.5232587422034695,1,9,8,6,6
N899K,899,N,K,HNH,-0.6838069073785176,0,8,8,6,6
N899S,899,N,S,HNH,0.1873914563582335,1,6,8,6,6
N899T,899,N,T,HNH,1.0554797808526524,1,2,8,6,6
N899Y,899,N,Y,HNH,0.0014697474083419,1,3,8,6,6
N940D,940,N,D,RuvC-III,-0.3611856457092905,0,2,4,6,7
N940H,940,N,H,RuvC-III,-1.9276121949930192,0,9,4,6,7
N940I,940,N,I,RuvC-III,-0.7873825504432007,0,1,4,6,7
N940K,940,N,K,RuvC-III,-0.6770685526876232,0,9,4,6,7
N940S,940,N,S,RuvC-III,-0.1501919521924749,1,1,4,6,7
N940T,940,N,T,RuvC-III,0.0078728940397759,1,3,4,6,7
N940Y,940,N,Y,RuvC-III,-0.5432714929370916,0,7,4,6,7
N946D,946,N,D,RuvC-III,-0.3519860179804809,0,5,0,6,7
N946H,946,N,H,RuvC-III,-0.6639300242952207,0,4,0,6,7
N946I,946,N,I,RuvC-III,-0.5008983310495886,0,2,0,6,7
N946K,946,N,K,RuvC-III,-0.3126971684660029,0,7,0,6,7
N946S,946,N,S,RuvC-III,-0.2764423369802816,0,7,0,6,7
N946T,946,N,T,RuvC-III,-0.1723424434328344,1,2,0,6,7
N946Y,946,N,Y,RuvC-III,-0.4910934274330054,0,7,0,6,7
N979D,979,N,D,RuvC-III,-0.201011351664026,1,5,5,7,7
N979H,979,N,H,RuvC-III,-0.8459163928414646,0,6,5,7,7
N979I,979,N,I,RuvC-III,-0.196329539245699,1,8,5,7,7
N979K,979,N,K,RuvC-III,-0.1440909616520734,1,7,5,7,7
N979S,979,N,S,RuvC-III,-0.2122154246574738,1,7,5,7,7
N979T,979,N,T,RuvC-III,-0.7171617025471395,0,6,5,7,7
N979Y,979,N,Y,RuvC-III,-0.8324958770791427,0,4,5,7,7
N980D,980,N,D,RuvC-III,-0.0863369483949868,1,9,5,7,7
N980H,980,N,H,RuvC-III,0.2491279008271232,1,5,5,7,7
N980I,980,N,I,RuvC-III,-0.4208456020197295,0,0,5,7,7
N980K,980,N,K,RuvC-III,-0.2109610563038678,1,4,5,7,7
N980S,980,N,S,RuvC-III,-0.5337764473239549,0,0,5,7,7
N980T,980,N,T,RuvC-III,-0.9711817596312534,0,4,5,7,7
N980Y,980,N,Y,RuvC-III,-0.0368208969546724,1,0,5,7,7
N990D,990,N,D,RuvC-III,1.013446500953645,1,4,6,7,7
N990H,990,N,H,RuvC-III,-0.5343572014427468,0,1,6,7,7
N990I,990,N,I,RuvC-III,0.3035765485664178,1,6,6,7,7
N990K,990,N,K,RuvC-III,-0.8851878316613475,0,1,6,7,7
N990S,990,N,S,RuvC-III,0.049097450284055,1,8,6,7,7
N990T,990,N,T,RuvC-III,-0.5647073721335182,0,8,6,7,7
N990Y,990,N,Y,RuvC-III,0.1098042883100272,1,7,6,7,7
P1002A,1002,P,A,RuvC-III,-0.8051607303498955,0,1,1,7,7
P1002H,1002,P,H,RuvC-III,-0.8438423045200387,0,6,1,7,7
P1002L,1002,P,L,RuvC-III,-0.2133213557894911,1,9,1,7,7
P1002R,1002,P,R,RuvC-III,-0.2485968305370217,1,7,1,7,7
P1002S,1002,P,S,RuvC-III,-0.4181718271683264,0,9,1,7,7
P1002T,1002,P,T,RuvC-III,-0.4887316158670227,0,1,1,7,7
P1061A,1061,P,A,RuvC-III,-0.9968400848952752,0,5,9,7,7
P1061L,1061,P,L,RuvC-III,-0.7146478616819789,0,9,9,7,7
P1061Q,1061,P,Q,RuvC-III,-0.8057165390207005,0,5,9,7,7
P1061R,1061,P,R,RuvC-III,-0.8606522145055856,0,8,9,7,7
P1061S,1061,P,S,RuvC-III,-0.12022650967425,1,3,9,7,7
P1061T,1061,P,T,RuvC-III,-0.6262114000366967,0,6,9,7,7
P1090A,1090,P,A,RuvC-III,-0.4320065171610754,0,9,4,7,7
P1090H,1090,P,H,RuvC-III,-0.20841519965089,1,2,4,7,7
P1090L,1090,P,L,RuvC-III,-0.2608826195450257,1,0,4,7,7
P1090R,1090,P,R,RuvC-III,-0.4013534784968231,0,6,4,7,7
P1090S,1090,P,S,RuvC-III,-0.5726556691063297,0,3,4,7,7
P1090T,1090,P,T,RuvC-III,-0.4325883663485907,0,8,4,7,7
P1112A,1112,P,A,WED,-0.3404033510857596,0,0,7,8,8
P1112H,1112,P,H,WED,-0.4751562902464965,0,1,7,8,8
P1112L,1112,P,L,WED,-0.1657482224312415,1,0,7,8,8
P1112R,1112,P,R,WED,0.0574851753445772,1,3,7,8,8
P1112S,1112,P,S,WED,-0.2170209355804775,1,4,7,8,8
P1112T,1112,P,T,WED,0.2810850256605106,1,8,7,8,8
P1128A,1128,P,A,WED,-0.8203801529145585,0,7,0,8,8
P1128H,1128,P,H,WED,-0.1922209892021813,1,9,0,8,8
P1128L,1128,P,L,WED,-0.2962698754853763,0,1,0,8,8
P1128R,1128,P,R,WED,-0.2940032685134312,0,1,0,8,8
P1128S,1128,P,S,WED,-0.538917419740366,0,7,0,8,8
P1128T,1128,P,T,WED,-0.3439421089715715,0,3,0,8,8
P1137A,1137,P,A,WED,0.6980242496911271,1,7,6,8,8
P1137L,1137,P,L,WED,0.530095084230478,1,1,6,8,8
P1137Q,1137,P,Q,WED,-0.5305576199917661,0,2,6,8,8
P1137R,1137,P,R,WED,1.249211470393939,1,3,6,8,8
P1137S,1137,P,S,WED,0.0532694644087531,1,0,6,8,8
P1137T,1137,P,T,WED,-0.4481917575279784,0,3,6,8,8
P1178A,1178,P,A,WED,-0.2562665907925013,1,1,5,8,8
P1178H,1178,P,H,WED,0.569601085562372,1,6,5,8,8
P1178L,1178,P,L,WED,-0.4217913396800756,0,9,5,8,8
P1178R,1178,P,R,WED,0.0914950698159061,1,3,5,8,8
P1178S,1178,P,S,WED,-0.2859442180050255,0,7,5,8,8
P1178T,1178,P,T,WED,-0.4540733738506759,0,5,5,8,8
P117A,117,P,A,REC1a,-0.1482784836846861,1,8,0,0,2
P117H,117,P,H,REC1a,-0.974281966054509,0,6,0,0,2
P117L,117,P,L,REC1a,-0.1309304892839001,1,5,0,0,2
P117R,117,P,R,REC1a,-0.2789646805260046,0,6,0,0,2
P117S,117,P,S,REC1a,-0.4497424760123329,0,4,0,0,2
P117T,117,P,T,REC1a,0.2398757214432102,1,4,0,0,2
P1199A,1199,P,A,WED,0.0090380939226378,1,0,6,8,8
P1199L,1199,P,L,WED,-0.228787432371881,1,9,6,8,8
P1199Q,1199,P,Q,WED,0.7354118462002726,1,2,6,8,8
P1199R,1199,P,R,WED,-0.3912501179022358,0,8,6,8,8
P1199S,1199,P,S,WED,-0.2478741650966322,1,0,6,8,8
P1199T,1199,P,T,WED,-1.065486246844695,0,8,6,8,8
P1229A,1229,P,A,CTD-PI,0.0206191422037045,1,6,3,8,10
P1229H,1229,P,H,CTD-PI,-0.1670714453991159,1,0,3,8,10
P1229L,1229,P,L,CTD-PI,0.0524938449676088,1,9,3,8,10
P1229R,1229,P,R,CTD-PI,-0.7816404082055957,0,3,3,8,10
P1229S,1229,P,S,CTD-PI,-0.1635550479818816,1,2,3,8,10
P1229T,1229,P,T,CTD-PI,0.128669780166669,1,0,3,8,10
P1249A,1249,P,A,CTD-PI,0.6277828648108054,1,8,7,9,10
P1249H,1249,P,H,CTD-PI,0.0778652896538955,1,8,7,9,10
P1249L,1249,P,L,CTD-PI,0.0051506090123851,1,3,7,9,10
P1249R,1249,P,R,CTD-PI,-0.7260186935446324,0,2,7,9,10
P1249S,1249,P,S,CTD-PI,-0.0338219584305414,1,6,7,9,10
P1249T,1249,P,T,CTD-PI,-0.4179536711708747,0,0,7,9,10
P1301A,1301,P,A,CTD-PI,-0.1714210696630317,1,2,2,9,10
P1301L,1301,P,L,CTD-PI,1.1501095677068935,1,5,2,9,10
P1301Q,1301,P,Q,CTD-PI,1.1590845861392003,1,6,2,9,10
P1301R,1301,P,R,CTD-PI,-1.0293498488046902,0,6,2,9,10
P1301S,1301,P,S,CTD-PI,-0.4948264313638636,0,6,2,9,10
P1301T,1301,P,T,CTD-PI,-0.060144952617375,1,9,2,9,10
P1321A,1321,P,A,CTD-PI,-0.7592378387569025,0,4,4,9,10
P1321L,1321,P,L,CTD-PI,0.8548447330894645,1,3,4,9,10
P1321Q,1321,P,Q,CTD-PI,0.6635085874720219,1,6,4,9,10
P1321R,1321,P,R,CTD-PI,0.5055597028007554,1,3,4,9,10
P1321S,1321,P,S,CTD-PI,0.1299309868918376,1,4,4,9,10
P1321T,1321,P,T,CTD-PI,-0.6022940040415823,0,7,4,9,10
P133A,133,P,A,REC1a,-0.8875354225004287,0,9,2,0,2
P133H,133,P,H,REC1a,-0.31847728980311,0,4,2,0,2
P133L,133,P,L,REC1a,-0.6140075678138093,0,2,2,0,2
P133R,133,P,R,REC1a,-0.1232536677589379,1,4,2,0,2
P133S,133,P,S,REC1a,-0.733983957518624,0,1,2,0,2
P133T,133,P,T,REC1a,-0.5145438198023626,0,3,2,0,2
P176A,176,P,A,REC1a,0.0019727585290484,1,2,5,1,2
P176L,176,P,L,REC1a,-0.0581688732601745,1,8,5,1,2
P176Q,176,P,Q,REC1a,0.3638213866604365,1,6,5,1,2
P176R,176,P,R,REC1a,0.6026937418202402,1,0,5,1,2
P176S,176,P,S,REC1a,-0.1597783114675637,1,2,5,1,2
P176T,176,P,T,REC1a,-0.4921363117409942,0,7,5,1,2
P200A,200,P,A,REC2,0.0794109560537087,1,3,2,1,3
P200H,200,P,H,REC2,-0.4885104609034738,0,1,2,1,3
P200L,200,P,L,REC2,0.2528090340823036,1,8,2,1,3
P200R,200,P,R,REC2,-0.0002239795939913,1,8,2,1,3
P200S,200,P,S,REC2,-0.37817223819122,0,2,2,1,3
P200T,200,P,T,REC2,0.1132334414684433,1,9,2,1,3
P230A,230,P,A,REC2,-0.7997344163885537,0,6,7,1,3
P230L,230,P,L,REC2,-0.1876267350770645,1,9,7,1,3
P230Q,230,P,Q,REC2,-0.022567488806568,1,8,7,1,3
P230R,230,P,R,REC2,0.199396388032183,1,5,7,1,3
P230S,230,P,S,REC2,0.070842980285365,1,1,7,1,3
P230T,230,P,T,REC2,-0.4762641566927856,0,9,7,1,3
P250A,250,P,A,REC2,0.100057246190132,1,3,5,1,3
P250H,250,P,H,REC2,0.612563060893717,1,2,5,1,3
P250L,250,P,L,REC2,-0.3481040067537163,0,6,5,1,3
P250R,250,P,R,REC2,-0.4744525855850903,0,4,5,1,3
P250S,250,P,S,REC2,-0.062397378907034,1,5,5,1,3
P250T,250,P,T,REC2,-0.4358557744344787,0,0,5,1,3
P28A,28,P,A,RuvC-I,-1.2467519711191084,0,3,4,0,0
P28L,28,P,L,RuvC-I,-1.0490988433105992,0,8,4,0,0
P28Q,28,P,Q,RuvC-I,-1.130018838694167,0,8,4,0,0
P28R,28,P,R,RuvC-I,-0.4381411340564985,0,4,4,0,0
P28S,28,P,S,RuvC-I,-0.3851574611634357,0,1,4,0,0
P28T,28,P,T,RuvC-I,-0.7578163581717279,0,3,4,0,0
P316A,316,P,A,REC1b,-0.235451496670091,1,0,2,2,4
P316H,316,P,H,REC1b,-0.9166095163211816,0,1,2,2,4
P316L,316,P,L,REC1b,-0.8039806612102761,0,0,2,2,4
P316R,316,P,R,REC1b,-0.4113742080707596,0,7,2,2,4
P316S,316,P,S,REC1b,0.1015834906074797,1,0,2,2,4
P316T,316,P,T,REC1b,-0.2354514966700908,1,9,2,2,4
P344A,344,P,A,REC1b,-0.1824929270321573,1,8,3,2,4
P344H,344,P,H,REC1b,-0.3822611517985699,0,5,3,2,4
P344L,344,P,L,REC1b,0.9622095117398808,1,1,3,2,4
P344R,344,P,R,REC1b,-0.5129445216480315,0,4,3,2,4
P344S,344,P,S,REC1b,0.1295083279499141,1,6,3,2,4
P344T,344,P,T,REC1b,0.0545462702686919,1,3,3,2,4
P378A,378,P,A,REC1b,-0.4466704380099828,0,3,4,2,4
P378H,378,P,H,REC1b,-0.1438327165536826,1,4,4,2,4
P378L,378,P,L,REC1b,-0.6266374426444908,0,4,4,2,4
P378R,378,P,R,REC1b,-0.358441331694918,0,3,4,2,4
P378S,378,P,S,REC1b,-0.2025533384581552,1,4,4,2,4
P378T,378,P,T,REC1b,-0.5004465015036001,0,5,4,2,4
P411A,411,P,A,REC1b,-0.9062892628757572,0,0,3,3,4
P411H,411,P,H,REC1b,-0.4162548143273851,0,1,3,3,4
P411L,411,P,L,REC1b,-0.4642456124631521,0,1,3,3,4
P411R,411,P,R,REC1b,-0.4311033278405224,0,7,3,3,4
P411S,411,P,S,REC1b,-0.2731028156442457,0,3,3,3,4
P411T,411,P,T,REC1b,-0.8658101935206869,0,9,3,3,4
P431A,431,P,A,REC1b,-0.7170777543597783,0,7,4,3,4
P431L,431,P,L,REC1b,-0.5776882388906862,0,9,4,3,4
P431Q,431,P,Q,REC1b,-0.9410071014086652,0,6,4,3,4
P431R,431,P,R,REC1b,0.0331142667657295,1,8,4,3,4
P431S,431,P,S,REC1b,-0.0484188994963536,1,3,4,3,4
P431T,431,P,T,REC1b,-0.5509731309630372,0,2,4,3,4
P449A,449,P,A,REC1b,-0.9293778521873948,0,8,1,3,4
P449H,449,P,H,REC1b,-0.6640794172198952,0,4,1,3,4
P449L,449,P,L,REC1b,-0.5582625727328261,0,2,1,3,4
P449R,449,P,R,REC1b,-0.538754413843612,0,3,1,3,4
P449S,449,P,S,REC1b,-0.6980523060809393,0,2,1,3,4
P449T,449,P,T,REC1b,-0.8534289989540963,0,5,1,3,4
P454A,454,P,A,REC1b,-0.702838047040044,0,2,8,3,4
P454H,454,P,H,REC1b,-0.7995162510192547,0,3,8,3,4
P454L,454,P,L,REC1b,-0.9260247947545392,0,1,8,3,4
P454R,454,P,R,REC1b,0.1185458700020699,1,0,8,3,4
P454S,454,P,S,REC1b,-0.3290088502406517,0,7,8,3,4
P454T,454,P,T,REC1b,-1.1517389981851718,0,0,8,3,4
P475A,475,P,A,REC1b,-0.1442351697317368,1,4,8,3,4
P475H,475,P,H,REC1b,-0.4560222303915682,0,9,8,3,4
P475L,475,P,L,REC1b,-0.4444170139257182,0,0,8,3,4
P475R,475,P,R,REC1b,-1.1174186618886888,0,7,8,3,4
P475S,475,P,S,REC1b,-0.4999026595738082,0,9,8,3,4
P475T,475,P,T,REC1b,-0.6829040181789581,0,5,8,3,4
P503A,503,P,A,REC1b,0.9845115472739764,1,7,8,3,4
P503L,503,P,L,REC1b,-0.4055260874643787,0,6,8,3,4
P503Q,503,P,Q,REC1b,-1.0460835111684728,0,8,8,3,4
P503R,503,P,R,REC1b,-0.4225325127700691,0,4,8,3,4
P503S,503,P,S,REC1b,-0.0904638548559737,1,9,8,3,4
P503T,503,P,T,REC1b,-0.1400196793302058,1,8,8,3,4
P509A,509,P,A,REC1b,-0.7132963025397041,0,0,7,3,4
P509H,509,P,H,REC1b,-0.5978213507386346,0,9,7,3,4
P509L,509,P,L,REC1b,-0.5820540348803181,0,8,7,3,4
P509R,509,P,R,REC1b,-0.9556148981830028,0,2,7,3,4
P509S,509,P,S,REC1b,0.2609056231541706,1,2,7,3,4
P509T,509,P,T,REC1b,0.2392704854399413,1,5,7,3,4
P537A,537,P,A,REC1b,-0.3639112624554101,0,9,9,3,4
P537H,537,P,H,REC1b,0.0374238872768911,1,0,9,3,4
P537L,537,P,L,REC1b,-4.095849476453981,0,4,9,3,4
P537R,537,P,R,REC1b,0.241731882744867,1,7,9,3,4
P537S,537,P,S,REC1b,1.090925877118427,1,2,9,3,4
P537T,537,P,T,REC1b,-0.1553468272483387,1,4,9,3,4
P731A,731,P,A,RuvC-II,-0.7865542501663279,0,7,7,5,5
P731H,731,P,H,RuvC-II,-0.7342089584979554,0,8,7,5,5
P731L,731,P,L,RuvC-II,-0.5239181392974421,0,3,7,5,5
P731R,731,P,R,RuvC-II,-0.8378695134619717,0,9,7,5,5
P731S,731,P,S,RuvC-II,-0.1976827610710471,1,4,7,5,5
P731T,731,P,T,RuvC-II,-0.3820993596603161,0,2,7,5,5
P756A,756,P,A,RuvC-II,-0.7923745393335758,0,2,8,5,5
P756L,756,P,L,RuvC-II,-0.6842813785324543,0,3,8,5,5
P756Q,756,P,Q,RuvC-II,-0.6227303386505606,0,3,8,5,5
P756R,756,P,R,RuvC-II,-1.0143674053493272,0,8,8,5,5
P756S,756,P,S,RuvC-II,-0.7906782486726771,0,4,8,5,5
P756T,756,P,T,RuvC-II,-0.3999023569271605,0,5,8,5,5
P800A,800,P,A,HNH,-0.0206722033860316,1,1,7,5,6
P800H,800,P,H,HNH,-0.6849047555941092,0,3,7,5,6
P800L,800,P,L,HNH,-0.2638700864861957,1,5,7,5,6
P800R,800,P,R,HNH,-0.188572797555627,1,6,7,5,6
P800S,800,P,S,HNH,-0.40494628785692,0,3,7,5,6
P800T,800,P,T,HNH,-0.3930485505308773,0,5,7,5,6
P843A,843,P,A,HNH,0.0878854950846775,1,3,4,6,6
P843L,843,P,L,HNH,-0.7000625483724437,0,1,4,6,6
P843Q,843,P,Q,HNH,-0.9515136907796672,0,8,4,6,6
P843R,843,P,R,HNH,-0.0641055171560276,1,7,4,6,6
P843S,843,P,S,HNH,-0.2589726614791098,1,6,4,6,6
P843T,843,P,T,HNH,-1.1716611016257412,0,8,4,6,6
P871A,871,P,A,HNH,-1.0697886112096588,0,0,7,6,6
P871H,871,P,H,HNH,-0.6177556903711452,0,1,7,6,6
P871L,871,P,L,HNH,-0.6776368088380877,0,0,7,6,6
P871R,871,P,R,HNH,-0.8638170176012255,0,6,7,6,6
P871S,871,P,S,HNH,-0.7846972845026681,0,1,7,6,6
P871T,871,P,T,HNH,-0.8830200996039321,0,9,7,6,6
Q1027E,1027,Q,E,RuvC-III,0.3786290434269514,1,5,3,7,7
Q1027H,1027,Q,H,RuvC-III,-0.5790582523060777,0,1,3,7,7
Q1027K,1027,Q,K,RuvC-III,0.9757692063077744,1,1,3,7,7
Q1027L,1027,Q,L,RuvC-III,-0.3098063792333662,0,9,3,7,7
Q1027P,1027,Q,P,RuvC-III,1.3092730645096065,1,7,3,7,7
Q1027R,1027,Q,R,RuvC-III,0.2378229747250705,1,2,3,7,7
Q1091E,1091,Q,E,RuvC-III,-0.3728988702529861,0,8,4,7,7
Q1091H,1091,Q,H,RuvC-III,-0.4015605562491304,0,2,4,7,7
Q1091K,1091,Q,K,RuvC-III,-0.6223217920096678,0,8,4,7,7
Q1091L,1091,Q,L,RuvC-III,-0.1581448574845882,1,4,4,7,7
Q1091P,1091,Q,P,RuvC-III,-0.3226806294964788,0,7,4,7,7
Q1091R,1091,Q,R,RuvC-III,-0.359206505521593,0,9,4,7,7
Q1101E,1101,Q,E,WED,0.9898985316694268,1,5,3,8,8
Q1101H,1101,Q,H,WED,-0.384330054730134,0,1,3,8,8
Q1101K,1101,Q,K,WED,-0.4513284915902802,0,1,3,8,8
Q1101L,1101,Q,L,WED,-0.5358510788693978,0,9,3,8,8
Q1101P,1101,Q,P,WED,-0.867832838420683,0,0,3,8,8
Q1101R,1101,Q,R,WED,-0.542003305850993,0,8,3,8,8
Q1221E,1221,Q,E,CTD-PI,0.3406148354778798,1,8,0,8,10
Q1221H,1221,Q,H,CTD-PI,-0.012260612461857,1,2,0,8,10
Q1221K,1221,Q,K,CTD-PI,0.4643596688814165,1,4,0,8,10
Q1221L,1221,Q,L,CTD-PI,-0.1218269301052279,1,3,0,8,10
Q1221P,1221,Q,P,CTD-PI,-0.4613133963768954,0,3,0,8,10
Q1221R,1221,Q,R,CTD-PI,-0.0372871138707965,1,5,0,8,10
Q1254E,1254,Q,E,CTD-PI,-0.2505467881915633,1,5,9,9,10
Q1254H,1254,Q,H,CTD-PI,-0.1172636284889259,1,2,9,9,10
Q1254K,1254,Q,K,CTD-PI,0.9080159110533548,1,5,9,9,10
Q1254L,1254,Q,L,CTD-PI,0.0471417665765641,1,0,9,9,10
Q1254P,1254,Q,P,CTD-PI,0.8651161900320629,1,3,9,9,10
Q1254R,1254,Q,R,CTD-PI,0.1614642903070819,1,2,9,9,10
Q1256E,1256,Q,E,CTD-PI,0.2084787923704122,1,3,8,9,10
Q1256H,1256,Q,H,CTD-PI,-0.5659654632395819,0,9,8,9,10
Q1256K,1256,Q,K,CTD-PI,0.1201176418784512,1,1,8,9,10
Q1256L,1256,Q,L,CTD-PI,0.1417913185481515,1,3,8,9,10
Q1256P,1256,Q,P,CTD-PI,0.0030625760062006,1,5,8,9,10
Q1256R,1256,Q,R,CTD-PI,0.1788403036939503,1,9,8,9,10
Q1261E,1261,Q,E,CTD-PI,0.0585264565606318,1,8,3,9,10
Q1261H,1261,Q,H,CTD-PI,-0.4749448190336836,0,6,3,9,10
Q1261K,1261,Q,K,CTD-PI,-0.6226461746344739,0,8,3,9,10
Q1261L,1261,Q,L,CTD-PI,-0.3302648211985913,0,1,3,9,10
Q1261P,1261,Q,P,CTD-PI,-1.3108994963316605,0,2,3,9,10
Q1261R,1261,Q,R,CTD-PI,0.1428184711112435,1,5,3,9,10
Q1272E,1272,Q,E,CTD-PI,-0.0157926868085764,1,8,7,9,10
Q1272H,1272,Q,H,CTD-PI,0.0049170454664311,1,0,7,9,10
Q1272K,1272,Q,K,CTD-PI,-0.0870299107225519,1,2,7,9,10
Q1272L,1272,Q,L,CTD-PI,-0.3752807630636968,0,5,7,9,10
Q1272P,1272,Q,P,CTD-PI,-0.4425866919334653,0,1,7,9,10
Q1272R,1272,Q,R,CTD-PI,0.0919955241837042,1,3,7,9,10
Q1305E,1305,Q,E,CTD-PI,-0.5221947130058934,0,6,0,9,10
Q1305H,1305,Q,H,CTD-PI,0.2734397806536046,1,3,0,9,10
Q1305K,1305,Q,K,CTD-PI,-0.2491762185994775,1,3,0,9,10
Q1305L,1305,Q,L,CTD-PI,-0.8258571226948579,0,2,0,9,10
Q1305P,1305,Q,P,CTD-PI,-0.3174691470813047,0,4,0,9,10
Q1305R,1305,Q,R,CTD-PI,-0.0369513131135746,1,1,0,9,10
Q1350E,1350,Q,E,CTD-PI,-0.0616096417520854,1,3,5,9,10
Q1350H,1350,Q,H,CTD-PI,-0.2234199455049819,1,0,5,9,10
Q1350K,1350,Q,K,CTD-PI,-0.5801447807342657,0,8,5,9,10
Q1350L,1350,Q,L,CTD-PI,-0.6114299060304057,0,5,5,9,10
Q1350P,1350,Q,P,CTD-PI,0.2758509405102156,1,1,5,9,10
Q1350R,1350,Q,R,CTD-PI,0.2118107691463864,1,6,5,9,10
Q1364E,1364,Q,E,CTD-PI,-0.5483569938232938,0,9,9,9,10
Q1364H,1364,Q,H,CTD-PI,-0.0070559772390466,1,9,9,9,10
Q1364K,1364,Q,K,CTD-PI,-1.0484648047147795,0,7,9,9,10
Q1364L,1364,Q,L,CTD-PI,-0.1747697488709162,1,8,9,9,10
Q1364P,1364,Q,P,CTD-PI,-0.0684958852809871,1,5,9,9,10
Q1364R,1364,Q,R,CTD-PI,-0.280274632592583,0,8,9,9,10
Q187E,187,Q,E,REC2,-0.42900042683575,0,0,6,1,3
Q187H,187,Q,H,REC2,0.4284291015113234,1,6,6,1,3
Q187K,187,Q,K,REC2,0.2052463322334927,1,8,6,1,3
Q187L,187,Q,L,REC2,0.0806641030581993,1,5,6,1,3
Q187P,187,Q,P,REC2,-0.3869734106685142,0,7,6,1,3
Q187R,187,Q,R,REC2,-0.0891242342395606,1,4,6,1,3
Q190E,190,Q,E,REC2,0.0621415487486179,1,1,3,1,3
Q190H,190,Q,H,REC2,-0.2752808289031912,0,0,3,1,3
Q190K,190,Q,K,REC2,-1.0336976483984357,0,9,3,1,3
Q190L,190,Q,L,REC2,-0.6528299326725563,0,2,3,1,3
Q190P,190,Q,P,REC2,-0.0862820516498986,1,0,3,1,3
Q190R,190,Q,R,REC2,-0.4534338127390802,0,5,3,1,3
Q194E,194,Q,E,REC2,0.304463170496968,1,1,5,1,3
Q194H,194,Q,H,REC2,-0.0246157316115952,1,7,5,1,3
Q194K,194,Q,K,REC2,-0.7362831718463407,0,5,5,1,3
Q194L,194,Q,L,REC2,-0.8391380935919145,0,9,5,1,3
Q194P,194,Q,P,REC2,0.2758428691510345,1,0,5,1,3
Q194R,194,Q,R,REC2,-0.1510687304161011,1,2,5,1,3
Q228E,228,Q,E,REC2,0.0247978108632636,1,1,6,1,3
Q228H,228,Q,H,REC2,-0.2610305366898158,1,7,6,1,3
Q228K,228,Q,K,REC2,-0.352292360048423,0,9,6,1,3
Q228L,228,Q,L,REC2,-0.6327531302097993,0,5,6,1,3
Q228P,228,Q,P,REC2,-0.3986314162912442,0,6,6,1,3
Q228R,228,Q,R,REC2,-0.4449466092037846,0,6,6,1,3
Q265E,265,Q,E,REC2,0.4723522768065457,1,2,0,1,3
Q265H,265,Q,H,REC2,0.0963162869070892,1,7,0,1,3
Q265K,265,Q,K,REC2,0.1573105675044232,1,3,0,1,3
Q265L,265,Q,L,REC2,-0.070168650233211,1,5,0,1,3
Q265P,265,Q,P,REC2,-0.7262142490158497,0,2,0,1,3
Q265R,265,Q,R,REC2,0.2708682676018561,1,3,0,1,3
Q281E,281,Q,E,REC2,-1.1875127058829105,0,4,5,2,3
Q281H,281,Q,H,REC2,0.1281316451235123,1,2,5,2,3
Q281K,281,Q,K,REC2,-0.5817916449949567,0,8,5,2,3
Q281L,281,Q,L,REC2,-0.4369330616838923,0,1,5,2,3
Q281P,281,Q,P,REC2,0.8495691915746855,1,3,5,2,3
Q281R,281,Q,R,REC2,-0.287441187394892,0,9,5,2,3
Q285E,285,Q,E,REC2,-0.5667900832199981,0,3,6,2,3
Q285H,285,Q,H,REC2,0.1935907761426191,1,3,6,2,3
Q285K,285,Q,K,REC2,-0.7345604925233647,0,2,6,2,3
Q285L,285,Q,L,REC2,-0.3123303832538801,0,1,6,2,3
Q285P,285,Q,P,REC2,-0.0399581128407498,1,2,6,2,3
Q285R,285,Q,R,REC2,0.1480676494248392,1,7,6,2,3
Q330E,330,Q,E,REC1b,-0.8463382439925161,0,7,1,2,4
Q330H,330,Q,H,REC1b,0.3385029405267025,1,7,1,2,4
Q330K,330,Q,K,REC1b,-0.9990625046812204,0,3,1,2,4
Q330L,330,Q,L,REC1b,-0.5632471022580229,0,4,1,2,4
Q330P,330,Q,P,REC1b,0.0913889262699443,1,5,1,2,4
Q330R,330,Q,R,REC1b,-0.0554524620593265,1,7,1,2,4
Q341E,341,Q,E,REC1b,0.3650016987564131,1,8,7,2,4
Q341H,341,Q,H,REC1b,-0.6092175510962474,0,0,7,2,4
Q341K,341,Q,K,REC1b,-0.913144704103036,0,1,7,2,4
Q341L,341,Q,L,REC1b,-0.1847763284368685,1,5,7,2,4
Q341P,341,Q,P,REC1b,-0.4386859998955799,0,1,7,2,4
Q341R,341,Q,R,REC1b,0.2916617155061186,1,1,7,2,4
Q342E,342,Q,E,REC1b,0.5190930283334547,1,8,8,2,4
Q342H,342,Q,H,REC1b,0.3102257245452867,1,7,8,2,4
Q342K,342,Q,K,REC1b,0.1962002426439229,1,4,8,2,4
Q342L,342,Q,L,REC1b,-0.5635323212925826,0,0,8,2,4
Q342P,342,Q,P,REC1b,-0.8716546166549146,0,4,8,2,4
Q342R,342,Q,R,REC1b,0.1843017893191007,1,2,8,2,4
Q354E,354,Q,E,REC1b,1.3114140073119145,1,8,7,2,4
Q354H,354,Q,H,REC1b,-0.288238565110661,0,3,7,2,4
Q354K,354,Q,K,REC1b,-0.1612756189465493,1,3,7,2,4
Q354L,354,Q,L,REC1b,-0.0597874256738044,1,5,7,2,4
Q354P,354,Q,P,REC1b,-0.6656789473690559,0,4,7,2,4
Q354R,354,Q,R,REC1b,-0.197269900627175,1,9,7,2,4
Q369E,369,Q,E,REC1b,-1.250857352980205,0,1,1,2,4
Q369H,369,Q,H,REC1b,-0.1863177490588328,1,4,1,2,4
Q369K,369,Q,K,REC1b,-0.523144704689009,0,2,1,2,4
Q369L,369,Q,L,REC1b,-0.2637311428661769,1,3,1,2,4
Q369P,369,Q,P,REC1b,-0.7859578882393703,0,2,1,2,4
Q369R,369,Q,R,REC1b,-0.4264118166062559,0,9,1,2,4
Q402E,402,Q,E,REC1b,-0.045543719402255,1,9,2,2,4
Q402H,402,Q,H,REC1b,-0.2928509727542769,0,1,2,2,4
Q402K,402,Q,K,REC1b,-0.4700415479301651,0,4,2,2,4
Q402L,402,Q,L,REC1b,0.1373620168635209,1,9,2,2,4
Q402P,402,Q,P,REC1b,-0.1863137403101086,1,3,2,2,4
Q402R,402,Q,R,REC1b,-0.5488838196948168,0,2,2,2,4
Q413E,413,Q,E,REC1b,-0.045640168674074,1,2,6,3,4
Q413H,413,Q,H,REC1b,-0.2707519723752539,0,9,6,3,4
Q413K,413,Q,K,REC1b,-0.4850790114430531,0,7,6,3,4
Q413L,413,Q,L,REC1b,-0.2308902836303924,1,7,6,3,4
Q413P,413,Q,P,REC1b,-0.8791787197203776,0,1,6,3,4
Q413R,413,Q,R,REC1b,-0.4034816074858945,0,3,6,3,4
Q426E,426,Q,E,REC1b,-0.5251602307712213,0,1,6,3,4
Q426H,426,Q,H,REC1b,-0.2738958793465325,0,8,6,3,4
Q426K,426,Q,K,REC1b,-0.7708527398314982,0,1,6,3,4
Q426L,426,Q,L,REC1b,-0.5727227661185007,0,7,6,3,4
Q426P,426,Q,P,REC1b,-0.8683327754971649,0,2,6,3,4
Q426R,426,Q,R,REC1b,-0.7922297964113734,0,7,6,3,4
Q489E,489,Q,E,REC1b,-0.6328889642894596,0,3,4,3,4
Q489H,489,Q,H,REC1b,0.0655013525886381,1,3,4,3,4
Q489K,489,Q,K,REC1b,-0.0280510959854943,1,7,4,3,4
Q489L,489,Q,L,REC1b,-0.1306812823894493,1,2,4,3,4
Q489P,489,Q,P,REC1b,-0.5584138545166603,0,4,4,3,4
Q489R,489,Q,R,REC1b,-0.3454201311824618,0,6,4,3,4
Q544E,544,Q,E,REC1b,-0.2667619165172933,0,3,5,3,4
Q544H,544,Q,H,REC1b,0.0555812463170063,1,9,5,3,4
Q544K,544,Q,K,REC1b,0.024286865486097,1,1,5,3,4
Q544L,544,Q,L,REC1b,-0.4769042938042267,0,4,5,3,4
Q544P,544,Q,P,REC1b,-0.4765219710138909,0,0,5,3,4
Q544R,544,Q,R,REC1b,-0.0003421986387992,1,5,5,3,4
Q563E,563,Q,E,REC1b,-0.5010066132290476,0,5,2,4,4
Q563H,563,Q,H,REC1b,-0.4628078473705287,0,3,2,4,4
Q563K,563,Q,K,REC1b,-0.6887585065705223,0,0,2,4,4
Q563L,563,Q,L,REC1b,-0.5619921463272988,0,9,2,4,4
Q563P,563,Q,P,REC1b,-0.49938016902762,0,3,2,4,4
Q563R,563,Q,R,REC1b,0.1630500169821451,1,6,2,4,4
Q650E,650,Q,E,REC1b,-0.3553864679506354,0,8,1,4,4
Q650H,650,Q,H,REC1b,-0.2416323979929406,1,8,1,4,4
Q650K,650,Q,K,REC1b,0.3380672481104355,1,7,1,4,4
Q650L,650,Q,L,REC1b,-0.3854700915236432,0,4,1,4,4
Q650P,650,Q,P,REC1b,-0.6344043003125832,0,7,1,4,4
Q650R,650,Q,R,REC1b,0.295206371796019,1,9,1,4,4
Q674E,674,Q,E,REC1b,-0.2360771878926381,1,5,7,4,4
Q674H,674,Q,H,REC1b,0.112834274881008,1,7,7,4,4
Q674K,674,Q,K,REC1b,-0.1119739654571035,1,9,7,4,4
Q674L,674,Q,L,REC1b,-0.5448199057467401,0,3,7,4,4
Q674P,674,Q,P,REC1b,-0.3833097265573148,0,7,7,4,4
Q674R,674,Q,R,REC1b,-0.481777710458476,0,2,7,4,4
Q695E,695,Q,E,REC1b,0.2482662634285489,1,4,1,5,4
Q695H,695,Q,H,REC1b,-0.1333541099538031,1,0,1,5,4
Q695K,695,Q,K,REC1b,-0.0028104539684836,1,1,1,5,4
Q695L,695,Q,L,REC1b,-0.3605505718657027,0,9,1,5,4
Q695P,695,Q,P,REC1b,-0.919273666622476,0,8,1,5,4
Q695R,695,Q,R,REC1b,-0.0661584266667199,1,3,1,5,4
Q709E,709,Q,E,REC1b,-0.7492008883776484,0,0,5,5,4
Q709H,709,Q,H,REC1b,-0.267641214659051,0,1,5,5,4
Q709K,709,Q,K,REC1b,-0.6176779097347894,0,6,5,5,4
Q709L,709,Q,L,REC1b,-0.6997181299965144,0,4,5,5,4
Q709P,709,Q,P,REC1b,-0.7274467956906966,0,0,5,5,4
Q709R,709,Q,R,REC1b,0.0125029374578214,1,9,5,5,4
Q712E,712,Q,E,REC1b,2.5812342198486595,1,1,5,5,4
Q712H,712,Q,H,REC1b,-0.2914976004076519,0,2,5,5,4
Q712K,712,Q,K,REC1b,-0.2298019878013797,1,4,5,5,4
Q712L,712,Q,L,REC1b,-0.1295692979175852,1,8,5,5,4
Q712P,712,Q,P,REC1b,-0.0263485775588148,1,4,5,5,4
Q712R,712,Q,R,REC1b,-0.1817926121380961,1,7,5,5,4
Q716E,716,Q,E,REC1b,-0.333697375089226,0,3,5,5,4
Q716H,716,Q,H,REC1b,-0.2786936847346218,0,5,5,5,4
Q716K,716,Q,K,REC1b,-0.6234266475884396,0,6,5,5,4
Q716L,716,Q,L,REC1b,-0.4943451642571647,0,9,5,5,4
Q716P,716,Q,P,REC1b,-0.1503907630398034,1,4,5,5,4
Q716R,716,Q,R,REC1b,0.1474119205823631,1,9,5,5,4
Q739E,739,Q,E,RuvC-II,-1.0192912086748689,0,1,0,5,5
Q739H,739,Q,H,RuvC-II,-0.5213725327423839,0,9,0,5,5
Q739K,739,Q,K,RuvC-II,-0.3688051352341309,0,4,0,5,5
Q739L,739,Q,L,RuvC-II,-0.7703556687874056,0,8,0,5,5
Q739P,739,Q,P,RuvC-II,-0.4545321360582794,0,1,0,5,5
Q739R,739,Q,R,RuvC-II,-0.5464352384386862,0,7,0,5,5
Q768E,768,Q,E,HNH,0.7010600338476115,1,5,6,5,6
Q768H,768,Q,H,HNH,-0.5805478196100128,0,5,6,5,6
Q768K,768,Q,K,HNH,-0.3909072384289742,0,1,6,5,6
Q768L,768,Q,L,HNH,-0.257502414001885,1,4,6,5,6
Q768P,768,Q,P,HNH,0.0740936031550193,1,8,6,5,6
Q768R,768,Q,R,HNH,0.094659893708566,1,4,6,5,6
Q771E,771,Q,E,HNH,0.1693068093920653,1,7,5,5,6
Q771H,771,Q,H,HNH,-0.2601303603779136,1,0,5,5,6
Q771K,771,Q,K,HNH,-0.3847618228120743,0,8,5,5,6
Q771L,771,Q,L,HNH,-0.5645128999423776,0,5,5,5,6
Q771P,771,Q,P,HNH,0.2482085318650419,1,5,5,5,6
Q771R,771,Q,R,HNH,-0.1358279874477587,1,6,5,5,6
Q774E,774,Q,E,HNH,-0.0960496752151631,1,0,4,5,6
Q774H,774,Q,H,HNH,-0.2380127960110562,1,7,4,5,6
Q774K,774,Q,K,HNH,0.0037086811338053,1,8,4,5,6
Q774L,774,Q,L,HNH,-0.4692046143094081,0,9,4,5,6
Q774P,774,Q,P,HNH,0.3243445082231654,1,9,4,5,6
Q774R,774,Q,R,HNH,-0.2962771247055726,0,7,4,5,6
Q794E,794,Q,E,HNH,0.8201880623243013,1,8,6,5,6
Q794H,794,Q,H,HNH,0.7963818468997655,1,3,6,5,6
Q794K,794,Q,K,HNH,-0.655840066843691,0,6,6,5,6
Q794L,794,Q,L,HNH,-0.3871548630781496,0,9,6,5,6
Q794P,794,Q,P,HNH,-0.2506249820450333,1,6,6,5,6
Q794R,794,Q,R,HNH,-0.6676428454521182,0,8,6,5,6
Q805E,805,Q,E,HNH,-0.9801988897338694,0,7,2,5,6
Q805H,805,Q,H,HNH,-0.0531091891961992,1,5,2,5,6
Q805K,805,Q,K,HNH,-0.7063954881463453,0,8,2,5,6
Q805L,805,Q,L,HNH,0.0251421114412132,1,0,2,5,6
Q805P,805,Q,P,HNH,0.1166036629512124,1,8,2,5,6
Q805R,805,Q,R,HNH,-0.5523435077863428,0,6,2,5,6
Q807E,807,Q,E,HNH,-0.2242810892902833,1,4,4,5,6
Q807H,807,Q,H,HNH,0.1599270809731041,1,0,4,5,6
Q807K,807,Q,K,HNH,0.2840601298279602,1,4,4,5,6
Q807L,807,Q,L,HNH,0.0291371783025001,1,4,4,5,6
Q807P,807,Q,P,HNH,0.4823098064681146,1,1,4,5,6
Q807R,807,Q,R,HNH,0.107139690303773,1,4,4,5,6
Q817E,817,Q,E,HNH,-0.4657989962619283,0,1,0,5,6
Q817H,817,Q,H,HNH,-0.5177680166273111,0,8,0,5,6
Q817K,817,Q,K,HNH,-0.7977807558132137,0,0,0,5,6
Q817L,817,Q,L,HNH,-0.6655229833232092,0,0,0,5,6
Q817P,817,Q,P,HNH,-1.73470654846921,0,9,0,5,6
Q817R,817,Q,R,HNH,-0.3730687437798766,0,6,0,5,6
Q826E,826,Q,E,HNH,0.1634127980279133,1,1,5,6,6
Q826H,826,Q,H,HNH,-0.6458704103784447,0,5,5,6,6
Q826K,826,Q,K,HNH,0.0548789525852868,1,5,5,6,6
Q826L,826,Q,L,HNH,0.5176334831102977,1,8,5,6,6
Q826P,826,Q,P,HNH,-0.816023904359172,0,3,5,6,6
Q826R,826,Q,R,HNH,-0.3915709783364675,0,3,5,6,6
Q83E,83,Q,E,BridgeHelix,-1.0198884433676256,0,1,6,0,1
Q83H,83,Q,H,BridgeHelix,0.0486077302667956,1,2,6,0,1
Q83K,83,Q,K,BridgeHelix,-0.2923868289992362,0,0,6,0,1
Q83L,83,Q,L,BridgeHelix,-0.3288105688874622,0,3,6,0,1
Q83P,83,Q,P,BridgeHelix,-0.8142373960577042,0,8,6,0,1
Q83R,83,Q,R,BridgeHelix,0.0704596145330651,1,8,6,0,1
Q844E,844,Q,E,HNH,0.9715794106711202,1,5,2,6,6
Q844H,844,Q,H,HNH,0.1475698508673208,1,8,2,6,6
Q844K,844,Q,K,HNH,-0.8339487672300623,0,8,2,6,6
Q844L,844,Q,L,HNH,-0.0099797532135114,1,4,2,6,6
Q844P,844,Q,P,HNH,-0.8485163305193952,0,3,2,6,6
Q844R,844,Q,R,HNH,-0.3641920597963117,0,5,2,6,6
Q885E,885,Q,E,HNH,-0.9541972400714792,0,2,6,6,6
Q885H,885,Q,H,HNH,-0.3426584097646626,0,5,6,6,6
Q885K,885,Q,K,HNH,-1.4258182677166906,0,0,6,6,6
Q885L,885,Q,L,HNH,-0.9659317728906712,0,7,6,6,6
Q885P,885,Q,P,HNH,-0.3379005502776286,0,3,6,6,6
Q885R,885,Q,R,HNH,-0.0008655630000582,1,4,6,6,6
Q894E,894,Q,E,HNH,-0.4565939222666794,0,4,6,6,6
Q894H,894,Q,H,HNH,-0.6874861336861482,0,0,6,6,6
Q894K,894,Q,K,HNH,-1.0922961582326505,0,9,6,6,6
Q894L,894,Q,L,HNH,-0.1802762594909941,1,9,6,6,6
Q894P,894,Q,P,HNH,-0.0422039445671013,1,0,6,6,6
Q894R,894,Q,R,HNH,0.0231847022659299,1,2,6,6,6
Q920E,920,Q,E,RuvC-III,0.059544198319022,1,2,3,6,7
Q920H,920,Q,H,RuvC-III,-0.4284045506285644,0,8,3,6,7
Q920K,920,Q,K,RuvC-III,-0.3390051781712531,0,5,3,6,7
Q920L,920,Q,L,RuvC-III,-0.4219281062304585,0,4,3,6,7
Q920P,920,Q,P,RuvC-III,-0.379966482911728,0,8,3,6,7
Q920R,920,Q,R,RuvC-III,-0.6113767961994345,0,9,3,6,7
Q926E,926,Q,E,RuvC-III,-1.2471230397157638,0,3,6,6,7
Q926H,926,Q,H,RuvC-III,-0.1405161968790646,1,5,6,6,7
Q926K,926,Q,K,RuvC-III,-0.5129231222246154,0,0,6,6,7
Q926L,926,Q,L,RuvC-III,0.000716640109307,1,2,6,6,7
Q926P,926,Q,P,RuvC-III,-0.6433608776798392,0,6,6,6,7
Q926R,926,Q,R,RuvC-III,-0.3964461372093222,0,5,6,6,7
Q933E,933,Q,E,RuvC-III,-0.8124013309205192,0,3,9,6,7
Q933H,933,Q,H,RuvC-III,-0.3555633970011572,0,4,9,6,7
Q933K,933,Q,K,RuvC-III,-0.8597810319570468,0,0,9,6,7
Q933L,933,Q,L,RuvC-III,-0.5338822605446153,0,4,9,6,7
Q933P,933,Q,P,RuvC-III,-0.2472610343932053,1,3,9,6,7
Q933R,933,Q,R,RuvC-III,-0.1633597767842602,1,3,9,6,7
Q971E,971,Q,E,RuvC-III,0.9387507791904994,1,9,2,7,7
Q971H,971,Q,H,RuvC-III,0.1706894267128406,1,2,2,7,7
Q971K,971,Q,K,RuvC-III,-0.6807689435670253,0,8,2,7,7
Q971L,971,Q,L,RuvC-III,-0.1550112818923129,1,8,2,7,7
Q971P,971,Q,P,RuvC-III,-1.3539153503063912,0,2,2,7,7
Q971R,971,Q,R,RuvC-III,-0.422269368609026,0,0,2,7,7
R100G,100,R,G,REC1a,-0.3886013114650276,0,6,3,0,2
R100I,100,R,I,REC1a,-0.6574637011097385,0,1,3,0,2
R100K,100,R,K,REC1a,-0.2738845269507459,0,4,3,0,2
R100S,100,R,S,REC1a,-0.0165235183463341,1,4,3,0,2
R100T,100,R,T,REC1a,-0.2077472373056529,1,6,3,0,2
R1019G,1019,R,G,RuvC-III,-0.1749496162074645,1,3,3,7,7
R1019K,1019,R,K,RuvC-III,0.754668661385081,1,9,3,7,7
R1019M,1019,R,M,RuvC-III,-0.2717969077949105,0,6,3,7,7
R1019S,1019,R,S,RuvC-III,0.4539407329585419,1,2,3,7,7
R1019T,1019,R,T,RuvC-III,0.0135919225938729,1,0,3,7,7
R1019W,1019,R,W,RuvC-III,-0.4947700481328356,0,1,3,7,7
R1058G,1058,R,G,RuvC-III,-0.5791465419086718,0,6,4,7,7
R1058L,1058,R,L,RuvC-III,-0.4955173894086979,0,3,4,7,7
R1058P,1058,R,P,RuvC-III,-1.221078220302655,0,4,4,7,7
R1058Q,1058,R,Q,RuvC-III,0.4202520948130426,1,9,4,7,7
R1060G,1060,R,G,RuvC-III,-0.1405462470719794,1,3,6,7,7
R1060L,1060,R,L,RuvC-III,0.6087158620595641,1,0,6,7,7
R1060P,1060,R,P,RuvC-III,-0.5399858682952349,0,7,6,7,7
R1060Q,1060,R,Q,RuvC-III,-0.2543996204715931,1,0,6,7,7
R1060W,1060,R,W,RuvC-III,-0.0484875388892387,1,5,6,7,7
R1078G,1078,R,G,RuvC-III,-0.3353035592005498,0,9,1,7,7
R1078I,1078,R,I,RuvC-III,-0.6161608157682331,0,5,1,7,7
R1078K,1078,R,K,RuvC-III,-0.232304971737669,1,9,1,7,7
R1078S,1078,R,S,RuvC-III,0.2404923960090562,1,5,1,7,7
R1078T,1078,R,T,RuvC-III,-0.1994735792702965,1,7,1,7,7
R1084G,1084,R,G,RuvC-III,-0.5128036526885988,0,7,9,7,7
R1084K,1084,R,K,RuvC-III,-0.3336419268652549,0,6,9,7,7
R1084M,1084,R,M,RuvC-III,-0.3401866278123514,0,0,9,7,7
R1084S,1084,R,S,RuvC-III,-0.1659805299616119,1,2,9,7,7
R1084T,1084,R,T,RuvC-III,0.1586192291590903,1,6,9,7,7
R1084W,1084,R,W,RuvC-III,-0.5769339901083147,0,3,9,7,7
R1114C,1114,R,C,WED,0.1054108243931678,1,6,9,8,8
R1114G,1114,R,G,WED,0.0858200960352869,1,7,9,8,8
R1114H,1114,R,H,WED,0.5644472264570789,1,0,9,8,8
R1114L,1114,R,L,WED,-0.0460503663712149,1,2,9,8,8
R1114P,1114,R,P,WED,-0.6826456355076934,0,8,9,8,8
R1114S,1114,R,S,WED,-0.094752149606534,1,9,9,8,8
R1122G,1122,R,G,WED,-2.1331761297054586,0,1,1,8,8
R1122L,1122,R,L,WED,0.7489099119582965,1,5,1,8,8
R1122P,1122,R,P,WED,-0.1691850488940121,1,4,1,8,8
R1122Q,1122,R,Q,WED,0.504736036728901,1,1,1,8,8
R115G,115,R,G,REC1a,-0.3563088149275754,0,3,0,0,2
R115K,115,R,K,REC1a,-0.1242134035239277,1,0,0,0,2
R115M,115,R,M,REC1a,-0.0869572338659635,1,7,0,0,2
R115S,115,R,S,REC1a,0.7652092549281255,1,1,0,0,2
R115T,115,R,T,REC1a,-0.6206392296434267,0,0,0,0,2
R115W,115,R,W,REC1a,1.0587286843512684,1,9,0,0,2
R1171G,1171,R,G,WED,0.5827840180229745,1,3,9,8,8
R1171I,1171,R,I,WED,-0.0473533528422624,1,2,9,8,8
R1171K,1171,R,K,WED,0.0313486811159111,1,6,9,8,8
R1171S,1171,R,S,WED,0.0025255626323091,1,0,9,8,8
R1171T,1171,R,T,WED,0.7936571233965809,1,4,9,8,8
R1210G,1210,R,G,TOPO,0.6228639978199846,1,3,2,8,9
R1210I,1210,R,I,TOPO,0.417655008861135,1,0,2,8,9
R1210K,1210,R,K,TOPO,-0.2164764695456209,1,7,2,8,9
R1210S,1210,R,S,TOPO,0.1684963231467929,1,4,2,8,9
R1210T,1210,R,T,TOPO,0.3361535290939597,1,9,2,8,9
R1212G,1212,R,G,TOPO,0.3213241960935129,1,3,3,8,9
R1212K,1212,R,K,TOPO,0.0684523272016245,1,0,3,8,9
R1212M,1212,R,M,TOPO,-0.0341627392812616,1,0,3,8,9
R1212S,1212,R,S,TOPO,-0.8116809467971418,0,2,3,8,9
R1212T,1212,R,T,TOPO,0.5415219478518837,1,2,3,8,9
R1212W,1212,R,W,TOPO,0.8195773627754134,1,2,3,8,9
R1279G,1279,R,G,CTD-PI,-0.0068472746299366,1,0,4,9,10
R1279I,1279,R,I,CTD-PI,0.0688496165566187,1,9,4,9,10
R1279K,1279,R,K,CTD-PI,-0.1617207652952567,1,4,4,9,10
R1279S,1279,R,S,CTD-PI,-0.381885742553448,0,6,4,9,10
R1279T,1279,R,T,CTD-PI,0.1572898462098112,1,3,4,9,10
R1298G,1298,R,G,CTD-PI,-0.6982540555168039,0,4,4,9,10
R1298L,1298,R,L,CTD-PI,-0.4126011695903866,0,3,4,9,10
R1298P,1298,R,P,CTD-PI,0.5912346104648015,1,8,4,9,10
R1298Q,1298,R,Q,CTD-PI,-0.0441014127714738,1,1,4,9,10
R1298W,1298,R,W,CTD-PI,-0.4407334107767541,0,2,4,9,10
R1303G,1303,R,G,CTD-PI,-0.107195683981209,1,8,9,9,10
R1303I,1303,R,I,CTD-PI,-0.426011117338864,0,7,9,9,10
R1303K,1303,R,K,CTD-PI,-0.3065675651339202,0,7,9,9,10
R1303S,1303,R,S,CTD-PI,-0.5302585367673325,0,8,9,9,10
R1303T,1303,R,T,CTD-PI,-0.2476738760803518,1,2,9,9,10
R1333C,1333,R,C,CTD-PI,0.3528479447210223,1,7,5,9,10
R1333G,1333,R,G,CTD-PI,-0.3259663739116083,0,8,5,9,10
R1333H,1333,R,H,CTD-PI,-0.6523270417256282,0,0,5,9,10
R1333L,1333,R,L,CTD-PI,-0.4950685541458521,0,1,5,9,10
R1333P,1333,R,P,CTD-PI,-0.2902487622573538,0,6,5,9,10
R1333S,1333,R,S,CTD-PI,-0.3049146724167904,0,0,5,9,10
R1335G,1335,R,G,CTD-PI,-0.3831160102158252,0,7,7,9,10
R1335L,1335,R,L,CTD-PI,-1.4653090024766875,0,7,7,9,10
R1335P,1335,R,P,CTD-PI,-0.91094754382354,0,4,7,9,10
R1335Q,1335,R,Q,CTD-PI,-1.0912330568715742,0,9,7,9,10
R1359G,1359,R,G,CTD-PI,-0.1090067552312651,1,5,4,9,10
R1359I,1359,R,I,CTD-PI,0.2390579605263036,1,7,4,9,10
R1359K,1359,R,K,CTD-PI,-0.3203263595899563,0,9,4,9,10
R1359S,1359,R,S,CTD-PI,0.0973299633798637,1,6,4,9,10
R1359T,1359,R,T,CTD-PI,0.329545122655438,1,9,4,9,10
R139G,139,R,G,REC1a,-0.1928346731999463,1,8,6,1,2
R139L,139,R,L,REC1a,-0.2931524369756296,0,1,6,1,2
R139P,139,R,P,REC1a,-0.6508879598039506,0,6,6,1,2
R139Q,139,R,Q,REC1a,-0.2109600907064345,1,3,6,1,2
R139W,139,R,W,REC1a,-0.6546102323055429,0,7,6,1,2
R152G,152,R,G,REC1a,-0.566233409396234,0,0,7,1,2
R152I,152,R,I,REC1a,-0.472442351422871,0,1,7,1,2
R152K,152,R,K,REC1a,-0.1263747760078867,1,9,7,1,2
R152S,152,R,S,REC1a,-0.4278434029822711,0,3,7,1,2
R152T,152,R,T,REC1a,-0.1990275953022508,1,4,7,1,2
R165G,165,R,G,REC1a,-0.3465814246314662,0,1,8,1,2
R165K,165,R,K,REC1a,-0.3554125937944861,0,3,8,1,2
R165M,165,R,M,REC1a,-0.3748793972019755,0,9,8,1,2
R165S,165,R,S,REC1a,-0.7582617833591062,0,3,8,1,2
R165T,165,R,T,REC1a,-0.4679386514225687,0,5,8,1,2
R165W,165,R,W,REC1a,-0.8192064154632538,0,5,8,1,2
R215C,215,R,C,REC2,0.2017612748483852,1,2,3,1,3
R215G,215,R,G,REC2,-0.9956217221006736,0,4,3,1,3
R215H,215,R,H,REC2,0.0737280267491185,1,0,3,1,3
R215L,215,R,L,REC2,-0.3040212111253372,0,6,3,1,3
R215P,215,R,P,REC2,0.2042378379872216,1,0,3,1,3
R215S,215,R,S,REC2,-0.5444106102683448,0,9,3,1,3
R220G,220,R,G,REC2,-0.646366319670712,0,2,5,1,3
R220L,220,R,L,REC2,-0.2605935096862054,1,0,5,1,3
R220P,220,R,P,REC2,-1.3334343165716998,0,9,5,1,3
R220Q,220,R,Q,REC2,0.4410360372814637,1,9,5,1,3
R220W,220,R,W,REC2,-0.294318236407014,0,1,5,1,3
R221G,221,R,G,REC2,-0.7139414976071418,0,9,5,1,3
R221I,221,R,I,REC2,-0.5084953171901163,0,5,5,1,3
R221K,221,R,K,REC2,0.5100406342473114,1,9,5,1,3
R221S,221,R,S,REC2,0.0656702280077735,1,9,5,1,3
R221T,221,R,T,REC2,-0.8564186206104234,0,3,5,1,3
R307G,307,R,G,REC2,-0.8517727504703355,0,3,3,2,3
R307I,307,R,I,REC2,-0.1162891185699106,1,4,3,2,3
R307K,307,R,K,REC2,0.0592768800497171,1,5,3,2,3
R307S,307,R,S,REC2,-0.391971844558927,0,6,3,2,3
R307T,307,R,T,REC2,-0.3000613292888571,0,2,3,2,3
R324G,324,R,G,REC1b,-0.1611206579655524,1,1,4,2,4
R324L,324,R,L,REC1b,-0.0868682219566507,1,6,4,2,4
R324P,324,R,P,REC1b,0.5890552165774102,1,6,4,2,4
R324Q,324,R,Q,REC1b,-0.3789257872618754,0,1,4,2,4
R324W,324,R,W,REC1b,0.195023152259723,1,4,4,2,4
R340G,340,R,G,REC1b,-0.2793446409317976,0,3,7,2,4
R340L,340,R,L,REC1b,-0.4587826319792825,0,6,7,2,4
R340P,340,R,P,REC1b,0.0302554487433382,1,6,7,2,4
R340Q,340,R,Q,REC1b,0.1187295642566663,1,8,7,2,4
R340W,340,R,W,REC1b,0.2347459444905877,1,2,7,2,4
R395G,395,R,G,REC1b,0.2122415930050164,1,0,5,2,4
R395K,395,R,K,REC1b,-0.4762421740450676,0,9,5,2,4
R395M,395,R,M,REC1b,-0.3721809671837087,0,8,5,2,4
R395S,395,R,S,REC1b,-0.4633633460517483,0,4,5,2,4
R395T,395,R,T,REC1b,-0.3859867667087391,0,0,5,2,4
R395W,395,R,W,REC1b,-0.9347822878981352,0,2,5,2,4
R400G,400,R,G,REC1b,-0.5154627961611132,0,2,7,2,4
R400K,400,R,K,REC1b,0.0891748807881834,1,3,7,2,4
R400M,400,R,M,REC1b,0.0592290605578904,1,5,7,2,4
R400S,400,R,S,REC1b,-0.5419025337636524,0,5,7,2,4
R400T,400,R,T,REC1b,0.2801957176860037,1,4,7,2,4
R400W,400,R,W,REC1b,-0.4194998524161729,0,7,7,2,4
R403C,403,R,C,REC1b,-0.0734303499449634,1,5,3,2,4
R403G,403,R,G,REC1b,-0.7226370194355487,0,0,3,2,4
R403H,403,R,H,REC1b,-0.021515801080978,1,9,3,2,4
R403L,403,R,L,REC1b,-0.8665807425904308,0,1,3,2,4
R403P,403,R,P,REC1b,-0.6191419304288762,0,2,3,2,4
R403S,403,R,S,REC1b,-0.6477016607770235,0,8,3,2,4
R40C,40,R,C,RuvC-I,-0.348315529332986,0,3,2,0,0
R40G,40,R,G,RuvC-I,-0.5141244223030664,0,8,2,0,0
R40H,40,R,H,RuvC-I,-0.3373090515608375,0,9,2,0,0
R40L,40,R,L,RuvC-I,-0.6966114171116347,0,1,2,0,0
R40P,40,R,P,RuvC-I,0.0692668689698104,1,9,2,0,0
R40S,40,R,S,RuvC-I,-1.1614239786208875,0,6,2,0,0
R424G,424,R,G,REC1b,0.0646272200159593,1,2,2,3,4
R424K,424,R,K,REC1b,0.1966860945237792,1,5,2,3,4
R424M,424,R,M,REC1b,0.0615653217096703,1,0,2,3,4
R424S,424,R,S,REC1b,-0.1113989198389252,1,1,2,3,4
R424T,424,R,T,REC1b,-1.2352907512208593,0,7,2,3,4
R424W,424,R,W,REC1b,-0.0639384545552876,1,3,2,3,4
R425C,425,R,C,REC1b,-0.2948406881673919,0,1,3,3,4
R425G,425,R,G,REC1b,0.4122638884888864,1,6,3,3,4
R425H,425,R,H,REC1b,-0.4783313270499393,0,0,3,3,4
R425L,425,R,L,REC1b,-0.850311003627967,0,2,3,3,4
R425P,425,R,P,REC1b,-0.3119985962056321,0,5,3,3,4
R425S,425,R,S,REC1b,-0.0069438003838153,1,9,3,3,4
R437G,437,R,G,REC1b,-0.0454354869382774,1,8,9,3,4
R437K,437,R,K,REC1b,0.6554478540665493,1,9,9,3,4
R437M,437,R,M,REC1b,-0.5985575859661186,0,3,9,3,4
R437S,437,R,S,REC1b,-0.6580412224229981,0,9,9,3,4
R437T,437,R,T,REC1b,-0.2620899857414778,1,8,9,3,4
R437W,437,R,W,REC1b,-0.2241413739227996,1,6,9,3,4
R447C,447,R,C,REC1b,-0.6851236626168896,0,5,5,3,4
R447G,447,R,G,REC1b,-1.4826526360620085,0,1,5,3,4
R447H,447,R,H,REC1b,-0.1963378717427049,1,6,5,3,4
R447L,447,R,L,REC1b,0.2735161515070757,1,8,5,3,4
R447P,447,R,P,REC1b,-0.4449293546883324,0,5,5,3,4
R447S,447,R,S,REC1b,-0.6214803407593252,0,7,5,3,4
R457G,457,R,G,REC1b,-0.1607158552187132,1,3,5,3,4
R457I,457,R,I,REC1b,0.235833779928028,1,8,5,3,4
R457K,457,R,K,REC1b,0.1411363786333545,1,9,5,3,4
R457S,457,R,S,REC1b,0.8082911562455539,1,0,5,3,4
R457T,457,R,T,REC1b,0.1138695128643612,1,4,5,3,4
R461G,461,R,G,REC1b,-0.1612391167243572,1,6,6,3,4
R461K,461,R,K,REC1b,-0.1287670576749315,1,5,6,3,4
R461M,461,R,M,REC1b,0.0167472391510427,1,2,6,3,4
R461S,461,R,S,REC1b,0.1805388426488602,1,5,6,3,4
R461T,461,R,T,REC1b,-0.1154906292492573,1,8,6,3,4
R461W,461,R,W,REC1b,-0.1132491737895238,1,1,6,3,4
R467G,467,R,G,REC1b,0.1919808162415336,1,9,1,3,4
R467I,467,R,I,REC1b,-0.2844350319084591,0,5,1,3,4
R467K,467,R,K,REC1b,-0.1246328410497497,1,8,1,3,4
R467S,467,R,S,REC1b,0.2037619399552946,1,7,1,3,4
R467T,467,R,T,REC1b,-0.4840082394803358,0,9,1,3,4
R494G,494,R,G,REC1b,0.0357107143322763,1,2,7,3,4
R494K,494,R,K,REC1b,0.0421404925798736,1,3,7,3,4
R494M,494,R,M,REC1b,0.8618904989835992,1,9,7,3,4
R494S,494,R,S,REC1b,-0.3696583545158293,0,7,7,3,4
R494T,494,R,T,REC1b,-0.3508707003689711,0,8,7,3,4
R494W,494,R,W,REC1b,1.2907939990477943,1,6,7,3,4
R535C,535,R,C,REC1b,-0.1169053919562885,1,4,1,3,4
R535G,535,R,G,REC1b,-0.3895359347527329,0,7,1,3,4
R535H,535,R,H,REC1b,-0.3201729629210172,0,6,1,3,4
R535L,535,R,L,REC1b,-0.3282905170113175,0,9,1,3,4
R535P,535,R,P,REC1b,-0.6193011884352418,0,2,1,3,4
R535S,535,R,S,REC1b,-0.6158885426024361,0,7,1,3,4
R557G,557,R,G,REC1b,-0.5450237751911826,0,4,0,4,4
R557L,557,R,L,REC1b,0.0473950226894063,1,0,0,4,4
R557P,557,R,P,REC1b,-0.3793053941150177,0,9,0,4,4
R557Q,557,R,Q,REC1b,-0.327209320621474,0,7,0,4,4
R557W,557,R,W,REC1b,-0.271584935506926,0,6,0,4,4
R586G,586,R,G,REC1b,-0.6240640962142948,0,5,5,4,4
R586L,586,R,L,REC1b,0.0117569501651498,1,5,5,4,4
R586P,586,R,P,REC1b,-0.5174228270534548,0,6,5,4,4
R586Q,586,R,Q,REC1b,-0.1351763185777711,1,0,5,4,4
R586W,586,R,W,REC1b,-0.0285397383037234,1,8,5,4,4
R629G,629,R,G,REC1b,0.051089017430009,1,2,9,4,4
R629K,629,R,K,REC1b,-0.3723310982632864,0,3,9,4,4
R629M,629,R,M,REC1b,-0.2055795984046444,1,1,9,4,4
R629S,629,R,S,REC1b,-0.0909697838635109,1,5,9,4,4
R629T,629,R,T,REC1b,-0.8208195268039661,0,1,9,4,4
R629W,629,R,W,REC1b,-0.2420288533173548,1,4,9,4,4
R635C,635,R,C,REC1b,-0.2157242210825161,1,3,5,4,4
R635G,635,R,G,REC1b,-0.0250924410466013,1,5,5,4,4
R635H,635,R,H,REC1b,-0.5486403630791004,0,4,5,4,4
R635L,635,R,L,REC1b,-0.152359071055906,1,7,5,4,4
R635P,635,R,P,REC1b,-0.3850745427429694,0,7,5,4,4
R635S,635,R,S,REC1b,-0.7579046271776656,0,7,5,4,4
R63G,63,R,G,BridgeHelix,-0.009972805922117,1,8,2,0,1
R63L,63,R,L,BridgeHelix,-0.0430253874961695,1,7,2,0,1
R63P,63,R,P,BridgeHelix,-0.2235976331379905,1,8,2,0,1
R63Q,63,R,Q,BridgeHelix,-0.184528068459398,1,1,2,0,1
R63W,63,R,W,BridgeHelix,0.198319418369477,1,2,2,0,1
R653G,653,R,G,REC1b,0.0156575638695074,1,8,0,4,4
R653L,653,R,L,REC1b,-0.7301909528929434,0,4,0,4,4
R653P,653,R,P,REC1b,1.568653528881378,1,7,0,4,4
R653Q,653,R,Q,REC1b,0.1344486188645763,1,0,0,4,4
R654G,654,R,G,REC1b,-0.4937622149129514,0,7,9,4,4
R654L,654,R,L,REC1b,-0.5200315011814056,0,9,9,4,4
R654P,654,R,P,REC1b,-0.1378311958865328,1,2,9,4,4
R654Q,654,R,Q,REC1b,-0.3668873475039915,0,0,9,4,4
R654W,654,R,W,REC1b,0.0201187411705934,1,5,9,4,4
R655G,655,R,G,REC1b,0.0036718921976458,1,5,1,4,4
R655I,655,R,I,REC1b,-0.9741782643769747,0,0,1,4,4
R655K,655,R,K,REC1b,0.004017365304677,1,4,1,4,4
R655S,655,R,S,REC1b,-0.2841732118122734,0,1,1,4,4
R655T,655,R,T,REC1b,-0.5538464654286177,0,7,1,4,4
R661G,661,R,G,REC1b,0.2499549892669497,1,2,7,4,4
R661L,661,R,L,REC1b,-0.7178103410881617,0,9,7,4,4
R661P,661,R,P,REC1b,1.19952780392532,1,9,7,4,4
R661Q,661,R,Q,REC1b,0.0562800476923545,1,5,7,4,4
R664G,664,R,G,REC1b,-0.4712181373286868,0,7,9,4,4
R664L,664,R,L,REC1b,-0.6467914011641184,0,5,9,4,4
R664P,664,R,P,REC1b,-0.3791276696592708,0,2,9,4,4
R664Q,664,R,Q,REC1b,0.0009760395101863,1,1,9,4,4
R664W,664,R,W,REC1b,-0.0856769525248806,1,6,9,4,4
R66G,66,R,G,BridgeHelix,-0.6216791590124054,0,8,7,0,1
R66I,66,R,I,BridgeHelix,-0.5190620334300761,0,8,7,0,1
R66K,66,R,K,BridgeHelix,-0.3258159577531446,0,9,7,0,1
R66S,66,R,S,BridgeHelix,-1.6721549659120545,0,9,7,0,1
R66T,66,R,T,BridgeHelix,-0.268100459896857,0,7,7,0,1
R671G,671,R,G,REC1b,-0.3935534967363482,0,8,8,4,4
R671I,671,R,I,REC1b,-0.5042434728996813,0,3,8,4,4
R671K,671,R,K,REC1b,-0.1205604063617749,1,3,8,4,4
R671S,671,R,S,REC1b,-0.2883103553461412,0,8,8,4,4
R671T,671,R,T,REC1b,-0.7074711788724526,0,3,8,4,4
R691G,691,R,G,REC1b,0.6502735520416867,1,4,3,5,4
R691K,691,R,K,REC1b,-0.0786761201520653,1,9,3,5,4
R691M,691,R,M,REC1b,0.1317542343681595,1,1,3,5,4
R691S,691,R,S,REC1b,1.7512033857077256,1,1,3,5,4
R691T,691,R,T,REC1b,0.4758055680974591,1,0,3,5,4
R691W,691,R,W,REC1b,0.2421469608900188,1,9,3,5,4
R69G,69,R,G,BridgeHelix,-1.5447885882595729,0,3,7,0,1
R69L,69,R,L,BridgeHelix,-0.3812150604701506,0,9,7,0,1
R69P,69,R,P,BridgeHelix,-1.5447137927530297,0,6,7,0,1
R69Q,69,R,Q,BridgeHelix,-0.510766460829692,0,5,7,0,1
R69W,69,R,W,BridgeHelix,-0.8461693057428494,0,3,7,0,1
R70G,70,R,G,BridgeHelix,-0.8256473750891585,0,5,8,0,1
R70I,70,R,I,BridgeHelix,-0.9068592493681258,0,4,8,0,1
R70K,70,R,K,BridgeHelix,-0.6962922634284678,0,2,8,0,1
R70S,70,R,S,BridgeHelix,-0.3563077537654899,0,6,8,0,1
R70T,70,R,T,BridgeHelix,-0.3516440920410217,0,5,8,0,1
R71G,71,R,G,BridgeHelix,-0.1145430795896266,1,5,2,0,1
R71K,71,R,K,BridgeHelix,-0.7813312507541792,0,3,2,0,1
R71M,71,R,M,BridgeHelix,-0.093426475038859,1,6,2,0,1
R71S,71,R,S,BridgeHelix,0.1793444710173347,1,2,2,0,1
R71T,71,R,T,BridgeHelix,-0.6315947642810742,0,4,2,0,1
R71W,71,R,W,BridgeHelix,0.4910427539932643,1,1,2,0,1
R74C,74,R,C,BridgeHelix,-0.4243882013443111,0,4,2,0,1
R74G,74,R,G,BridgeHelix,-0.0480649668922726,1,5,2,0,1
R74H,74,R,H,BridgeHelix,-0.956002580731349,0,5,2,0,1
R74L,74,R,L,BridgeHelix,-0.0284110762593988,1,1,2,0,1
R74P,74,R,P,BridgeHelix,0.1650686531618102,1,7,2,0,1
R74S,74,R,S,BridgeHelix,-0.866592800869134,0,7,2,0,1
R753C,753,R,C,RuvC-II,-0.2754478351186222,0,9,5,5,5
R753G,753,R,G,RuvC-II,0.767337031378174,1,4,5,5,5
R753H,753,R,H,RuvC-II,-0.0448193508652433,1,4,5,5,5
R753L,753,R,L,RuvC-II,-0.6105498178597583,0,4,5,5,5
R753P,753,R,P,RuvC-II,0.1869573182414987,1,5,5,5,5
R753S,753,R,S,RuvC-II,0.9280253425489084,1,2,5,5,5
R75G,75,R,G,BridgeHelix,-1.0064084328677938,0,2,0,0,1
R75L,75,R,L,BridgeHelix,-0.8323703007232016,0,1,0,0,1
R75P,75,R,P,BridgeHelix,-0.3278977178624132,0,4,0,0,1
R75Q,75,R,Q,BridgeHelix,-0.181056329533142,1,9,0,0,1
R765G,765,R,G,RuvC-II,1.3221416103763766,1,8,0,5,5
R765L,765,R,L,RuvC-II,0.0208647029459504,1,8,0,5,5
R765P,765,R,P,RuvC-II,-1.2015277183904975,0,3,0,5,5
R765Q,765,R,Q,RuvC-II,-0.0667714384756786,1,2,0,5,5
R778G,778,R,G,HNH,-0.4706136549030771,0,9,8,5,6
R778K,778,R,K,HNH,-0.2728152536778701,0,4,8,5,6
R778M,778,R,M,HNH,-0.6713178736728359,0,7,8,5,6
R778S,778,R,S,HNH,-0.2373855641641,1,7,8,5,6
R778T,778,R,T,HNH,-0.5098544509787195,0,2,8,5,6
R778W,778,R,W,HNH,-0.1905918950487106,1,7,8,5,6
R780C,780,R,C,HNH,-0.1142357535209437,1,9,1,5,6
R780G,780,R,G,HNH,-0.330271722091529,0,6,1,5,6
R780H,780,R,H,HNH,0.1364337563443278,1,8,1,5,6
R780L,780,R,L,HNH,-0.5640761984044991,0,7,1,5,6
R780P,780,R,P,HNH,-0.2043019227291846,1,8,1,5,6
R780S,780,R,S,HNH,-0.3593351454200308,0,6,1,5,6
R783C,783,R,C,HNH,-0.2829377784418814,0,7,5,5,6
R783G,783,R,G,HNH,-0.4304236344313354,0,9,5,5,6
R783H,783,R,H,HNH,-0.3179373088878762,0,3,5,5,6
R783L,783,R,L,HNH,-0.3050533353811511,0,8,5,5,6
R783P,783,R,P,HNH,-0.348774712810469,0,5,5,5,6
R783S,783,R,S,HNH,-0.8298665265742439,0,7,5,5,6
R78G,78,R,G,BridgeHelix,-0.3277507423058928,0,3,7,0,1
R78L,78,R,L,BridgeHelix,-0.6143343191838014,0,4,7,0,1
R78P,78,R,P,BridgeHelix,-0.5513245216580009,0,9,7,0,1
R78Q,78,R,Q,BridgeHelix,-0.6233794587868087,0,3,7,0,1
R78W,78,R,W,BridgeHelix,-0.759701624521083,0,2,7,0,1
R820G,820,R,G,HNH,-0.5453808811765429,0,1,6,5,6
R820K,820,R,K,HNH,0.3249418675389737,1,7,6,5,6
R820M,820,R,M,HNH,0.0188144918367123,1,7,6,5,6
R820S,820,R,S,HNH,-0.6401091901212324,0,8,6,5,6
R820T,820,R,T,HNH,-0.3270924659850897,0,4,6,5,6
R820W,820,R,W,HNH,-0.159049753463514,1,7,6,5,6
R832C,832,R,C,HNH,-0.2073270799670815,1,0,2,6,6
R832G,832,R,G,HNH,0.1089691468409505,1,9,2,6,6
R832H,832,R,H,HNH,-0.0866986416591247,1,6,2,6,6
R832L,832,R,L,HNH,0.3324322953480068,1,7,2,6,6
R832P,832,R,P,HNH,-0.8877423007386229,0,0,2,6,6
R832S,832,R,S,HNH,-0.3371533825674567,0,6,2,6,6
R859C,859,R,C,HNH,-0.1383958951325733,1,1,1,6,6
R859G,859,R,G,HNH,0.2529970194178885,1,1,1,6,6
R859H,859,R,H,HNH,0.5979817075731675,1,9,1,6,6
R859L,859,R,L,HNH,0.284632597574588,1,3,1,6,6
R859P,859,R,P,HNH,-0.0383075598171962,1,3,1,6,6
R859S,859,R,S,HNH,-0.4522597150209796,0,6,1,6,6
R864G,864,R,G,HNH,-0.809122554063044,0,9,6,6,6
R864L,864,R,L,HNH,-0.7727890154913581,0,1,6,6,6
R864P,864,R,P,HNH,-0.6023055874731211,0,4,6,6,6
R864Q,864,R,Q,HNH,-0.7502816160817887,0,7,6,6,6
R884G,884,R,G,HNH,-1.2154466436898168,0,5,1,6,6
R884L,884,R,L,HNH,-0.5160601283517436,0,9,1,6,6
R884P,884,R,P,HNH,-0.1632710697596205,1,1,1,6,6
R884Q,884,R,Q,HNH,-0.1335237263655687,1,7,1,6,6
R884W,884,R,W,HNH,0.1625760132684721,1,0,1,6,6
R895G,895,R,G,HNH,-0.3856238619322851,0,5,2,6,6
R895L,895,R,L,HNH,0.0685488865642622,1,8,2,6,6
R895P,895,R,P,HNH,-1.1538435347721858,0,4,2,6,6
R895Q,895,R,Q,HNH,0.0353820226290628,1,3,2,6,6
R905G,905,R,G,HNH,0.5591466044584983,1,5,8,6,6
R905L,905,R,L,HNH,-0.299410916273725,0,7,8,6,6
R905P,905,R,P,HNH,-0.2095039439205876,1,5,8,6,6
R905Q,905,R,Q,HNH,0.3094845193971647,1,9,8,6,6
R905W,905,R,W,HNH,-0.0661636742638689,1,8,8,6,6
R919G,919,R,G,RuvC-III,0.2843952639538561,1,8,1,6,7
R919L,919,R,L,RuvC-III,-0.3929738495619297,0,1,1,6,7
R919P,919,R,P,RuvC-III,-1.9178153578455155,0,0,1,6,7
R919Q,919,R,Q,RuvC-III,-0.098387603487336,1,3,1,6,7
R925G,925,R,G,RuvC-III,-0.2353386040507405,1,7,1,6,7
R925L,925,R,L,RuvC-III,-0.2912011736617659,0,2,1,6,7
R925P,925,R,P,RuvC-III,-0.3352563537397015,0,0,1,6,7
R925Q,925,R,Q,RuvC-III,0.4218168138750799,1,2,1,6,7
R925W,925,R,W,RuvC-III,-0.0976490581174663,1,6,1,6,7
R938C,938,R,C,RuvC-III,-0.2403043135449875,1,4,0,6,7
R938G,938,R,G,RuvC-III,-1.0309733936877012,0,5,0,6,7
R938H,938,R,H,RuvC-III,0.1233399726491882,1,6,0,6,7
R938L,938,R,L,RuvC-III,0.498352637705374,1,3,0,6,7
R938P,938,R,P,RuvC-III,-0.6621120344878718,0,2,0,6,7
R938S,938,R,S,RuvC-III,-0.7620303976272419,0,0,0,6,7
R951G,951,R,G,RuvC-III,0.0328886029267821,1,0,5,6,7
R951L,951,R,L,RuvC-III,-0.734421748871737,0,3,5,6,7
R951P,951,R,P,RuvC-III,-0.8329116122711004,0,6,5,6,7
R951Q,951,R,Q,RuvC-III,-0.0799413131019226,1,0,5,6,7
R951W,951,R,W,RuvC-III,-0.7847204632808402,0,3,5,6,7
R967G,967,R,G,RuvC-III,-0.4041326570864491,0,2,2,7,7
R967L,967,R,L,RuvC-III,-0.1937091900052094,1,8,2,7,7
R967P,967,R,P,RuvC-III,-0.0677218683510087,1,3,2,7,7
R967Q,967,R,Q,RuvC-III,-0.3726077193465862,0,0,2,7,7
R967W,967,R,W,RuvC-III,-0.9099235960161398,0,7,2,7,7
R976G,976,R,G,RuvC-III,-0.478071657702919,0,2,0,7,7
R976I,976,R,I,RuvC-III,-0.7534324353843843,0,8,0,7,7
R976K,976,R,K,RuvC-III,-0.0222748001124918,1,5,0,7,7
R976S,976,R,S,RuvC-III,-0.6903068995819477,0,8,0,7,7
R976T,976,R,T,RuvC-III,-1.8929038970208143,0,8,0,7,7
S1006C,1006,S,C,RuvC-III,-0.1226880227374411,1,0,0,7,7
S1006G,1006,S,G,RuvC-III,0.2940029953939163,1,9,0,7,7
S1006I,1006,S,I,RuvC-III,-0.4243649365820012,0,9,0,7,7
S1006N,1006,S,N,RuvC-III,-0.0844659713331738,1,4,0,7,7
S1006R,1006,S,R,RuvC-III,0.4069570246432001,1,7,0,7,7
S1006T,1006,S,T,RuvC-III,-1.1795236475141768,0,3,0,7,7
S1025A,1025,S,A,RuvC-III,-0.0463295397639155,1,8,2,7,7
S1025C,1025,S,C,RuvC-III,-0.1204060234852864,1,0,2,7,7
S1025F,1025,S,F,RuvC-III,-0.5163346998164257,0,9,2,7,7
S1025P,1025,S,P,RuvC-III,-0.2768346068876832,0,8,2,7,7
S1025T,1025,S,T,RuvC-III,0.1245569379158418,1,0,2,7,7
S1025Y,1025,S,Y,RuvC-III,-0.7884861569407629,0,7,2,7,7
S1040C,1040,S,C,RuvC-III,-0.5806656705566804,0,8,2,7,7
S1040G,1040,S,G,RuvC-III,-0.5800556415820348,0,1,2,7,7
S1040I,1040,S,I,RuvC-III,-0.5478194342346882,0,9,2,7,7
S1040N,1040,S,N,RuvC-III,-0.5972855353112396,0,9,2,7,7
S1040R,1040,S,R,RuvC-III,-0.8156860219421983,0,2,2,7,7
S1040T,1040,S,T,RuvC-III,0.6072733356090376,1,1,2,7,7
S104A,104,S,A,REC1a,-0.329464950869985,0,8,2,0,2
S104C,104,S,C,REC1a,1.6950263956417944,1,1,2,0,2
S104F,104,S,F,REC1a,0.1549181307048986,1,9,2,0,2
S104P,104,S,P,REC1a,-0.1982204175917325,1,0,2,0,2
S104T,104,S,T,REC1a,0.6497764889632173,1,6,2,0,2
S104Y,104,S,Y,REC1a,0.3539894778067277,1,2,2,0,2
S1088C,1088,S,C,RuvC-III,0.0736997908024445,1,8,7,7,7
S1088G,1088,S,G,RuvC-III,-0.2252227000514055,1,1,7,7,7
S1088I,1088,S,I,RuvC-III,-0.3380837071931198,0,4,7,7,7
S1088N,1088,S,N,RuvC-III,0.1820378206992041,1,3,7,7,7
S1088R,1088,S,R,RuvC-III,-0.011959772844646,1,7,7,7,7
S1088T,1088,S,T,RuvC-III,-0.4327979740237215,0,4,7,7,7
S1106C,1106,S,C,WED,-0.7367960503225169,0,5,8,8,8
S1106G,1106,S,G,WED,-0.1508881399732371,1,7,8,8,8
S1106I,1106,S,I,WED,0.8476446120377679,1,6,8,8,8
S1106N,1106,S,N,WED,-0.0684165694623362,1,8,8,8,8
S1106R,1106,S,R,WED,-0.9475529206026648,0,0,8,8,8
S1106T,1106,S,T,WED,0.1802155569578386,1,4,8,8,8
S1109A,1109,S,A,WED,0.0133234335453537,1,3,8,8,8
S1109L,1109,S,L,WED,1.0410120538447756,1,9,8,8,8
S1109P,1109,S,P,WED,0.4581082762182503,1,2,8,8,8
S1109T,1109,S,T,WED,-0.4582975940998569,0,2,8,8,8
S1116A,1116,S,A,WED,0.0435930541867659,1,7,0,8,8
S1116C,1116,S,C,WED,0.6488665200041126,1,8,0,8,8
S1116F,1116,S,F,WED,0.1902467268571974,1,5,0,8,8
S1116P,1116,S,P,WED,1.572505666289044,1,1,0,8,8
S1116T,1116,S,T,WED,-0.3887540594319716,0,4,0,8,8
S1116Y,1116,S,Y,WED,0.4883647724484261,1,1,0,8,8
S1136A,1136,S,A,WED,-1.0144628859480689,0,0,2,8,8
S1136C,1136,S,C,WED,0.1815086299400836,1,3,2,8,8
S1136F,1136,S,F,WED,0.0980926217524462,1,2,2,8,8
S1136P,1136,S,P,WED,0.1187925775262874,1,0,2,8,8
S1136T,1136,S,T,WED,-0.1668305791129577,1,8,2,8,8
S1136Y,1136,S,Y,WED,-0.08517877349033,1,9,2,8,8
S1142A,1142,S,A,WED,-0.0981220816428799,1,8,5,8,8
S1142C,1142,S,C,WED,0.514655762008329,1,6,5,8,8
S1142F,1142,S,F,WED,-0.4641944031198885,0,7,5,8,8
S1142P,1142,S,P,WED,0.316915417635964,1,1,5,8,8
S1142T,1142,S,T,WED,-0.3644578505669249,0,7,5,8,8
S1142Y,1142,S,Y,WED,-0.0747077829639273,1,8,5,8,8
S1154C,1154,S,C,WED,-0.0435914391928898,1,5,2,8,8
S1154G,1154,S,G,WED,-0.067203499351582,1,4,2,8,8
S1154I,1154,S,I,WED,-0.0467378210806676,1,2,2,8,8
S1154N,1154,S,N,WED,0.1974314841598993,1,8,2,8,8
S1154R,1154,S,R,WED,0.2324539872820317,1,5,2,8,8
S1154T,1154,S,T,WED,-0.514886656819074,0,2,2,8,8
S1159A,1159,S,A,WED,-0.7589418201152188,0,7,6,8,8
S1159C,1159,S,C,WED,-0.5525105126897033,0,8,6,8,8
S1159F,1159,S,F,WED,-0.3194293289575375,0,1,6,8,8
S1159P,1159,S,P,WED,-0.0820568299530231,1,3,6,8,8
S1159T,1159,S,T,WED,0.0367877768227583,1,3,6,8,8
S1159Y,1159,S,Y,WED,-0.3260019828810236,0,1,6,8,8
S1172C,1172,S,C,WED,0.3997357298615201,1,6,1,8,8
S1172G,1172,S,G,WED,0.3629794295517816,1,8,1,8,8
S1172I,1172,S,I,WED,-0.552401231914832,0,1,1,8,8
S1172N,1172,S,N,WED,0.181516682130106,1,3,1,8,8
S1172R,1172,S,R,WED,-0.2163574367008727,1,0,1,8,8
S1172T,1172,S,T,WED,0.1934699154732658,1,4,1,8,8
S1173A,1173,S,A,WED,-0.8812275755544109,0,9,3,8,8
S1173C,1173,S,C,WED,-2.1874345101335564,0,7,3,8,8
S1173F,1173,S,F,WED,-4.867554243895053,0,6,3,8,8
S1173P,1173,S,P,WED,-0.6036936000255015,0,2,3,8,8
S1173T,1173,S,T,WED,-0.2270024123961408,1,9,3,8,8
S1173Y,1173,S,Y,WED,-0.6024720094124001,0,2,3,8,8
S1202A,1202,S,A,TOPO,-0.9145813428833862,0,8,6,8,9
S1202L,1202,S,L,TOPO,0.0756122232849547,1,9,6,8,9
S1202P,1202,S,P,TOPO,-0.0270560721417986,1,5,6,8,9
S1202T,1202,S,T,TOPO,0.032419466099285,1,2,6,8,9
S1216C,1216,S,C,TOPO,-0.1252303528525266,1,2,6,8,9
S1216G,1216,S,G,TOPO,0.064895257308669,1,4,6,8,9
S1216I,1216,S,I,TOPO,-0.6469882024271353,0,5,6,8,9
S1216N,1216,S,N,TOPO,-0.3445406552038895,0,6,6,8,9
S1216R,1216,S,R,TOPO,-0.8106536947415979,0,4,6,8,9
S1216T,1216,S,T,TOPO,-1.0437865834209368,0,2,6,8,9
S1230A,1230,S,A,CTD-PI,-0.5745214529373561,0,3,1,8,10
S1230C,1230,S,C,CTD-PI,-0.7284152800391496,0,4,1,8,10
S1230F,1230,S,F,CTD-PI,0.0608406354460502,1,3,1,8,10
S1230P,1230,S,P,CTD-PI,-0.3114870471035623,0,4,1,8,10
S1230T,1230,S,T,CTD-PI,0.0142919043260905,1,5,1,8,10
S1230Y,1230,S,Y,CTD-PI,-0.6003104542914643,0,9,1,8,10
S1240A,1240,S,A,CTD-PI,-1.044077332888639,0,1,1,9,10
S1240C,1240,S,C,CTD-PI,-0.3151632954895548,0,7,1,9,10
S1240F,1240,S,F,CTD-PI,-0.2069971094518336,1,5,1,9,10
S1240P,1240,S,P,CTD-PI,-0.2230474739339582,1,6,1,9,10
S1240T,1240,S,T,CTD-PI,0.4816459644578411,1,3,1,9,10
S1240Y,1240,S,Y,CTD-PI,0.0922002759038678,1,7,1,9,10
S1248C,1248,S,C,CTD-PI,0.3732695059974551,1,6,9,9,10
S1248G,1248,S,G,CTD-PI,0.0745804053861347,1,5,9,9,10
S1248I,1248,S,I,CTD-PI,-0.4399614215392484,0,2,9,9,10
S1248N,1248,S,N,CTD-PI,-0.0593601830275825,1,7,9,9,10
S1248R,1248,S,R,CTD-PI,0.040278732408278,1,8,9,9,10
S1248T,1248,S,T,CTD-PI,-0.5878884348721314,0,4,9,9,10
S1274C,1274,S,C,CTD-PI,0.0558936247867499,1,9,7,9,10
S1274G,1274,S,G,CTD-PI,-0.26803682301176,0,7,7,9,10
S1274I,1274,S,I,CTD-PI,-0.5876203423359692,0,4,7,9,10
S1274N,1274,S,N,CTD-PI,0.4427576107661261,1,0,7,9,10
S1274R,1274,S,R,CTD-PI,-0.1891749182272384,1,5,7,9,10
S1274T,1274,S,T,CTD-PI,3.5423482625017906,1,3,7,9,10
S1277A,1277,S,A,CTD-PI,-0.7832711199359164,0,1,9,9,10
S1277C,1277,S,C,CTD-PI,-0.9441327287451065,0,7,9,9,10
S1277F,1277,S,F,CTD-PI,0.4677891290355973,1,8,9,9,10
S1277P,1277,S,P,CTD-PI,0.2231551492235167,1,8,9,9,10
S1277T,1277,S,T,CTD-PI,-0.5097060466099529,0,9,9,9,10
S1277Y,1277,S,Y,CTD-PI,-0.2804775964013425,0,3,9,9,10
S1292A,1292,S,A,CTD-PI,-0.6271641264831824,0,2,5,9,10
S1292C,1292,S,C,CTD-PI,-0.249318449298626,1,9,5,9,10
S1292F,1292,S,F,CTD-PI,-0.6925528404081218,0,8,5,9,10
S1292P,1292,S,P,CTD-PI,-0.8000624442395826,0,4,5,9,10
S1292T,1292,S,T,CTD-PI,-0.0364318869502959,1,6,5,9,10
S1292Y,1292,S,Y,CTD-PI,-0.4881053088857424,0,5,5,9,10
S1338A,1338,S,A,CTD-PI,-0.3400074769672478,0,3,4,9,10
S1338C,1338,S,C,CTD-PI,-0.2782933888468904,0,8,4,9,10
S1338F,1338,S,F,CTD-PI,0.0542194566816379,1,8,4,9,10
S1338P,1338,S,P,CTD-PI,0.3346204532807615,1,5,4,9,10
S1338T,1338,S,T,CTD-PI,0.0120484418279723,1,2,4,9,10
S1338Y,1338,S,Y,CTD-PI,-0.179135433596573,1,4,4,9,10
S1351C,1351,S,C,CTD-PI,-0.4921716306408258,0,5,0,9,10
S1351G,1351,S,G,CTD-PI,-0.7348408645145416,0,5,0,9,10
S1351I,1351,S,I,CTD-PI,0.4287389745694454,1,4,0,9,10
S1351N,1351,S,N,CTD-PI,-0.4508014001337758,0,0,0,9,10
S1351R,1351,S,R,CTD-PI,-1.198429328584905,0,0,0,9,10
S1351T,1351,S,T,CTD-PI,-0.1199782417894679,1,2,0,9,10
S1363C,1363,S,C,CTD-PI,-0.1400128972982779,1,3,8,9,10
S1363G,1363,S,G,CTD-PI,-0.3618374402408994,0,6,8,9,10
S1363I,1363,S,I,CTD-PI,-0.48981215205833,0,6,8,9,10
S1363N,1363,S,N,CTD-PI,-0.2573717338987975,1,0,8,9,10
S1363R,1363,S,R,CTD-PI,-0.7609409573599919,0,6,8,9,10
S1363T,1363,S,T,CTD-PI,0.1862349175768172,1,0,8,9,10
S145A,145,S,A,REC1a,0.4034486051521005,1,1,9,1,2
S145C,145,S,C,REC1a,-0.0392771201920018,1,0,9,1,2
S145F,145,S,F,REC1a,-0.8115658433016644,0,7,9,1,2
S145P,145,S,P,REC1a,0.0815205102647382,1,2,9,1,2
S145T,145,S,T,REC1a,-1.0925088895103106,0,1,9,1,2
S145Y,145,S,Y,REC1a,-1.015844425726879,0,7,9,1,2
S15A,15,S,A,RuvC-I,1.1078388790865816,1,3,7,0,0
S15L,15,S,L,RuvC-I,-1.082782489473224,0,0,7,0,0
S15P,15,S,P,RuvC-I,-1.0588109903228695,0,2,7,0,0
S15T,15,S,T,RuvC-I,0.6256871839492011,1,9,7,0,0
S179C,179,S,C,REC1a,-0.8048236060794233,0,4,5,1,2
S179G,179,S,G,REC1a,-0.7106082644617725,0,6,5,1,2
S179I,179,S,I,REC1a,-0.30659843603989,0,2,5,1,2
S179N,179,S,N,REC1a,-0.028717061640906,1,0,5,1,2
S179R,179,S,R,REC1a,-0.3728506641307942,0,2,5,1,2
S179T,179,S,T,REC1a,-0.2385094461977205,1,1,5,1,2
S204A,204,S,A,REC2,0.5121184615419663,1,7,8,1,3
S204L,204,S,L,REC2,-0.1341916023789421,1,0,8,1,3
S204P,204,S,P,REC2,-0.2068132097939784,1,3,8,1,3
S204T,204,S,T,REC2,-0.0158752270501137,1,8,8,1,3
S213C,213,S,C,REC2,-0.5583421963808706,0,5,6,1,3
S213G,213,S,G,REC2,-0.4007639964837579,0,4,6,1,3
S213I,213,S,I,REC2,-0.1612694447318917,1,1,6,1,3
S213N,213,S,N,REC2,0.2301547605747971,1,6,6,1,3
S213R,213,S,R,REC2,0.8246201108033353,1,8,6,1,3
S213T,213,S,T,REC2,-0.1876651793753736,1,8,6,1,3
S217A,217,S,A,REC2,0.2981143662488524,1,3,5,1,3
S217C,217,S,C,REC2,0.2409625026581829,1,2,5,1,3
S217F,217,S,F,REC2,0.4060217489286795,1,3,5,1,3
S217P,217,S,P,REC2,-0.5677927381638644,0,2,5,1,3
S217T,217,S,T,REC2,-0.9248246340071428,0,4,5,1,3
S217Y,217,S,Y,REC2,0.0039233053573337,1,5,5,1,3
S219C,219,S,C,REC2,0.0079117467642119,1,4,5,1,3
S219G,219,S,G,REC2,0.0034176704084952,1,6,5,1,3
S219I,219,S,I,REC2,0.7236014250743065,1,5,5,1,3
S219N,219,S,N,REC2,-0.132247987955085,1,8,5,1,3
S219R,219,S,R,REC2,0.1595605886179797,1,4,5,1,3
S219T,219,S,T,REC2,-0.1662316694177459,1,0,5,1,3
S245A,245,S,A,REC2,-1.3566003827309083,0,3,3,1,3
S245C,245,S,C,REC2,0.2821605254655928,1,6,3,1,3
S245F,245,S,F,REC2,-0.4594043032724281,0,9,3,1,3
S245P,245,S,P,REC2,-0.7628676723820206,0,7,3,1,3
S245T,245,S,T,REC2,-0.2401146402500569,1,9,3,1,3
S245Y,245,S,Y,REC2,-0.0639423423303452,1,2,3,1,3
S254A,254,S,A,REC2,1.3110516715432072,1,4,8,1,3
S254C,254,S,C,REC2,0.0249137548209723,1,4,8,1,3
S254F,254,S,F,REC2,0.3468418497083345,1,0,8,1,3
S254P,254,S,P,REC2,-0.437409561460828,0,8,8,1,3
S254T,254,S,T,REC2,-0.3387619735279168,0,5,8,1,3
S254Y,254,S,Y,REC2,-0.5683163618837844,0,1,8,1,3
S267A,267,S,A,REC2,0.1667142680304696,1,6,2,1,3
S267C,267,S,C,REC2,-1.146934713910972,0,7,2,1,3
S267F,267,S,F,REC2,-0.5561313346007551,0,8,2,1,3
S267P,267,S,P,REC2,-0.7008354359458808,0,2,2,1,3
S267T,267,S,T,REC2,-0.6812826385244801,0,6,2,1,3
S267Y,267,S,Y,REC2,-0.24311477226242,1,1,2,1,3
S297A,297,S,A,REC2,-0.8188741913385403,0,4,9,2,3
S297C,297,S,C,REC2,-0.7517442447763564,0,4,9,2,3
S297F,297,S,F,REC2,-0.4518831821301836,0,6,9,2,3
S297P,297,S,P,REC2,-0.7111180109826575,0,7,9,2,3
S297T,297,S,T,REC2,-0.3177842478724041,0,7,9,2,3
S297Y,297,S,Y,REC2,1.5186750878124913,1,3,9,2,3
S29C,29,S,C,RuvC-I,-0.0618500520797961,1,5,2,0,0
S29G,29,S,G,RuvC-I,-0.0353778407186051,1,7,2,0,0
S29I,29,S,I,RuvC-I,-0.5312289635391652,0,5,2,0,0
S29N,29,S,N,RuvC-I,-0.3098083812700421,0,1,2,0,0
S29R,29,S,R,RuvC-I,-0.2283461040486681,1,0,2,0,0
S29T,29,S,T,RuvC-I,-0.9084458188882748,0,6,2,0,0
S303C,303,S,C,REC2,-0.2500330958254087,1,3,9,2,3
S303G,303,S,G,REC2,0.2114030772680274,1,7,9,2,3
S303I,303,S,I,REC2,-0.5752601938057859,0,2,9,2,3
S303N,303,S,N,REC2,0.0642668896016004,1,9,9,2,3
S303R,303,S,R,REC2,-0.7472897670363063,0,1,9,2,3
S303T,303,S,T,REC2,-0.0281576822660013,1,7,9,2,3
S318C,318,S,C,REC1b,-0.6588303198339013,0,4,4,2,4
S318G,318,S,G,REC1b,-0.2517444001594282,1,2,4,2,4
S318I,318,S,I,REC1b,-0.3492139492252589,0,8,4,2,4
S318N,318,S,N,REC1b,-0.3317428129988529,0,0,4,2,4
S318R,318,S,R,REC1b,-0.5516583986388992,0,0,4,2,4
S318T,318,S,T,REC1b,-0.6271986965250242,0,7,4,2,4
S320C,320,S,C,REC1b,0.0389831244280368,1,7,4,2,4
S320G,320,S,G,REC1b,0.3315513326286278,1,8,4,2,4
S320I,320,S,I,REC1b,-0.1648894764289568,1,0,4,2,4
S320N,320,S,N,REC1b,-0.1672119256402425,1,2,4,2,4
S320R,320,S,R,REC1b,-0.7548691010500695,0,8,4,2,4
S320T,320,S,T,REC1b,0.5007368551225675,1,4,4,2,4
S355C,355,S,C,REC1b,0.0444885913325402,1,2,5,2,4
S355G,355,S,G,REC1b,0.0429611215859465,1,9,5,2,4
S355I,355,S,I,REC1b,-0.6891811976079439,0,4,5,2,4
S355N,355,S,N,REC1b,-0.4135428812389429,0,0,5,2,4
S355R,355,S,R,REC1b,-0.5720332686594339,0,4,5,2,4
S355T,355,S,T,REC1b,-0.6537156213523883,0,2,5,2,4
S368A,368,S,A,REC1b,-0.4940611117538829,0,8,1,2,4
S368C,368,S,C,REC1b,-0.3418604886711834,0,6,1,2,4
S368F,368,S,F,REC1b,-0.1767525035266468,1,8,1,2,4
S368P,368,S,P,REC1b,-0.2114739084986886,1,9,1,2,4
S368T,368,S,T,REC1b,0.2399869990300291,1,9,1,2,4
S368Y,368,S,Y,REC1b,-1.1083991982207368,0,4,1,2,4
S409C,409,S,C,REC1b,0.1618087877726086,1,1,7,2,4
S409G,409,S,G,REC1b,-0.82111769886845,0,3,7,2,4
S409I,409,S,I,REC1b,-0.3004437168809867,0,3,7,2,4
S409N,409,S,N,REC1b,-0.3140589581106963,0,7,7,2,4
S409R,409,S,R,REC1b,-1.1484643345840435,0,6,7,2,4
S409T,409,S,T,REC1b,0.1190008839206378,1,3,7,2,4
S42C,42,S,C,RuvC-I,-0.6439163660650018,0,6,8,0,0
S42G,42,S,G,RuvC-I,-0.3755576787764331,0,4,8,0,0
S42I,42,S,I,RuvC-I,-0.7285504184146868,0,2,8,0,0
S42N,42,S,N,RuvC-I,0.018131214751847,1,5,8,0,0
S42R,42,S,R,RuvC-I,-0.5663341912433585,0,3,8,0,0
S42T,42,S,T,RuvC-I,-0.5514063256973606,0,6,8,0,0
S460C,460,S,C,REC1b,-0.4409088570131341,0,2,3,3,4
S460G,460,S,G,REC1b,-0.1048109889896169,1,3,3,3,4
S460I,460,S,I,REC1b,-0.1417546948049727,1,3,3,3,4
S460N,460,S,N,REC1b,-0.1636601167207328,1,3,3,3,4
S460R,460,S,R,REC1b,-0.2271842477894352,1,1,3,3,4
S460T,460,S,T,REC1b,0.5680837213383692,1,9,3,3,4
S469A,469,S,A,REC1b,-0.2247200882538317,1,8,0,3,4
S469L,469,S,L,REC1b,-0.1114182690797872,1,3,0,3,4
S469P,469,S,P,REC1b,0.1761035518053111,1,4,0,3,4
S469T,469,S,T,REC1b,-0.4738717808467191,0,1,0,3,4
S487A,487,S,A,REC1b,-0.8987391565435847,0,8,9,3,4
S487C,487,S,C,REC1b,-0.9298429081424984,0,5,9,3,4
S487F,487,S,F,REC1b,-0.559619256214355,0,9,9,3,4
S487P,487,S,P,REC1b,-0.3680463183505494,0,8,9,3,4
S487T,487,S,T,REC1b,-0.0446795174421592,1,7,9,3,4
S487Y,487,S,Y,REC1b,-0.6792994464919014,0,4,9,3,4
S490A,490,S,A,REC1b,-1.56577500571326,0,8,0,3,4
S490C,490,S,C,REC1b,-0.207556193134596,1,9,0,3,4
S490F,490,S,F,REC1b,-0.5338213603396991,0,9,0,3,4
S490P,490,S,P,REC1b,-0.951833438020338,0,7,0,3,4
S490T,490,S,T,REC1b,-0.0657014025786167,1,2,0,3,4
S490Y,490,S,Y,REC1b,-0.2002431640327504,1,6,0,3,4
S512A,512,S,A,REC1b,0.2140394794149636,1,3,0,3,4
S512C,512,S,C,REC1b,-0.3668375568417128,0,7,0,3,4
S512F,512,S,F,REC1b,-0.6068544539424575,0,0,0,3,4
S512P,512,S,P,REC1b,-0.385608451068897,0,6,0,3,4
S512T,512,S,T,REC1b,-0.3470168910437967,0,6,0,3,4
S512Y,512,S,Y,REC1b,-0.881410729671471,0,7,0,3,4
S541C,541,S,C,REC1b,0.5100915491774292,1,1,4,3,4
S541G,541,S,G,REC1b,-0.0867713301908848,1,9,4,3,4
S541I,541,S,I,REC1b,-0.1517513870091142,1,1,4,3,4
S541N,541,S,N,REC1b,-0.0315585692179402,1,6,4,3,4
S541R,541,S,R,REC1b,-0.1292062034418364,1,9,4,3,4
S541T,541,S,T,REC1b,-0.0976747142533215,1,8,4,3,4
S55A,55,S,A,RuvC-I,-0.3082700786805282,0,6,9,0,0
S55L,55,S,L,RuvC-I,0.0012125964178781,1,9,9,0,0
S55P,55,S,P,RuvC-I,-0.3428273007168965,0,0,9,0,0
S55T,55,S,T,RuvC-I,0.0881517424309688,1,0,9,0,0
S577A,577,S,A,REC1b,0.9062907373151828,1,3,3,4,4
S577C,577,S,C,REC1b,0.3932352367785901,1,4,3,4,4
S577F,577,S,F,REC1b,-0.0680906472433833,1,2,3,4,4
S577P,577,S,P,REC1b,-0.2831200451722139,0,9,3,4,4
S577T,577,S,T,REC1b,0.0677925059805393,1,6,3,4,4
S577Y,577,S,Y,REC1b,-0.1666971952944317,1,5,3,4,4
S581C,581,S,C,REC1b,-0.0934554589226887,1,5,9,4,4
S581G,581,S,G,REC1b,-0.4559671925623538,0,2,9,4,4
S581I,581,S,I,REC1b,-0.3113217182829454,0,5,9,4,4
S581N,581,S,N,REC1b,0.415590211219338,1,3,9,4,4
S581R,581,S,R,REC1b,-0.1062512472349677,1,0,9,4,4
S581T,581,S,T,REC1b,-0.5356756559526793,0,7,9,4,4
S590C,590,S,C,REC1b,-0.0254896591066293,1,9,2,4,4
S590G,590,S,G,REC1b,-0.676905932218214,0,5,2,4,4
S590I,590,S,I,REC1b,-0.2759693647503487,0,4,2,4,4
S590N,590,S,N,REC1b,-0.14406351024268,1,9,2,4,4
S590R,590,S,R,REC1b,-0.4128630787234517,0,7,2,4,4
S590T,590,S,T,REC1b,-0.4446408759797448,0,8,2,4,4
S663A,663,S,A,REC1b,-0.5830994325699397,0,2,7,4,4
S663C,663,S,C,REC1b,-0.7690012747102785,0,3,7,4,4
S663F,663,S,F,REC1b,-0.8655221137508957,0,6,7,4,4
S663P,663,S,P,REC1b,-0.0621284885420306,1,7,7,4,4
S663T,663,S,T,REC1b,-0.4961161309752996,0,5,7,4,4
S663Y,663,S,Y,REC1b,-0.1803746915581367,1,3,7,4,4
S675C,675,S,C,REC1b,0.5098271712675877,1,5,2,4,4
S675G,675,S,G,REC1b,-0.5363873837152349,0,9,2,4,4
S675I,675,S,I,REC1b,-0.4231110775664995,0,8,2,4,4
S675N,675,S,N,REC1b,-0.1258744366839649,1,0,2,4,4
S675R,675,S,R,REC1b,-0.7450542787642495,0,8,2,4,4
S675T,675,S,T,REC1b,-0.1019337439707494,1,0,2,4,4
S685A,685,S,A,REC1b,1.3469559874610073,1,9,3,5,4
S685C,685,S,C,REC1b,-0.090746789101609,1,2,3,5,4
S685F,685,S,F,REC1b,-0.4183214471301134,0,7,3,5,4
S685P,685,S,P,REC1b,-0.4040164646990782,0,2,3,5,4
S685T,685,S,T,REC1b,0.1038894073040104,1,2,3,5,4
S685Y,685,S,Y,REC1b,-0.3897007691903454,0,9,3,5,4
S6A,6,S,A,RuvC-I,-0.2810711797870925,0,2,6,0,0
S6L,6,S,L,RuvC-I,-0.8436166049464121,0,8,6,0,0
S6P,6,S,P,RuvC-I,-1.4769913897623494,0,0,6,0,0
S6T,6,S,T,RuvC-I,-0.4975629996838561,0,2,6,0,0
S701C,701,S,C,REC1b,0.5451763852191921,1,7,4,5,4
S701G,701,S,G,REC1b,-0.3300776921408967,0,3,4,5,4
S701I,701,S,I,REC1b,-0.4073600620452857,0,1,4,5,4
S701N,701,S,N,REC1b,0.772176279004701,1,2,4,5,4
S701R,701,S,R,REC1b,-0.3303462338787267,0,1,4,5,4
S701T,701,S,T,REC1b,0.3883918680942161,1,7,4,5,4
S714A,714,S,A,REC1b,-1.0863496115328832,0,0,8,5,4
S714C,714,S,C,REC1b,-0.8861565980954073,0,4,8,5,4
S714F,714,S,F,REC1b,-0.2745275967338104,0,8,8,5,4
S714P,714,S,P,REC1b,-0.149543438020077,1,9,8,5,4
S714T,714,S,T,REC1b,-0.4032067168728234,0,0,8,5,4
S714Y,714,S,Y,REC1b,-0.5628932925242256,0,4,8,5,4
S719A,719,S,A,RuvC-II,-0.5003628219725661,0,2,7,5,5
S719C,719,S,C,RuvC-II,-0.1430970181531526,1,2,7,5,5
S719F,719,S,F,RuvC-II,-0.6330023282995242,0,6,7,5,5
S719P,719,S,P,RuvC-II,-0.100922177744741,1,5,7,5,5
S719T,719,S,T,RuvC-II,-0.2406035481716333,1,4,7,5,5
S719Y,719,S,Y,RuvC-II,0.2184796601912122,1,7,7,5,5
S730A,730,S,A,RuvC-II,-1.3077385542755813,0,0,0,5,5
S730C,730,S,C,RuvC-II,-1.085133363437793,0,3,0,5,5
S730F,730,S,F,RuvC-II,-0.1331387363486255,1,2,0,5,5
S730P,730,S,P,RuvC-II,-0.2136702299146732,1,9,0,5,5
S730T,730,S,T,RuvC-II,-0.038425085551641,1,8,0,5,5
S730Y,730,S,Y,RuvC-II,-0.6337540170952292,0,2,0,5,5
S777A,777,S,A,HNH,-0.9357637288659236,0,5,5,5,6
S777L,777,S,L,HNH,0.055661679519614,1,6,5,5,6
S777P,777,S,P,HNH,1.8876551549683604,1,4,5,5,6
S777T,777,S,T,HNH,-0.4218354800705478,0,9,5,5,6
S793C,793,S,C,HNH,-0.3456597056435735,0,4,9,5,6
S793G,793,S,G,HNH,0.117352345004634,1,7,9,5,6
S793I,793,S,I,HNH,-0.8847874868594386,0,5,9,5,6
S793N,793,S,N,HNH,-0.1746813527591745,1,7,9,5,6
S793R,793,S,R,HNH,-0.5517077679453891,0,2,9,5,6
S793T,793,S,T,HNH,-0.1725779917788034,1,4,9,5,6
S834A,834,S,A,HNH,-1.73327052467949,0,5,6,6,6
S834C,834,S,C,HNH,0.0746887108963607,1,9,6,6,6
S834F,834,S,F,HNH,-0.337567114118647,0,6,6,6,6
S834P,834,S,P,HNH,-0.3017179386176293,0,8,6,6,6
S834T,834,S,T,HNH,-0.1680712787797638,1,2,6,6,6
S834Y,834,S,Y,HNH,0.022565979820228,1,7,6,6,6
S845A,845,S,A,HNH,-0.2984954435555411,0,6,8,6,6
S845L,845,S,L,HNH,0.4215054793735477,1,1,8,6,6
S845P,845,S,P,HNH,-0.0848732318468251,1,6,8,6,6
S845T,845,S,T,HNH,0.2753693482822845,1,2,8,6,6
S851C,851,S,C,HNH,-0.0558398790438721,1,1,6,6,6
S851G,851,S,G,HNH,-0.7212453723203489,0,9,6,6,6
S851I,851,S,I,HNH,-0.4155296195805854,0,2,6,6,6
S851N,851,S,N,HNH,-0.1425278675829734,1,6,6,6,6
S851R,851,S,R,HNH,-0.4197225333803381,0,3,6,6,6
S851T,851,S,T,HNH,-0.2167958375996388,1,0,6,6,6
S860A,860,S,A,HNH,-0.332069569408514,0,9,0,6,6
S860C,860,S,C,HNH,-0.3320900386601327,0,9,0,6,6
S860F,860,S,F,HNH,-2.186239172196678,0,6,0,6,6
S860P,860,S,P,HNH,-0.6387309076425659,0,0,0,6,6
S860T,860,S,T,HNH,-0.2876754500500605,0,4,0,6,6
S860Y,860,S,Y,HNH,-0.2631426849426411,1,0,0,6,6
S867C,867,S,C,HNH,0.2402051043956935,1,7,3,6,6
S867G,867,S,G,HNH,-0.8533766993033649,0,1,3,6,6
S867I,867,S,I,HNH,-0.1622106123274153,1,0,3,6,6
S867N,867,S,N,HNH,-0.5789727920757202,0,0,3,6,6
S867R,867,S,R,HNH,-0.1795306196498338,1,3,3,6,6
S867T,867,S,T,HNH,-0.153798372511215,1,3,3,6,6
S872A,872,S,A,HNH,0.2799148197382373,1,3,0,6,6
S872L,872,S,L,HNH,-0.7549146703144131,0,9,0,6,6
S872P,872,S,P,HNH,-0.5001720429877736,0,7,0,6,6
S872T,872,S,T,HNH,0.0857670212887025,1,3,0,6,6
S87C,87,S,C,BridgeHelix,-0.0425325754587011,1,7,6,0,1
S87G,87,S,G,BridgeHelix,0.2279193019375756,1,9,6,0,1
S87I,87,S,I,BridgeHelix,0.3109413787887289,1,4,6,0,1
S87N,87,S,N,BridgeHelix,-0.252362424200082,1,8,6,0,1
S87R,87,S,R,BridgeHelix,-0.3470857161816472,0,6,6,0,1
S87T,87,S,T,BridgeHelix,-0.2158365481749677,1,0,6,0,1
S909C,909,S,C,HNH,-0.1925514955816399,1,0,2,6,6
S909G,909,S,G,HNH,-0.7732770034163251,0,6,2,6,6
S909I,909,S,I,HNH,-0.3160139889659111,0,5,2,6,6
S909N,909,S,N,HNH,-0.3630652826095128,0,6,2,6,6
S909R,909,S,R,HNH,-1.7405899976814352,0,4,2,6,6
S909T,909,S,T,HNH,-0.0683586564571747,1,9,2,6,6
S937C,937,S,C,RuvC-III,-0.0727770473804492,1,3,6,6,7
S937G,937,S,G,RuvC-III,0.1719854246385622,1,3,6,6,7
S937I,937,S,I,RuvC-III,-0.652525356492693,0,3,6,6,7
S937N,937,S,N,RuvC-III,-0.1381843568308859,1,2,6,6,7
S937R,937,S,R,RuvC-III,-0.5493233547576447,0,4,6,6,7
S937T,937,S,T,RuvC-III,0.0531942732986054,1,0,6,6,7
S960A,960,S,A,RuvC-III,2.510019284857999,1,3,3,7,7
S960L,960,S,L,RuvC-III,0.0873745723777533,1,1,3,7,7
S960P,960,S,P,RuvC-III,-0.5786532368245079,0,8,3,7,7
S960T,960,S,T,RuvC-III,-0.2710915379490777,0,1,3,7,7
S964C,964,S,C,RuvC-III,-0.4465287174174686,0,9,7,7,7
S964G,964,S,G,RuvC-III,-0.1432310189965936,1,4,7,7,7
S964I,964,S,I,RuvC-III,0.1136358547654349,1,2,7,7,7
S964N,964,S,N,RuvC-III,-0.3285513926826413,0,1,7,7,7
S964R,964,S,R,RuvC-III,0.399387515848227,1,1,7,7,7
S964T,964,S,T,RuvC-III,0.2364926025509684,1,9,7,7,7
S96C,96,S,C,REC1a,0.4468555648132498,1,2,5,0,2
S96G,96,S,G,REC1a,1.079531955457907,1,7,5,0,2
S96I,96,S,I,REC1a,0.2834970154341587,1,0,5,0,2
S96N,96,S,N,REC1a,-0.1128486398488017,1,3,5,0,2
S96R,96,S,R,REC1a,0.213174752664038,1,9,5,0,2
S96T,96,S,T,REC1a,0.6434082929261642,1,4,5,0,2
T1033A,1033,T,A,RuvC-III,0.2674552302207344,1,2,4,7,7
T1033I,1033,T,I,RuvC-III,-0.8529809214180704,0,2,4,7,7
T1033N,1033,T,N,RuvC-III,0.245782422440596,1,0,4,7,7
T1033P,1033,T,P,RuvC-III,0.12713394182332,1,1,4,7,7
T1033S,1033,T,S,RuvC-III,-0.1691746669693093,1,2,4,7,7
T1048A,1048,T,A,RuvC-III,-0.0777447440317986,1,4,6,7,7
T1048I,1048,T,I,RuvC-III,-0.17271296836149,1,8,6,7,7
T1048N,1048,T,N,RuvC-III,-0.3819003749075796,0,4,6,7,7
T1048P,1048,T,P,RuvC-III,0.3637649666082365,1,5,6,7,7
T1048S,1048,T,S,RuvC-III,0.2372234691246584,1,5,6,7,7
T1051A,1051,T,A,RuvC-III,0.4169340792119215,1,7,0,7,7
T1051I,1051,T,I,RuvC-III,0.0540076827469317,1,9,0,7,7
T1051N,1051,T,N,RuvC-III,-0.0662318751451082,1,5,0,7,7
T1051P,1051,T,P,RuvC-III,-1.7176356457824289,0,7,0,7,7
T1051S,1051,T,S,RuvC-III,-0.5205446467260804,0,8,0,7,7
T1065A,1065,T,A,RuvC-III,0.317155359285916,1,9,0,7,7
T1065I,1065,T,I,RuvC-III,-0.2039987660148203,1,1,0,7,7
T1065N,1065,T,N,RuvC-III,0.0624262290197477,1,5,0,7,7
T1065P,1065,T,P,RuvC-III,-1.9290838040049,0,7,0,7,7
T1065S,1065,T,S,RuvC-III,-0.1778257951352392,1,7,0,7,7
T1069A,1069,T,A,RuvC-III,-0.9380651562767792,0,3,0,7,7
T1069I,1069,T,I,RuvC-III,-0.4969471352028892,0,2,0,7,7
T1069N,1069,T,N,RuvC-III,-0.6399050890449322,0,3,0,7,7
T1069P,1069,T,P,RuvC-III,-0.420606592403446,0,4,0,7,7
T1069S,1069,T,S,RuvC-III,-0.1497683134092771,1,5,0,7,7
T1082A,1082,T,A,RuvC-III,-0.6253807053053164,0,2,8,7,7
T1082I,1082,T,I,RuvC-III,-0.0615519991411843,1,9,8,7,7
T1082N,1082,T,N,RuvC-III,0.2489308839656268,1,6,8,7,7
T1082P,1082,T,P,RuvC-III,-0.2353550940345455,1,9,8,7,7
T1082S,1082,T,S,RuvC-III,-0.388506270629276,0,5,8,7,7
T1098A,1098,T,A,RuvC-III,-0.0996819812561736,1,7,4,8,7
T1098I,1098,T,I,RuvC-III,-0.2895786770490179,0,8,4,8,7
T1098K,1098,T,K,RuvC-III,-0.7317063995987195,0,2,4,8,7
T1098P,1098,T,P,RuvC-III,0.0875496004998579,1,8,4,8,7
T1098R,1098,T,R,RuvC-III,-0.2178963556102877,1,0,4,8,7
T1098S,1098,T,S,RuvC-III,-0.3681298832763318,0,2,4,8,7
T1102A,1102,T,A,WED,-0.0993956123294334,1,7,5,8,8
T1102I,1102,T,I,WED,-0.2776564585434947,0,0,5,8,8
T1102N,1102,T,N,WED,-0.8599982591055152,0,9,5,8,8
T1102P,1102,T,P,WED,-0.1648486738180493,1,9,5,8,8
T1102S,1102,T,S,WED,-0.1319714921598282,1,8,5,8,8
T1138A,1138,T,A,WED,-0.0098907193701112,1,6,3,8,8
T1138I,1138,T,I,WED,-0.3627429490610843,0,7,3,8,8
T1138K,1138,T,K,WED,-0.0475055006580726,1,0,3,8,8
T1138P,1138,T,P,WED,-0.456972699333618,0,2,3,8,8
T1138R,1138,T,R,WED,0.0250584361099045,1,7,3,8,8
T1138S,1138,T,S,WED,-0.142536409860219,1,2,3,8,8
T1167A,1167,T,A,WED,-0.1568382282766637,1,8,8,8,8
T1167I,1167,T,I,WED,-0.4512774456209671,0,5,8,8,8
T1167N,1167,T,N,WED,0.0995351470498056,1,7,8,8,8
T1167P,1167,T,P,WED,-0.181500282510933,1,1,8,8,8
T1167S,1167,T,S,WED,-0.5016001217732882,0,3,8,8,8
T1314A,1314,T,A,CTD-PI,-0.1401181516946857,1,9,4,9,10
T1314I,1314,T,I,CTD-PI,1.149637888511064,1,7,4,9,10
T1314N,1314,T,N,CTD-PI,0.1034015985477,1,9,4,9,10
T1314P,1314,T,P,CTD-PI,0.5693011155858577,1,1,4,9,10
T1314S,1314,T,S,CTD-PI,-0.3339611764607421,0,2,4,9,10
T1316A,1316,T,A,CTD-PI,-0.0347327219346488,1,2,3,9,10
T1316I,1316,T,I,CTD-PI,-0.2208820693508355,1,9,3,9,10
T1316N,1316,T,N,CTD-PI,-0.2485605209977863,1,5,3,9,10
T1316P,1316,T,P,CTD-PI,0.6138549885651645,1,3,3,9,10
T1316S,1316,T,S,CTD-PI,-0.1033830030904124,1,4,3,9,10
T1329A,1329,T,A,CTD-PI,-0.1905041847679664,1,7,3,9,10
T1329I,1329,T,I,CTD-PI,-0.2097698327497575,1,9,3,9,10
T1329N,1329,T,N,CTD-PI,-0.1489737333426843,1,0,3,9,10
T1329P,1329,T,P,CTD-PI,0.1254623518806787,1,4,3,9,10
T1329S,1329,T,S,CTD-PI,-0.0951390528941353,1,5,3,9,10
T1330A,1330,T,A,CTD-PI,0.7385980355792534,1,1,5,9,10
T1330I,1330,T,I,CTD-PI,0.1925736611212115,1,8,5,9,10
T1330N,1330,T,N,CTD-PI,-0.1414542902619119,1,0,5,9,10
T1330P,1330,T,P,CTD-PI,-0.1074185068474559,1,4,5,9,10
T1330S,1330,T,S,CTD-PI,-0.160315171873863,1,7,5,9,10
T1337A,1337,T,A,CTD-PI,-0.2931144827997202,0,5,1,9,10
T1337I,1337,T,I,CTD-PI,-0.3070125944624544,0,9,1,9,10
T1337K,1337,T,K,CTD-PI,-0.3989377039437576,0,5,1,9,10
T1337P,1337,T,P,CTD-PI,-0.1697220585528651,1,0,1,9,10
T1337R,1337,T,R,CTD-PI,-0.082911709846318,1,6,1,9,10
T1337S,1337,T,S,CTD-PI,0.2419248515252045,1,3,1,9,10
T1339A,1339,T,A,CTD-PI,-0.3696084682698619,0,7,1,9,10
T1339I,1339,T,I,CTD-PI,0.025778842305283,1,0,1,9,10
T1339N,1339,T,N,CTD-PI,-0.685771124000442,0,1,1,9,10
T1339P,1339,T,P,CTD-PI,1.0677968440374366,1,7,1,9,10
T1339S,1339,T,S,CTD-PI,-0.195534830926992,1,8,1,9,10
T1346A,1346,T,A,CTD-PI,-0.1680861105123761,1,2,5,9,10
T1346I,1346,T,I,CTD-PI,-0.4226714741570581,0,6,5,9,10
T1346N,1346,T,N,CTD-PI,0.4802020745558938,1,8,5,9,10
T1346P,1346,T,P,CTD-PI,-1.2490061058959436,0,3,5,9,10
T1346S,1346,T,S,CTD-PI,-0.1698944327396251,1,7,5,9,10
T134A,134,T,A,REC1a,-0.2805372981852118,0,4,9,0,2
T134I,134,T,I,REC1a,-0.3479212705916715,0,6,9,0,2
T134N,134,T,N,REC1a,-0.0886468548161018,1,5,9,0,2
T134P,134,T,P,REC1a,1.331801641467249,1,2,9,0,2
T134S,134,T,S,REC1a,-0.0077408459430652,1,9,9,0,2
T1353A,1353,T,A,CTD-PI,-0.0413653919917282,1,4,6,9,10
T1353I,1353,T,I,CTD-PI,-0.4210916465096005,0,1,6,9,10
T1353N,1353,T,N,CTD-PI,1.1695043212231997,1,5,6,9,10
T1353P,1353,T,P,CTD-PI,-0.9913247094921328,0,8,6,9,10
T1353S,1353,T,S,CTD-PI,-0.1384450243282626,1,3,6,9,10
T1358A,1358,T,A,CTD-PI,-0.3361028612521188,0,6,9,9,10
T1358I,1358,T,I,CTD-PI,-0.5720616379250617,0,3,9,9,10
T1358N,1358,T,N,CTD-PI,-0.1731047441608132,1,0,9,9,10
T1358P,1358,T,P,CTD-PI,-0.4572553028254034,0,1,9,9,10
T1358S,1358,T,S,CTD-PI,-0.6322788173831337,0,8,9,9,10
T13A,13,T,A,RuvC-I,0.4853276743992755,1,1,7,0,0
T13I,13,T,I,RuvC-I,-0.4519300486669898,0,7,7,0,0
T13N,13,T,N,RuvC-I,0.24430733828731,1,7,7,0,0
T13P,13,T,P,RuvC-I,-0.0389184016614944,1,0,7,0,0
T13S,13,T,S,RuvC-I,-0.2758403929167313,0,3,7,0,0
T146A,146,T,A,REC1a,0.6576783955906799,1,6,8,1,2
T146I,146,T,I,REC1a,-0.303358390149153,0,9,8,1,2
T146N,146,T,N,REC1a,-0.1806450695799326,1,5,8,1,2
T146P,146,T,P,REC1a,-0.4559783862048874,0,2,8,1,2
T146S,146,T,S,REC1a,0.0211742699236631,1,9,8,1,2
T191A,191,T,A,REC2,0.3476011446407615,1,8,3,1,3
T191I,191,T,I,REC2,-0.3297511549080864,0,7,3,1,3
T191K,191,T,K,REC2,-0.564545195813099,0,0,3,1,3
T191P,191,T,P,REC2,0.1104657259745588,1,4,3,1,3
T191R,191,T,R,REC2,-0.7980756073368097,0,8,3,1,3
T191S,191,T,S,REC2,-0.7015789849861541,0,0,3,1,3
T22A,22,T,A,RuvC-I,-0.6715486748675337,0,0,9,0,0
T22I,22,T,I,RuvC-I,-0.7020029824362154,0,3,9,0,0
T22K,22,T,K,RuvC-I,-0.7378757227856892,0,3,9,0,0
T22P,22,T,P,RuvC-I,-1.7719505718253714,0,1,9,0,0
T22R,22,T,R,RuvC-I,-1.6179869872786077,0,9,9,0,0
T22S,22,T,S,RuvC-I,-0.3611130610758131,0,5,9,0,0
T249A,249,T,A,REC2,-0.0893093179687143,1,8,1,1,3
T249I,249,T,I,REC2,-0.315260549017314,0,2,1,1,3
T249K,249,T,K,REC2,0.0831102517952409,1,3,1,1,3
T249P,249,T,P,REC2,-0.2610756662351942,1,2,1,1,3
T249R,249,T,R,REC2,-0.4044397472679708,0,4,1,1,3
T249S,249,T,S,REC2,0.2820666587913348,1,1,1,1,3
T270A,270,T,A,REC2,0.2833984772501086,1,5,2,1,3
T270I,270,T,I,REC2,0.0946341564214939,1,3,2,1,3
T270N,270,T,N,REC2,0.3479460302850874,1,9,2,1,3
T270P,270,T,P,REC2,0.1054001752721138,1,6,2,1,3
T270S,270,T,S,REC2,0.2232822023866303,1,1,2,1,3
T310A,310,T,A,REC1b,-0.1836759101861493,1,7,3,2,4
T310I,310,T,I,REC1b,-0.2207506099801366,1,2,3,2,4
T310N,310,T,N,REC1b,-0.2200455050412471,1,4,3,2,4
T310P,310,T,P,REC1b,-1.113887580029287,0,5,3,2,4
T310S,310,T,S,REC1b,-0.4390285522028113,0,8,3,2,4
T313A,313,T,A,REC1b,-0.3925382503616707,0,0,1,2,4
T313I,313,T,I,REC1b,0.0255003051448622,1,3,1,2,4
T313K,313,T,K,REC1b,-0.7615059715209394,0,3,1,2,4
T313P,313,T,P,REC1b,-1.2670073682778122,0,2,1,2,4
T313R,313,T,R,REC1b,-0.1977330926309567,1,4,1,2,4
T313S,313,T,S,REC1b,0.7563516471536925,1,7,1,2,4
T333A,333,T,A,REC1b,0.4802523649318145,1,8,8,2,4
T333I,333,T,I,REC1b,0.2061516202125672,1,5,8,2,4
T333N,333,T,N,REC1b,-0.106277371465739,1,2,8,2,4
T333P,333,T,P,REC1b,-2.0722886580969644,0,4,8,2,4
T333S,333,T,S,REC1b,0.9855601738354268,1,1,8,2,4
T386A,386,T,A,REC1b,-0.4188119590527057,0,8,8,2,4
T386I,386,T,I,REC1b,-0.2230387835390085,1,2,8,2,4
T386N,386,T,N,REC1b,-0.9427059609020432,0,6,8,2,4
T386P,386,T,P,REC1b,-0.7647896181580432,0,3,8,2,4
T386S,386,T,S,REC1b,0.3203005317529515,1,5,8,2,4
T38A,38,T,A,RuvC-I,0.137502721097986,1,2,7,0,0
T38I,38,T,I,RuvC-I,0.0306403623107182,1,1,7,0,0
T38N,38,T,N,RuvC-I,-0.817356544244232,0,5,7,0,0
T38P,38,T,P,RuvC-I,3.142797020767499,1,5,7,0,0
T38S,38,T,S,RuvC-I,-0.5514217229077414,0,1,7,0,0
T404A,404,T,A,REC1b,-0.0576089858225692,1,2,6,2,4
T404I,404,T,I,REC1b,0.1220850690663469,1,4,6,2,4
T404K,404,T,K,REC1b,-0.5387088446144551,0,7,6,2,4
T404P,404,T,P,REC1b,-0.8233314730981527,0,6,6,2,4
T404R,404,T,R,REC1b,-0.7906743813342504,0,6,6,2,4
T404S,404,T,S,REC1b,1.9742769040499373,1,2,6,2,4
T445A,445,T,A,REC1b,1.2081558690998344,1,9,5,3,4
T445I,445,T,I,REC1b,-0.2159516464366064,1,1,5,3,4
T445N,445,T,N,REC1b,0.281040716152632,1,6,5,3,4
T445P,445,T,P,REC1b,0.4917558453280976,1,0,5,3,4
T445S,445,T,S,REC1b,0.8518045933134477,1,4,5,3,4
T466A,466,T,A,REC1b,-0.5773522141935395,0,9,9,3,4
T466I,466,T,I,REC1b,-0.1906918084628913,1,4,9,3,4
T466K,466,T,K,REC1b,-0.0032825672897506,1,9,9,3,4
T466P,466,T,P,REC1b,-1.175546971525731,0,4,9,3,4
T466R,466,T,R,REC1b,-0.3183606069085645,0,7,9,3,4
T466S,466,T,S,REC1b,0.5698802013886713,1,7,9,3,4
T472A,472,T,A,REC1b,-0.2269165784010139,1,2,4,3,4
T472I,472,T,I,REC1b,-0.4964982586059999,0,9,4,3,4
T472K,472,T,K,REC1b,0.997481586615969,1,2,4,3,4
T472P,472,T,P,REC1b,-1.112404697277308,0,0,4,3,4
T472R,472,T,R,REC1b,0.8683364353159914,1,4,4,3,4
T472S,472,T,S,REC1b,0.0994698521451406,1,1,4,3,4
T474A,474,T,A,REC1b,-0.2683302821769817,0,7,1,3,4
T474I,474,T,I,REC1b,-0.6742209033936474,0,9,1,3,4
T474N,474,T,N,REC1b,-0.6692259934732553,0,1,1,3,4
T474P,474,T,P,REC1b,-1.7764771858473072,0,8,1,3,4
T474S,474,T,S,REC1b,-0.2431046552155147,1,5,1,3,4
T496A,496,T,A,REC1b,0.0007926950727619,1,6,9,3,4
T496I,496,T,I,REC1b,0.0181610056189925,1,4,9,3,4
T496K,496,T,K,REC1b,1.1373719930551929,1,9,9,3,4
T496P,496,T,P,REC1b,0.3258488275139403,1,6,9,3,4
T496R,496,T,R,REC1b,0.9970852027995772,1,0,9,3,4
T496S,496,T,S,REC1b,0.6957113994650044,1,4,9,3,4
T519A,519,T,A,REC1b,-0.3517379575050384,0,2,2,3,4
T519I,519,T,I,REC1b,-0.2137673276695272,1,2,2,3,4
T519N,519,T,N,REC1b,-0.1500110921105765,1,9,2,3,4
T519P,519,T,P,REC1b,0.3182803131688904,1,6,2,3,4
T519S,519,T,S,REC1b,0.0165498908828403,1,2,2,3,4
T525A,525,T,A,REC1b,0.0062401219257249,1,9,4,3,4
T525I,525,T,I,REC1b,0.2077784914690451,1,8,4,3,4
T525K,525,T,K,REC1b,-0.2131160542193381,1,7,4,3,4
T525P,525,T,P,REC1b,-0.7045415404368264,0,5,4,3,4
T525R,525,T,R,REC1b,0.326403475740651,1,6,4,3,4
T525S,525,T,S,REC1b,0.144036044347291,1,5,4,3,4
T531A,531,T,A,REC1b,1.0967030258371266,1,3,5,3,4
T531I,531,T,I,REC1b,-0.3573459606743657,0,6,5,3,4
T531N,531,T,N,REC1b,-0.5661339777594944,0,8,5,3,4
T531P,531,T,P,REC1b,-0.0719335824958034,1,0,5,3,4
T531S,531,T,S,REC1b,-0.1407058056049936,1,1,5,3,4
T555A,555,T,A,REC1b,-0.4714842560500731,0,2,2,4,4
T555I,555,T,I,REC1b,-0.350923375330138,0,3,2,4,4
T555N,555,T,N,REC1b,-0.2976432927400962,0,7,2,4,4
T555P,555,T,P,REC1b,-0.2824504316600561,0,2,2,4,4
T555S,555,T,S,REC1b,-0.0496626474246574,1,8,2,4,4
T560A,560,T,A,REC1b,0.4161515615837697,1,6,4,4,4
T560I,560,T,I,REC1b,-0.2674621913023899,0,8,4,4,4
T560K,560,T,K,REC1b,0.406619813360569,1,4,4,4,4
T560P,560,T,P,REC1b,0.0591765195972068,1,1,4,4,4
T560R,560,T,R,REC1b,-0.1737880031011534,1,9,4,4,4
T560S,560,T,S,REC1b,-0.5517811896568939,0,6,4,4,4
T58A,58,T,A,RuvC-I,0.3034808458532235,1,9,5,0,0
T58I,58,T,I,RuvC-I,-0.2597018010301197,1,5,5,0,0
T58K,58,T,K,RuvC-I,0.2617442489411036,1,6,5,0,0
T58P,58,T,P,RuvC-I,-2.544516060701727,0,0,5,0,0
T58R,58,T,R,RuvC-I,0.5844498674478726,1,0,5,0,0
T58S,58,T,S,RuvC-I,-0.4070125369517915,0,6,5,0,0
T593A,593,T,A,REC1b,-0.2706169336035516,0,5,3,4,4
T593I,593,T,I,REC1b,-0.5293082282253575,0,4,3,4,4
T593N,593,T,N,REC1b,0.2957146602287784,1,2,3,4,4
T593P,593,T,P,REC1b,-0.8035326865551125,0,3,3,4,4
T593S,593,T,S,REC1b,-0.7507957259807231,0,0,3,4,4
T622A,622,T,A,REC1b,-0.4945064617680378,0,6,1,4,4
T622I,622,T,I,REC1b,-0.4958941114439753,0,7,1,4,4
T622N,622,T,N,REC1b,-0.2907530749454906,0,1,1,4,4
T622P,622,T,P,REC1b,-0.3551034051026216,0,3,1,4,4
T622S,622,T,S,REC1b,-0.451620079371818,0,2,1,4,4
T624A,624,T,A,REC1b,-0.2609400074687666,1,9,7,4,4
T624I,624,T,I,REC1b,-0.6705213596861608,0,2,7,4,4
T624K,624,T,K,REC1b,-0.981362406418504,0,2,7,4,4
T624P,624,T,P,REC1b,-0.6630917903521022,0,1,7,4,4
T624R,624,T,R,REC1b,-0.4878733071842893,0,9,7,4,4
T624S,624,T,S,REC1b,-0.1242800358543111,1,2,7,4,4
T62A,62,T,A,BridgeHelix,-0.2463799850741051,1,6,9,0,1
T62I,62,T,I,BridgeHelix,-0.4441001585120117,0,5,9,0,1
T62N,62,T,N,BridgeHelix,-0.1616863665246369,1,3,9,0,1
T62P,62,T,P,BridgeHelix,-1.738585344875409,0,6,9,0,1
T62S,62,T,S,BridgeHelix,-0.8259838440016913,0,1,9,0,1
T638A,638,T,A,REC1b,-0.4435530357339772,0,0,3,4,4
T638I,638,T,I,REC1b,-0.0046510480568612,1,6,3,4,4
T638N,638,T,N,REC1b,-0.7761314759250004,0,9,3,4,4
T638P,638,T,P,REC1b,0.4934024327165328,1,8,3,4,4
T638S,638,T,S,REC1b,-0.2066624440598748,1,8,3,4,4
T657A,657,T,A,REC1b,0.2461998508481662,1,6,1,4,4
T657I,657,T,I,REC1b,-0.3150794865602754,0,8,1,4,4
T657N,657,T,N,REC1b,-0.1556280829999382,1,2,1,4,4
T657P,657,T,P,REC1b,-1.427767655931735,0,4,1,4,4
T657S,657,T,S,REC1b,-0.6400103403611564,0,0,1,4,4
T678A,678,T,A,REC1b,-0.7167798243858665,0,6,0,4,4
T678I,678,T,I,REC1b,-0.8915226871197289,0,5,0,4,4
T678N,678,T,N,REC1b,-0.4305693527855266,0,2,0,4,4
T678P,678,T,P,REC1b,-1.5899235448354403,0,8,0,4,4
T678S,678,T,S,REC1b,-0.4046081871503055,0,6,0,4,4
T67A,67,T,A,BridgeHelix,0.0666801814028399,1,1,2,0,1
T67I,67,T,I,BridgeHelix,0.540655865211819,1,4,2,0,1
T67K,67,T,K,BridgeHelix,-0.866663720906188,0,0,2,0,1
T67P,67,T,P,BridgeHelix,0.1977920957499985,1,0,2,0,1
T67R,67,T,R,BridgeHelix,0.1433203676664339,1,7,2,0,1
T67S,67,T,S,BridgeHelix,-0.1711394838861477,1,2,2,0,1
T703A,703,T,A,REC1b,0.0444926726961856,1,0,8,5,4
T703I,703,T,I,REC1b,-0.3684243737432975,0,4,8,5,4
T703N,703,T,N,REC1b,-0.4605682542752169,0,0,8,5,4
T703P,703,T,P,REC1b,-0.9567325460958308,0,6,8,5,4
T703S,703,T,S,REC1b,0.0586384456712726,1,9,8,5,4
T73A,73,T,A,BridgeHelix,-0.013461117502279,1,6,0,0,1
T73I,73,T,I,BridgeHelix,-0.1463504345581419,1,8,0,0,1
T73N,73,T,N,BridgeHelix,-0.4347857783955733,0,4,0,0,1
T73P,73,T,P,BridgeHelix,-0.0664542051161634,1,7,0,0,1
T73S,73,T,S,BridgeHelix,-0.050094418364593,1,9,0,0,1
T740A,740,T,A,RuvC-II,0.1156441904593545,1,6,1,5,5
T740I,740,T,I,RuvC-II,-0.0802828735808527,1,2,1,5,5
T740N,740,T,N,RuvC-II,-0.6704256134076888,0,0,1,5,5
T740P,740,T,P,RuvC-II,-0.9255320266087652,0,6,1,5,5
T740S,740,T,S,RuvC-II,0.0291269615056695,1,7,1,5,5
T769A,769,T,A,HNH,-0.5367872509247034,0,3,9,5,6
T769I,769,T,I,HNH,-0.2121443560780125,1,1,9,5,6
T769N,769,T,N,HNH,-0.4129370856460062,0,4,9,5,6
T769P,769,T,P,HNH,-1.3143948295882557,0,1,9,5,6
T769S,769,T,S,HNH,0.0111017880258731,1,7,9,5,6
T770A,770,T,A,HNH,0.7609587220477281,1,0,2,5,6
T770I,770,T,I,HNH,-0.1739896434279683,1,5,2,5,6
T770K,770,T,K,HNH,0.5117153021740961,1,4,2,5,6
T770P,770,T,P,HNH,-0.2954075397053483,0,0,2,5,6
T770R,770,T,R,HNH,-0.1196028342387997,1,2,2,5,6
T770S,770,T,S,HNH,-0.2285080146367155,1,5,2,5,6
T804A,804,T,A,HNH,0.6076464503355843,1,0,1,5,6
T804I,804,T,I,HNH,-0.3394159102791682,0,0,1,5,6
T804N,804,T,N,HNH,-0.5619446342318911,0,7,1,5,6
T804P,804,T,P,HNH,-0.2047265464886445,1,8,1,5,6
T804S,804,T,S,HNH,-0.4371690838193878,0,5,1,5,6
T858A,858,T,A,HNH,0.0234287933683221,1,0,3,6,6
T858I,858,T,I,HNH,-0.2115113244623794,1,4,3,6,6
T858N,858,T,N,HNH,-0.5735348249275404,0,0,3,6,6
T858P,858,T,P,HNH,-0.3362875982917032,0,6,3,6,6
T858S,858,T,S,HNH,-0.129634313975046,1,6,3,6,6
T893A,893,T,A,HNH,-0.4661628761830643,0,4,3,6,6
T893I,893,T,I,HNH,-0.2953848620374972,0,0,3,6,6
T893N,893,T,N,HNH,-0.7828785008109711,0,3,3,6,6
T893P,893,T,P,HNH,-1.0791397530738172,0,5,3,6,6
T893S,893,T,S,HNH,-0.41281322978377,0,2,3,6,6
T901A,901,T,A,HNH,-0.0128997334681087,1,1,8,6,6
T901I,901,T,I,HNH,0.0480792902703551,1,6,8,6,6
T901K,901,T,K,HNH,-0.2142571257591599,1,5,8,6,6
T901P,901,T,P,HNH,-0.3550057102931013,0,8,8,6,6
T901R,901,T,R,HNH,-0.1090078010138516,1,5,8,6,6
T901S,901,T,S,HNH,1.4958508504010892,1,9,8,6,6
T924A,924,T,A,RuvC-III,0.0735710447054783,1,1,1,6,7
T924I,924,T,I,RuvC-III,-0.7204537073122926,0,9,1,6,7
T924N,924,T,N,RuvC-III,-0.4974034972760238,0,9,1,6,7
T924P,924,T,P,RuvC-III,0.4024519002346075,1,8,1,6,7
T924S,924,T,S,RuvC-III,-0.7938709063125724,0,4,1,6,7
T928A,928,T,A,RuvC-III,-0.2778360473236369,0,1,1,6,7
T928I,928,T,I,RuvC-III,-0.0826449480618157,1,0,1,6,7
T928K,928,T,K,RuvC-III,-1.2079221694784914,0,6,1,6,7
T928P,928,T,P,RuvC-III,-1.3348669923600158,0,4,1,6,7
T928R,928,T,R,RuvC-III,-0.3999484633492571,0,9,1,6,7
T928S,928,T,S,RuvC-III,-0.4723705161099507,0,9,1,6,7
T941A,941,T,A,RuvC-III,-0.7440902033154876,0,8,0,6,7
T941I,941,T,I,RuvC-III,-0.1720780015756761,1,6,0,6,7
T941K,941,T,K,RuvC-III,-0.0123805163406255,1,9,0,6,7
T941P,941,T,P,RuvC-III,-0.5399341996194015,0,2,0,6,7
T941R,941,T,R,RuvC-III,-0.0857833372451321,1,3,0,6,7
T941S,941,T,S,RuvC-III,0.0566282977855474,1,6,0,6,7
T957A,957,T,A,RuvC-III,1.1105948203976692,1,0,8,6,7
T957I,957,T,I,RuvC-III,-0.4010911804987202,0,0,8,6,7
T957N,957,T,N,RuvC-III,-0.1439629675800393,1,9,8,6,7
T957P,957,T,P,RuvC-III,-0.4219002604293513,0,1,8,6,7
T957S,957,T,S,RuvC-III,-0.2432939684432022,1,7,8,6,7
T995A,995,T,A,RuvC-III,0.7728806383197913,1,5,2,7,7
T995I,995,T,I,RuvC-III,0.0497181913247756,1,6,2,7,7
T995N,995,T,N,RuvC-III,-0.6825754940436777,0,5,2,7,7
T995P,995,T,P,RuvC-III,-1.2554639873741706,0,8,2,7,7
T995S,995,T,S,RuvC-III,-0.6467683890290383,0,5,2,7,7
V1009A,1009,V,A,RuvC-III,-0.4314575965462832,0,8,3,7,7
V1009E,1009,V,E,RuvC-III,0.6300206774377187,1,5,3,7,7
V1009G,1009,V,G,RuvC-III,0.017989933518392,1,5,3,7,7
V1009L,1009,V,L,RuvC-III,-0.3162117012032652,0,2,3,7,7
V1009M,1009,V,M,RuvC-III,-0.2089747077608727,1,9,3,7,7
V1015A,1015,V,A,RuvC-III,-0.3599249302126081,0,3,6,7,7
V1015E,1015,V,E,RuvC-III,-0.1798731876774679,1,2,6,7,7
V1015G,1015,V,G,RuvC-III,1.0437528335980906,1,7,6,7,7
V1015L,1015,V,L,RuvC-III,-0.3815172470607741,0,2,6,7,7
V1015M,1015,V,M,RuvC-III,-0.3963886210108449,0,7,6,7,7
V1018A,1018,V,A,RuvC-III,-0.3684930208926905,0,6,5,7,7
V1018D,1018,V,D,RuvC-III,-0.5174364057734017,0,2,5,7,7
V1018F,1018,V,F,RuvC-III,-0.4121185336354277,0,0,5,7,7
V1018G,1018,V,G,RuvC-III,0.3853186404978346,1,6,5,7,7
V1018I,1018,V,I,RuvC-III,0.013328748721347,1,3,5,7,7
V1018L,1018,V,L,RuvC-III,-0.6480379459075973,0,1,5,7,7
V1073A,1073,V,A,RuvC-III,-0.1009881874968536,1,7,8,7,7
V1073E,1073,V,E,RuvC-III,-0.8236884127842773,0,8,8,7,7
V1073G,1073,V,G,RuvC-III,-0.8012715321120202,0,8,8,7,7
V1073L,1073,V,L,RuvC-III,-0.4984866891655806,0,5,8,7,7
V1073M,1073,V,M,RuvC-III,-0.075287713033118,1,3,8,7,7
V107A,107,V,A,REC1a,-0.6999156429623767,0,4,8,0,2
V107D,107,V,D,REC1a,-0.3295471930172611,0,6,8,0,2
V107F,107,V,F,REC1a,-0.5666554144183652,0,9,8,0,2
V107G,107,V,G,REC1a,0.2554153077038952,1,8,8,0,2
V107I,107,V,I,REC1a,-0.3204562178320397,0,6,8,0,2
V107L,107,V,L,REC1a,1.6437486563790176,1,7,8,0,2
V1083A,1083,V,A,RuvC-III,-0.1099819608966934,1,7,6,7,7
V1083E,1083,V,E,RuvC-III,-0.3426251067710083,0,9,6,7,7
V1083G,1083,V,G,RuvC-III,-1.194374148187066,0,8,6,7,7
V1083L,1083,V,L,RuvC-III,-0.3631135131492046,0,6,6,7,7
V1083M,1083,V,M,RuvC-III,-0.3195815106319934,0,7,6,7,7
V1086A,1086,V,A,RuvC-III,-0.6885191121967706,0,7,8,7,7
V1086D,1086,V,D,RuvC-III,-0.9057498284174396,0,5,8,7,7
V1086F,1086,V,F,RuvC-III,-0.718042070078077,0,9,8,7,7
V1086G,1086,V,G,RuvC-III,-0.2138721237797714,1,9,8,7,7
V1086I,1086,V,I,RuvC-III,-0.3566456920052682,0,1,8,7,7
V1086L,1086,V,L,RuvC-III,-0.6369748834439725,0,9,8,7,7
V1092A,1092,V,A,RuvC-III,-0.5196382624781053,0,8,7,7,7
V1092E,1092,V,E,RuvC-III,-0.6929883512629907,0,5,7,7,7
V1092G,1092,V,G,RuvC-III,-0.8728704772834772,0,3,7,7,7
V1092L,1092,V,L,RuvC-III,-0.3917952818638429,0,3,7,7,7
V1092M,1092,V,M,RuvC-III,-0.4867219717243551,0,4,7,7,7
V1095A,1095,V,A,RuvC-III,-0.006598709247583,1,8,3,8,7
V1095D,1095,V,D,RuvC-III,0.0248527025938349,1,2,3,8,7
V1095F,1095,V,F,RuvC-III,-0.622175335218891,0,2,3,8,7
V1095G,1095,V,G,RuvC-III,-0.321472046600995,0,6,3,8,7
V1095I,1095,V,I,RuvC-III,-0.3659932552716359,0,9,3,8,7
V1095L,1095,V,L,RuvC-III,-0.0168524073389397,1,6,3,8,7
V1100A,1100,V,A,WED,-0.4892883656815711,0,8,9,8,8
V1100E,1100,V,E,WED,-0.5394498853452679,0,1,9,8,8
V1100G,1100,V,G,WED,-1.129993418329724,0,7,9,8,8
V1100L,1100,V,L,WED,-0.3218722633391156,0,6,9,8,8
V1100M,1100,V,M,WED,-0.5458033083180495,0,8,9,8,8
V1139A,1139,V,A,WED,-0.1948033865580543,1,1,8,8,8
V1139E,1139,V,E,WED,0.1363632051764842,1,2,8,8,8
V1139G,1139,V,G,WED,-0.2544745992310294,1,5,8,8,8
V1139L,1139,V,L,WED,0.3922932831422,1,0,8,8,8
V1139M,1139,V,M,WED,0.2086497795681517,1,9,8,8,8
V1143A,1143,V,A,WED,-1.2794451158769902,0,4,9,8,8
V1143D,1143,V,D,WED,0.0658129456234866,1,8,9,8,8
V1143F,1143,V,F,WED,-0.610083159242049,0,0,9,8,8
V1143G,1143,V,G,WED,-1.1014468138989957,0,1,9,8,8
V1143I,1143,V,I,WED,-0.0012041520634582,1,5,9,8,8
V1143L,1143,V,L,WED,-0.2616828529934954,1,9,9,8,8
V1145A,1145,V,A,WED,0.2488438520492964,1,7,0,8,8
V1145E,1145,V,E,WED,-0.0925734875116003,1,2,0,8,8
V1145G,1145,V,G,WED,-0.2483681601190244,1,6,0,8,8
V1145L,1145,V,L,WED,-0.4839527685232406,0,3,0,8,8
V1145M,1145,V,M,WED,-0.2744647105646875,0,6,0,8,8
V1146A,1146,V,A,WED,0.6096429253411544,1,8,9,8,8
V1146D,1146,V,D,WED,-0.215371187672283,1,2,9,8,8
V1146F,1146,V,F,WED,0.1485308715723483,1,6,9,8,8
V1146G,1146,V,G,WED,0.0102760461916571,1,3,9,8,8
V1146I,1146,V,I,WED,-0.1469250119538227,1,4,9,8,8
V1146L,1146,V,L,WED,0.0835110797219382,1,6,9,8,8
V1149A,1149,V,A,WED,0.1380995595761547,1,1,5,8,8
V1149E,1149,V,E,WED,-0.0729155378878047,1,9,5,8,8
V1149G,1149,V,G,WED,-1.117260918372218,0,8,5,8,8
V1149L,1149,V,L,WED,-0.1592418468852025,1,5,5,8,8
V1149M,1149,V,M,WED,0.2280187577296056,1,9,5,8,8
V1160A,1160,V,A,WED,0.11134199271374,1,6,2,8,8
V1160D,1160,V,D,WED,-0.5174545928956491,0,2,2,8,8
V1160F,1160,V,F,WED,-0.2764554153287599,0,9,2,8,8
V1160G,1160,V,G,WED,0.6327880426849636,1,2,2,8,8
V1160I,1160,V,I,WED,0.4408635433199114,1,0,2,8,8
V1160L,1160,V,L,WED,0.2166962553330844,1,5,2,8,8
V1190A,1190,V,A,WED,-0.0222172313654451,1,7,5,8,8
V1190E,1190,V,E,WED,-0.3450194220328875,0,7,5,8,8
V1190G,1190,V,G,WED,-0.7600569213117311,0,3,5,8,8
V1190L,1190,V,L,WED,-0.2859536329545541,0,3,5,8,8
V1190M,1190,V,M,WED,-0.2522239288398225,1,1,5,8,8
V1233A,1233,V,A,CTD-PI,0.2855936203214804,1,8,2,9,10
V1233E,1233,V,E,CTD-PI,-0.3799650021617484,0,5,2,9,10
V1233G,1233,V,G,CTD-PI,-0.1298518232668503,1,3,2,9,10
V1233L,1233,V,L,CTD-PI,-0.2703451606793091,0,6,2,9,10
V1233M,1233,V,M,CTD-PI,0.0480924677967342,1,4,2,9,10
V123A,123,V,A,REC1a,-0.0168618783636256,1,2,5,0,2
V123E,123,V,E,REC1a,0.0332616010622108,1,8,5,0,2
V123G,123,V,G,REC1a,-0.8996242030792518,0,8,5,0,2
V123L,123,V,L,REC1a,-0.1984756628051657,1,6,5,0,2
V123M,123,V,M,REC1a,0.8311686990194666,1,1,5,0,2
V1259A,1259,V,A,CTD-PI,-0.4171467755242226,0,1,3,9,10
V1259E,1259,V,E,CTD-PI,0.6953581100879266,1,1,3,9,10
V1259G,1259,V,G,CTD-PI,-0.5407781246926,0,6,3,9,10
V1259L,1259,V,L,CTD-PI,0.2145926865271421,1,8,3,9,10
V1259M,1259,V,M,CTD-PI,-0.0573496485046059,1,8,3,9,10
V126A,126,V,A,REC1a,-0.1597600322477653,1,0,1,0,2
V126D,126,V,D,REC1a,-0.4421597629484902,0,2,1,0,2
V126F,126,V,F,REC1a,-0.8702611484271303,0,4,1,0,2
V126G,126,V,G,REC1a,-0.4421597629484902,0,1,1,0,2
V126I,126,V,I,REC1a,-0.1630428976549759,1,0,1,0,2
V126L,126,V,L,REC1a,-0.0337598807100097,1,3,1,0,2
V1280A,1280,V,A,CTD-PI,-0.1834326957296521,1,3,7,9,10
V1280E,1280,V,E,CTD-PI,-0.1054043406562226,1,5,7,9,10
V1280G,1280,V,G,CTD-PI,2.031181729936632,1,8,7,9,10
V1280L,1280,V,L,CTD-PI,0.0949078587813006,1,5,7,9,10
V1280M,1280,V,M,CTD-PI,0.1964049791006395,1,7,7,9,10
V1290A,1290,V,A,CTD-PI,0.3449883160587616,1,7,6,9,10
V1290D,1290,V,D,CTD-PI,-0.0638043547976771,1,0,6,9,10
V1290F,1290,V,F,CTD-PI,-0.229222460704861,1,0,6,9,10
V1290G,1290,V,G,CTD-PI,-0.4702287237718128,0,9,6,9,10
V1290I,1290,V,I,CTD-PI,0.5225378705602681,1,7,6,9,10
V1290L,1290,V,L,CTD-PI,0.3240682090235017,1,2,6,9,10
V1342A,1342,V,A,CTD-PI,2.130766615656196,1,5,1,9,10
V1342E,1342,V,E,CTD-PI,-0.505160340930168,0,0,1,9,10
V1342G,1342,V,G,CTD-PI,1.455038651011857,1,7,1,9,10
V1342L,1342,V,L,CTD-PI,-0.0278514444604086,1,1,1,9,10
V1342M,1342,V,M,CTD-PI,-0.0519790997576294,1,6,1,9,10
V143A,143,V,A,REC1a,-0.3079732238962664,0,0,6,1,2
V143E,143,V,E,REC1a,-0.3061527882718975,0,4,6,1,2
V143G,143,V,G,REC1a,0.3559775729717184,1,9,6,1,2
V143L,143,V,L,REC1a,-0.3614514704818226,0,3,6,1,2
V143M,143,V,M,REC1a,-0.1882811894020571,1,7,6,1,2
V16A,16,V,A,RuvC-I,-0.6889825646827924,0,5,8,0,0
V16E,16,V,E,RuvC-I,-0.7372377332900133,0,5,8,0,0
V16G,16,V,G,RuvC-I,-0.3519475774052216,0,1,8,0,0
V16L,16,V,L,RuvC-I,-0.3248825708365166,0,0,8,0,0
V16M,16,V,M,RuvC-I,0.0881038748275248,1,6,8,0,0
V181A,181,V,A,REC2,-0.0479209770577736,1,5,2,1,3
V181E,181,V,E,REC2,0.780013456917196,1,7,2,1,3
V181G,181,V,G,REC2,0.2222512913417559,1,2,2,1,3
V181L,181,V,L,REC2,-0.7960991364798539,0,2,2,1,3
V181M,181,V,M,REC2,-0.3058922394039289,0,4,2,1,3
V189A,189,V,A,REC2,-0.0821775187588735,1,5,1,1,3
V189D,189,V,D,REC2,1.896988977823961,1,8,1,1,3
V189F,189,V,F,REC2,0.1224671021282498,1,6,1,1,3
V189G,189,V,G,REC2,1.306864771987026,1,2,1,1,3
V189I,189,V,I,REC2,-0.0023825438970775,1,8,1,1,3
V189L,189,V,L,REC2,-0.2916332778965405,0,7,1,1,3
V206A,206,V,A,REC2,-0.0228876302444502,1,5,4,1,3
V206E,206,V,E,REC2,-0.6963951922564133,0,9,4,1,3
V206G,206,V,G,REC2,-0.5419975836709807,0,4,4,1,3
V206L,206,V,L,REC2,-0.1376662365979012,1,8,4,1,3
V206M,206,V,M,REC2,-0.0320281648691338,1,1,4,1,3
V20A,20,V,A,RuvC-I,-0.8570782374244414,0,4,2,0,0
V20D,20,V,D,RuvC-I,-0.8777095701965724,0,3,2,0,0
V20F,20,V,F,RuvC-I,-0.318406647554867,0,8,2,0,0
V20G,20,V,G,RuvC-I,-0.223206136222339,1,4,2,0,0
V20I,20,V,I,RuvC-I,-0.3457784349644648,0,0,2,0,0
V20L,20,V,L,RuvC-I,-0.3222900820420953,0,5,2,0,0
V27A,27,V,A,RuvC-I,-0.9137793882515578,0,7,9,0,0
V27D,27,V,D,RuvC-I,-1.624050115752344,0,3,9,0,0
V27F,27,V,F,RuvC-I,-0.8495091910713031,0,4,9,0,0
V27G,27,V,G,RuvC-I,0.7758804911362915,1,9,9,0,0
V27I,27,V,I,RuvC-I,-0.1875923125728478,1,9,9,0,0
V27L,27,V,L,RuvC-I,-0.3021790690813407,0,7,9,0,0
V308A,308,V,A,REC1b,-0.0592986810570188,1,0,6,2,4
V308E,308,V,E,REC1b,-0.1043080287862128,1,4,6,2,4
V308G,308,V,G,REC1b,0.5752945873887378,1,9,6,2,4
V308L,308,V,L,REC1b,-0.0991635467754825,1,0,6,2,4
V308M,308,V,M,REC1b,-0.0814666835559464,1,1,6,2,4
V339A,339,V,A,REC1b,-1.0310041080954064,0,0,1,2,4
V339E,339,V,E,REC1b,-1.030331366166271,0,1,1,2,4
V339G,339,V,G,REC1b,-0.142729190654235,1,5,1,2,4
V339L,339,V,L,REC1b,-0.5211887772655264,0,9,1,2,4
V339M,339,V,M,REC1b,-0.0992829676342847,1,3,1,2,4
V34A,34,V,A,RuvC-I,-0.8052602659038552,0,5,1,0,0
V34E,34,V,E,RuvC-I,0.6727870309007891,1,4,1,0,0
V34G,34,V,G,RuvC-I,-0.1207620916317848,1,4,1,0,0
V34L,34,V,L,RuvC-I,-0.1114569994789351,1,1,1,0,0
V34M,34,V,M,RuvC-I,-0.4953327318550791,0,3,1,0,0
V391A,391,V,A,REC1b,-0.4602875802900492,0,2,1,2,4
V391E,391,V,E,REC1b,-0.4146907138499383,0,0,1,2,4
V391G,391,V,G,REC1b,0.1372749572107406,1,9,1,2,4
V391L,391,V,L,REC1b,0.0617098729075078,1,8,1,2,4
V391M,391,V,M,REC1b,-0.1759526696108125,1,9,1,2,4
V452A,452,V,A,REC1b,-0.3305788516313239,0,7,2,3,4
V452E,452,V,E,REC1b,-0.6412660875452435,0,8,2,3,4
V452G,452,V,G,REC1b,-1.5298004246968318,0,5,2,3,4
V452L,452,V,L,REC1b,-0.2229383612059087,1,1,2,3,4
V452M,452,V,M,REC1b,-0.1796731946346428,1,5,2,3,4
V481A,481,V,A,REC1b,-0.6195907615512242,0,4,4,3,4
V481E,481,V,E,REC1b,-0.4687516012398101,0,6,4,3,4
V481G,481,V,G,REC1b,-1.181469649159339,0,2,4,3,4
V481L,481,V,L,REC1b,-0.0488748836435832,1,3,4,3,4
V481M,481,V,M,REC1b,-0.1133604082208874,1,7,4,3,4
V482A,482,V,A,REC1b,-0.4119572841668509,0,1,5,3,4
V482D,482,V,D,REC1b,-1.0247307333117166,0,6,5,3,4
V482F,482,V,F,REC1b,-0.0378893085355852,1,0,5,3,4
V482G,482,V,G,REC1b,-1.535692652589096,0,6,5,3,4
V482I,482,V,I,REC1b,-0.2242231234998747,1,5,5,3,4
V482L,482,V,L,REC1b,-0.4381298058863483,0,0,5,3,4
V507A,507,V,A,REC1b,-0.0955347837131048,1,5,3,3,4
V507E,507,V,E,REC1b,0.7345402148445828,1,6,3,3,4
V507G,507,V,G,REC1b,-1.0076620276877706,0,7,3,3,4
V507L,507,V,L,REC1b,0.2278941635850162,1,5,3,3,4
V507M,507,V,M,REC1b,0.1781209181517907,1,0,3,3,4
V520A,520,V,A,REC1b,0.1639089006995772,1,9,3,3,4
V520D,520,V,D,REC1b,-0.8861222196441952,0,6,3,3,4
V520F,520,V,F,REC1b,-0.4885248416618749,0,7,3,3,4
V520G,520,V,G,REC1b,-0.9971535320329392,0,1,3,3,4
V520I,520,V,I,REC1b,0.1629633763683418,1,8,3,3,4
V520L,520,V,L,REC1b,0.0238250777074479,1,8,3,3,4
V527A,527,V,A,REC1b,0.3777882176379026,1,1,8,3,4
V527E,527,V,E,REC1b,-0.3607307495353212,0,6,8,3,4
V527G,527,V,G,REC1b,-0.4197512633475215,0,8,8,3,4
V527L,527,V,L,REC1b,0.0865390072379291,1,5,8,3,4
V527M,527,V,M,REC1b,0.2483751443015565,1,4,8,3,4
V530A,530,V,A,REC1b,0.0685093342196011,1,4,2,3,4
V530D,530,V,D,REC1b,0.1257342029125516,1,3,2,3,4
V530F,530,V,F,REC1b,-0.5008596627916709,0,7,2,3,4
V530G,530,V,G,REC1b,-0.1543737162801837,1,6,2,3,4
V530I,530,V,I,REC1b,-0.6648646926901658,0,8,2,3,4
V530L,530,V,L,REC1b,-0.1982968927712398,1,7,2,3,4
V549A,549,V,A,REC1b,-0.5597187957528803,0,0,9,4,4
V549E,549,V,E,REC1b,-0.3373263744164324,0,2,9,4,4
V549G,549,V,G,REC1b,0.0923579008268129,1,3,9,4,4
V549L,549,V,L,REC1b,-0.1651215471450008,1,8,9,4,4
V549M,549,V,M,REC1b,-0.2429365945071212,1,1,9,4,4
V559A,559,V,A,REC1b,-0.6299011788297167,0,3,5,4,4
V559E,559,V,E,REC1b,-0.8929355846635101,0,1,5,4,4
V559G,559,V,G,REC1b,-0.5559005973859398,0,3,5,4,4
V559L,559,V,L,REC1b,-0.7463253458767365,0,4,5,4,4
V559M,559,V,M,REC1b,-0.3090627822668941,0,5,5,4,4
V561A,561,V,A,REC1b,-0.1270433357833542,1,7,2,4,4
V561D,561,V,D,REC1b,-0.132238709984145,1,4,2,4,4
V561F,561,V,F,REC1b,0.0244012209493606,1,0,2,4,4
V561G,561,V,G,REC1b,-1.1404126414298454,0,4,2,4,4
V561I,561,V,I,REC1b,0.089948708564064,1,8,2,4,4
V561L,561,V,L,REC1b,-0.3922626158504388,0,2,2,4,4
V578A,578,V,A,REC1b,-0.6810427064600337,0,5,6,4,4
V578E,578,V,E,REC1b,-0.7701394315843164,0,1,6,4,4
V578G,578,V,G,REC1b,-0.6318430003998093,0,9,6,4,4
V578L,578,V,L,REC1b,0.2166980342525254,1,2,6,4,4
V578M,578,V,M,REC1b,-0.0330399958795135,1,5,6,4,4
V583A,583,V,A,REC1b,-0.2774360177266023,0,8,4,4,4
V583D,583,V,D,REC1b,-0.3612176199629649,0,6,4,4,4
V583F,583,V,F,REC1b,-0.4247803996775833,0,7,4,4,4
V583G,583,V,G,REC1b,-0.6733646940577419,0,5,4,4,4
V583I,583,V,I,REC1b,-0.0922981352336412,1,2,4,4,4
V583L,583,V,L,REC1b,-0.464260326084804,0,0,4,4,4
V620A,620,V,A,REC1b,-0.4061982574787555,0,5,7,4,4
V620E,620,V,E,REC1b,-0.7200429768579464,0,7,7,4,4
V620G,620,V,G,REC1b,-1.5640779172604746,0,4,7,4,4
V620L,620,V,L,REC1b,-0.2415675624147549,1,3,7,4,4
V620M,620,V,M,REC1b,-0.2221318174534539,1,9,7,4,4
V647A,647,V,A,REC1b,0.0728902954741603,1,7,3,4,4
V647E,647,V,E,REC1b,-0.1670604972465923,1,2,3,4,4
V647G,647,V,G,REC1b,-0.4982664057219654,0,4,3,4,4
V647L,647,V,L,REC1b,1.0114803571419484,1,5,3,4,4
V647M,647,V,M,REC1b,-0.110223417550514,1,0,3,4,4
V713A,713,V,A,REC1b,-0.9285668278734572,0,4,6,5,4
V713E,713,V,E,REC1b,-0.120459609650714,1,8,6,5,4
V713G,713,V,G,REC1b,-1.201585322279873,0,9,6,5,4
V713L,713,V,L,REC1b,-0.1584526778618538,1,8,6,5,4
V713M,713,V,M,REC1b,-0.0172268775158696,1,5,6,5,4
V741A,741,V,A,RuvC-II,-0.8927656911602534,0,0,0,5,5
V741E,741,V,E,RuvC-II,-1.2886943674913924,0,7,0,5,5
V741G,741,V,G,RuvC-II,-1.5276330977077237,0,6,0,5,5
V741L,741,V,L,RuvC-II,1.231359763739373,1,9,0,5,5
V741M,741,V,M,RuvC-II,-0.0480120033442288,1,0,0,5,5
V743A,743,V,A,RuvC-II,0.0186087418363091,1,2,5,5,5
V743E,743,V,E,RuvC-II,-0.9098852931879962,0,8,5,5,5
V743G,743,V,G,RuvC-II,-1.421784331719429,0,4,5,5,5
V743L,743,V,L,RuvC-II,0.6927628095157254,1,6,5,5,5
V743M,743,V,M,RuvC-II,0.1425610258522206,1,6,5,5,5
V744A,744,V,A,RuvC-II,-0.5237616078125333,0,3,2,5,5
V744D,744,V,D,RuvC-II,-1.110457075758145,0,9,2,5,5
V744F,744,V,F,RuvC-II,-0.0441465166893192,1,3,2,5,5
V744G,744,V,G,RuvC-II,-1.0229942345078054,0,0,2,5,5
V744I,744,V,I,RuvC-II,-0.2675633351049995,0,5,2,5,5
V744L,744,V,L,RuvC-II,1.7708215894781605,1,9,2,5,5
V748A,748,V,A,RuvC-II,-0.2049273251969622,1,4,4,5,5
V748E,748,V,E,RuvC-II,-1.0510146417432809,0,5,4,5,5
V748G,748,V,G,RuvC-II,-1.1118179208054808,0,6,4,5,5
V748L,748,V,L,RuvC-II,-0.4852176066810353,0,0,4,5,5
V748M,748,V,M,RuvC-II,-0.2436233008085772,1,4,4,5,5
V750A,750,V,A,RuvC-II,-0.3839214072878213,0,3,0,5,5
V750D,750,V,D,RuvC-II,-0.6548123463154596,0,1,0,5,5
V750F,750,V,F,RuvC-II,-0.7121271559603455,0,2,0,5,5
V750G,750,V,G,RuvC-II,-0.5738923509318922,0,4,0,5,5
V750I,750,V,I,RuvC-II,-0.1742497913089304,1,9,0,5,5
V750L,750,V,L,RuvC-II,0.109261590804578,1,7,0,5,5
V760A,760,V,A,RuvC-II,-0.529096017315116,0,0,4,5,5
V760E,760,V,E,RuvC-II,-0.6365929765687132,0,2,4,5,5
V760G,760,V,G,RuvC-II,-0.633918842270388,0,7,4,5,5
V760L,760,V,L,RuvC-II,0.0249600486213023,1,9,4,5,5
V760M,760,V,M,RuvC-II,-0.3184759470567273,0,6,4,5,5
V801A,801,V,A,HNH,-0.2108992919272379,1,5,7,5,6
V801E,801,V,E,HNH,-0.9880539762091428,0,8,7,5,6
V801G,801,V,G,HNH,-0.6725521504812133,0,1,7,5,6
V801L,801,V,L,HNH,-0.4961163586260938,0,3,7,5,6
V801M,801,V,M,HNH,0.4651086717886324,1,1,7,5,6
V824A,824,V,A,HNH,-0.7427262349599372,0,8,6,6,6
V824E,824,V,E,HNH,-0.1749184552778479,1,1,6,6,6
V824G,824,V,G,HNH,-0.1121826999298853,1,5,6,6,6
V824L,824,V,L,HNH,0.4130605269548733,1,8,6,6,6
V824M,824,V,M,HNH,-0.0824224603290122,1,0,6,6,6
V838A,838,V,A,HNH,-0.0499205467660063,1,9,9,6,6
V838E,838,V,E,HNH,-0.5249401508730828,0,5,9,6,6
V838G,838,V,G,HNH,-1.146428527619353,0,5,9,6,6
V838L,838,V,L,HNH,-0.5617850602881507,0,7,9,6,6
V838M,838,V,M,HNH,0.2070427017326309,1,5,9,6,6
V842A,842,V,A,HNH,-0.3964050034974147,0,2,6,6,6
V842D,842,V,D,HNH,-0.9305585452966894,0,6,6,6,6
V842F,842,V,F,HNH,-0.0941775098719379,1,3,6,6,6
V842G,842,V,G,HNH,-1.174012582160967,0,6,6,6,6
V842I,842,V,I,HNH,-0.0584579793007956,1,7,6,6,6
V842L,842,V,L,HNH,0.9575228060930931,1,3,6,6,6
V856A,856,V,A,HNH,-0.1268095861191701,1,0,4,6,6
V856E,856,V,E,HNH,-1.1978244592837295,0,0,4,6,6
V856G,856,V,G,HNH,-0.7644084306900308,0,5,4,6,6
V856L,856,V,L,HNH,-0.2526100630287173,1,9,4,6,6
V856M,856,V,M,HNH,-0.7232811006685518,0,4,4,6,6
V870A,870,V,A,HNH,-0.0198492097917106,1,4,2,6,6
V870D,870,V,D,HNH,-0.9375984025214296,0,0,2,6,6
V870F,870,V,F,HNH,0.1526717595306483,1,2,2,6,6
V870G,870,V,G,HNH,-1.502932096493653,0,5,2,6,6
V870I,870,V,I,HNH,-0.4827805116442009,0,5,2,6,6
V870L,870,V,L,HNH,0.9302793381942004,1,0,2,6,6
V875A,875,V,A,HNH,-0.2473105259731579,1,5,4,6,6
V875E,875,V,E,HNH,-0.6356031700194733,0,5,4,6,6
V875G,875,V,G,HNH,-0.0815016330030774,1,5,4,6,6
V875L,875,V,L,HNH,-0.5971265317141313,0,6,4,6,6
V875M,875,V,M,HNH,-0.5636925200182069,0,1,4,6,6
V876A,876,V,A,HNH,0.5992199795045848,1,1,2,6,6
V876D,876,V,D,HNH,-0.3336658246368783,0,0,2,6,6
V876F,876,V,F,HNH,-0.9323713040322722,0,4,2,6,6
V876G,876,V,G,HNH,-0.2081349425530196,1,3,2,6,6
V876I,876,V,I,HNH,-0.3265114624178503,0,3,2,6,6
V876L,876,V,L,HNH,-0.1668992821770715,1,7,2,6,6
V922A,922,V,A,RuvC-III,-0.1921642039305866,1,2,1,6,7
V922E,922,V,E,RuvC-III,-0.4760321131815462,0,3,1,6,7
V922G,922,V,G,RuvC-III,0.2564875759534679,1,7,1,6,7
V922L,922,V,L,RuvC-III,-0.0744321418218512,1,4,1,6,7
V922M,922,V,M,RuvC-III,-0.0255249726750079,1,8,1,6,7
V931A,931,V,A,RuvC-III,-1.0513646364811278,0,5,3,6,7
V931D,931,V,D,RuvC-III,-0.2683390437852643,0,2,3,6,7
V931F,931,V,F,RuvC-III,-0.0924343622057222,1,8,3,6,7
V931G,931,V,G,RuvC-III,-0.3594869318434597,0,7,3,6,7
V931I,931,V,I,RuvC-III,0.5870867298350467,1,2,3,6,7
V931L,931,V,L,RuvC-III,-0.0464141979818097,1,0,3,6,7
V93A,93,V,A,BridgeHelix,-1.2523773212351137,0,9,1,0,1
V93E,93,V,E,BridgeHelix,0.0335714765466824,1,7,1,0,1
V93G,93,V,G,BridgeHelix,-2.6509266977253887,0,5,1,0,1
V93L,93,V,L,BridgeHelix,-0.0971090010347079,1,6,1,0,1
V93M,93,V,M,BridgeHelix,-0.1629253631596925,1,3,1,0,1
V953A,953,V,A,RuvC-III,-0.7451185985713078,0,0,8,6,7
V953E,953,V,E,RuvC-III,-0.1895159845369228,1,9,8,6,7
V953G,953,V,G,RuvC-III,0.7523810608995088,1,1,8,6,7
V953L,953,V,L,RuvC-III,-0.3444688098230827,0,1,8,6,7
V953M,953,V,M,RuvC-III,-0.3363109332052252,0,8,8,6,7
V955A,955,V,A,RuvC-III,-0.6867498527598892,0,9,4,6,7
V955D,955,V,D,RuvC-III,-0.5142188511055541,0,2,4,6,7
V955F,955,V,F,RuvC-III,-0.4042960826164038,0,5,4,6,7
V955G,955,V,G,RuvC-III,-0.9115937530904332,0,5,4,6,7
V955I,955,V,I,RuvC-III,-0.406329861968608,0,8,4,6,7
V955L,955,V,L,RuvC-III,-0.0790928556961805,1,4,4,6,7
V963A,963,V,A,RuvC-III,-0.7692723890997509,0,8,2,7,7
V963E,963,V,E,RuvC-III,-0.3352879764228803,0,0,2,7,7
V963G,963,V,G,RuvC-III,-1.2503990788363677,0,1,2,7,7
V963L,963,V,L,RuvC-III,-0.4478702161456208,0,8,2,7,7
V963M,963,V,M,RuvC-III,-0.1568540889806572,1,5,2,7,7
V975A,975,V,A,RuvC-III,-0.5937205916392803,0,2,6,7,7
V975D,975,V,D,RuvC-III,-0.4418397656667296,0,3,6,7,7
V975F,975,V,F,RuvC-III,-0.2673952726506229,0,9,6,7,7
V975G,975,V,G,RuvC-III,-1.2303356604730176,0,0,6,7,7
V975I,975,V,I,RuvC-III,-0.3512006590777656,0,1,6,7,7
V975L,975,V,L,RuvC-III,-0.6816835145556337,0,5,6,7,7
V992A,992,V,A,RuvC-III,-0.4770861258097799,0,6,1,7,7
V992E,992,V,E,RuvC-III,-0.7973831351182138,0,9,1,7,7
V992G,992,V,G,RuvC-III,-1.681905917698278,0,5,1,7,7
V992L,992,V,L,RuvC-III,-0.4623989077500831,0,3,1,7,7
V992M,992,V,M,RuvC-III,-0.0269750421470379,1,5,1,7,7
V993A,993,V,A,RuvC-III,-0.1553221749454451,1,7,0,7,7
V993D,993,V,D,RuvC-III,-0.9789789093321498,0,0,0,7,7
V993F,993,V,F,RuvC-III,-0.1922817734810787,1,8,0,7,7
V993G,993,V,G,RuvC-III,-1.2174909960318747,0,1,0,7,7
V993I,993,V,I,RuvC-III,0.2351636220223744,1,0,0,7,7
V993L,993,V,L,RuvC-III,0.1744113339590681,1,3,0,7,7
W1074C,1074,W,C,RuvC-III,-0.6546638741367361,0,3,2,7,7
W1074G,1074,W,G,RuvC-III,-0.7239106691322692,0,7,2,7,7
W1074L,1074,W,L,RuvC-III,-0.8887473944485869,0,3,2,7,7
W1074R,1074,W,R,RuvC-III,-0.907473900881358,0,3,2,7,7
W1074S,1074,W,S,RuvC-III,-1.0112594534161168,0,0,2,7,7
W1126C,1126,W,C,WED,-0.0444769302017624,1,6,9,8,8
W1126G,1126,W,G,WED,-0.9922538825237605,0,1,9,8,8
W1126L,1126,W,L,WED,-0.6022451865190435,0,5,9,8,8
W1126R,1126,W,R,WED,0.4094760221441568,1,9,9,8,8
W1126S,1126,W,S,WED,-0.9241732814064058,0,8,9,8,8
W18C,18,W,C,RuvC-I,-0.6855807216650032,0,1,1,0,0
W18G,18,W,G,RuvC-I,-0.7676697568575807,0,4,1,0,0
W18L,18,W,L,RuvC-I,-1.3888256792833944,0,5,1,0,0
W18R,18,W,R,RuvC-I,-0.9218587463681364,0,5,1,0,0
W18S,18,W,S,RuvC-I,-0.5449448812006767,0,0,1,0,0
W464C,464,W,C,REC1b,-0.8123516127773062,0,9,6,3,4
W464G,464,W,G,REC1b,-0.8738328615198725,0,5,6,3,4
W464L,464,W,L,REC1b,-0.6009035006733796,0,7,6,3,4
W464R,464,W,R,REC1b,-0.628844333744781,0,9,6,3,4
W464S,464,W,S,REC1b,-0.904364846901934,0,9,6,3,4
W476C,476,W,C,REC1b,0.2280893059412557,1,9,4,3,4
W476G,476,W,G,REC1b,-0.2583533968613507,1,8,4,3,4
W476L,476,W,L,REC1b,-0.0465249564805891,1,0,4,3,4
W476R,476,W,R,REC1b,-0.6674781784417997,0,2,4,3,4
W476S,476,W,S,REC1b,-1.175807973425555,0,8,4,3,4
W659C,659,W,C,REC1b,-0.3883029047076262,0,4,6,4,4
W659G,659,W,G,REC1b,2.2242067046988003,1,6,6,4,4
W659L,659,W,L,REC1b,-0.2991721592707946,0,1,6,4,4
W659R,659,W,R,REC1b,0.0625548576964293,1,4,6,4,4
W659S,659,W,S,REC1b,-1.0432446399312607,0,2,6,4,4
W883C,883,W,C,HNH,-0.2771561619722212,0,4,1,6,6
W883G,883,W,G,HNH,-0.0987953176319822,1,9,1,6,6
W883L,883,W,L,HNH,-0.6303768081673367,0,5,1,6,6
W883R,883,W,R,HNH,-0.5761549097410651,0,9,1,6,6
W883S,883,W,S,HNH,-0.3812895201654684,0,7,1,6,6
Y1001C,1001,Y,C,RuvC-III,-0.6974669923032649,0,1,8,7,7
Y1001D,1001,Y,D,RuvC-III,-2.575195553945324,0,4,8,7,7
Y1001F,1001,Y,F,RuvC-III,-0.434885480851118,0,7,8,7,7
Y1001H,1001,Y,H,RuvC-III,-0.1179156061630746,1,1,8,7,7
Y1001N,1001,Y,N,RuvC-III,-0.7126990776952581,0,1,8,7,7
Y1001S,1001,Y,S,RuvC-III,-0.2526821496303689,1,9,8,7,7
Y1010C,1010,Y,C,RuvC-III,-0.0310465851931571,1,3,4,7,7
Y1010D,1010,Y,D,RuvC-III,-0.6048764431615223,0,3,4,7,7
Y1010F,1010,Y,F,RuvC-III,-0.7858948842196851,0,1,4,7,7
Y1010H,1010,Y,H,RuvC-III,-0.3245640458958931,0,9,4,7,7
Y1010N,1010,Y,N,RuvC-III,-0.1843007603412488,1,2,4,7,7
Y1010S,1010,Y,S,RuvC-III,-2.120313923290244,0,8,4,7,7
Y1013C,1013,Y,C,RuvC-III,0.1481964665102631,1,5,6,7,7
Y1013D,1013,Y,D,RuvC-III,0.6389234360436178,1,6,6,7,7
Y1013F,1013,Y,F,RuvC-III,-0.2294976779227435,1,0,6,7,7
Y1013H,1013,Y,H,RuvC-III,0.2412680149930102,1,2,6,7,7
Y1013N,1013,Y,N,RuvC-III,-0.2683912114096887,0,5,6,7,7
Y1013S,1013,Y,S,RuvC-III,0.4377030837052479,1,3,6,7,7
Y1016C,1016,Y,C,RuvC-III,-0.2410586784050883,1,3,1,7,7
Y1016D,1016,Y,D,RuvC-III,-0.797658887099053,0,7,1,7,7
Y1016F,1016,Y,F,RuvC-III,-0.671779613485195,0,3,1,7,7
Y1016H,1016,Y,H,RuvC-III,0.4099623984161343,1,4,1,7,7
Y1016N,1016,Y,N,RuvC-III,0.4945218643942572,1,2,1,7,7
Y1016S,1016,Y,S,RuvC-III,-0.4833345240720849,0,8,1,7,7
Y1036C,1036,Y,C,RuvC-III,-0.4131883895968954,0,9,0,7,7
Y1036D,1036,Y,D,RuvC-III,-0.7273173068904517,0,7,0,7,7
Y1036F,1036,Y,F,RuvC-III,-0.6298244141057927,0,2,0,7,7
Y1036H,1036,Y,H,RuvC-III,-0.1244328981720334,1,7,0,7,7
Y1036N,1036,Y,N,RuvC-III,-0.1292986533438494,1,7,0,7,7
Y1036S,1036,Y,S,RuvC-III,-1.486088936644343,0,5,0,7,7
Y1039C,1039,Y,C,RuvC-III,-0.3387948311220481,0,9,7,7,7
Y1039D,1039,Y,D,RuvC-III,-0.0402779732057494,1,0,7,7,7
Y1039F,1039,Y,F,RuvC-III,0.3208793611933892,1,7,7,7,7
Y1039H,1039,Y,H,RuvC-III,-0.0030699027351058,1,8,7,7,7
Y1039N,1039,Y,N,RuvC-III,-0.3580878233218994,0,3,7,7,7
Y1039S,1039,Y,S,RuvC-III,-0.9748592097131104,0,6,7,7,7
Y1131C,1131,Y,C,WED,-0.642778024156875,0,7,1,8,8
Y1131D,1131,Y,D,WED,-1.913630704788434,0,9,1,8,8
Y1131F,1131,Y,F,WED,-0.1055122654670155,1,1,1,8,8
Y1131H,1131,Y,H,WED,-0.587402472467446,0,5,1,8,8
Y1131N,1131,Y,N,WED,-0.1307288264553687,1,7,1,8,8
Y1131S,1131,Y,S,WED,0.0200186166168434,1,1,1,8,8
Y1141C,1141,Y,C,WED,-0.7560597891014709,0,0,6,8,8
Y1141D,1141,Y,D,WED,-0.1709399942069595,1,6,6,8,8
Y1141F,1141,Y,F,WED,-0.5472166653708269,0,8,6,8,8
Y1141H,1141,Y,H,WED,0.0332007225732658,1,1,6,8,8
Y1141N,1141,Y,N,WED,-0.1194096935668774,1,2,6,8,8
Y1141S,1141,Y,S,WED,-0.3216569649556957,0,1,6,8,8
Y1187C,1187,Y,C,WED,-0.0442509671413958,1,0,4,8,8
Y1187D,1187,Y,D,WED,-1.1855971692124208,0,7,4,8,8
Y1187F,1187,Y,F,WED,-0.3267856237286711,0,6,4,8,8
Y1187H,1187,Y,H,WED,-0.2516863596701931,1,3,4,8,8
Y1187N,1187,Y,N,WED,-1.074565856823677,0,0,4,8,8
Y1187S,1187,Y,S,WED,-0.1841812282858707,1,2,4,8,8
Y1201C,1201,Y,C,TOPO,-0.4369469878426823,0,5,8,8,9
Y1201D,1201,Y,D,TOPO,0.8151586507814376,1,7,8,8,9
Y1201F,1201,Y,F,TOPO,0.2734577800523888,1,7,8,8,9
Y1201H,1201,Y,H,TOPO,-0.1242998072835118,1,8,8,8,9
Y1201N,1201,Y,N,TOPO,-0.2037003764698784,1,7,8,8,9
Y1201S,1201,Y,S,TOPO,-0.1811080834130922,1,1,8,8,9
Y1232C,1232,Y,C,CTD-PI,0.1136098564905203,1,7,3,9,10
Y1232D,1232,Y,D,CTD-PI,0.3177694009662179,1,9,3,9,10
Y1232F,1232,Y,F,CTD-PI,-0.1653821232462499,1,4,3,9,10
Y1232H,1232,Y,H,CTD-PI,-0.0972680983126257,1,6,3,9,10
Y1232N,1232,Y,N,CTD-PI,-0.0866208541131172,1,6,3,9,10
Y1232S,1232,Y,S,CTD-PI,0.2179465163052558,1,0,3,9,10
Y1237C,1237,Y,C,CTD-PI,-0.0287264852235726,1,4,3,9,10
Y1237D,1237,Y,D,CTD-PI,0.5404731156387749,1,0,3,9,10
Y1237F,1237,Y,F,CTD-PI,-0.1653611772454186,1,8,3,9,10
Y1237H,1237,Y,H,CTD-PI,-0.2550563710220396,1,4,3,9,10
Y1237N,1237,Y,N,CTD-PI,-0.541504186527835,0,9,3,9,10
Y1237S,1237,Y,S,CTD-PI,-2.368142006839776,0,1,3,9,10
Y1242C,1242,Y,C,CTD-PI,0.0801145447245997,1,3,4,9,10
Y1242D,1242,Y,D,CTD-PI,-0.1920934985352633,1,6,4,9,10
Y1242F,1242,Y,F,CTD-PI,-0.0467975677576197,1,8,4,9,10
Y1242H,1242,Y,H,CTD-PI,-0.0946246365875807,1,2,4,9,10
Y1242N,1242,Y,N,CTD-PI,-0.3900957866471665,0,8,4,9,10
Y1242S,1242,Y,S,CTD-PI,-0.0467975677576196,1,1,4,9,10
Y1265C,1265,Y,C,CTD-PI,-0.080696297652513,1,3,0,9,10
Y1265D,1265,Y,D,CTD-PI,0.5554523741678785,1,3,0,9,10
Y1265F,1265,Y,F,CTD-PI,-0.1238065377406082,1,8,0,9,10
Y1265H,1265,Y,H,CTD-PI,-0.7891957972195673,0,7,0,9,10
Y1265N,1265,Y,N,CTD-PI,-0.3536125926749772,0,9,0,9,10
Y1265S,1265,Y,S,CTD-PI,0.8926733960827476,1,4,0,9,10
Y128C,128,Y,C,REC1a,-0.0002404195986111,1,7,6,0,2
Y128D,128,Y,D,REC1a,-2.127780168278303,0,0,6,0,2
Y128F,128,Y,F,REC1a,-0.3298002863140352,0,3,6,0,2
Y128H,128,Y,H,REC1a,0.0015028486666638,1,6,6,0,2
Y128N,128,Y,N,REC1a,-0.928471360054896,0,6,6,0,2
Y128S,128,Y,S,REC1a,-1.3553353784211732,0,2,6,0,2
Y1294C,1294,Y,C,CTD-PI,-0.7831915418044635,0,4,6,9,10
Y1294D,1294,Y,D,CTD-PI,-1.2485249187094816,0,4,6,9,10
Y1294F,1294,Y,F,CTD-PI,-0.572898598042643,0,5,6,9,10
Y1294H,1294,Y,H,CTD-PI,-0.3309870789014545,0,8,6,9,10
Y1294N,1294,Y,N,CTD-PI,-0.3803147912650226,0,7,6,9,10
Y1294S,1294,Y,S,CTD-PI,-1.9290424082679185,0,1,6,9,10
Y1326C,1326,Y,C,CTD-PI,0.4887945600416722,1,4,7,9,10
Y1326D,1326,Y,D,CTD-PI,-0.7052334445708925,0,9,7,9,10
Y1326F,1326,Y,F,CTD-PI,-0.2059719496842256,1,4,7,9,10
Y1326H,1326,Y,H,CTD-PI,0.5716067607879319,1,9,7,9,10
Y1326N,1326,Y,N,CTD-PI,-0.1202709438497362,1,8,7,9,10
Y1326S,1326,Y,S,CTD-PI,-2.266092942121797,0,0,7,9,10
Y132C,132,Y,C,REC1a,-0.4363140326869429,0,4,5,0,2
Y132D,132,Y,D,REC1a,1.191734439475207,1,4,5,0,2
Y132F,132,Y,F,REC1a,-0.2953531100334783,0,9,5,0,2
Y132H,132,Y,H,REC1a,-0.5858731391883454,0,1,5,0,2
Y132N,132,Y,N,REC1a,-0.1453005478023636,1,9,5,0,2
Y132S,132,Y,S,REC1a,-1.3411567996466034,0,0,5,0,2
Y1336C,1336,Y,C,CTD-PI,-0.4484494998037336,0,9,2,9,10
Y1336D,1336,Y,D,CTD-PI,-1.606756610975328,0,5,2,9,10
Y1336F,1336,Y,F,CTD-PI,0.1765951190128618,1,2,2,9,10
Y1336H,1336,Y,H,CTD-PI,0.1649744013515549,1,2,2,9,10
Y1336N,1336,Y,N,CTD-PI,0.4341513326048781,1,9,2,9,10
Y1336S,1336,Y,S,CTD-PI,-0.927741540801874,0,8,2,9,10
Y1356C,1356,Y,C,CTD-PI,-0.3057338033732808,0,5,0,9,10
Y1356D,1356,Y,D,CTD-PI,-0.8090298384984294,0,0,0,9,10
Y1356F,1356,Y,F,CTD-PI,-0.9476759207611462,0,9,0,9,10
Y1356H,1356,Y,H,CTD-PI,-0.0181381030514864,1,3,0,9,10
Y1356N,1356,Y,N,CTD-PI,-0.4330921589085258,0,6,0,9,10
Y1356S,1356,Y,S,CTD-PI,-0.7356655179518192,0,7,0,9,10
Y136C,136,Y,C,REC1a,-0.4760686348018505,0,3,8,0,2
Y136D,136,Y,D,REC1a,-0.3402491916613007,0,3,8,0,2
Y136F,136,Y,F,REC1a,-0.4280105260685733,0,8,8,0,2
Y136H,136,Y,H,REC1a,0.4467570850045009,1,5,8,0,2
Y136N,136,Y,N,REC1a,-0.787708168632522,0,6,8,0,2
Y136S,136,Y,S,REC1a,-0.6655464336655632,0,9,8,0,2
Y155C,155,Y,C,REC1a,-0.5800797621682814,0,1,4,1,2
Y155D,155,Y,D,REC1a,-0.6117427744965005,0,2,4,1,2
Y155F,155,Y,F,REC1a,0.0173736827360716,1,3,4,1,2
Y155H,155,Y,H,REC1a,-0.5561871728147947,0,6,4,1,2
Y155N,155,Y,N,REC1a,-0.4864597994569646,0,1,4,1,2
Y155S,155,Y,S,REC1a,-0.843114168002075,0,6,4,1,2
Y192C,192,Y,C,REC2,-0.1265288984950636,1,7,4,1,3
Y192D,192,Y,D,REC2,0.0049331102942693,1,9,4,1,3
Y192F,192,Y,F,REC2,0.1852878804250095,1,2,4,1,3
Y192H,192,Y,H,REC2,-0.4101043889845748,0,4,4,1,3
Y192N,192,Y,N,REC2,-0.4457282987152961,0,5,4,1,3
Y192S,192,Y,S,REC2,-1.9952843652168115,0,1,4,1,3
Y25C,25,Y,C,RuvC-I,-0.1602626084289349,1,5,5,0,0
Y25D,25,Y,D,RuvC-I,-2.545076781040405,0,5,5,0,0
Y25F,25,Y,F,RuvC-I,0.0029113510222974,1,5,5,0,0
Y25H,25,Y,H,RuvC-I,-0.4075732572904705,0,7,5,0,0
Y25N,25,Y,N,RuvC-I,-0.9350232993564188,0,1,5,0,0
Y25S,25,Y,S,RuvC-I,-1.1322482322593383,0,1,5,0,0
Y271C,271,Y,C,REC2,-0.1266706520548202,1,7,1,1,3
Y271D,271,Y,D,REC2,-0.7028194619394265,0,6,1,1,3
Y271F,271,Y,F,REC2,-0.2328372818879277,1,0,1,1,3
Y271H,271,Y,H,REC2,-0.158498945715616,1,8,1,1,3
Y271N,271,Y,N,REC2,-0.2448298174760355,1,5,1,1,3
Y271S,271,Y,S,REC2,2.807240157487408,1,3,1,1,3
Y286C,286,Y,C,REC2,-0.3867151591550499,0,1,7,2,3
Y286D,286,Y,D,REC2,2.073115053621736,1,2,7,2,3
Y286F,286,Y,F,REC2,-0.1881694797729698,1,9,7,2,3
Y286H,286,Y,H,REC2,0.1844761625694401,1,3,7,2,3
Y286N,286,Y,N,REC2,0.2251181470667859,1,0,7,2,3
Y286S,286,Y,S,REC2,0.0919384394197656,1,0,7,2,3
Y325C,325,Y,C,REC1b,-1.322266562991143,0,3,4,2,4
Y325D,325,Y,D,REC1b,-0.6761165401060315,0,6,4,2,4
Y325F,325,Y,F,REC1b,-0.0644688055234962,1,4,4,2,4
Y325H,325,Y,H,REC1b,-0.5352540042661819,0,0,4,2,4
Y325N,325,Y,N,REC1b,-0.9615187589682798,0,7,4,2,4
Y325S,325,Y,S,REC1b,-1.064468805523496,0,8,4,2,4
Y347C,347,Y,C,REC1b,-0.3085651338930764,0,8,5,2,4
Y347D,347,Y,D,REC1b,-1.072804263542808,0,9,5,2,4
Y347F,347,Y,F,REC1b,-0.1524459319757947,1,4,5,2,4
Y347H,347,Y,H,REC1b,0.3305514306884001,1,3,5,2,4
Y347N,347,Y,N,REC1b,-0.072804263542808,1,2,5,2,4
Y347S,347,Y,S,REC1b,-0.0455307280592825,1,9,5,2,4
Y359C,359,Y,C,REC1b,-0.34082813777518,0,1,1,2,4
Y359D,359,Y,D,REC1b,-0.2206735882275886,1,3,1,2,4
Y359F,359,Y,F,REC1b,-1.1042659433025772,0,1,1,2,4
Y359H,359,Y,H,REC1b,0.2674273732409787,1,2,1,2,4
Y359N,359,Y,N,REC1b,-0.5715807500867167,0,1,1,2,4
Y359S,359,Y,S,REC1b,0.9546277457509912,1,7,1,2,4
Y362C,362,Y,C,REC1b,-0.3116111392491085,0,7,3,2,4
Y362D,362,Y,D,REC1b,-0.5490071743918659,0,6,3,2,4
Y362F,362,Y,F,REC1b,-0.0741240584382483,1,4,3,2,4
Y362H,362,Y,H,REC1b,-0.142750560655232,1,5,3,2,4
Y362N,362,Y,N,REC1b,0.9156610926115788,1,2,3,2,4
Y362S,362,Y,S,REC1b,0.187042478494535,1,3,3,2,4
Y373C,373,Y,C,REC1b,-0.3270517049507944,0,3,0,2,4
Y373D,373,Y,D,REC1b,-0.0792442251707429,1,3,0,2,4
Y373F,373,Y,F,REC1b,-0.2665101630157434,0,3,0,2,4
Y373H,373,Y,H,REC1b,-0.373642801913872,0,6,0,2,4
Y373N,373,Y,N,REC1b,-0.745766355531517,0,8,0,2,4
Y373S,373,Y,S,REC1b,-0.5494441262872423,0,5,0,2,4
Y430C,430,Y,C,REC1b,-0.5259090138978778,0,7,2,3,4
Y430D,430,Y,D,REC1b,-0.1522695382838336,1,7,2,3,4
Y430F,430,Y,F,REC1b,0.174774588115131,1,2,2,3,4
Y430H,430,Y,H,REC1b,-0.5770880583552629,0,1,2,3,4
Y430N,430,Y,N,REC1b,-0.5320001688267249,0,4,2,3,4
Y430S,430,Y,S,REC1b,-1.301253541052861,0,0,2,3,4
Y450C,450,Y,C,REC1b,-0.3058945063915434,0,3,7,3,4
Y450D,450,Y,D,REC1b,-0.8300776378442781,0,7,7,3,4
Y450F,450,Y,F,REC1b,0.1912938129229812,1,6,7,3,4
Y450H,450,Y,H,REC1b,0.1166803408787422,1,4,7,3,4
Y450N,450,Y,N,REC1b,0.015524753570289,1,9,7,3,4
Y450S,450,Y,S,REC1b,2.693556418419759,1,6,7,3,4
Y451C,451,Y,C,REC1b,-0.1700136021267155,1,5,1,3,4
Y451D,451,Y,D,REC1b,-1.4455661305205072,0,7,1,3,4
Y451F,451,Y,F,REC1b,-0.0713020902896681,1,9,1,3,4
Y451H,451,Y,H,REC1b,0.3959013900899626,1,3,1,3,4
Y451N,451,Y,N,REC1b,-0.0200441455078773,1,3,1,3,4
Y451S,451,Y,S,REC1b,-1.128193426432089,0,3,1,3,4
Y515C,515,Y,C,REC1b,-0.3045803143082908,0,5,7,3,4
Y515D,515,Y,D,REC1b,-0.8201231409301368,0,3,7,3,4
Y515F,515,Y,F,REC1b,-0.3148327862954883,0,3,7,3,4
Y515H,515,Y,H,REC1b,-0.2002061209779883,1,8,7,3,4
Y515N,515,Y,N,REC1b,0.2547977856185004,1,6,7,3,4
Y515S,515,Y,S,REC1b,0.6023102813002278,1,2,7,3,4
Y517C,517,Y,C,REC1b,0.1841154960246897,1,7,5,3,4
Y517D,517,Y,D,REC1b,0.1172939669898557,1,1,5,3,4
Y517F,517,Y,F,REC1b,-0.1183214148274469,1,4,5,3,4
Y517H,517,Y,H,REC1b,0.411025170046566,1,0,5,3,4
Y517N,517,Y,N,REC1b,-0.3521913163113643,0,5,5,3,4
Y517S,517,Y,S,REC1b,0.1156357581419234,1,5,5,3,4
Y521C,521,Y,C,REC1b,-0.0203784448402609,1,2,1,3,4
Y521D,521,Y,D,REC1b,0.317452407409997,1,6,1,3,4
Y521F,521,Y,F,REC1b,0.4162476818593558,1,4,1,3,4
Y521H,521,Y,H,REC1b,-0.8910008229685773,0,0,1,3,4
Y521N,521,Y,N,REC1b,-0.269704306724071,0,1,1,3,4
Y521S,521,Y,S,REC1b,-0.4129610932914087,0,1,1,3,4
Y529C,529,Y,C,REC1b,-0.1094577857965916,1,4,8,3,4
Y529D,529,Y,D,REC1b,-0.8739303178684544,0,0,8,3,4
Y529F,529,Y,F,REC1b,-0.7655033845792302,0,1,8,3,4
Y529H,529,Y,H,REC1b,-0.5082808455517741,0,1,8,3,4
Y529N,529,Y,N,REC1b,-0.775366483384865,0,8,8,3,4
Y529S,529,Y,S,REC1b,-0.5171157547098377,0,7,8,3,4
Y568C,568,Y,C,REC1b,0.4524071740008609,1,5,0,4,4
Y568D,568,Y,D,REC1b,-0.6310116381737418,0,9,0,4,4
Y568F,568,Y,F,REC1b,-0.0544656333937435,1,6,0,4,4
Y568H,568,Y,H,REC1b,-0.0817170861656174,1,0,0,4,4
Y568N,568,Y,N,REC1b,-0.2006610834003941,1,1,0,4,4
Y568S,568,Y,S,REC1b,-1.1606260923069636,0,8,0,4,4
Y594C,594,Y,C,REC1b,-0.7489041683451397,0,1,4,4,4
Y594D,594,Y,D,REC1b,-0.6300507716219663,0,9,4,4,4
Y594F,594,Y,F,REC1b,-0.6763206270408297,0,1,4,4,4
Y594H,594,Y,H,REC1b,-0.1381976752922914,1,1,4,4,4
Y594N,594,Y,N,REC1b,-0.9058824519198744,0,6,4,4,4
Y594S,594,Y,S,REC1b,-0.7467099549322279,0,3,4,4,4
Y5C,5,Y,C,RuvC-I,-0.5808777054035092,0,7,3,0,0
Y5D,5,Y,D,RuvC-I,0.456025479932669,1,7,3,0,0
Y5F,5,Y,F,RuvC-I,-1.2170655294798387,0,9,3,0,0
Y5H,5,Y,H,RuvC-I,-1.0700433317349187,0,3,3,0,0
Y5N,5,Y,N,RuvC-I,-1.5439745200673307,0,7,3,0,0
Y5S,5,Y,S,RuvC-I,-0.4461526033902949,0,4,3,0,0
Y639C,639,Y,C,REC1b,-0.240983559434682,1,9,6,4,4
Y639D,639,Y,D,REC1b,-0.9439919171993634,0,9,6,4,4
Y639F,639,Y,F,REC1b,-0.1418919970280748,1,5,6,4,4
Y639H,639,Y,H,REC1b,-0.1427330704711657,1,8,6,4,4
Y639N,639,Y,N,REC1b,2.061026157567261,1,2,6,4,4
Y639S,639,Y,S,REC1b,-1.7519454787120616,0,9,6,4,4
Y656C,656,Y,C,REC1b,-0.5064583409507776,0,9,1,4,4
Y656D,656,Y,D,REC1b,0.8331638629692462,1,0,1,4,4
Y656F,656,Y,F,REC1b,-0.2812062654750889,0,8,1,4,4
Y656H,656,Y,H,REC1b,0.0386329812692256,1,2,1,4,4
Y656N,656,Y,N,REC1b,-0.7725571979187074,0,4,1,4,4
Y656S,656,Y,S,REC1b,0.3152518740838969,1,3,1,4,4
Y72C,72,Y,C,BridgeHelix,-0.1054636090545636,1,8,3,0,1
Y72D,72,Y,D,BridgeHelix,-0.5651731441924497,0,5,3,0,1
Y72F,72,Y,F,BridgeHelix,-0.3897837795342135,0,8,3,0,1
Y72H,72,Y,H,BridgeHelix,-1.012632121163671,0,1,3,0,1
Y72N,72,Y,N,BridgeHelix,0.3352911822566357,1,5,3,0,1
Y72S,72,Y,S,BridgeHelix,0.9091831669098378,1,4,3,0,1
Y812C,812,Y,C,HNH,0.1120091818617519,1,1,2,5,6
Y812D,812,Y,D,HNH,-1.3519766565497222,0,6,2,5,6
Y812F,812,Y,F,HNH,-0.6227674099423198,0,9,2,5,6
Y812H,812,Y,H,HNH,-1.37582339850409,0,3,2,5,6
Y812N,812,Y,N,HNH,-0.2316824228320103,1,9,2,5,6
Y812S,812,Y,S,HNH,-0.3509627944807938,0,8,2,5,6
Y814C,814,Y,C,HNH,-0.8855882934798803,0,3,4,5,6
Y814D,814,Y,D,HNH,0.206302551154269,1,3,4,5,6
Y814F,814,Y,F,HNH,0.1501617314693213,1,0,4,5,6
Y814H,814,Y,H,HNH,0.2044980543075213,1,9,4,5,6
Y814N,814,Y,N,HNH,-1.184080845931187,0,2,4,5,6
Y814S,814,Y,S,HNH,-0.7701110760599444,0,8,4,5,6
Y815C,815,Y,C,HNH,-0.3972834508431332,0,7,0,5,6
Y815D,815,Y,D,HNH,-0.1697957476004105,1,0,0,5,6
Y815F,815,Y,F,HNH,-0.0624608870468327,1,5,0,5,6
Y815H,815,Y,H,HNH,0.0157599055556659,1,8,0,5,6
Y815N,815,Y,N,HNH,-0.0533862554850998,1,1,0,5,6
Y815S,815,Y,S,HNH,0.2208459138132221,1,8,0,5,6
Y81C,81,Y,C,BridgeHelix,-0.5865313644933825,0,3,0,0,1
Y81D,81,Y,D,BridgeHelix,-0.9807027805933262,0,1,0,0,1
Y81F,81,Y,F,BridgeHelix,-0.0500836920408615,1,7,0,0,1
Y81H,81,Y,H,BridgeHelix,-0.7271754605039075,0,9,0,0,1
Y81N,81,Y,N,BridgeHelix,0.6081800894991732,1,7,0,0,1
Y81S,81,Y,S,BridgeHelix,-1.5525840325700448,0,3,0,0,1
Y823C,823,Y,C,HNH,-0.7891335475892409,0,4,3,6,6
Y823D,823,Y,D,HNH,-1.6381457522875646,0,7,3,6,6
Y823F,823,Y,F,HNH,-0.8435813316116171,0,7,3,6,6
Y823H,823,Y,H,HNH,-0.8007960899321228,0,1,3,6,6
Y823N,823,Y,N,HNH,-0.4068202061811085,0,3,3,6,6
Y823S,823,Y,S,HNH,-0.0521679534230345,1,3,3,6,6
Y836C,836,Y,C,HNH,-0.6879158434623692,0,4,6,6,6
Y836D,836,Y,D,HNH,-0.5818150114542396,0,3,6,6,6
Y836F,836,Y,F,HNH,-0.4531878277736429,0,6,6,6,6
Y836H,836,Y,H,HNH,0.5150465277983496,1,1,6,6,6
Y836N,836,Y,N,HNH,-0.4118900100119271,0,1,6,6,6
Y836S,836,Y,S,HNH,0.6292743324183301,1,5,6,6,6
Y882C,882,Y,C,HNH,-0.707021879249837,0,2,8,6,6
Y882D,882,Y,D,HNH,0.25190595268436,1,2,8,6,6
Y882F,882,Y,F,HNH,0.1563471579474609,1,0,8,6,6
Y882H,882,Y,H,HNH,-0.2716560033726531,0,8,8,6,6
Y882N,882,Y,N,HNH,-0.612032497739612,0,7,8,6,6
Y882S,882,Y,S,HNH,-0.0120503737482576,1,4,8,6,6
Y943C,943,Y,C,RuvC-III,-0.5816589505362182,0,7,5,6,7
Y943D,943,Y,D,RuvC-III,-0.6620581751186616,0,0,5,6,7
Y943F,943,Y,F,RuvC-III,-0.4889296528630174,0,4,5,6,7
Y943H,943,Y,H,RuvC-III,-0.2470206758398178,1,4,5,6,7
Y943N,943,Y,N,RuvC-III,-0.3147652824756518,0,4,5,6,7
Y943S,943,Y,S,RuvC-III,-0.8328840540803787,0,9,5,6,7
Y973C,973,Y,C,RuvC-III,-0.9760382671420372,0,2,8,7,7
Y973D,973,Y,D,RuvC-III,1.2733127078547235,1,0,8,7,7
Y973F,973,Y,F,RuvC-III,0.0143115628242436,1,7,8,7,7
Y973H,973,Y,H,RuvC-III,0.8250028343440093,1,0,8,7,7
Y973N,973,Y,N,RuvC-III,-0.6822931727868228,0,6,8,7,7
Y973S,973,Y,S,RuvC-III,0.0239617328579627,1,0,8,7,7
Y981C,981,Y,C,RuvC-III,0.8787919284021674,1,6,7,7,7
Y981D,981,Y,D,RuvC-III,-2.0264763821650043,0,3,7,7,7
Y981F,981,Y,F,RuvC-III,-0.7035966286551627,0,5,7,7,7
Y981H,981,Y,H,RuvC-III,0.0259395119861345,1,9,7,7,7
Y981N,981,Y,N,RuvC-III,-0.3115677088719948,0,6,7,7,7
Y981S,981,Y,S,RuvC-III,-0.4260626531262536,0,5,7,7,7
Y988C,988,Y,C,RuvC-III,-1.0484413853002832,0,3,4,7,7
Y988D,988,Y,D,RuvC-III,-1.0631321231722672,0,7,4,7,7
Y988F,988,Y,F,RuvC-III,-0.4043038522067769,0,7,4,7,7
Y988H,988,Y,H,RuvC-III,-0.86583068279865,0,2,4,7,7
Y988N,988,Y,N,RuvC-III,-0.7220952053372006,0,4,4,7,7
Y988S,988,Y,S,RuvC-III,-0.2495812574081345,1,0,4,7,7
