pos,rsa,sasa_protein,dsasa_na,is_na_interface,contact_n8,contact_n12,min_dist_na,dist_ruvc,dist_hnh,dist_pam,dist_centroid,bfactor,has_coords,rsa_w5,sasa_protein_w5,dsasa_na_w5,is_na_interface_w5,contact_n8_w5,contact_n12_w5,min_dist_na_w5,dist_ruvc_w5,dist_hnh_w5,dist_pam_w5,dist_centroid_w5,bfactor_w5,rsa_w11,sasa_protein_w11,dsasa_na_w11,is_na_interface_w11,contact_n8_w11,contact_n12_w11,min_dist_na_w11,dist_ruvc_w11,dist_hnh_w11,dist_pam_w11,dist_centroid_w11,bfactor_w11,rsa_w25,sasa_protein_w25,dsasa_na_w25,is_na_interface_w25,contact_n8_w25,contact_n12_w25,min_dist_na_w25,dist_ruvc_w25,dist_hnh_w25,dist_pam_w25,dist_centroid_w25,bfactor_w25
1,,,,,,,,,,,,,0,,,,,,,,,,,,,0.21091862873369574,48.586527378764,0.0,0.0,9.666666666666666,31.666666666666668,16.328457514444988,17.50826072692871,47.00809860229492,43.59207661946615,42.39632797241211,36.92666666666667,0.1191678415463479,23.913661279137564,0.0,0.0,12.8,40.6,14.120106506347657,10.448633646965027,39.00902557373047,35.351431655883786,31.023138999938965,30.259285714285717
2,,,,,,,,,,,,,0,0.5708830286203672,134.72839475440665,0.0,0.0,6.0,19.0,15.93315315246582,21.03631019592285,50.14891052246094,46.400917053222656,46.267147064208984,52.373333333333335,0.1581889715502718,36.439895534073,0.0,0.0,11.0,36.5,16.14451551437378,15.89387845993042,45.72617053985596,42.2164421081543,40.52861404418945,32.621249999999996,0.13654929547630587,27.241596415697575,0.0,0.0,12.363636363636363,39.27272727272727,13.667317303744229,10.559622569517655,38.62348175048828,34.21819357438521,30.008641156283293,30.292077922077922
3,,,,,,,,,,,,,0,0.2921123219808955,69.11861979460055,0.0,0.0,8.5,25.0,15.209503173828125,19.18275547027588,48.671539306640625,44.69306564331055,44.193748474121094,38.306666666666665,0.12655117724021744,29.151916427258403,0.0,0.0,12.0,39.0,16.460062789916993,14.194649124145508,44.25584487915039,40.91916427612305,39.02034149169922,32.5715,0.1310039291503795,25.875693333773143,0.0,0.0,12.333333333333334,39.333333333333336,13.478361129760742,10.400945564111074,38.3819211324056,33.39419444402059,29.487791697184246,30.235793650793653
4,0.5708830286203672,134.72839475440665,0.0,0.0,6.0,19.0,15.93315315246582,21.03631019592285,50.14891052246094,46.400917053222656,46.267147064208984,52.373333333333335,1,0.21091862873369574,48.586527378764,0.0,0.0,9.666666666666666,31.666666666666668,16.328457514444988,17.50826072692871,47.00809860229492,43.59207661946615,42.39632797241211,36.92666666666667,0.10545931436684787,24.293263689382,0.0,0.0,12.666666666666666,41.333333333333336,16.14668623606364,12.725531021753946,43.02146021525065,39.68563652038574,37.34024429321289,30.746875,0.12092670383111954,23.885255385021363,0.0,0.0,12.461538461538462,39.92307692307692,13.221979728111855,10.134297499289879,38.278616391695465,32.94416442284217,29.18224232013409,29.5418315018315
5,0.013341615341423725,3.5088448347944396,0.0,0.0,11.0,31.0,14.48585319519043,17.329200744628906,47.19416809082031,42.98521423339844,42.1203498840332,24.239999999999995,1,0.1581889715502718,36.439895534073,0.0,0.0,11.0,36.5,16.14451551437378,15.89387845993042,45.72617053985596,42.2164421081543,40.52861404418945,32.621249999999996,0.10714929291939612,24.056627261940907,0.0,0.0,13.142857142857142,41.857142857142854,15.88026305607387,11.30120417049953,41.705223083496094,38.45427131652832,35.840008054460796,31.42875,0.11228908212889673,22.179165714662695,0.0,0.0,12.785714285714286,40.5,13.319174494062151,9.769987940788269,38.20137350899832,32.598987988063264,29.136095319475448,29.105093537414966
6,0.048531242239296314,7.522342547090929,0.0,0.0,12.0,45.0,18.56636619567871,14.159271240234375,43.681217193603516,41.390098571777344,38.80148696899414,34.166666666666664,1,0.12655117724021744,29.151916427258403,0.0,0.0,12.0,39.0,16.460062789916993,14.194649124145508,44.25584487915039,40.91916427612305,39.02034149169922,32.5715,0.09528815442127353,21.351455908208273,0.0,0.0,13.375,42.625,15.271545052528381,10.653507560491562,40.69128608703613,37.46618294715881,34.20603632926941,30.515625,0.10505895347298538,20.773460560532822,0.0,0.0,13.2,41.46666666666667,13.25512409210205,9.589843575159708,38.31273829142253,32.489672597249346,29.30208460489909,29.20365873015873
7,0.0,0.0,0.0,0.0,15.0,51.0,15.592689514160156,11.050731658935547,41.88038635253906,38.08953857421875,34.925472259521484,19.705,1,0.012374571516144007,2.2062374763770736,0.0,0.0,14.0,45.8,16.189392852783204,11.063375186920165,41.595970153808594,38.34258041381836,35.55486373901367,26.42158333333333,0.09373198930638782,19.918338308660623,0.0,0.0,13.0,42.0,14.6832824283176,10.334592792722914,39.7278683980306,36.37921502855089,32.67181862725152,30.287777777777777,0.0984927688809238,19.47511927549952,0.0,0.0,13.3125,42.125,13.523119032382965,9.5542963296175,38.50239849090576,32.53249645233154,29.671955347061157,28.51030505952381
8,0.0,0.0,0.0,0.0,16.0,49.0,17.722251892089844,7.397731781005859,38.374542236328125,35.73005294799805,32.98725128173828,32.3725,1,0.03316408129479639,6.031830248877051,0.0,0.0,15.0,48.6,16.14856700897217,8.14858365058899,38.918696594238284,35.95875358581543,32.49851188659668,28.677583333333338,0.1191678415463479,23.913661279137564,0.0,0.0,12.8,40.6,14.120106506347657,10.448633646965027,39.00902557373047,35.351431655883786,31.023138999938965,30.259285714285717,0.09310733494946984,18.400560977884247,0.0,0.0,13.470588235294118,42.411764705882355,13.577617981854607,9.719197736066931,38.83005276848288,32.767158059512866,30.2150037428912,28.20079131652661
9,0.0,0.0,0.0,0.0,16.0,53.0,14.579803466796875,5.379940509796143,36.84953689575195,33.51799774169922,28.93975830078125,21.62375,1,0.025909869833820202,5.010413025874831,0.0,0.0,15.6,49.2,14.637397575378419,6.540655660629272,36.90119857788086,33.79064674377442,29.29186134338379,26.669000000000004,0.13654929547630587,27.241596415697575,0.0,0.0,12.363636363636363,39.27272727272727,13.667317303744229,10.559622569517655,38.62348175048828,34.21819357438521,30.008641156283293,30.292077922077922,0.08887958573320356,17.564449049344308,0.0,0.0,13.5,42.27777777777778,13.831459045410156,9.955060866143969,39.119474199083115,33.11398696899414,30.76766226026747,28.003455687830687
10,0.11728916423468562,22.636808697294324,0.0,0.0,16.0,45.0,14.281723976135254,2.7552430629730225,33.80780029296875,31.06608009338379,26.838590621948242,35.52,1,0.04216640351128061,6.701092528330714,0.0,0.0,14.6,46.4,13.514295959472657,5.8871642589569095,34.92922668457031,31.709433364868165,26.38638229370117,28.421,0.09101492010765334,15.979993204624641,0.0,0.0,12.909090909090908,41.18181818181818,13.255198218605734,9.434094233946366,37.31219482421875,32.21176511591131,27.96239575472745,28.223290043290046,0.10119467590455311,19.562794016540995,0.0,0.0,13.31578947368421,41.421052631578945,14.062400717484323,10.357619549098768,39.51558082982113,33.607018520957546,31.53876495361328,28.91387531328321
11,0.012260184934415394,2.4152564320798326,0.0,0.0,15.0,48.0,11.010519027709961,6.119631290435791,33.593727111816406,30.549564361572266,22.768234252929688,24.12375,1,0.11178450585247834,18.67540613101672,0.0,0.0,13.6,42.2,11.780150222778321,6.702618169784546,33.76220626831055,29.78369903564453,23.02593650817871,27.947071428571427,0.08980204598570575,15.661007310552419,0.0,0.0,13.181818181818182,42.63636363636363,12.860611828890713,8.48912332274697,36.38899404352362,30.808000564575195,26.452877564863726,27.948225108225106,0.12113105498520871,23.40890410075941,0.0,0.0,12.85,40.45,14.441113567352295,10.821015751361847,39.870812797546385,34.21075286865234,32.32747631072998,30.831994047619048
12,0.08128266838730205,8.453397512279414,0.0,0.0,10.0,37.0,9.977181434631348,7.7832746505737305,32.02052688598633,27.6834716796875,20.3980770111084,28.465,1,0.17385727280765545,30.77959568727626,0.0,0.0,12.0,36.8,10.692074584960938,7.9605324268341064,33.345907592773436,27.65726203918457,21.210717391967773,29.746321428571427,0.08539011487304245,14.977157988089608,0.0,0.0,13.636363636363637,42.90909090909091,12.49846094304865,7.659549908204512,35.79953939264471,29.600872906771574,25.519668232310902,26.97193722943723,0.1316904273181212,25.935230852948525,0.0,0.0,12.523809523809524,39.80952380952381,14.876128514607748,11.239308595657349,40.14905093965076,34.70184035528274,33.0774895804269,32.17920068027211
13,0.34809051170598865,59.87156801343004,0.0,0.0,11.0,28.0,9.051523208618164,11.475001335144043,32.5394401550293,26.101381301879883,16.185022354125977,30.002857142857142,1,0.16440041987375625,28.422385834338275,0.0,0.0,11.2,35.8,10.115698432922363,9.140583515167236,33.7292984008789,26.310086822509767,20.59468879699707,28.56565476190476,0.08573894689942668,15.076575115609119,0.0,0.0,14.0,43.27272727272727,12.204436302185059,7.297467253424904,35.61694474653764,28.952665502374824,25.219710263338957,27.960898268398264,0.12633064547633996,24.921033298183577,0.0,0.0,12.545454545454545,39.77272727272727,15.22816007787531,11.45140592618422,40.27684766596014,34.98825368014249,33.52711920304732,32.16329004329004
14,0.31036383477588547,60.52094778129767,0.0,0.0,8.0,26.0,9.139425277709961,11.669511795043945,34.768043518066406,22.885812759399414,19.863662719726562,30.62,1,0.16194838288687316,27.939334547922307,0.0,0.0,11.0,35.6,9.94267520904541,9.303561401367187,34.41834487915039,25.708934783935547,21.144171905517577,27.983761904761906,0.08573894689942668,15.076575115609119,0.0,0.0,13.909090909090908,43.54545454545455,12.188144597140225,7.445045059377497,35.8871955871582,28.720374714244496,25.42268891768022,26.664307359307358,0.1422333659361366,28.886814415140485,0.0,0.0,12.347826086956522,39.21739130434783,15.393387006676715,11.685912225557411,40.49877282847529,35.181847116221554,34.05935685530953,32.72565907522429
15,0.07000489956518968,10.8507594326044,0.0,0.0,12.0,40.0,11.399843215942383,8.655498504638672,35.724754333496094,24.330204010009766,23.758447647094727,29.616666666666664,1,0.14569184920941275,26.24865504546643,0.0,0.0,12.4,37.8,10.863780212402343,8.753699207305909,35.45368270874023,25.794579315185548,22.771793365478516,26.976261904761902,0.0863698916309,15.186359498885475,0.0,0.0,13.909090909090908,43.0,12.176308025013316,8.07937958023765,36.54383052479137,28.99344253540039,26.328508897261187,26.8120183982684,0.14045008942338394,28.40409893766099,0.0,0.0,12.375,39.166666666666664,15.443086942036947,11.833040406306585,40.71255954106649,35.2454571723938,34.35029490788778,32.66107804232804
16,0.0,0.0,0.0,0.0,14.0,47.0,10.145402908325195,6.934520721435547,37.03895950317383,27.543804168701172,25.515649795532227,21.21428571428571,1,0.07684117732626036,14.493059123323338,0.0,0.0,14.0,43.2,11.52515926361084,7.872263431549072,36.92016372680664,26.766154479980468,25.859975814819336,27.09240476190476,0.07725340843289921,13.433062914055569,0.0,0.0,13.727272727272727,42.54545454545455,12.527674674987793,9.098424217917703,37.47399763627486,29.71562420238148,27.539805845780805,25.823722943722945,0.143642455221331,28.668783710760852,0.0,0.0,12.24,38.8,15.37738483428955,12.08743187904358,41.05675979614258,35.3521257019043,34.75089584350586,32.41520634920635
17,0.0,0.0,0.0,0.0,17.0,48.0,14.582706451416016,5.033963680267334,37.19721603393555,28.1116943359375,28.536184310913086,23.4275,1,0.014768410371083274,2.3888695670638014,0.0,0.0,15.4,48.4,13.205882835388184,7.342578601837158,38.23601531982422,28.823962783813478,28.93124656677246,24.59040476190476,0.1054903278923928,18.26194900441934,0.0,0.0,13.272727272727273,40.54545454545455,13.183023019270463,10.142428268085826,38.6605224609375,30.800353483720258,29.59893122586337,27.74896645021645,0.13834185847967084,25.99753020307354,0.0,0.0,12.28,38.96,15.21292179107666,12.039757013320923,41.101766204833986,34.94048385620117,34.74690246582031,31.71040634920635
18,0.003837152290226692,1.0935884027146072,0.0,0.0,19.0,55.0,12.358418464660645,7.067822456359863,39.87184524536133,30.959257125854492,31.625934600830078,30.583571428571435,1,0.0021555088672866214,0.46024332375090465,0.0,0.0,16.2,49.8,13.815834426879883,8.083002948760987,39.90556869506836,31.262270736694337,31.96031265258789,23.316785714285714,0.14354847235878945,26.264821567022057,0.0,0.0,12.727272727272727,39.18181818181818,14.242975408380682,11.218998172066428,39.987767306241125,32.43655655600808,32.045741688121446,31.277261904761907,0.1498686083211458,28.703434221092888,0.0,0.0,12.2,38.64,14.925216102600098,12.221098489761353,41.374215545654295,34.70057907104492,34.87799392700195,32.325784126984125
19,0.0,0.0,0.0,0.0,15.0,52.0,17.54304313659668,9.021087646484375,41.3473014831543,33.17485427856445,35.22001647949219,18.11,1,0.005557078678622009,1.1303525765839761,0.0,0.0,16.2,48.4,15.416105270385742,9.4890456199646,41.305704498291014,33.555525588989255,34.889754104614255,24.003678571428573,0.14307459620155144,27.773021374594848,0.0,0.0,12.272727272727273,39.09090909090909,15.563421249389648,11.958104003559459,41.18543763594194,34.11130280928178,34.94508101723411,33.92457792207792,0.17269929593112746,34.24871772190388,0.04285836096250932,0.04,12.0,37.52,14.406647148132324,12.63914216041565,41.90200164794922,34.51094223022461,35.296571502685545,32.18733968253968
20,0.0069403920462064155,1.2076282160399163,0.0,0.0,16.0,47.0,14.449601173400879,12.357620239257812,44.0725212097168,36.52174377441406,38.903778076171875,23.24857142857143,1,0.07013033847639097,12.236953261800236,0.0,0.0,14.8,44.0,16.143434143066408,12.002988052368163,43.195361328125,36.429504013061525,38.266239929199216,28.37846428571429,0.11611199547637407,22.600470180669582,0.0,0.0,12.727272727272727,40.27272727272727,16.78900285200639,12.343189282850785,41.93021358143199,35.758313785899766,37.045597249811344,34.034502164502165,0.17549440023655774,34.91954275520715,0.2843840041704926,0.08,11.84,36.6,13.980230979919433,13.16729027748108,42.49961761474609,34.39664672851563,35.66648773193359,32.41819422799423
21,0.01700784905667694,3.350546264165357,0.0,0.0,14.0,40.0,18.146757125854492,13.964734077453613,44.03963851928711,39.01007843017578,40.16285705566406,24.64875,1,0.16934735952187868,31.31523472143919,0.0,0.0,11.8,37.4,17.999081993103026,14.514532279968261,44.54503631591797,39.373993682861325,41.40365142822266,35.717,0.154483660611508,32.17167377663213,0.0,0.0,12.363636363636363,39.09090909090909,17.482506145130504,13.087694038044322,42.80806558782404,37.132013667713515,39.046518845991656,35.441875901875896,0.19946925051814912,40.57760742166271,2.286884421741435,0.12,11.48,35.44,13.38719054222107,13.964076318740844,43.357679290771486,34.39909683227539,36.253520812988285,32.98604978354978
22,0.3228662989888448,55.5330034260813,0.0,0.0,10.0,26.0,18.219350814819336,17.603675842285156,46.64550018310547,42.48158645629883,45.41861343383789,45.30142857142857,1,0.2379229343171528,46.60758790078533,0.0,0.0,10.0,32.4,19.20575885772705,16.631347846984863,45.418338775634766,41.643740844726565,43.975199127197264,43.91966666666667,0.16352318148696915,33.74455040896237,0.0,0.0,12.272727272727273,38.27272727272727,18.06803183122115,13.8406456600536,43.58903780850497,37.965166785500266,40.457993420687586,36.347460317460325,0.202209990393245,41.05449615992941,2.286884421741435,0.12,11.32,34.4,12.978970918655396,14.857656774520875,44.27209213256836,34.37383407592773,36.95430511474609,33.409099783549784
23,0.49992225751766517,96.48499570090938,0.0,0.0,4.0,22.0,21.63665771484375,19.62554359436035,46.62022018432617,45.681705474853516,47.312992095947266,67.27625,1,0.23928990126769842,47.09063918720129,0.0,0.0,9.4,30.8,20.840003204345702,17.340913772583008,45.19595031738281,42.5399787902832,44.78831176757812,45.63578571428572,0.18354674824806552,36.928297523976696,0.0,0.0,11.545454545454545,36.63636363636363,17.996925267306242,15.03690598227761,44.69088779796254,38.85611915588379,41.89700560136275,36.6280772005772,0.21458142946342654,43.57868794559099,3.929258795555721,0.16,10.96,33.4,12.549451351165771,15.943139495849609,45.386319885253904,34.4693155670166,37.700178909301755,33.082449783549784
24,0.3428778739763708,76.4617658967307,0.0,0.0,6.0,27.0,23.576427459716797,19.605165481567383,45.71381378173828,44.523590087890625,48.077754974365234,59.123333333333335,1,0.3343069746666956,69.64732973200671,0.0,0.0,8.2,28.2,21.01632766723633,17.9169771194458,45.46424789428711,42.62614364624024,45.90945739746094,49.725591269841274,0.22304956259248704,43.00588558393208,0.0,0.0,10.454545454545455,33.72727272727273,17.94812150435014,16.19841653650457,45.727453751997515,39.32435677268288,43.21894905783913,37.00714646464647,0.23444659950708602,45.59905774217555,3.929258795555721,0.16,10.64,32.28,12.388761444091797,16.98627935409546,46.57367782592773,34.53864875793457,38.66933097839355,33.560699783549786
25,0.013775226798934406,3.622884648119749,0.0,0.0,13.0,39.0,22.62082290649414,15.905449867248535,42.96057891845703,41.002933502197266,42.96934127807617,31.82916666666667,1,0.28962066079494114,62.001057637916986,0.0,0.0,8.8,30.6,20.689694595336913,17.43963966369629,45.261078643798825,41.47152404785156,45.03410873413086,46.90044841269842,0.25045959544505947,49.47465333713917,0.0,0.0,9.909090909090908,31.09090909090909,17.016318581321023,17.365839264609598,46.87819012728605,39.670969529585406,44.14418723366477,38.96300505050505,0.24979529732789235,48.887922730162565,3.929258795555721,0.16,10.44,31.52,12.339356422424316,18.087523136138916,47.93292755126953,34.74265800476074,39.848289031982425,33.80204978354978
26,0.4920932160516629,116.13399898819245,0.0,0.0,8.0,27.0,19.028379440307617,16.845050811767578,45.381126403808594,39.44090270996094,45.768585205078125,45.09777777777778,1,0.23368805616582017,49.70830215076661,0.0,0.0,9.8,32.2,19.122469902038574,17.153096389770507,45.80054779052735,39.91761703491211,44.444573974609376,38.74805555555555,0.3061285082125715,62.65163532362335,0.09740536582388483,0.09090909090909091,9.090909090909092,28.363636363636363,16.212004141374067,18.479724970730867,48.0421309037642,39.682554418390446,45.08620071411133,39.6409126984127,0.2434461356525756,47.79586692200808,3.929258795555721,0.16,10.36,31.32,12.365928993225097,18.983987102508546,49.208461151123046,34.9488436126709,41.145053939819334,34.06810692640693
27,0.09943472963007247,17.30164295563261,0.0,0.0,13.0,38.0,16.586185455322266,15.216988563537598,45.62965393066406,36.70848846435547,41.0418701171875,31.17571428571428,1,0.2527861033863187,48.00536038386524,0.0,0.0,10.0,31.4,16.771499824523925,17.20095100402832,46.91259918212891,38.23487319946289,44.06248550415039,33.87405555555556,0.3109348499015787,63.871642557115734,0.6463272822056649,0.18181818181818182,8.818181818181818,27.272727272727273,15.010688521645285,19.415152289650656,49.20405335859819,39.33910647305575,45.45079352638938,39.71615030171848,0.25907393182680527,50.787202476852336,3.929258795555721,0.16,10.12,30.84,12.495464630126953,19.899237575531007,50.42510696411133,35.33990768432617,42.4485929107666,34.575556926406925
28,0.2202592343720602,35.02121826515757,0.0,0.0,9.0,30.0,13.80053424835205,18.192827224731445,49.31756591796875,37.91217041015625,44.365318298339844,26.514285714285712,1,0.31033313030219123,61.512072511296914,0.0,0.0,9.2,28.2,13.705977439880371,18.392408561706542,49.12156372070312,37.43180541992187,44.54814453125,35.4331111111111,0.336071664269846,71.68242557850736,5.197464594866897,0.2727272727272727,8.545454545454545,26.727272727272727,13.617678533900868,20.298216559670188,50.40228826349432,38.730899117209695,45.65483578768644,39.83137396694215,0.27511977134745774,55.516985827441424,3.929258795555721,0.16,9.92,30.08,12.402326889038086,20.810950679779054,51.49930587768554,35.67078521728516,43.46274230957031,34.64499935064935
29,0.43836811007886345,67.94705706222383,0.0,0.0,7.0,23.0,11.821577072143555,19.844438552856445,51.274070739746094,36.10987091064453,46.16731262207031,34.75333333333334,1,0.3357741735896263,67.51615872713158,0.21429180481254662,0.2,9.0,26.2,11.020730018615723,19.945471000671386,51.42051239013672,36.873460388183595,45.24761276245117,32.55466666666666,0.29685314057527623,63.99490037448534,5.197464594866897,0.2727272727272727,9.272727272727273,27.181818181818183,12.048374457792802,21.034026406028055,51.592255332253195,37.56769214976918,45.57723340121183,36.642623966942146,0.2995977036874041,61.000042671589405,3.929258795555721,0.16,9.52,28.8,12.29000410079956,21.79525197982788,52.555218811035154,35.98821075439453,44.536308670043944,35.51366792207793
30,0.301510361378297,71.1564452852781,0.0,0.0,9.0,23.0,7.293210983276367,21.86273765563965,54.005401611328125,36.98759460449219,45.39763641357422,39.624444444444435,1,0.32986274919076314,67.40995530252138,1.421920020852463,0.4,8.6,24.2,8.689949989318848,21.752960205078125,53.658738708496095,36.57819290161133,45.873914337158205,31.414796536796537,0.30446198303099015,64.83852196013112,8.930133626263002,0.36363636363636365,9.363636363636363,26.545454545454547,10.227220578627152,21.969221461902965,53.042226271195844,36.56128553910689,45.34156799316406,33.754480027548205,0.3120099311461396,62.9239379276934,3.929258795555721,0.16,9.16,27.6,12.032362155914306,22.72257781982422,53.47579315185547,36.243778686523434,45.386224365234376,35.55723458874459
31,0.6192984324888382,146.1544300673658,1.071459024062733,1.0,7.0,17.0,5.602142333984375,24.610363006591797,56.87586975097656,36.64917755126953,49.265926361083984,30.70555555555556,1,0.405685153724308,88.69603498176772,11.434422108707173,0.6,8.2,22.2,6.509091329574585,23.577871322631836,55.76044235229492,36.15401992797852,46.53346633911133,35.42571717171717,0.34947236568798723,69.32048711454694,8.930133626263002,0.36363636363636365,8.818181818181818,24.818181818181817,8.806534073569559,23.450373996387828,54.88923506303267,35.7685546875,45.70772205699574,34.14091942148761,0.31774133382305,64.03951747898314,3.929258795555721,0.16,8.72,26.44,11.880948810577392,23.448381309509276,54.15485610961914,36.29249122619629,45.94202026367188,35.889891731601736
32,0.0698776076357568,16.770625832581633,6.038141080199582,1.0,11.0,28.0,4.932285308837891,24.25443458557129,56.82078552246094,35.23215103149414,44.173377990722656,25.476363636363637,1,0.3317152310840148,77.49106726065638,11.434422108707173,0.6,9.2,23.0,5.01963849067688,25.152873992919922,57.44759979248047,35.50933151245117,46.59187698364258,34.9150505050505,0.34700935640215064,67.00603468034352,8.930133626263002,0.36363636363636365,8.545454545454545,24.0,7.871413751081987,25.129402940923516,56.76383902809837,35.1633547002619,46.08076234297319,33.17737144168962,0.33311561522342786,67.66784788947233,3.929258795555721,0.16,8.44,25.12,11.626568355560302,24.015336265563963,54.69198699951172,36.29391578674316,46.43502182006836,37.19713617604618
33,0.5993712570397849,141.45161666138924,50.06251043927355,1.0,7.0,20.0,2.8962409496307373,27.3173828125,59.82608413696289,35.79130554199219,47.66307830810547,46.56888888888889,1,0.3567281870062003,80.40809887136757,19.646293977778605,0.8,8.8,22.4,4.269743251800537,26.758788681030275,58.979218292236325,34.80243606567383,46.6094367980957,32.46091161616162,0.35518451460151407,68.39408284888309,8.930133626263002,0.36363636363636365,8.181818181818182,22.636363636363637,7.2468366622924805,26.82664038918235,58.472759593616836,34.667675885287196,46.76824188232422,33.675423389741574,0.3357149529496043,68.29850376512456,3.929258795555721,0.16,8.28,24.48,11.40607370376587,24.297752265930175,54.97625442504883,36.09306213378906,46.557777404785156,37.578393318903316
34,0.06851849687739725,11.922218456667121,0.0,0.0,12.0,27.0,4.374312877655029,27.719451904296875,59.70985794067383,32.88642883300781,46.45936584472656,32.2,1,0.3346463877136131,61.76211312723318,19.432002172966058,0.6,8.8,23.0,4.547969055175781,28.27634162902832,60.259579467773435,33.92917938232422,46.15565872192383,33.53580050505051,0.39889356048874736,77.5107299749964,8.930133626263002,0.36363636363636365,7.545454545454546,21.181818181818183,7.117498657920144,28.3137264251709,59.915179859508164,34.19042535261674,47.50340721823952,35.201965597533786,0.3365913016915518,68.4680311418798,3.929258795555721,0.16,8.16,24.32,11.215359745025635,24.408398742675782,55.14458251953125,35.817679443359374,46.613704681396484,37.81504331890332
35,0.4265751409892242,85.74160333883407,41.059359345357166,1.0,7.0,20.0,3.5437347888946533,29.892311096191406,61.66349411010742,33.45311737060547,45.485435485839844,27.35375,1,0.4136708889679538,76.5429924031078,18.224373956926144,0.4,7.6,21.0,5.30992317199707,30.488328552246095,62.0957763671875,33.43948974609375,47.295388793945314,35.34027777777778,0.4018738129889872,83.06966507818801,8.930133626263002,0.36363636363636365,7.545454545454546,21.0,6.86748253215443,29.36862529407848,60.942966807972304,33.87154093655673,47.771122672341086,34.89281959202414,0.32367664973199806,66.24671100483656,3.929258795555721,0.16,8.24,24.96,10.912875957489014,24.28044746398926,55.14623138427734,35.44299575805664,46.39837432861328,37.09213617604618
36,0.5088894360259025,52.92450134669386,0.0,0.0,7.0,20.0,6.993271350860596,32.19812774658203,63.27767562866211,32.282894134521484,46.99703598022461,36.080000000000005,1,0.33166893152461085,54.766703632743564,8.211871869071434,0.2,8.0,21.6,6.673842477798462,31.802172088623045,63.01611557006836,32.53243293762207,47.483602142333986,33.35735714285714,0.4300954445453838,89.06239015258997,8.930133626263002,0.36363636363636365,7.090909090909091,20.272727272727273,6.871493642980402,30.248563072898172,61.80036510120738,33.73443620855158,48.403592889959164,35.1934155516201,0.3039249631299798,62.43561630544178,3.929258795555721,0.16,8.68,25.96,10.660734119415283,23.941952934265135,55.010907287597654,34.83432991027832,45.98497650146484,35.21333617604618
37,0.46500011390746004,90.67502221195471,0.0,0.0,5.0,18.0,8.742055892944336,35.314369201660156,66.00177001953125,32.7837028503418,49.87202835083008,34.49875,1,0.4581769799754567,79.44312727189092,8.211871869071434,0.2,6.0,19.0,8.274543142318725,33.168436431884764,64.11098175048828,32.48763008117676,48.68215637207031,35.578607142857145,0.4020051949071611,80.14811300124762,8.832728260439119,0.2727272727272727,7.181818181818182,20.363636363636363,7.102358688007701,30.576449134133078,62.10361099243164,33.539137580178,48.45069746537642,34.63078928899384,0.290209848170925,59.377145669572556,3.929258795555721,0.16,9.0,26.68,10.321360836029053,23.563813934326173,54.86390686035156,34.140925903320316,45.40682815551758,34.06970284271284
38,0.18936146982307,32.57017280956804,0.0,0.0,9.0,23.0,9.715837478637695,33.886600494384766,64.42778015136719,31.25602149963379,48.60414505004883,36.65428571428572,1,0.46709212929391225,88.11387524359043,0.0,0.0,6.0,19.2,9.380076122283935,33.47963943481445,64.2942283630371,32.317435073852536,49.40750579833984,36.3784025974026,0.40902743232327265,81.25833585146366,8.283806344057338,0.18181818181818182,6.909090909090909,20.181818181818183,7.433340462771329,30.663583235307172,62.10612314397638,33.2614029971036,48.57319329001687,35.851119867506235,0.2896588390989676,59.23223028364776,3.929258795555721,0.16,9.16,26.76,9.898993129730224,23.278011894226076,54.74356719970703,33.515462188720704,44.86509742736816,33.49781617604618
39,0.7010587391316266,135.30433665240395,0.0,0.0,2.0,14.0,12.377816200256348,34.55077362060547,65.18418884277344,32.66241455078125,52.4521369934082,43.306250000000006,1,0.48770390378846357,104.94425919499159,0.0,0.0,5.4,18.2,9.448888492584228,33.3484245300293,64.3260498046875,32.95674476623535,50.479060363769534,37.7486025974026,0.38948068486596926,76.64530345154006,3.732669031396106,0.09090909090909091,7.0,20.09090909090909,8.186730536547573,30.28881766579368,61.6469858342951,33.026781428943984,48.562463933771305,36.234958251344615,0.27093640654927115,54.78009083868645,3.929258795555721,0.16,9.4,27.44,9.416202125549317,23.038416709899902,54.56145141601562,32.91741134643555,44.130657806396485,32.36645506493507
40,0.471150887581502,129.09534319733154,0.0,0.0,7.0,21.0,9.071399688720703,31.448326110839844,62.57972717285156,32.602142333984375,49.1121826171875,31.35272727272727,1,0.45676501830064903,96.42873103312066,0.0,0.0,6.0,18.2,9.328808879852295,31.92897262573242,63.16801071166992,33.30018272399902,50.46147003173828,35.75218593073593,0.3897902610771711,77.10455860160174,3.732669031396106,0.09090909090909091,7.0,20.454545454545453,8.60154162753712,29.534142060713336,60.87147209861062,32.90077903053977,48.1545822837136,36.28768552407189,0.269602581618086,54.61938153551871,3.929258795555721,0.16,9.36,27.52,9.093661041259766,22.918949546813966,54.313108673095705,32.3046215057373,43.52693618774414,31.603726493506493
41,0.6119483084986591,137.07642110369963,0.0,0.0,4.0,15.0,7.3373332023620605,31.54205322265625,63.43678283691406,35.47944259643555,52.35480880737305,42.931,1,0.44831716817863193,95.71131190819862,0.0,0.0,5.8,18.8,9.100258350372314,30.194234466552736,61.65213851928711,33.48439254760742,49.84480743408203,36.201328787878786,0.35454857258772954,69.99975199653015,0.0,0.0,7.363636363636363,21.90909090909091,9.495648297396572,28.337649778886274,59.65186725963246,32.78008755770597,47.797818964177914,36.579617342253705,0.26168878299303117,53.43370978487103,3.929258795555721,0.16,9.52,27.64,8.845136585235595,22.782175941467287,53.93103500366211,31.641544799804688,42.65575958251953,31.31733688311688
42,0.3103056864683876,48.09738140260007,0.0,0.0,8.0,18.0,8.141657829284668,28.21710968017578,60.21157455444336,34.500892639160156,49.78407669067383,24.51666666666667,1,0.38497682735419625,86.7920966301638,0.0,0.0,7.0,19.8,8.861401462554932,27.923072052001952,59.57041549682617,33.59400329589844,48.86339111328125,37.69830101010101,0.30828589658537475,65.18843369228526,0.0,0.0,7.818181818181818,23.90909090909091,9.828737822445957,26.720083063299004,58.14359872991388,32.85568757490678,47.16493883999911,35.77495825134462,0.254461086922794,52.70508397063513,3.929258795555721,0.16,9.48,27.72,8.627700805664062,22.680129203796387,53.43676254272461,31.005393829345703,41.61743782043457,30.681053549783552
43,0.14712221921298474,28.983077184957992,0.0,0.0,8.0,26.0,8.573084831237793,25.212909698486328,56.848419189453125,32.17707061767578,45.52083206176758,38.9,1,0.3051314168780193,64.36783301216661,0.0,0.0,8.0,21.8,8.834568500518799,25.5170108795166,57.29031143188477,33.37365531921387,47.43548812866211,37.98375555555556,0.2665704400908063,57.05503423811119,0.0,0.0,8.727272727272727,26.545454545454547,10.427924719723789,24.524520440535113,56.07408488880504,32.64490179582076,45.99275866421786,34.48473097861734,0.25849950337013444,52.35414494910722,4.014975517480739,0.2,9.44,27.56,8.501852264404297,22.48915828704834,52.7331591796875,30.439026870727538,40.41325782775879,29.63507577200577
44,0.3843570350094479,90.7082602622297,0.0,0.0,8.0,19.0,11.183531761169434,23.194961547851562,54.77557373046875,33.21046829223633,47.5450553894043,50.791111111111114,1,0.1905250686993609,38.470294928036,0.0,0.0,9.4,26.0,10.042883491516113,22.5547794342041,54.252523040771486,32.70286903381348,45.27673416137695,35.510555555555555,0.24935576101598178,54.09410943724137,0.0,0.0,9.181818181818182,28.545454545454547,10.916675437580455,22.36680134859952,54.03872333873402,32.27512619712136,44.63093150745738,33.92820500459137,0.24249328622482186,47.41960264245364,4.4551684429341964,0.2,9.52,27.92,8.416504707336426,22.25206111907959,51.96886840820312,30.01844352722168,39.05456066131592,29.272753549783552
45,0.07192383520061718,16.974025107345653,0.0,0.0,12.0,31.0,8.937234878540039,19.418020248413086,51.17920684814453,31.500402450561523,41.9726676940918,32.78,1,0.12846393140568338,28.850818647515986,0.0,0.0,10.2,30.8,10.546003150939942,19.79233627319336,51.547552490234374,32.425589370727536,43.32698974609375,36.05297222222222,0.18562314836765212,41.79371519611374,0.0,0.0,10.545454545454545,31.0,10.887931260195645,20.022221825339578,51.744895935058594,31.611846750432793,42.53765296936035,31.585091368227726,0.26754956219659676,52.95963541096713,6.581441076543857,0.2,9.36,27.6,8.323235874176026,22.158845176696776,51.20267700195313,29.685576553344728,37.81112686157226,29.325343448773452
46,0.03891656760536713,7.58873068304659,0.0,0.0,11.0,36.0,13.378908157348633,16.73089599609375,48.247840881347656,32.125511169433594,41.561038970947266,30.565,1,0.10026550605652798,23.295728853732367,0.0,0.0,11.6,35.0,11.89800853729248,16.98239040374756,48.82529220581055,32.083187103271484,41.6184326171875,32.33422222222222,0.1449760133429021,30.496912438552656,0.0,0.0,11.181818181818182,33.09090909090909,10.6958589553833,18.150116833773527,49.767487265846945,30.874345779418945,40.56450861150568,30.26336616161616,0.2623890527747062,50.53763737238011,6.231492787675182,0.2,9.32,27.44,8.346009330749512,22.025429725646973,50.293271179199216,29.462681274414063,36.24009075164795,28.20327360750361
47,0.0,0.0,0.0,0.0,12.0,42.0,10.657256126403809,14.40489387512207,46.68672180175781,33.11449432373047,40.03535461425781,27.228749999999998,1,0.0233940990546384,5.154076801286432,0.0,0.0,12.8,40.2,12.679721260070801,14.3737361907959,46.27793807983399,30.878791427612306,38.83423080444336,28.2825,0.09535244951124612,19.243047826983513,0.0,0.0,11.909090909090908,35.36363636363637,10.803615786812522,16.394503766840156,47.58424204046076,29.593373038552024,38.1639650518244,27.461229797979797,0.28249739584656164,53.00828033427014,8.840888587340725,0.24,9.12,27.04,8.275590744018555,22.012117500305177,49.51154235839844,29.440057678222658,34.86386909484863,27.61951360750361
48,0.006130092467207697,1.2076282160399163,0.0,0.0,15.0,47.0,15.333111763000488,11.163180351257324,43.237117767333984,30.465059280395508,36.97804641723633,20.30625,1,0.009009332014514966,1.7592717798173012,0.0,0.0,13.8,42.2,13.30460033416748,12.2422119140625,44.03251419067383,29.651979064941408,36.32491188049316,25.232899999999997,0.06918050244554631,15.359597199380373,0.0,0.0,12.363636363636363,36.72727272727273,10.753230788490988,15.172356258739125,45.72552837025035,28.39649668606845,35.691403822465375,26.991946051423323,0.2826686006091227,53.42184512039177,7.435478264201408,0.24,9.08,26.76,8.306654195785523,21.981885566711426,48.59046722412109,29.39420120239258,33.34442928314209,27.539141385281386
49,0.0,0.0,0.0,0.0,14.0,45.0,15.092095375061035,10.151690483093262,42.03880310058594,27.18848991394043,33.624046325683594,30.5325,1,0.006032498955291952,1.2076282160399163,0.0,0.0,14.4,43.8,12.020539569854737,11.067066955566407,42.54859237670898,28.124803161621095,33.494223022460936,22.48265,0.07923081963735995,17.24580942859568,0.0,0.0,12.181818181818182,36.63636363636363,10.554376038638027,14.45238902352073,44.095422918146305,27.308226325295188,33.39035259593617,25.16887786960514,0.2805553993373827,53.65813159236322,7.628698778767795,0.28,9.12,26.64,8.207238874435426,21.914836769104003,47.675642547607424,29.302534942626952,31.936670570373536,26.637941385281383
50,0.0,0.0,0.0,0.0,17.0,41.0,12.061630249023438,8.760398864746094,39.95208740234375,25.36634063720703,29.42607307434082,17.532,1,0.01925032022538059,3.864410291327732,0.0,0.0,14.4,43.4,11.593620014190673,10.632150077819825,41.095465087890624,25.779652786254882,30.676918029785156,19.4584,0.08087752305121093,14.670783018127558,0.19481073164776835,0.09090909090909091,12.181818181818182,36.63636363636363,9.91469110142101,13.897252949801358,42.42630871859464,26.364403811368074,30.45835997841575,21.776504132231402,0.28129044804769116,53.3567598657414,10.573333679170492,0.32,9.2,26.6,7.977806568145752,21.770862312316893,46.78056915283203,29.260655059814454,30.523779525756837,25.9914770995671
51,0.024032402309252066,4.830512864159665,0.0,0.0,14.0,44.0,6.958604335784912,10.855171203613281,40.82823181152344,24.48963165283203,27.407594680786133,16.81375,1,0.02250715548107696,4.698769547912847,0.0,0.0,14.0,40.6,10.044482231140137,11.35421142578125,40.40118637084961,23.953691482543945,27.798489379882813,19.268059090909087,0.09426108383806599,15.199587317553078,1.2926545644113288,0.18181818181818182,11.909090909090908,36.18181818181818,9.417529149488969,13.830426909706809,41.207162683660336,25.876603039828215,28.03343538804488,20.764458677685948,0.2905661163686297,56.67088778255671,13.742170224252213,0.36,9.16,26.24,7.71764307975769,21.75480670928955,45.931869964599606,29.4136515045166,29.053628349304198,25.29548748917749
52,0.06608910635044318,13.28391037643908,0.0,0.0,12.0,40.0,8.522658348083496,12.23030948638916,39.421085357666016,21.388742446899414,25.948829650878906,12.107499999999998,1,0.07404229714566392,14.645051889178129,0.0,0.0,12.4,36.6,8.303199672698975,12.782527351379395,39.77687759399414,22.557212829589844,25.11553382873535,16.930809090909086,0.15402180559486256,28.625288623223287,6.674014284451427,0.2727272727272727,11.545454545454545,34.72727272727273,8.43767972425981,14.302530548789285,40.245177182284266,25.402508995749734,25.444934844970703,20.42137786960514,0.27942418236296085,54.655697843939386,13.742170224252213,0.36,9.4,26.2,7.475269784927368,21.779782600402832,45.033018035888674,29.477966079711916,27.436592254638672,24.254687489177492
53,0.022414268745689536,5.379424498965489,0.0,0.0,13.0,33.0,7.587422847747803,14.773487091064453,39.765724182128906,21.33525276184082,22.58590316772461,19.354545454545455,1,0.15453645165802565,27.121645838594198,0.4285836096250904,0.2,10.6,32.2,6.720273113250732,14.448140525817871,39.069523620605466,22.049628829956056,22.288946533203124,16.11940909090909,0.19678167118509177,35.97998550474271,10.42981457695658,0.36363636363636365,11.0,32.36363636363637,7.783890745856545,15.173176245255904,39.372833251953125,25.13927529074929,22.56782765821977,19.629413583890855,0.27869812060230315,53.76819791930026,15.812890451959566,0.4,9.44,26.04,7.246612720489502,21.975708656311035,44.360217895507816,29.50000389099121,26.134723587036135,24.17800062049062
54,0.2576757083229348,49.73141170632641,0.0,0.0,6.0,25.0,6.385682582855225,17.293270111083984,38.917259216308594,20.206096649169922,20.20926856994629,18.846249999999998,1,0.19355857196737977,30.71371774596754,2.843840041704923,0.4,9.6,28.6,6.02224292755127,16.013693046569824,38.45759735107422,22.378621292114257,19.86712703704834,17.08615909090909,0.24815412402205309,42.56913680364071,16.36025957619645,0.45454545454545453,10.272727272727273,29.636363636363637,6.627594059163874,16.648036783391778,39.09369867498224,25.307982531460848,20.30198929526589,19.383936311163584,0.2601640613833754,49.913762310311384,17.258299532764386,0.44,9.64,26.2,7.0676865386962895,22.22061420440674,43.73848052978516,29.531548385620116,24.73939094543457,23.208615165945165
55,0.40247077256180863,62.38296974708034,2.142918048125452,1.0,8.0,19.0,4.146997451782227,17.088464736938477,36.41531753540039,22.828420639038086,15.293136596679688,13.475,1,0.31959765208331703,59.111224679763495,14.68283142579314,0.6,8.6,24.6,4.837824153900146,17.952438354492188,38.106580352783205,23.482968139648438,17.294867706298827,20.02288131313131,0.28732278402689404,51.30374798472024,16.898814236821384,0.5454545454545454,9.545454545454545,26.727272727272727,5.648341850800947,18.373929717323996,38.7844089161266,25.77327485518022,17.92702510140159,18.912294897022168,0.26103816990284867,50.27511684245931,18.6537014956916,0.48,9.64,26.28,6.898582897186279,22.67425403594971,43.21756698608399,29.700464096069336,23.386782188415527,23.0199484992785
56,0.21914300385602278,22.79087240102637,12.076282160399165,1.0,9.0,26.0,3.4684534072875977,18.682933807373047,37.76860046386719,26.134593963623047,15.298497200012207,21.647499999999997,1,0.40918650263268336,74.21567291931312,22.945592069304478,0.8,7.2,21.2,4.013455057144165,19.794140243530272,37.57162322998047,25.259702301025392,14.455122184753417,19.85540079365079,0.3287827298662034,56.65208099799115,17.337951769926807,0.6363636363636364,8.727272727272727,24.545454545454547,4.961638038808649,20.352248712019488,38.82576994462447,26.193720037286933,16.32493374564431,18.55029489702217,0.2685561979628981,50.84477002594636,18.798616881616393,0.52,9.64,25.84,6.742178440093994,23.304731178283692,42.85446990966797,29.906240005493164,22.280793495178223,22.4525084992785
57,0.6962845069301296,155.2714450454189,59.194956920441086,1.0,7.0,20.0,2.600564479827881,21.924036026000977,37.66600036621094,26.910476684570312,13.087532997131348,26.79111111111111,1,0.471896775702853,79.00704907883144,35.99257106763219,1.0,7.4,19.6,3.2590881824493407,21.812815475463868,37.82149887084961,27.682650756835937,12.82403335571289,19.60735079365079,0.3705412688985597,63.77119156001386,24.03030381629657,0.7272727272727273,8.090909090909092,22.09090909090909,4.602332938801158,22.248597491871227,39.08001570268111,26.85254495794123,15.156038977883078,18.68878515676243,0.2724704956106582,52.50151027464698,23.707254871885528,0.56,9.64,25.72,6.4099345207214355,24.064600410461427,42.706079711914064,30.091362228393553,21.235354804992674,21.272645873015872
58,0.47035852149252105,80.90166569671362,41.313803217556696,1.0,6.0,16.0,3.4655773639678955,23.981996536254883,37.090938568115234,30.218923568725586,8.387175559997559,18.517142857142858,1,0.47757367320114125,85.74659972779034,36.74880771138196,1.0,7.0,18.4,3.293752908706665,24.222425079345705,38.2657585144043,29.578307723999025,11.265294075012207,21.981239682539684,0.4028289117618408,73.05659704669671,31.232205055118666,0.8181818181818182,7.7272727272727275,19.727272727272727,4.119523113424128,24.1808612129905,39.42448980158026,28.097289518876508,13.874360431324352,19.338516561721107,0.2787737345630877,54.337921977117595,25.787881420875593,0.6,9.52,25.36,6.146858797073365,25.046002159118654,42.74387344360352,30.487972717285157,20.41690441131592,20.8451186002886
59,0.5712270736737826,73.68829250391795,65.23489499163854,1.0,7.0,17.0,2.6138482093811035,27.386646270751953,40.1666374206543,32.320838928222656,12.053824424743652,17.606,1,0.5249569532764172,92.95475787678106,35.29965385213405,1.0,6.8,16.6,3.501639890670776,26.59021987915039,38.79345016479492,30.349636459350585,10.566208267211914,20.361739682539685,0.4392012863294967,80.28797556378811,31.232205055118666,0.8181818181818182,7.2727272727272725,17.90909090909091,4.00416502085599,26.035559740933504,39.692414023659445,29.27320098876953,12.914390563964844,19.150489702216976,0.30213320921734627,60.86139438601741,30.47592934138027,0.64,9.4,24.68,5.699872951507569,26.19954372406006,42.86932327270508,30.882345275878905,19.60018840789795,20.67422769119769
60,0.43085526005325037,96.08072299187484,5.92410126687426,1.0,6.0,13.0,4.320321083068848,29.136512756347656,38.63661575317383,32.306705474853516,7.4994401931762695,25.34444444444445,1,0.4823753182234258,78.52861467697919,38.18383697005931,1.0,6.8,16.0,3.582776641845703,28.54841423034668,39.98523712158203,31.314882278442383,10.858652114868164,18.670946031746034,0.45695798044241703,85.48583314333604,35.93838739081719,0.9090909090909091,7.454545454545454,17.181818181818183,3.7286459749395195,27.767669504339043,40.314456246115945,30.450200167569246,12.583135778253729,20.113153843631117,0.3241779526464319,66.65916190786693,34.61641374731863,0.68,9.24,23.6,5.407939186096192,27.500264015197754,43.145889129638675,31.195428314208986,18.97528865814209,20.43677769119769
61,0.4560594042324029,58.831663145979974,4.830512864159665,1.0,8.0,17.0,4.507888317108154,30.521907806396484,40.40705871582031,29.99123764038086,11.803068161010742,13.55,1,0.47255424949422836,85.43295568362655,45.76525905195659,1.0,7.2,15.6,3.5320112228393556,30.449057006835936,41.209109497070315,32.28728408813477,11.551290130615234,18.818426551226555,0.43387853093911305,83.51606597350853,39.0285972973622,0.9090909090909091,7.545454545454546,17.181818181818183,3.612026084553112,29.638235612349078,41.3579136241566,31.67198510603471,12.78116815740412,20.58782326511872,0.34027669915489706,69.42201621485573,35.93556096273862,0.72,8.96,22.4,4.954290990829468,28.991857833862305,43.67726226806641,31.705033645629882,18.57339900970459,20.394984834054835
62,0.4833763316651717,83.14072904640953,73.61587251006739,1.0,7.0,17.0,3.0062482357025146,31.715007781982422,43.624935150146484,31.736705780029297,14.549752235412598,18.337142857142855,1,0.44281091255745286,87.68021482023713,32.71828005362888,0.8,7.4,14.8,4.272938346862793,32.006761932373045,41.718360137939456,32.677172088623045,11.545772171020507,18.754476551226553,0.44415265781176755,86.63791800126049,41.10212156216049,0.9090909090909091,7.454545454545454,16.636363636363637,3.652536392211914,31.535978490656074,42.2142895785245,32.816457054831766,12.842110026966441,20.419868719664176,0.35306953044378026,72.92725198800973,39.016058938330346,0.76,8.76,21.68,4.455679016113281,30.58618755340576,44.25202331542969,32.46114547729492,18.275218086242674,19.924193924963923
63,0.4212531778465345,115.42337072995045,79.2209136270431,1.0,8.0,14.0,3.2117502689361572,33.48521041870117,43.21030044555664,35.0809326171875,11.85036563873291,19.254545454545454,1,0.44723972925981437,89.84563923813289,41.88706093879078,0.8,7.8,15.6,4.079868745803833,33.4487548828125,43.142981719970706,32.846448516845705,13.358977317810059,19.57269877344877,0.4113152408830485,76.4518236127801,36.050114991949464,0.9090909090909091,7.545454545454546,16.181818181818183,3.8400281125848945,33.26786960255016,43.132925206964664,33.76291084289551,13.27698109366677,20.23104043683589,0.3620930559355532,75.39969797275552,40.109647341044955,0.8,8.44,20.96,4.095381135940552,32.298395805358886,44.91244369506836,33.2814111328125,18.18605037689209,20.062513924963927
64,0.4225103889899049,84.92458818697088,0.0,0.0,8.0,13.0,6.318483829498291,35.1751708984375,42.712890625,34.27027893066406,12.02623462677002,17.286250000000003,1,0.385747214018427,86.22241278473243,48.148003769982964,0.8,8.0,16.0,3.7511268138885496,34.87731170654297,44.64023971557617,34.10181198120117,14.492662239074708,20.6019715007215,0.4123930549476784,81.10865095669206,43.45031013187417,0.9090909090909091,7.7272727272727275,16.181818181818183,3.7865605137564917,34.92329649491744,44.40336886319247,34.455601778897375,14.460791327736594,20.483531582054308,0.3772471717041027,79.00971465736616,41.67903623433104,0.84,8.2,19.92,3.9468995761871337,33.98392360687256,45.65728179931641,34.14163223266601,18.309864540100097,20.298141702741702
65,0.4529993435650577,106.90784508135363,51.76800569268377,1.0,8.0,17.0,3.354973077774048,36.34647750854492,45.75972366333008,33.1530876159668,16.565465927124023,29.435555555555556,1,0.3555036275764368,81.02051591671012,40.401839082605555,0.8,8.2,16.6,3.9326905250549316,36.44593124389648,45.35299987792969,35.499227905273436,14.776483345031739,20.894542929292932,0.38132739452382114,80.12647142625504,42.24856183488444,0.9090909090909091,7.909090909090909,16.636363636363637,3.7635144753889604,36.4293344671076,45.49040638316762,35.28240411931818,15.320571639321066,20.89133323494687,0.38851144521624886,81.19038660671055,42.69882234242751,0.88,8.04,19.28,3.7152521419525146,35.67221000671387,46.52497589111328,35.24854148864746,18.52773494720459,20.743091702741705
66,0.148596828025466,40.71553087897769,36.135227020120524,1.0,9.0,19.0,2.8641786575317383,37.66469192504883,47.893348693847656,36.2680549621582,17.471492767333984,18.696363636363635,1,0.33826757614997405,66.58072312514693,25.282233286820883,0.8,8.2,16.8,4.222935152053833,37.94385681152344,46.26513824462891,35.94733505249023,15.980633163452149,21.98643383838384,0.39878631942460135,86.9078185093157,52.364661539042864,0.9090909090909091,8.090909090909092,17.181818181818183,3.571145469492132,37.923236500133164,46.6492673700506,36.162233179265804,16.560907884077594,20.977540764790763,0.39237784996792885,82.28026491416499,43.18456283215495,0.92,8.0,19.28,3.538281202316284,37.32365943908692,47.359832763671875,36.42304260253906,18.876855812072755,20.99265533910534
67,0.3321583994552207,57.13124470629796,34.885049073180376,1.0,8.0,20.0,3.914066791534424,39.55810546875,47.18873596191406,38.723785400390625,15.968857765197754,19.8,1,0.350208393592683,76.0211587837018,49.82542323816657,1.0,8.2,17.4,3.5347251415252687,39.34716110229492,47.935723876953126,36.66098403930664,17.857203865051268,22.78809292929293,0.40742806319685027,94.73622986388463,61.33571583761554,0.9090909090909091,8.090909090909092,17.0,3.4666930762204258,39.41423589533026,47.84870459816673,37.157717964865945,17.707252675836738,21.6814044011544,0.3859940808140243,81.06389050417746,43.66761411857092,0.96,8.2,19.48,3.436387777328491,38.94480354309082,48.303715209960934,37.63152297973633,19.43216915130615,21.131405339105342
68,0.33507292071422085,43.224406772134486,3.6228846481197508,1.0,8.0,15.0,4.662973403930664,40.97483825683594,47.770992279052734,37.321468353271484,17.87111473083496,24.714,1,0.30550948668194217,67.21645330125324,49.87495484458013,1.0,8.4,18.4,3.3357988834381103,40.86847839355469,49.20858917236328,38.313499450683594,18.846392250061037,21.319345454545452,0.40063010169809254,93.56698048609829,57.64142564447302,0.9090909090909091,8.181818181818182,17.0,3.556298407641324,40.93587389859286,49.0211146961559,38.20030767267401,18.832802945917305,21.765430375180376,0.3852769330100787,81.13731279174822,43.5818973966459,0.92,8.2,19.64,3.559800806045532,40.61612915039063,49.454273529052735,38.7895775604248,20.261706504821777,21.541472005772004
69,0.4822144762034498,132.12676647974524,122.71594975672842,1.0,8.0,16.0,2.8774337768554688,42.19169235229492,51.065818786621094,37.838523864746094,21.409088134765625,21.294545454545453,1,0.4003708078692155,93.20845530656612,66.08814904307943,1.0,8.2,18.4,3.20381555557251,42.4494270324707,49.90673675537109,39.45685348510742,19.58072147369385,22.83861818181818,0.3914089748231421,91.04039172236187,57.440656168359375,0.9090909090909091,8.272727272727273,18.181818181818183,3.5031207474795254,42.43812144886363,50.220890045166016,39.20124886252663,20.134544545953926,21.720719631378724,0.3857900833085553,82.66602082477186,43.89753044595054,0.92,8.32,19.72,3.566655921936035,42.28466247558594,50.57360885620117,39.934573287963865,21.1019913482666,21.73053867243867
70,0.22950480901135334,62.884317669110814,52.01566372475157,1.0,9.0,22.0,2.360341787338257,43.95306396484375,52.12405014038086,41.41566467285156,21.51140785217285,22.09181818181818,1,0.4441628451235995,110.77104397455415,79.81356125813514,1.0,8.2,17.4,3.092784595489502,43.922386169433594,51.18916320800781,39.90041046142578,21.26952209472656,23.13711818181818,0.37350695194172556,88.93917003433222,59.926084356347125,1.0,8.363636363636363,19.09090909090909,3.2063661488619717,43.92816092751243,51.470863342285156,40.256040052934125,21.513694156299938,22.057424176833266,0.3579387030313501,76.4551630229551,41.52973216913289,0.88,8.6,20.4,3.8086220741271974,43.90091682434082,51.715546417236325,41.07889854431152,22.087197303771973,21.78899422799423
71,0.6229034339618325,170.6755409055421,117.20119801261696,1.0,8.0,19.0,2.2042620182037354,45.569435119628906,51.38408660888672,41.984825134277344,21.143138885498047,26.29272727272727,1,0.45886801201652255,116.18195979827922,85.68472040561112,1.0,8.2,17.8,2.9585712909698487,45.418023681640626,52.93925399780274,41.07715530395508,23.081460189819335,22.046603896103896,0.36895112948335584,87.86399593415696,58.78669495993517,1.0,8.363636363636363,19.181818181818183,3.196510900150646,45.44151444868608,52.71535977450284,41.42350110140714,22.78073805028742,21.445504984914074,0.343662488543429,74.24017482873701,39.96466711264779,0.88,8.76,20.92,3.8385546016693115,45.486175537109375,52.978760986328126,42.086507415771486,23.359394454956053,22.253375180375183
72,0.551118585727141,144.94418804623808,103.51211014845903,1.0,8.0,15.0,3.3589119911193848,46.92290115356445,53.600868225097656,40.94157028198242,24.412860870361328,21.2925,1,0.42638927322024867,107.28278536810015,76.54402033222406,1.0,8.4,20.0,2.908443737030029,46.98167190551758,54.00765609741211,42.72770767211914,24.03354721069336,21.54024025974026,0.38705104913141325,90.32628486425435,57.819370021961646,1.0,8.272727272727273,19.636363636363637,3.184446703303944,46.966312408447266,53.91718604347923,42.586539181795985,24.046565055847168,21.85776738160829,0.34567156880970046,76.83601352512896,37.35527131298225,0.84,8.76,21.12,4.16076355934143,46.97755783081055,54.1972477722168,43.09876754760742,24.534759788513185,23.36851295815296
73,0.4085987551788363,70.27898589075984,32.97868038549963,1.0,8.0,17.0,3.9919068813323975,48.453025817871094,56.521446228027344,43.20519256591797,26.930805206298828,19.261428571428574,1,0.4256059388768426,107.06815175800689,71.6088296008468,1.0,8.4,20.2,3.047212028503418,48.504180145263675,54.87536544799805,43.619171142578125,25.170641708374024,21.319876623376622,0.3676797753207283,88.09857008962054,55.751957582871256,1.0,8.636363636363637,20.818181818181817,3.116181481968273,48.46645944768732,55.139768773859196,43.675084200772375,25.441571148959074,22.384461596484325,0.3336899635408166,74.02754781670346,37.11830726230728,0.8,8.92,22.0,4.462507677078247,48.4799446105957,55.49471252441406,44.21203674316406,25.92861152648926,23.590485180375182
74,0.31982078222207994,87.6308943288499,77.01244938979316,1.0,9.0,27.0,2.626796007156372,50.00993347167969,56.40782928466797,46.091285705566406,26.169523239135742,18.762727272727272,1,0.38160231138907424,91.94922957278364,56.01553446475384,1.0,8.4,20.0,3.2556726932525635,49.988966369628905,56.48838500976562,44.42123794555664,27.04260368347168,20.602220057720057,0.3461350988444649,85.92562869730274,56.52044826580575,1.0,8.909090909090908,22.181818181818183,3.0412154414437036,49.99800803444602,56.480071327903055,44.86568763039329,26.91620635986328,22.166370687393414,0.31544758737152045,71.67428129086426,36.92508674774089,0.76,8.96,22.76,4.748747396469116,49.99503448486328,56.772530212402344,45.41951171875,27.219890747070313,24.44099427128427
75,0.2255881372943232,61.811149618644556,27.33971006786519,1.0,9.0,23.0,3.0541832447052,51.56560516357422,56.46259689331055,45.872982025146484,27.196880340576172,20.99,1,0.3409177830744655,76.52053378554584,40.412042975544416,1.0,8.4,21.8,3.13018479347229,51.49188003540039,57.99089889526367,46.04521865844727,28.439149475097658,20.989970057720058,0.3372557898680757,79.75215237517581,45.36445283337589,0.9090909090909091,8.909090909090908,22.818181818181817,3.4371144771575928,51.51436372236772,57.76311284845526,46.13307502053001,28.245522932572797,22.387472615768072,0.3095253624721186,70.42764052592466,33.980451847338195,0.72,9.04,22.96,5.154776077270508,51.482040557861325,58.00493148803711,46.5543017578125,28.475314292907715,25.28684189033189
76,0.4028852965229907,95.0809299794258,39.23472233215221,1.0,8.0,18.0,3.246565341949463,52.99336624145508,59.44918441772461,45.99515914916992,30.502948760986328,22.70444444444444,1,0.28301290954623554,68.99001304445908,36.24500934708169,1.0,9.2,25.0,2.964433288574219,53.0132194519043,58.814038848876955,47.54373626708984,29.31577339172363,22.256411616161614,0.3374800582595832,79.58163015313096,42.450947803218014,0.9090909090909091,9.181818181818182,23.363636363636363,3.5534317059950395,53.00920035622337,59.002015894109554,47.34614979137074,29.590451153841887,22.776777023481568,0.3172581882061585,70.60438150206737,30.811615302256474,0.68,8.96,23.08,5.657240629196167,53.043408203125,59.397419128417965,47.70199691772461,30.019377670288087,26.32231007215007
77,0.3476959441540975,67.80070911004901,25.49465270241189,1.0,8.0,24.0,2.7314724922180176,54.437469482421875,61.11343765258789,49.06147384643555,31.39558982849121,23.23125,1,0.23866504899688423,55.32824447001682,23.257775901202887,1.0,9.6,25.6,3.2067434787750244,54.57560729980469,60.03533706665039,48.40910034179687,30.900289154052736,22.96686616161616,0.2808524733539621,64.06567188899076,31.796293438434656,0.8181818181818182,9.727272727272727,25.0,4.139382275668058,54.53292395851829,60.350229783491656,48.57649369673295,31.097227790138938,22.95493818050636,0.3107676345984494,69.52879718985936,30.811615302256474,0.68,9.04,23.64,6.065810937881469,54.59714172363281,60.809811706542966,48.91993911743164,31.55005054473877,27.09259340548341
78,0.11907438753768643,32.62638218532608,12.143512243185988,1.0,12.0,33.0,3.163149356842041,56.059722900390625,60.63714599609375,50.69778060913086,31.31392478942871,25.59363636363636,1,0.2704558370306533,55.809719933557744,17.78983388762985,0.8,9.4,25.6,4.042371463775635,56.036807250976565,61.778672790527345,49.59046096801758,32.66722717285156,23.514199494949494,0.24106470731463067,53.209560324901965,22.58493586179558,0.8181818181818182,9.909090909090908,26.272727272727273,4.217107599431818,56.05024788596413,61.7202692898837,49.89172779430043,32.5317044691606,23.758044241112426,0.29286330875156846,65.30078851524682,28.740895074549123,0.64,9.24,24.16,6.3981242370605464,56.02608535766601,62.03351974487305,50.05784637451172,32.79230312347412,27.02047118326118
79,0.09808147947532316,19.32205145663866,12.076282160399163,1.0,11.0,30.0,3.8383469581604004,57.82187271118164,62.514320373535156,50.41810607910156,34.09210205078125,22.314999999999998,1,0.23627312998964242,48.99524858299604,13.9363110998024,0.8,10.2,27.6,4.121024656295776,57.51738739013672,63.039232635498045,51.343326568603516,33.82776107788086,24.248143939393938,0.26041519141933356,59.419130690625316,19.58687400856834,0.7272727272727273,9.818181818181818,26.727272727272727,4.824122623963789,57.524627685546875,63.002756638960406,51.20283230868253,33.850536519830875,26.141954775022956,0.3042247307241724,65.90455034716503,27.2954859937443,0.6,9.2,24.12,6.908646163940429,57.45574279785156,63.27981369018555,51.10657211303711,34.15169078826904,27.73845663780664
80,0.3845420774631687,64.21852693634918,0.0,0.0,8.0,23.0,7.232323169708252,58.871604919433594,65.17927551269531,51.77978515625,36.03157043457031,23.72666666666667,1,0.16673394115882295,35.43510676098624,8.837380559320021,0.6,11.4,30.2,5.30467381477356,59.09597244262695,64.05943298339844,52.63475341796875,35.092179489135745,25.252393939393937,0.24327831379288567,53.80442032266053,12.585742245859871,0.6363636363636364,9.909090909090908,27.454545454545453,5.663861534812233,59.04155939275568,64.335975300182,52.47984591397372,35.321101101962,27.24477502295684,0.3162906236116616,69.60242657121783,25.900084030817084,0.56,9.08,23.88,7.477430171966553,58.94877655029297,64.65645004272461,52.184159698486326,35.7011905670166,28.551523304473307
81,0.23197176131793634,61.00857322661726,19.967108393014954,1.0,12.0,28.0,3.639831304550171,60.39626693725586,65.75198364257812,54.75948715209961,36.30561828613281,26.374166666666667,1,0.16560969551018467,34.015222492173294,6.846113471768666,0.6,11.0,29.4,5.514822053909302,60.606720733642575,65.66626434326172,53.5770263671875,36.86781539916992,26.159000000000002,0.22277030131158357,48.18522490278376,10.100314057872128,0.5454545454545454,9.909090909090908,28.636363636363637,6.44656135819175,60.571882074529476,65.78051202947444,53.78031227805398,36.856389132413,28.50138659320477,0.31873076286837737,70.63014205917197,25.755168644892297,0.52,9.12,24.2,7.941214733123779,60.35145477294922,65.93519073486328,53.25166229248047,37.06629211425781,28.990163304473302
82,0.0,0.0,0.0,0.0,14.0,37.0,8.649718284606934,62.33039474487305,66.21443939208984,55.51860809326172,37.717681884765625,28.2525,1,0.27028421568123356,57.867664183588886,4.430857039688833,0.4,10.2,27.8,6.880967092514038,61.9765869140625,67.2891616821289,55.018873596191405,38.33698654174805,30.79288888888889,0.2166280660985958,44.26647762491953,6.533521118585565,0.45454545454545453,10.0,29.0,7.347506804899736,62.0170451077548,67.14285590431906,55.06315751509233,38.259333870627664,30.02674012855831,0.3040245727199576,66.22947245762779,20.846530654623155,0.48,9.12,24.72,8.339700145721435,61.610999298095706,67.0278305053711,54.1725032043457,38.225929260253906,29.555681486291487
83,0.11345315929449512,25.526960841261403,2.187176805429214,1.0,10.0,29.0,4.213890552520752,63.61346435546875,68.67130279541016,55.40914535522461,40.19210433959961,30.126666666666672,1,0.2196388258548306,50.19777485256651,4.430857039688833,0.4,10.6,30.2,7.807287263870239,63.54150238037109,68.46795349121093,56.69060363769531,39.59981918334961,32.226305555555555,0.2408896912843624,48.99749453614402,4.215825418366301,0.36363636363636365,9.818181818181818,28.363636363636363,8.533133311705155,63.66085711392489,68.68004261363636,56.400597312233664,39.99173025651412,32.01855831037649,0.3239734149624863,69.33600342923904,18.765904105633094,0.44,8.92,24.48,8.808519659042359,62.77412460327148,68.11669845581055,54.92463470458984,39.483222274780275,30.47225875901876
84,0.6214540803305676,138.58425991371658,0.0,0.0,7.0,22.0,10.669072151184082,64.67120361328125,70.6288070678711,57.627342224121094,41.437957763671875,45.48444444444444,1,0.17324447359124334,37.99606020724306,0.4374353610858428,0.2,10.0,31.8,9.412097263336182,65.1420799255371,69.78805694580078,57.77432861328125,41.155705261230466,33.91401767676767,0.2537235241261344,51.307367099457174,3.1118697598948484,0.2727272727272727,9.636363636363637,27.818181818181817,9.74855078350414,65.29347402399236,70.26054798473011,57.6752385226163,41.717105865478516,33.013985307621674,0.30386329334207696,63.25391423241727,14.077856185128416,0.4,8.92,24.6,9.1112282371521,63.74354721069336,69.1198893737793,55.503334045410156,40.62001655578613,30.857083001443
85,0.13131512833115397,25.869080281237334,0.0,0.0,10.0,35.0,11.863924026489258,66.69618225097656,71.07323455810547,60.13843536376953,42.345733642578125,30.89375,1,0.2403086154272683,48.391002191826935,0.4374353610858428,0.2,9.0,28.8,10.313546657562256,66.45403289794922,71.43216247558594,58.691898345947266,42.79923706054687,36.16018434343434,0.2452971348459264,49.66060135031184,2.014025927131288,0.18181818181818182,9.818181818181818,27.818181818181817,10.459865201603282,66.58876453746448,71.51855746182528,58.69184424660423,42.94707662409002,33.49739439853076,0.28218307938056286,57.543633782784916,9.937371779190055,0.36,9.08,25.32,9.264742126464844,64.60233520507812,69.92141647338867,56.080386352539065,41.514529342651365,30.843383001443
86,0.0,0.0,0.0,0.0,9.0,36.0,11.663881301879883,68.39915466308594,72.35250091552734,60.1781120300293,44.08504867553711,34.81272727272727,1,0.3405327478078753,67.25398905027832,0.0,0.0,8.2,26.4,12.625441360473634,68.23522033691407,73.30240020751953,60.36473159790039,44.85120620727539,39.16310101010101,0.24966898028932602,48.89615132672853,2.014025927131288,0.18181818181818182,9.818181818181818,27.363636363636363,11.22303826158697,67.91008481112394,72.77959580854936,59.66515454378995,44.349314256147906,34.67187924701561,0.271474727514929,56.085017949119226,8.61822456377007,0.32,9.12,25.88,9.367198991775513,65.2704800415039,70.50507827758788,56.48262908935547,42.17235664367676,31.225071313131313
87,0.33532070918012497,51.97470992291937,0.0,0.0,9.0,22.0,13.156965255737305,68.8901596069336,74.43496704101562,60.1064567565918,45.935340881347656,39.48333333333333,1,0.2682912415011975,51.14413314388918,0.0,0.0,8.8,27.4,13.798175239562989,70.10468139648438,74.78117980957032,61.78302993774414,46.62222595214844,37.374878787878785,0.2861993403188274,56.947931061365004,0.19883425503901944,0.09090909090909091,9.181818181818182,26.09090909090909,12.540659687735818,69.40896502408114,74.22074682062322,60.65642616965554,46.02210825139826,35.92210651974288,0.2786962671877403,57.0630012713848,5.5377265881783435,0.28,9.12,25.64,9.543379039764405,65.86247314453125,71.1374266052246,56.71245376586914,42.95751724243164,31.90992222222222
88,0.61457382119753,119.84189513351835,0.0,0.0,6.0,17.0,15.773364067077637,72.51940155029297,78.02249145507812,63.773311614990234,50.45195007324219,45.14125,1,0.24310645531357378,46.211842730849696,0.0,0.0,9.4,26.4,13.757951545715333,71.17945861816406,75.83701782226562,62.075496673583984,47.677435302734374,36.72262878787878,0.3222062859672014,63.21313960418208,0.19883425503901944,0.09090909090909091,8.727272727272727,24.818181818181817,13.232284155758945,70.65545584938742,75.45029865611683,61.42828299782493,47.3203783902255,36.59733379247015,0.2712992868456236,55.03622865764481,4.4441381854637365,0.24,9.32,25.8,9.614377679824829,66.40242462158203,71.73772827148437,56.90602478027344,43.68898178100586,32.08392222222222
89,0.2602465487971786,58.03498038177083,0.0,0.0,10.0,27.0,16.53274154663086,74.01850891113281,78.022705078125,64.71883392333984,50.29305648803711,36.54333333333333,1,0.32963293078168654,57.37375806623625,0.0,0.0,9.2,22.8,14.550620651245117,72.18085327148438,77.1766571044922,62.537113952636716,49.15166244506836,37.089283333333334,0.3223068826216069,62.90250920417109,0.0,0.0,8.545454545454545,24.818181818181817,14.016436750238592,71.57062322443181,76.33307231556286,61.92377402565696,48.24837043068626,37.07968227731864,0.2619093865344279,52.584819279962296,4.033356599105774,0.24,9.32,26.2,9.578197612762452,66.78245361328125,72.08346572875976,57.03599548339844,44.102379913330076,32.157044444444445
90,0.005391197393035341,1.2076282160399163,0.0,0.0,13.0,30.0,11.662805557250977,72.070068359375,76.35242462158203,61.60076904296875,47.62178039550781,27.632500000000004,1,0.3893299332741519,76.89444614317608,0.0,0.0,8.4,21.2,15.545960998535156,73.77961120605468,78.61059265136718,63.64851760864258,50.90586471557617,37.21795,0.33201340850742533,63.08099393559615,0.0,0.0,8.272727272727273,24.272727272727273,14.326596520163797,72.330622586337,77.1255215731534,62.15937493064187,49.29435001720082,37.03621005509642,0.26728223376149196,54.17238366905016,4.455130241167529,0.24,9.24,25.96,9.60276213645935,67.00060180664063,72.32444732666016,56.95856597900391,44.43274772644043,33.01068333333333
91,0.4326323773405639,55.80957667693274,0.0,0.0,8.0,18.0,15.627226829528809,73.4061279296875,79.05069732666016,62.48619842529297,51.45618438720703,36.646,1,0.34563044946106874,66.70952591066998,0.0,0.0,9.0,22.4,15.642805671691894,74.48408966064453,78.95399627685546,63.69566192626953,51.215205383300784,35.3257,0.330998432609284,62.422287635938005,0.0,0.0,8.090909090909092,23.09090909090909,14.136419469659979,72.61324240944602,77.61557839133523,61.82427250255238,49.95046476884322,37.49253581267217,0.26564635732378944,53.564671472865626,3.969389751440089,0.2,9.2,25.52,9.700839948654174,67.18028305053711,72.63826782226562,56.76920776367187,44.88584274291992,33.169782323232326
92,0.6338057216424515,149.57815030761856,0.0,0.0,5.0,14.0,18.1336669921875,76.88394927978516,81.60464477539062,65.6634750366211,54.70635223388672,40.12666666666667,1,0.3164930842002241,59.524535122543895,0.0,0.0,8.6,22.8,14.904171180725097,74.41644897460938,79.02581787109375,62.923804473876956,51.23659744262695,35.10353333333334,0.3318269086719466,62.62112189097702,0.0,0.0,8.363636363636363,22.818181818181817,13.730317462574352,72.61264662309127,77.7325370094993,61.386978496204726,50.19506766579368,36.23228787878788,0.27973571756872717,55.58374542531244,6.1816842184532845,0.2,9.04,25.16,9.65318018913269,67.28597198486328,72.80928497314453,56.558342132568356,45.11306915283203,33.231515656565655
93,0.39607640213211426,68.91729397098788,0.0,0.0,9.0,23.0,16.257587432861328,76.04179382324219,79.73950958251953,64.009033203125,51.998653411865234,35.68,1,0.46106001773653127,87.39252787121436,0.0,0.0,6.8,20.0,15.387775993347168,74.60867462158203,79.62448272705078,62.64744110107422,52.300988006591794,38.57828333333334,0.314151385886298,60.97011099335869,0.0,0.0,8.363636363636363,23.636363636363637,13.129986849698154,72.2732363614169,77.43053921786222,60.7646879716353,49.962444652210586,35.26140633608816,0.2791543539214155,56.56708101615008,9.637150629461699,0.24,8.92,25.0,9.46618595123291,67.2239404296875,72.78438598632812,56.14385772705078,45.1551969909668,32.90375808080808
94,0.1145597224929554,22.11002644114039,0.0,0.0,8.0,29.0,12.839569091796875,73.68030548095703,78.3818130493164,60.85954666137695,50.40001678466797,35.432500000000005,1,0.39856362095873826,79.95527473282738,0.0,0.0,6.8,20.8,14.216725921630859,73.8884490966797,79.10711517333985,61.44066314697265,51.922350311279295,38.43175,0.30376824523582824,60.26452756171968,0.0,0.0,8.636363636363637,24.0,12.335253498770975,71.57235995205966,76.90272521972656,59.67955988103693,49.53940720991655,34.41983815426997,0.2790855302893336,55.97795749803313,9.095616459516153,0.24,8.72,24.8,9.45917200088501,67.1714877319336,72.85855712890626,55.638206481933594,45.38949890136719,32.62064141414142
95,0.7282258650745712,140.54759195939224,0.0,0.0,4.0,16.0,14.080829620361328,73.03119659423828,79.34574890136719,60.21895217895508,52.94373321533203,45.006249999999994,1,0.2736251239681057,50.477080032389516,0.0,0.0,8.2,24.6,12.029344367980958,72.19017944335937,77.51399536132813,59.381543731689455,50.33621597290039,34.59641666666667,0.2838061615943942,56.00151427929913,0.0,0.0,9.0,24.0,11.271290562369607,70.75834933194247,76.30703735351562,58.40623474121094,49.10217423872514,33.40135330578513,0.2929663143817464,58.393213930112964,10.110024160989683,0.28,8.44,24.0,9.26615219116211,67.11303100585937,72.97608337402343,55.101904296875,45.64088897705078,33.000712842712844
96,0.12015039345159895,18.623310984997836,0.0,0.0,8.0,22.0,9.771976470947266,69.80500030517578,76.46385955810547,56.452308654785156,49.56299591064453,35.913333333333334,1,0.22258783524928086,43.45633924801547,0.0,0.0,8.2,26.2,10.088492584228515,70.01315002441406,75.78869171142578,57.23198928833008,48.61178283691406,33.22114393939394,0.29860130626258174,58.96406585396485,2.6331984248366496,0.09090909090909091,8.545454545454545,23.818181818181817,10.423950390382247,69.8878059387207,75.55614610151811,57.2829308943315,48.485458027232774,33.11953512396695,0.3078860960208059,61.71124898287968,10.481010062231269,0.28,8.28,23.48,9.286456699371337,67.15541229248046,73.13216094970703,54.71263046264649,45.957234954833986,33.24915728715729
97,0.009113236689288394,2.1871768054292144,0.0,0.0,12.0,33.0,7.196759223937988,68.3926010131836,73.63904571533203,55.36787796020508,46.77568054199219,20.950000000000003,1,0.2997477455591623,61.45042943688524,0.0,0.0,8.4,24.6,8.926838207244874,68.23904113769531,74.55563659667969,55.427460479736325,47.69148712158203,33.31144393939394,0.3030908287616849,63.66226968672058,5.909470584287172,0.18181818181818182,8.363636363636363,23.818181818181817,9.307437549937855,68.65917379205877,74.47317158092152,55.88652524081144,47.41260355169123,33.8401007805326,0.3091204494697049,61.98650980198415,10.481010062231269,0.28,8.2,23.08,9.149516372680663,67.15737213134766,73.27662017822266,54.21613204956055,46.2386962890625,33.34902395382395
98,0.14088995853799025,33.81359004911766,0.0,0.0,9.0,31.0,6.553328514099121,65.15664672851562,71.11299133300781,53.261260986328125,43.376487731933594,28.803636363636368,1,0.16223529829252892,35.56927790003575,0.0,0.0,10.4,26.8,7.076502132415771,66.6456802368164,72.98051452636719,53.52612152099609,46.199439239501956,29.37819393939394,0.2525791701210189,51.64912668427461,5.909470584287172,0.18181818181818182,8.909090909090908,24.545454545454547,8.169385519894687,67.174428766424,73.2802637273615,54.09564798528498,46.31578063964844,32.88050482093664,0.31458707046096024,63.02055723276345,10.481010062231269,0.28,8.12,22.36,8.975219421386718,66.99307891845703,73.34477416992188,53.594885711669924,46.33846145629883,33.53537395382396
99,0.5003592740423626,112.08047738548922,0.0,0.0,9.0,21.0,7.031297206878662,64.80976104736328,72.21653747558594,51.8369026184082,45.79853820800781,35.884,1,0.17183277735082886,38.60375481050875,5.793036534640629,0.2,10.4,28.0,5.590519571304322,65.18349838256836,71.30626678466797,52.08454513549805,44.454420471191405,27.102027272727277,0.2575099958907145,51.729272711258325,12.035256387535268,0.2727272727272727,8.727272727272727,24.363636363636363,6.932046023282138,65.7582744251598,72.10301277854226,52.38086908513849,45.20433599298651,31.80580785123967,0.319980213815818,64.29333906450988,10.810022777656421,0.32,8.2,21.72,8.643799896240234,66.83362243652344,73.38717437744141,53.081913757324216,46.445620422363284,33.40566486291486
100,0.040663628741404396,11.141834275144804,0.0,0.0,14.0,27.0,4.82914924621582,65.06439208984375,71.47013854980469,50.712257385253906,45.48349380493164,25.34,1,0.2664135549791109,59.66428321687206,13.00083528543178,0.4,9.2,25.0,4.820284843444824,63.48321304321289,70.0060531616211,50.436116790771486,43.03024139404297,31.826471717171717,0.28073256532593455,57.79217182636285,19.88858913982712,0.36363636363636365,8.454545454545455,23.454545454545453,5.997309489683672,64.27104811234908,70.84619348699397,50.613426208496094,43.99385868419301,29.99673760330579,0.3363180570186692,69.23550915812636,10.810022777656421,0.32,8.04,21.44,8.524878273010254,66.74973022460938,73.4573095703125,52.7025617980957,46.544306945800784,33.437487085137086
101,0.16813778874309857,33.79569553736281,28.965182673203145,1.0,8.0,28.0,2.3420636653900146,62.49409103393555,68.09262084960938,49.24442672729492,40.8379020690918,24.5325,1,0.25387105859053777,56.38828066319108,13.00083528543178,0.4,9.6,23.2,4.632638072967529,62.562234497070314,69.47998657226563,48.976629638671874,42.88320388793945,31.979966666666666,0.2354621385478725,49.222434854935706,20.473021334770422,0.45454545454545453,8.727272727272727,24.09090909090909,5.032187028364702,63.00320746681907,69.77896742387252,48.96790383078835,43.0138071233576,27.659464876033056,0.324808469495553,67.37026718553747,10.810022777656421,0.32,8.12,21.68,8.232764854431153,66.59946075439453,73.39935546875,52.25200714111328,46.49442565917969,32.83431708513709
102,0.48201712483069875,107.48981883724582,36.03899375395575,1.0,6.0,18.0,3.345585584640503,59.89117431640625,67.13797760009766,47.125736236572266,39.65478515625,44.57222222222222,1,0.2438623009018186,47.931965239655014,26.477564052577588,0.6,9.2,23.2,3.755749225616455,61.693101501464845,68.39462890625,47.63854217529297,41.67804870605469,29.574833333333334,0.25608661208048356,53.01862574739007,22.7784933835739,0.5454545454545454,8.636363636363637,23.636363636363637,4.4914821711453525,62.19084167480469,69.1143070567738,47.664153359153055,42.50830147483132,27.82682418339237,0.3302925395723622,68.59321481266593,10.810022777656421,0.32,8.0,21.52,7.847483692169189,66.4246469116211,73.32441680908204,51.7601237487793,46.53542266845703,33.56947264069264
103,0.0781774765951245,17.433577280712765,0.0,0.0,11.0,22.0,5.6150946617126465,60.551753997802734,68.48265838623047,45.96382522583008,42.641300201416016,29.571111111111115,1,0.3097311724096129,63.4639817260841,43.754896107619665,0.8,7.4,21.6,3.30141282081604,60.144386291503906,67.0119613647461,45.779625701904294,39.99830322265625,27.613378787878787,0.299480654224274,62.68141305239007,23.820477414161974,0.6363636363636364,8.090909090909092,22.09090909090909,4.266458901492032,61.852695811878554,69.01741582697088,46.7831916809082,42.62876267866655,29.225713072281255,0.3474401229650064,73.3024350570365,13.590851015862349,0.36,7.68,21.16,7.482410097122193,66.22881896972656,73.18726928710937,51.27834838867187,46.54151489257813,33.35366354978355
104,0.45031548559876694,69.79890026780888,67.38364383572905,1.0,7.0,21.0,2.646852970123291,60.46409606933594,66.78974914550781,45.14646530151367,39.772762298583984,23.858333333333338,1,0.32215384876417086,65.96093967335025,39.247610401854296,0.8,7.2,20.6,3.525896596908569,59.46255798339844,66.91468963623046,44.3543815612793,40.2633560180664,26.56612878787879,0.3459736504074605,72.83161217440922,23.820477414161974,0.6363636363636364,7.7272727272727275,20.363636363636363,4.329389398748225,61.813018798828125,69.30171550403942,46.05170267278498,43.0922175320712,30.96911986750623,0.3347772603153574,72.10995685740926,14.490402089920636,0.4,7.8,21.44,6.98172248840332,66.0233804321289,72.92168762207031,50.83420135498047,46.427460174560544,32.878463549783554
105,0.3700079862803758,88.80191670729019,86.38666027521036,1.0,5.0,19.0,2.557467222213745,57.32081604003906,64.55680084228516,41.41767501831055,37.08476638793945,15.532727272727271,1,0.29515434426009524,56.53925806630025,37.11185015843079,0.8,7.4,20.4,3.6216240882873536,59.658118438720706,67.31761322021484,43.351445007324216,41.1328857421875,25.202541486291487,0.3248483212320219,67.34432023488472,23.820477414161974,0.6363636363636364,7.636363636363637,20.0,4.372589674862948,61.61111796985973,69.3526743108576,45.39446397261186,43.00506522438743,30.93898350386987,0.3185392066650549,67.57598470435242,15.11836876226139,0.44,7.92,22.04,6.4042440605163575,65.60696838378907,72.4853436279297,50.25538787841797,45.98110977172851,32.237054025974025
106,0.2302511705158884,46.280485273693564,6.42875414437632,1.0,7.0,23.0,3.464482545852661,59.0849494934082,67.60626220703125,42.11820602416992,42.16316604614258,19.29625,1,0.376808388995267,74.74811004224354,39.40421502572457,1.0,6.4,19.2,3.442905807495117,60.482366943359374,68.13572998046875,43.29413986206055,42.22477645874024,26.55587481962482,0.333408771698389,69.22411219111342,24.568233585582774,0.7272727272727273,7.363636363636363,19.363636363636363,4.2407027591358535,61.55187710848722,69.52925317937678,45.0891508622603,43.12147695367987,31.505347140233503,0.30612900236140667,65.49556474649526,15.16667389090299,0.48,8.0,22.52,5.988402614593506,65.30624694824219,72.14923919677734,49.85611755371094,45.73327453613281,31.71930402597403
107,0.34701960231032075,60.38141080199581,25.36019253683824,1.0,7.0,17.0,3.824223041534424,60.86897659301758,69.15259552001953,42.111053466796875,44.00243377685547,37.75428571428571,1,0.41720787518612196,89.88148606694742,25.927486258578757,0.8,6.0,17.4,4.362648010253906,61.333587646484375,69.62583770751954,43.307823181152344,43.96512222290039,31.380430375180374,0.38573868083550783,82.10895462074696,21.935035160746125,0.6363636363636364,7.090909090909091,18.181818181818183,4.953599214553833,61.94267376986417,70.26522827148438,45.21444459394975,43.809168035333805,32.936837039223406,0.3086532311473249,66.3167519334024,15.16667389090299,0.48,8.0,22.44,5.788118553161621,65.24458557128906,72.01346649169922,49.700089874267576,45.73853378295898,31.6807312987013
108,0.486447700270983,108.4778371604292,11.461824336468851,1.0,6.0,16.0,4.721503257751465,64.6729965209961,72.5732421875,45.67729949951172,48.10075378417969,36.33777777777778,1,0.3968024085525544,82.46515593563335,8.650154203536683,0.6,6.6,17.0,5.352454614639282,62.38719482421875,71.26989440917968,43.945743560791016,45.51614151000977,35.38438492063492,0.37163113613450105,78.99268434634244,18.6587630012956,0.5454545454545454,7.2727272727272725,18.636363636363637,5.419503125277433,62.74917290427468,71.12301566384055,45.70387268066406,44.67736192183061,31.617725928112293,0.2905530233818397,61.84184624612647,15.16667389090299,0.48,8.24,22.8,5.55227108001709,65.21026763916015,71.89427429199219,49.52925079345703,45.657512512207035,31.3084812987013
109,0.6523129165530416,145.46578039132828,0.0,0.0,5.0,12.0,7.245563983917236,64.72019958496094,74.24028778076172,45.214881896972656,48.474491119384766,47.98111111111112,1,0.3777178912236653,79.57296803962674,9.009466951787179,0.6,7.4,16.4,5.335236740112305,63.45275344848633,72.43114318847657,44.992864990234374,46.43631286621094,37.83913492063492,0.4006466656001635,85.46314741718514,18.6587630012956,0.5454545454545454,6.909090909090909,18.727272727272727,5.536377473310991,63.5761191628196,71.81997750022195,46.29095667058771,45.466151150790125,33.92237239275875,0.2955291860734027,63.00443860050382,15.16667389090299,0.48,8.24,22.6,5.438604431152344,65.37960205078124,71.93587677001953,49.53599212646484,45.84846862792969,31.035497965367966
110,0.26798065311253794,51.72026605071982,0.0,0.0,8.0,17.0,7.506500244140625,62.58885192871094,72.77708435058594,44.607276916503906,44.83986282348633,35.552499999999995,1,0.4570673286118822,102.60247833189392,3.9374284444195298,0.4,7.0,16.0,6.607177066802978,64.63752899169921,73.83829345703126,46.695185852050784,47.31632690429687,38.344055555555556,0.3991707834738337,89.93035051332107,18.85304137578825,0.5454545454545454,6.7272727272727275,18.727272727272727,5.526296810670332,64.1861440485174,72.3776127208363,46.691858465021305,46.193544214422054,33.77500324675325,0.31573861200360337,66.97002074164774,17.098879036566856,0.52,8.0,21.88,5.278885593414307,65.59330230712891,72.03965942382813,49.53753448486328,46.11898101806641,32.208397965367965
111,0.13482858387144295,31.819545793660534,8.225317885628797,1.0,11.0,20.0,3.3783931732177734,64.4127426147461,73.41250610351562,47.35381317138672,46.76402282714844,31.57,1,0.4251446151816106,95.54908006356727,1.6450635771257596,0.2,7.4,17.4,7.356982135772705,65.45546264648438,74.63837280273438,48.061614990234375,47.5371597290039,37.0889,0.3760846766391939,84.22086914777212,13.044142882719779,0.5454545454545454,7.2727272727272725,19.272727272727273,5.57653039151972,65.18153936212713,73.0916449806907,47.5977536981756,47.24082149158824,34.61439167650531,0.33441306782811947,69.84742656457328,17.678540580266016,0.56,7.88,21.12,5.210958499908447,66.0477456665039,72.30472961425781,49.748888397216795,46.63331298828125,32.823966796536794
112,0.7437667892514055,175.5289622633317,0.0,0.0,5.0,15.0,10.183924674987793,66.79285430908203,76.18834686279297,50.622657775878906,48.402503967285156,40.278888888888886,1,0.3741516920144844,84.17765819729813,1.6450635771257596,0.2,7.8,19.6,7.288011837005615,66.44105529785156,75.0201629638672,49.50298843383789,48.105857849121094,38.47712222222223,0.37586678662728495,83.30708380299974,13.886907670369107,0.5454545454545454,7.363636363636363,19.818181818181817,5.597641641443426,65.85323923284358,73.37253431840377,48.422747525301844,47.36667841131037,35.05031700118064,0.32808571167009587,68.00580132626219,17.678540580266016,0.56,7.96,21.08,5.227778644561767,66.47050262451172,72.47134368896485,50.028248443603516,46.919445190429684,32.6694067965368
113,0.3268341331196249,73.21084581879597,0.0,0.0,8.0,23.0,8.470528602600098,68.76266479492188,76.57363891601562,52.50944519042969,49.204917907714844,30.062,1,0.40737171783380466,97.621231852215,15.549204768155397,0.4,7.2,20.4,6.2939049243927006,67.35815887451172,75.04949340820312,50.49281005859375,48.69270248413086,35.81407676767677,0.3521214859209747,79.35484600505093,11.691220004841988,0.5454545454545454,7.7272727272727275,21.454545454545453,5.782853299921209,66.549128445712,73.57110734419389,49.50604039972479,47.53034556995738,33.68504102715466,0.329128610763786,68.15541402152262,18.230968285569737,0.6,7.92,20.8,5.160529136657715,66.73666290283204,72.53112091064453,50.20386138916015,47.060555419921876,33.164517907647905
114,0.3973483007174106,88.60867105998257,0.0,0.0,7.0,23.0,6.900712490081787,69.64816284179688,76.14923858642578,52.421749114990234,51.3179817199707,54.922222222222224,1,0.4036181632793836,96.45684703073323,18.401896561321074,0.4,7.2,21.4,6.240233612060547,68.12964324951172,74.84922332763672,51.29855194091797,49.06086120605469,34.45327676767677,0.3240503715455137,73.36956136445,10.64923597425391,0.45454545454545453,7.909090909090909,22.454545454545453,6.0656682361256,67.22783522172408,73.79058491099964,50.53163632479581,47.75132231278853,33.51507775810048,0.3428840531457861,70.36727218414809,19.39100715343825,0.6,7.92,20.32,5.204891099929809,67.13736679077148,72.71226837158203,50.43438659667969,47.48624618530273,33.53127505050505
115,0.4340807822091396,118.93813432530425,69.52070595514819,1.0,5.0,21.0,2.53596568107605,67.17436981201172,72.92373657226562,49.5563850402832,47.774085998535156,22.23727272727273,1,0.30043568150608047,68.5968238743064,21.541729923024853,0.6,7.8,24.2,4.942789936065674,68.06580200195313,73.75076293945312,51.4126480102539,48.08987884521484,31.215784704184706,0.2898147128531864,62.752213126828686,10.64923597425391,0.45454545454545453,8.363636363636363,23.636363636363637,6.151039036837491,67.90538510409269,73.98382637717508,51.50737207586115,47.97347779707475,32.39861311163584,0.34024287939656134,68.21417638113466,17.94944740328002,0.56,8.0,20.28,5.316135082244873,67.7358204650879,72.98468505859375,50.87933822631836,48.01533737182617,32.75966616161616
116,0.11606081109933755,25.997621686251613,22.488776851457175,1.0,11.0,25.0,3.110036611557007,68.2701644897461,72.4111557006836,51.38252258300781,48.60481643676758,24.766,1,0.2522331137903371,57.336013715458954,21.78325556623284,0.8,8.4,26.6,4.420994472503662,68.01802062988281,72.70341491699219,51.71621398925781,47.40944976806641,29.750634704184705,0.28768505900119884,62.38565438080249,10.64923597425391,0.45454545454545453,8.363636363636363,23.636363636363637,6.098658128218218,68.9462495283647,74.41353884610263,52.59951435435902,48.8368447043679,31.810999475272205,0.34025951930333476,68.34363663916827,17.94944740328002,0.56,7.96,20.44,5.334396572113037,68.19696319580078,73.09579956054688,51.30867233276367,48.22406219482422,32.857321717171715
117,0.22785438038488984,36.228846481197486,15.69916680851891,1.0,8.0,29.0,3.6967062950134277,66.47364807128906,70.696044921875,51.193138122558594,43.54759216308594,24.09142857142857,1,0.20829654207503742,48.14222072622623,21.78325556623284,0.8,8.6,27.4,4.607345485687256,68.51614227294922,72.47106628417968,52.62363510131836,47.25215301513672,25.659826623376624,0.32218690455327703,68.7044893390177,14.29285513388735,0.45454545454545453,7.909090909090909,23.181818181818183,6.082784956151789,69.79373723810369,74.67000302401456,53.3315710587935,49.45270538330078,33.51122674799947,0.34074443810009325,69.69512918989479,18.219777681210235,0.56,8.0,20.36,5.354507532119751,68.56445526123046,73.16095977783203,51.6503466796875,48.478249053955075,33.11670838383838
118,0.08582129454090776,16.90679502455883,1.2076282160399163,1.0,11.0,35.0,5.861551284790039,68.52375793457031,71.33689880371094,54.02727508544922,45.802772521972656,22.73625,1,0.17662451982069777,30.089583816664163,7.8791143752032,0.6,9.6,28.2,5.737080907821655,69.51591796875,73.15950775146484,53.901953125,47.88097610473633,28.352372077922077,0.30982186499868514,62.36083237164714,15.61026773320362,0.5454545454545454,8.0,22.90909090909091,5.598351001739502,70.6778169111772,74.81103931773792,54.051793878728695,50.16473111239347,33.86704204381477,0.3526989968722809,72.10939036542197,14.76431127020182,0.52,8.08,20.08,5.475015106201172,69.17217926025391,73.378583984375,52.23806488037109,49.02035888671875,34.59299929292929
119,0.17766544214091237,42.63970611381897,0.0,0.0,8.0,27.0,7.832467555999756,72.1387710571289,74.98749542236328,56.95885467529297,50.531497955322266,34.46818181818182,1,0.20232324974896526,34.427683448300165,3.381359004911765,0.4,9.0,26.6,6.501135635375976,70.6695571899414,74.17806091308594,54.94961700439453,49.027392578125,29.216922077922078,0.31121652290524393,61.70892333609406,15.61026773320362,0.5454545454545454,8.272727272727273,22.636363636363637,5.505739385431463,71.27927329323508,74.79360753839666,54.62556284124201,50.50536069003019,34.04504204381477,0.36551808527421575,75.45704686700084,14.507161104426768,0.48,8.04,19.92,5.667215757369995,69.74001724243163,73.47789916992187,52.88459671020508,49.32395812988281,35.463060404040405
120,0.2757206709374414,28.674949777493907,0.0,0.0,10.0,25.0,8.184642791748047,72.17324829101562,76.3659439086914,55.947975158691406,50.9182014465332,35.7,1,0.2596221506608479,47.447260218866205,9.902551371527316,0.4,8.6,23.8,6.4025520324707035,72.1218490600586,75.28557434082032,55.792276763916014,51.02557220458984,34.45313636363636,0.2811608688476301,55.00651248124616,16.865785245257534,0.6363636363636364,8.818181818181818,22.363636363636363,5.164575663479892,71.46747658469461,74.50409212979403,54.86927483298562,50.2956577647816,32.48100163977437,0.35426808568199086,73.73368675847044,13.49275340295324,0.44,8.16,20.36,5.749177541732788,70.09268829345703,73.38158477783203,53.42043472290039,49.35975433349609,35.26448897546898
121,0.244554460740675,47.688119844431625,0.0,0.0,8.0,17.0,6.930310249328613,74.03836059570312,77.50392150878906,56.62084197998047,54.33689880371094,29.088749999999997,1,0.36400816258284535,65.2156483384056,12.559333446815131,0.4,7.6,19.2,6.201272010803223,73.72064361572265,76.56614379882812,56.69584350585937,53.11197509765625,38.74445779220779,0.28824660212799014,52.293241142854804,15.81537146478188,0.6363636363636364,9.090909090909092,21.90909090909091,5.247770851308649,71.95268735018644,74.47659856622869,55.36483591253107,50.63257460160689,33.52319762560671,0.34833090960036484,71.54436964879818,13.891447648744661,0.44,8.16,20.56,5.706218461990357,70.19882843017578,73.04908569335937,53.6871272277832,49.185719146728516,34.910406435786435
122,0.5143488849443029,101.32673033402767,48.30512864159667,1.0,6.0,15.0,3.2037882804870605,73.735107421875,76.23361206054688,55.406436920166016,53.538490295410156,50.272499999999994,1,0.3969101481730172,69.89567640118418,12.559333446815131,0.4,8.2,17.8,6.125138664245606,74.36862640380859,76.84502258300782,57.06825332641601,53.59604415893555,38.254821428571425,0.3155126903098758,54.80822314973287,13.7709372055585,0.5454545454545454,8.818181818181818,21.181818181818183,5.522011626850475,72.55108295787464,74.61634757302024,55.98910903930664,51.021415363658555,33.57010671651581,0.3261702057346523,66.4020102341274,14.519414321085417,0.48,8.36,21.28,5.560715084075928,70.18716674804688,72.53878677368164,53.91236312866211,48.81440856933594,33.85499056277056
123,0.607751354150895,105.74873562225574,14.491538592478989,1.0,6.0,12.0,4.855151176452637,76.51773071289062,77.73974609375,58.545108795166016,56.23478698730469,44.19285714285714,1,0.35511323520226046,67.13711677701653,15.321471973333734,0.6,8.8,16.8,5.117792415618896,74.27765655517578,76.16474761962891,56.899174499511716,53.21465377807617,38.65837698412698,0.30194351702620026,53.39379017249245,12.34374022296587,0.45454545454545453,9.0,20.90909090909091,5.737913955341686,73.06078061190519,74.66766357421875,56.489476290616125,51.413399783047765,34.29020411911321,0.32338061462254464,65.89533768954021,15.984942161243827,0.52,8.44,21.84,5.378880767822266,70.2362873840332,72.09657043457031,54.19095260620117,48.53309494018555,33.27719056277056
124,0.3421753700917716,66.03984642771192,0.0,0.0,11.0,20.0,7.45180082321167,75.3786849975586,76.38188934326172,58.82090377807617,52.95184326171875,32.019999999999996,1,0.4086071127127456,75.41792272873009,26.91470284731693,0.8,8.8,16.6,4.421952915191651,73.97232208251953,75.18822479248047,56.576517486572264,52.64330825805664,39.580912698412696,0.3361814407513661,61.27373735534818,18.974128638233562,0.45454545454545453,8.727272727272727,19.454545454545453,5.491375381296331,73.16329331831498,74.40237773548473,56.45866255326705,51.44291444258256,34.98172684638593,0.3204939949082759,65.28177157526869,15.800844831743467,0.52,8.52,22.48,5.425781631469727,70.23127456665038,71.57507232666016,54.42348266601562,48.177342071533204,33.24089056277056
125,0.06673610608365801,14.882151656655736,13.810692632593016,1.0,13.0,20.0,3.147911548614502,71.71839904785156,72.96456909179688,55.10258102416992,49.01124954223633,37.71777777777778,1,0.3889348919439009,65.88506141430662,17.253677118997597,0.6,9.2,17.0,5.006532287597656,74.19580383300782,74.73118133544922,57.145135498046876,52.5120231628418,34.5828126984127,0.38083657833719814,70.95725917186188,18.974128638233562,0.45454545454545453,8.636363636363637,18.09090909090909,5.285710746591741,73.197397405451,73.94873324307528,56.38155122236772,51.452552101828836,36.6155284992785,0.2963180996979675,59.509362989318944,15.800844831743467,0.52,8.84,23.16,5.304787826538086,70.27358505249023,71.06539962768555,54.629803771972654,47.96967514038086,32.720175007215005
126,0.5120238482931001,89.09214960299941,57.966154369915984,1.0,8.0,16.0,3.451112747192383,72.51168823242188,72.62130737304688,55.0075569152832,51.48017120361328,33.70142857142857,1,0.28310331596661376,48.86933103616603,14.3553694005018,0.4,10.0,19.8,5.249828433990478,73.30832214355469,73.43533630371094,56.77554931640625,50.8369499206543,32.14674126984127,0.4058372792123636,80.1660726296502,18.974128638233562,0.45454545454545453,8.272727272727273,17.545454545454547,5.293424931439486,73.29809292879972,73.37811487371272,56.593690005215734,51.34663807262074,37.101690115440114,0.28324473437318254,56.5809291565671,15.800844831743467,0.52,9.0,23.64,5.282644004821777,70.26496292114258,70.62458358764648,54.8020669555664,47.71656555175781,32.71199500721501
127,0.41598778110007956,53.66242376191026,0.0,0.0,8.0,17.0,6.12668514251709,74.8525161743164,73.94839477539062,58.24952697753906,52.88206481933594,25.282000000000004,1,0.3071559330518058,56.378604557818036,29.1837495572987,0.6,9.4,19.6,4.389393663406372,72.1628646850586,71.84270935058593,55.74903335571289,49.47206802368164,31.811341269841268,0.3895841111909112,77.40328065185965,18.974128638233562,0.45454545454545453,8.454545454545455,18.545454545454547,5.1973301497372715,72.90240131724964,72.40000707452947,56.492431987415664,50.488496260209516,37.438167388167386,0.26751045028648823,53.08032585027639,15.800844831743467,0.52,9.32,24.36,5.292837104797363,70.15035720825195,70.11135009765626,54.97397964477539,47.23895736694336,31.991033391053392
128,0.07859347426445937,20.670083731552815,0.0,0.0,10.0,26.0,6.071631908416748,72.080322265625,71.2605209350586,56.69717788696289,47.85942077636719,32.012499999999996,1,0.42758310295208724,83.2338634455808,26.42161103078009,0.4,8.2,18.0,4.873842668533325,72.32196807861328,71.24927673339843,55.950643157958986,49.79732055664063,34.755785714285715,0.37355405785327744,73.07766056864104,16.53086062365699,0.45454545454545453,8.454545454545455,19.09090909090909,5.2376699664376,72.31980063698508,71.3115664395419,56.21408427845348,49.59862206198952,35.36664141414141,0.2601915296796466,50.69325779810386,13.02001659353754,0.48,9.64,24.84,5.639931230545044,70.22198287963867,69.74381378173828,55.35478134155274,47.03563583374024,32.95007581529582
129,0.4624384555177317,103.5862140359719,74.14190078398448,1.0,8.0,19.0,3.1496269702911377,69.65139770507812,68.41875457763672,53.688323974609375,46.12743377685547,30.342999999999996,1,0.43532400940631943,91.40981308761403,14.828380156796896,0.2,7.8,18.6,5.837519884109497,72.47581024169922,70.74284362792969,56.60543212890625,49.4519157409668,36.22505555555556,0.32723987292230755,65.00112051430494,16.640645006933347,0.45454545454545453,8.818181818181818,20.727272727272727,5.124290726401589,71.22079398415305,69.83366359363903,55.5141452442516,48.049252943559125,33.3123556998557,0.26521130505478746,51.933633975964796,12.12046551947925,0.44,9.56,25.2,6.021609249114991,70.37596115112305,69.54470916748046,55.753453216552735,46.95639465332031,32.943213593073594
130,0.6688719555850653,149.15844609546957,0.0,0.0,7.0,12.0,5.570156574249268,72.513916015625,69.99740600585938,56.11063003540039,50.63751220703125,52.440000000000005,1,0.36528037568724303,84.13680995297909,14.828380156796896,0.2,8.2,20.8,5.786836385726929,71.44245758056641,69.30211181640625,56.05692749023437,47.85497055053711,37.72665555555555,0.3141549188512236,62.54781196960752,19.97139009820246,0.5454545454545454,8.727272727272727,21.727272727272727,4.71600359136408,70.16971969604492,68.50091691450639,54.8551552512429,46.67245101928711,32.32031024531025,0.2563374538624844,50.53278524535849,11.492498847138496,0.4,9.8,25.68,6.350060234069824,70.57530075073242,69.43557861328125,56.16944488525391,46.99324295043945,33.14990645021645
131,0.5507283805642609,129.97189781316555,0.0,0.0,6.0,19.0,8.269498825073242,73.28089904785156,70.08914184570312,58.28150177001953,49.75314712524414,41.04777777777778,1,0.4171653404804177,90.75177509039311,19.11421625304778,0.4,7.4,19.8,5.302015256881714,70.49169311523437,67.90216064453125,55.186414337158205,47.03306121826172,36.82129841269841,0.31378464475404777,62.693106631445396,19.04522573597762,0.5454545454545454,8.727272727272727,23.181818181818183,4.8435493382540615,69.49417634443803,67.3564154885032,54.67919921875,45.6596284346147,31.678921356421355,0.2529046020808481,49.85651344437614,11.444193718496898,0.36,9.92,25.72,6.710530929565429,70.67040176391602,69.22929748535157,56.50482467651367,46.882244720458985,33.81725645021645
132,0.06576961250469798,17.29740808873557,0.0,0.0,10.0,28.0,5.873267650604248,69.68575286865234,66.74473571777344,55.50700378417969,44.8973388671875,32.79,1,0.3443367133589165,73.41589128811049,7.425669457954664,0.4,7.8,22.0,5.39368577003479,69.4471450805664,66.51497268676758,54.61790542602539,45.64591979980469,35.07184126984127,0.279906968454102,57.43188826886254,13.77557533871253,0.45454545454545453,9.181818181818182,24.636363636363637,5.180637229572643,69.07044254649769,66.52234476262873,54.7494836287065,44.90787020596591,31.093427849927853,0.25449412121467957,49.8292796059807,11.444193718496898,0.36,9.92,25.68,7.079754962921142,70.74198654174805,68.94679290771484,56.82761764526367,46.74712905883789,34.24457917748918
133,0.33801829823033275,53.74490941862291,21.429180481254406,1.0,6.0,21.0,3.647526264190674,67.32649993896484,64.2607650756836,52.34461212158203,43.749874114990234,27.485714285714288,1,0.2502104973038731,51.39489255622459,14.753308658746713,0.6,8.4,25.8,4.871782922744751,67.70773544311524,64.85982666015624,53.710182189941406,43.07982177734375,28.80534126984127,0.24208989744500384,52.55348610868887,13.77557533871253,0.45454545454545453,9.545454545454545,26.272727272727273,5.343387040224942,68.49722394076261,65.75914868441495,54.6191652471369,43.99833505803888,31.509382395382396,0.25039287992653153,49.75605737503013,11.444193718496898,0.36,9.84,25.68,7.474737567901611,70.91796585083007,68.7481689453125,57.259058990478515,46.719491729736326,34.312112510822516
134,0.09829531991022575,16.90679502455883,15.699166808518912,1.0,10.0,30.0,3.6079795360565186,64.42865753173828,61.48281478881836,50.84577941894531,39.19172668457031,21.595714285714287,1,0.1525974393939657,28.696591580965958,15.477885588370663,0.8,9.8,29.2,4.128066110610962,65.90904006958007,62.91700897216797,52.68729476928711,40.70323257446289,26.728285714285715,0.23530787238005785,50.77380471515813,13.77557533871253,0.45454545454545453,10.0,27.636363636363637,5.441924138502642,68.01565100929953,65.03713781183416,54.62120056152344,43.22727654196999,31.953535287944376,0.2617481785248466,51.484178630058906,11.444193718496898,0.36,9.64,25.64,8.030759563446045,71.11590866088868,68.62303405761719,57.77921890258789,46.69130889892578,34.83673393939394
135,0.1982408753098481,39.053452436040075,36.638196003960246,1.0,10.0,31.0,2.9606423377990723,63.81686782836914,61.721675872802734,51.57201385498047,37.80702209472656,21.1075,1,0.1673173986917654,31.48085948613645,15.477885588370663,0.8,10.4,30.0,4.385228490829467,65.54201278686523,62.25736770629883,52.74203109741211,40.3659309387207,25.622485714285716,0.21609599160918203,46.744279168341684,7.035402540168485,0.36363636363636365,10.454545454545455,28.90909090909091,6.17498703436418,67.9532522721724,64.61137182062322,55.111028151078656,42.91487780484286,33.39629286370196,0.2615023551438882,51.35443889594284,9.511988572833031,0.32,9.56,25.6,8.696592712402344,71.36178482055664,68.62919677734375,58.337003479003904,46.711473846435545,34.86063393939394
136,0.06266309101472392,16.48039293687239,3.622884648119747,1.0,13.0,36.0,4.550914764404297,64.28742218017578,60.37505340576172,53.16706466674805,37.870201110839844,30.662499999999998,1,0.09971373904569886,20.731877602411867,11.192049492119782,0.6,11.6,32.8,5.239109849929809,65.78613510131837,62.51586227416992,53.63631362915039,40.19139175415039,26.096842857142853,0.17724901341761792,38.366877353551274,7.035402540168485,0.36363636363636365,10.636363636363637,30.90909090909091,6.818789807232943,67.91740729592063,64.37829312411222,55.58727264404297,42.54999368840998,30.864878722287816,0.2578550052680039,52.00088768352837,8.932327029133871,0.28,9.52,25.76,9.272719688415528,71.45967666625977,68.59991027832031,58.73721145629883,46.641349945068356,34.60007520923521
137,0.13936940899369651,31.21874761458802,0.0,0.0,13.0,32.0,7.159079551696777,67.85061645507812,63.446529388427734,55.78068542480469,43.21083068847656,27.261000000000003,1,0.08085291477366438,17.569236278043025,8.052216130416,0.4,12.6,35.0,5.948621940612793,66.25700759887695,62.88297958374024,54.8110710144043,40.2286018371582,29.157336363636364,0.12772898796425902,26.66103466290349,7.035402540168485,0.36363636363636365,11.363636363636363,32.90909090909091,7.1495609066703105,67.75161084261808,64.18544214422053,55.88831155950373,42.06959845803001,29.793148924308017,0.24716365735683518,49.74573485555266,8.932327029133871,0.28,9.52,26.16,9.615089168548584,71.48091537475585,68.5317446899414,58.98013732910156,46.494367065429685,34.507355209235214
138,0.0,0.0,0.0,0.0,12.0,35.0,7.916933059692383,68.54711151123047,65.55323791503906,56.81602478027344,42.87717819213867,29.8575,1,0.0914262931193143,21.61083239503322,0.7245769296239495,0.2,13.2,35.4,7.599157238006592,67.28663635253906,63.285710144042966,56.311953735351565,41.205406951904294,34.178503030303034,0.12174993228201375,25.088543018472986,7.035402540168485,0.36363636363636365,11.727272727272727,33.63636363636363,7.967747363177213,67.86211360584606,64.13409077037464,56.516017567027696,41.89964190396395,30.395876197035292,0.254168031797758,51.01749579535038,8.379899323830152,0.24,9.24,26.48,10.026817169189453,71.60464248657226,68.61683197021485,59.29738479614258,46.542185668945315,34.2607440981241
139,0.003991198550053311,1.0935884027146072,0.0,0.0,15.0,41.0,7.1555399894714355,66.78302001953125,63.31840133666992,56.719566345214844,39.377777099609375,36.898181818181826,1,0.12720471401194158,29.716159034213753,0.0,0.0,12.4,35.0,9.219371700286866,68.853076171875,64.69740753173828,57.948404693603514,42.95612411499023,32.96489191919192,0.11078494339622892,24.017083994410267,5.087295223690813,0.2727272727272727,11.909090909090908,34.09090909090909,9.187342101877386,68.4622854752974,64.46719221635298,57.66911454634233,42.20907211303711,32.00183398924308,0.23436266095488353,47.58960201208917,6.0612531490335115,0.2,9.4,27.12,10.369023933410645,71.60860549926758,68.66866333007812,59.572038116455076,46.43727890014648,34.01093695526695
140,0.25110776703809773,59.26143302099106,0.0,0.0,13.0,33.0,11.213318824768066,68.96501159667969,63.735328674316406,59.0764274597168,42.69104766845703,46.21333333333334,1,0.10053245232866485,23.71393515450413,0.0,0.0,12.6,36.8,10.169151973724365,69.57438049316406,65.60165786743164,59.110853576660155,43.20771789550781,33.364441919191925,0.11759351783473014,24.920502083425788,3.660098241098184,0.18181818181818182,11.727272727272727,33.63636363636363,10.501090136441318,69.56629215587269,65.3687858581543,59.113499034534804,43.212303161621094,33.43752662993572,0.22235294002894218,46.71166760876171,6.0612531490335115,0.2,9.56,27.84,10.481823081970214,71.4171159362793,68.58962219238282,59.577156982421876,46.196402587890624,34.047947864357866
141,0.24155519547786028,57.007026132775025,0.0,0.0,9.0,34.0,12.651987075805664,72.11962127685547,67.43354034423828,61.34931945800781,46.62378692626953,24.594444444444445,1,0.10053245232866485,23.713935154504128,0.0,0.0,13.0,37.0,11.560429096221924,70.04521484375,65.72698440551758,60.23000259399414,43.23784561157227,35.27694191919192,0.14761134059733963,29.633020154708607,0.3293531498290705,0.09090909090909091,11.090909090909092,32.27272727272727,12.125655390999533,70.94538879394531,66.51913798939098,60.754665027965196,44.65096733786843,35.35541624032533,0.22377535749712169,46.80266170368992,6.0612531490335115,0.2,9.6,28.2,10.620326671600342,71.32007369995117,68.53648040771485,59.62789581298828,46.12808349609375,34.00949786435786
142,0.0060081005773130166,1.2076282160399163,0.0,0.0,14.0,41.0,11.907980918884277,71.45713806152344,67.96778106689453,61.59292984008789,44.46879959106445,29.25875,1,0.14321489671599408,31.886989504747806,0.0,0.0,11.6,34.0,13.541934776306153,71.47428894042969,66.64828033447266,61.891825103759764,44.79301147460937,36.92755555555556,0.18811499599785042,37.051460522368025,0.0,0.0,10.272727272727273,30.272727272727273,13.516446503725918,72.36307872425427,67.97483132102273,62.225936542857774,46.121186689897016,37.19246169487079,0.20527781927641242,42.65921314225105,3.0955771176741327,0.16,9.84,29.04,10.88461495399475,71.30597946166992,68.57061279296875,59.8514990234375,46.091661071777345,33.826777864357865
143,0.0,0.0,0.0,0.0,14.0,36.0,14.873318672180176,70.90128326416016,66.17987060546875,62.41176986694336,43.02781677246094,39.42,1,0.1276312710551224,25.403581701295508,0.0,0.0,10.6,32.4,14.911112594604493,72.99583282470704,68.18128356933593,63.42334136962891,46.300255584716794,35.16255555555556,0.2224057412942224,45.29611576757767,0.0,0.0,9.545454545454545,28.818181818181817,14.616377960551869,73.37347966974431,69.20765443281694,63.38681134310636,47.14581021395597,38.13954250295159,0.17939986921973916,36.92350740628208,3.18129383959915,0.2,10.08,30.12,10.850065469741821,71.06849746704101,68.49407897949219,59.87692611694336,45.76962875366211,32.848511197691195
144,0.2174034204866994,41.95886015393298,0.0,0.0,8.0,26.0,17.063068389892578,73.92839050292969,67.92488098144531,65.02867889404297,47.15360641479492,45.15125,1,0.1850076170992609,32.18040671877072,0.0,0.0,9.4,28.8,16.54688720703125,74.36929473876953,69.56968536376954,65.07844543457031,47.70196380615234,38.68452380952381,0.2292140751408181,46.174390833788514,0.0,0.0,9.454545454545455,28.363636363636363,15.35220566662875,74.04280159690164,70.03715549815784,64.12117732654919,47.727636857466265,38.12540613931523,0.1642317372802033,33.1036931536454,4.184808005714504,0.24,10.28,30.84,10.705635232925415,70.72951278686523,68.3238150024414,59.702705993652344,45.42711166381836,32.084900086580085
145,0.1731896387337393,26.84439400372959,0.0,0.0,8.0,25.0,18.059207916259766,76.5727310180664,71.40034484863281,66.7340087890625,50.22726821899414,37.38833333333333,1,0.28544665706786676,51.555528471787945,0.0,0.0,7.4,23.4,18.135214424133302,76.05426940917968,71.25366516113282,66.63006973266602,49.61672668457031,43.00677380952381,0.25083719046415215,50.31826235641433,0.0,0.0,8.636363636363637,27.181818181818183,15.923621264371006,74.77267039905895,71.10746002197266,64.6951956315474,48.71208572387695,37.639435064935064,0.16160095278001538,32.41179683009598,4.184808005714504,0.24,10.44,31.52,10.747895917892457,70.53456192016601,68.2197186279297,59.68218994140625,45.254930877685545,31.755140086580084
146,0.5284369256985527,90.89115122015107,0.0,0.0,3.0,16.0,20.830860137939453,78.98693084716797,74.37554931640625,69.62483978271484,53.632328033447266,42.20428571428572,1,0.38876017851862443,75.93751953416674,0.0,0.0,5.6,19.4,19.01221580505371,77.66701812744141,73.41920776367188,67.85777740478515,51.907501220703125,42.65855158730159,0.22954462775352866,45.23947799282142,0.0,0.0,8.545454545454545,27.09090909090909,15.995708812366832,75.10410239479758,72.03307481245561,64.94951040094548,49.272672479802914,35.93424567099567,0.14808022085080205,30.262000453351064,3.3276407864643276,0.2,10.72,32.6,10.89801905632019,70.39038681030273,68.20066513061523,59.808671875,45.07639389038086,31.348411515151515
147,0.5082033004203421,98.08323698112602,0.0,0.0,4.0,14.0,19.84961700439453,79.88201141357422,76.38768005371094,69.3510513305664,54.0426139831543,50.87,1,0.3602578288837951,69.47795264904403,0.0,0.0,6.2,20.2,18.80180969238281,78.06327056884766,74.76978149414063,67.83085174560547,52.33223419189453,39.56870158730159,0.2181073152511365,42.94011776972584,0.0,0.0,8.818181818181818,27.181818181818183,15.658861246975986,74.91734383322976,72.4456953568892,64.67934487082742,49.29416066950018,36.08086642398006,0.14785076866475644,30.06333317110559,2.88744786101087,0.2,10.72,32.88,10.93881685256958,70.25221054077149,68.24269226074219,59.86348602294922,44.98762557983398,31.086902943722944
148,0.5165676072537884,121.90995531189405,0.0,0.0,5.0,16.0,19.258325576782227,78.96502685546875,77.00758361816406,68.55030822753906,54.481689453125,37.67888888888889,1,0.37398899455839285,73.44430887861782,0.0,0.0,5.8,20.8,17.878190422058104,77.71103973388672,75.50806274414063,67.09080352783204,52.32812347412109,38.40153492063492,0.22793875255946688,44.91623666870025,0.0,0.0,8.545454545454545,26.636363636363637,15.443064949729226,74.75344640558416,72.62425856156783,64.34959203546697,49.44712829589844,36.24382096943461,0.1450316387177786,29.645948208317193,2.3788994086183686,0.2,10.72,33.0,10.937048759460449,70.08794570922852,68.17305160522461,59.81444442749024,44.894622344970706,31.05176294372295
149,0.07489167231255295,9.66102572831933,0.0,0.0,11.0,30.0,16.011037826538086,75.90965270996094,74.67774963378906,64.89405059814453,49.27727127075195,29.701999999999998,1,0.2716795248629302,55.94503963888142,0.0,0.0,7.6,24.0,16.113274765014648,76.43580627441406,75.41637115478515,65.54061355590821,51.37315826416015,35.451927777777776,0.22793875255946688,44.91623666870025,0.0,0.0,8.545454545454545,27.0,14.97792998227206,74.6077880859375,72.90536707097834,64.06474061445756,49.64613342285156,35.00336642398006,0.14252511507718965,28.9867324908423,2.2339840226935785,0.16,10.76,33.24,11.008038158416747,69.89466613769531,68.1007064819336,59.76377746582031,44.76463836669922,31.057012943722942
150,0.24184546710672802,46.67617515159851,0.0,0.0,6.0,28.0,13.44111156463623,74.81157684326172,75.09175109863281,63.03376770019531,50.20671463012695,31.552500000000002,1,0.19318781636917098,42.67120497840093,0.0,0.0,9.2,28.2,13.932684135437011,74.47245941162109,74.53330841064454,63.34590301513672,49.936666870117186,30.51938232323233,0.21016782380324264,41.62595871800136,0.19481073164776996,0.09090909090909091,9.0,28.181818181818183,13.854598262093283,73.93946769020774,72.91983795166016,63.31179774891246,49.2309604991566,33.44264672701036,0.1369503387174418,27.737982586258777,2.2339840226935785,0.16,10.8,33.52,10.956885051727294,69.49417098999024,67.9093278503418,59.584396514892575,44.37332824707031,30.873722943722946
151,0.016889577221239457,3.3948050214691308,0.0,0.0,12.0,32.0,12.006281852722168,72.61076354980469,73.9170913696289,61.8738899230957,48.85750198364258,27.456250000000004,1,0.11270507711220276,22.878201136973804,0.0,0.0,10.4,32.0,11.987863349914551,72.61030731201171,73.1181869506836,61.22897109985352,48.27061767578125,29.19385454545455,0.21001650047070858,42.31979030832128,2.4755247455463016,0.18181818181818182,9.272727272727273,29.272727272727273,12.63637417012995,72.8697905106978,72.41367409446023,62.14743319424716,48.4094106500799,32.03984369670734,0.14974495296023757,30.75751154755858,4.906220220562934,0.2,10.68,33.32,10.772135534286498,68.96259841918945,67.5712516784668,59.21780700683594,43.90548248291016,30.654800721500724
152,0.11574475795154603,31.714063678723612,0.0,0.0,12.0,35.0,8.946663856506348,70.06527709960938,71.97236633300781,58.377498626708984,46.86015701293945,26.20727272727273,1,0.09772674264969217,20.94599599130994,0.0,0.0,11.0,34.0,10.737022590637206,71.2881851196289,72.03704986572265,60.10584182739258,47.45853805541992,28.408454545454543,0.16197677995265833,34.05695837921664,2.4755247455463016,0.18181818181818182,10.272727272727273,31.90909090909091,11.372640046206387,71.58115872469816,71.48338109796697,60.8173661665483,47.224000757390804,30.434544995408633,0.16322636840269542,33.98762322372039,6.543147826698132,0.24,10.36,32.8,10.616659889221191,68.45383728027343,67.20169418334962,58.82405944824219,43.480005798339846,29.933127994227995
153,0.11415391096894732,22.944936104758412,0.0,0.0,11.0,35.0,9.534221649169922,69.65426635742188,69.93197631835938,57.96564865112305,46.15144348144531,31.05125,1,0.05374229006199309,12.763921500239274,0.42858360962508824,0.2,12.4,36.2,8.990084171295166,69.64124298095703,70.63551177978516,58.84834976196289,45.93453598022461,27.694621212121213,0.1157764799144454,25.140300471841545,2.4755247455463016,0.18181818181818182,11.090909090909092,35.0,10.240911657159979,70.11207788640803,70.33763087879528,59.5587851784446,45.88253125277433,27.38431772268136,0.15872662478475894,33.136377278303705,7.887385057686748,0.28,10.2,32.92,10.288688163757325,67.89548583984374,66.81230682373047,58.447107849121096,42.919130859375,29.14401284271284
154,0.0,0.0,0.0,0.0,14.0,40.0,9.756834030151367,69.29904174804688,69.27206420898438,59.278404235839844,45.21687316894531,25.775,1,0.08466939103291812,18.980268795395205,5.446154440201858,0.4,12.2,37.2,7.52057638168335,68.0803466796875,69.01860198974609,57.25877151489258,44.40107955932617,26.594871212121213,0.07723024427856327,15.143042076980452,2.9022832611992535,0.2727272727272727,11.545454545454545,36.90909090909091,8.910875190388072,68.4765527898615,69.02180446277966,58.07386016845703,44.29078847711737,25.327873278236915,0.15966118781532318,31.958160401359283,8.989449226053328,0.32,10.2,32.72,9.907213306427002,67.12913619995118,66.1334358215332,57.92882934570312,42.10055946350098,29.11163506493506
155,0.021923204168232662,5.76580269624519,2.1429180481254413,1.0,13.0,39.0,4.706419467926025,66.57686614990234,68.08406066894531,56.746307373046875,42.58670425415039,27.98333333333333,1,0.06152043944260892,12.637456059650484,5.446154440201858,0.4,12.6,39.2,7.117200565338135,67.0296875,67.45259399414063,56.58209228515625,43.14761199951172,26.262616666666666,0.08203669467154961,16.866478680435982,5.077236415212681,0.36363636363636365,11.454545454545455,37.27272727272727,7.720457207072865,67.00387954711914,67.68570535833186,56.75130774758079,43.03666756369851,24.4666914600551,0.1657070223924574,33.317954799168476,9.840695171470019,0.36,9.92,31.8,9.57605710029602,66.29965927124023,65.32738647460937,57.395780639648436,41.222459411621095,28.734685064935064
156,0.17152508207586462,34.47654149724879,25.08785415288385,1.0,11.0,37.0,4.658742904663086,64.80628204345703,65.8325424194336,53.92599868774414,41.19021987915039,21.9575,1,0.03868965724881945,8.0484688386988,5.446154440201858,0.4,13.0,41.8,6.690477180480957,65.84325866699218,66.2230842590332,56.090294647216794,41.77461318969726,23.515866666666668,0.06005074311639252,12.623190030290663,5.077236415212681,0.36363636363636365,12.181818181818182,38.54545454545455,7.073597041043368,65.60786646062678,66.18340301513672,55.73918255892667,41.61974820223722,24.397714187327825,0.17410112339059786,35.33253903872218,10.362928401461556,0.4,9.64,31.24,9.132062664031983,65.5135806274414,64.60896926879883,56.93208099365234,40.4613159942627,28.06003051948052
157,0.0,0.0,0.0,0.0,14.0,45.0,6.929784774780273,64.81198120117188,64.14232635498047,54.994102478027344,40.59281921386719,24.546,1,0.05720146030063646,10.436491432383196,6.385023174638352,0.6,12.2,41.2,5.6646952629089355,64.17830047607421,64.87537002563477,54.67784042358399,40.12574234008789,21.372466666666664,0.058515327005370744,12.314571391975289,5.077236415212681,0.36363636363636365,12.363636363636363,39.18181818181818,6.516685225746849,64.26490957086736,64.79658230868253,54.77757089788263,40.21707326715643,23.96339600550964,0.19361704627213677,39.324808632467246,12.826489962182986,0.44,9.48,30.84,8.604888801574708,64.55780090332031,63.69582305908203,56.36226318359375,39.444536743164065,27.23253051948052
158,0.0,0.0,0.0,0.0,13.0,48.0,7.400604724884033,63.72212219238281,63.784427642822266,55.50666046142578,39.28644943237305,17.317500000000003,1,0.07836934479407044,15.007096566400193,10.741336503842806,0.6,11.6,40.2,5.30669937133789,62.80497665405274,63.25468978881836,53.39777374267578,38.70478973388672,19.8216,0.07707174501612969,16.29404051504542,11.150500501279398,0.45454545454545453,12.090909090909092,38.72727272727273,6.003188068216497,62.91877503828569,63.444670243696734,53.80246075716886,38.79169845581055,23.797684343434344,0.19906109979624945,40.688245769790136,12.826489962182986,0.44,9.48,30.76,8.203499946594238,63.63446517944336,62.7238198852539,55.8691259765625,38.51470138549805,26.780847186147184
159,0.09255901525908503,11.940112968421968,4.69434367218247,1.0,10.0,37.0,4.62792444229126,60.97425079345703,62.53349304199219,52.21613311767578,36.97251892089844,15.057999999999998,1,0.044064328378897524,8.111788266950436,5.723765673266035,0.4,12.2,41.2,5.640080738067627,61.734806823730466,61.801466369628905,52.992652130126956,37.390866088867185,21.58885,0.097696533529089,21.64871726068192,14.870790515223034,0.5454545454545454,11.727272727272727,38.09090909090909,5.433590542186391,61.50147732821378,62.00353275645863,52.79429973255504,37.208918137983844,22.689058310376492,0.20755280299773168,43.659906912145715,12.826489962182986,0.44,9.44,30.8,7.65479663848877,62.68371658325195,61.73217376708985,55.371603088378905,37.48335998535156,27.31400909090909
160,0.12776262663540258,28.618828366330177,23.924484694147708,1.0,10.0,34.0,2.916440010070801,59.71024703979492,59.98065948486328,50.34597396850586,35.48194122314453,20.229000000000003,1,0.044064328378897524,8.111788266950436,5.723765673266035,0.4,12.2,40.0,5.430174160003662,60.340058135986325,60.705413818359375,52.25306396484375,35.95791778564453,21.215400000000002,0.1102978223099695,25.101470386643175,17.92587513110625,0.6363636363636364,11.272727272727273,37.72727272727273,4.820607965642756,60.202130404385656,60.61522189053622,51.91923002763228,35.704581867564805,22.753645087235995,0.210283308573639,42.134675742543656,12.826489962182986,0.44,9.48,30.8,7.378746795654297,61.846687164306644,60.79742248535156,55.013624572753905,36.59588851928711,26.95170909090909
161,0.0,0.0,0.0,0.0,14.0,42.0,6.325649738311768,59.4554328918457,58.56642532348633,51.900390625,34.620601654052734,30.793750000000003,1,0.10803739959287642,23.209433073449453,19.084946662612815,0.6,11.4,36.4,4.609692239761353,58.647193145751956,59.368795013427736,50.68198928833008,34.33683471679687,22.628788888888888,0.1323883738621271,27.081997796908567,20.23575569120071,0.6363636363636364,10.909090909090908,36.81818181818182,4.675943981517445,58.96431350708008,59.0131950378418,51.159779982133344,34.21119984713468,22.37197842056933,0.21288830338527837,41.74894345671354,12.826489962182986,0.44,9.48,30.84,7.215590744018555,61.13038116455078,59.904303283691405,54.70108749389649,35.814464263916015,27.515603535353534
162,0.0,0.0,0.0,0.0,14.0,39.0,5.880251884460449,57.83823776245117,58.66206359863281,51.29616165161133,33.428077697753906,22.67875,1,0.15773091346335932,37.190686541117046,26.330715958852313,0.6,10.8,34.6,4.33783712387085,57.265141296386716,57.67798919677735,49.61393814086914,32.6905029296875,23.388461616161617,0.13108190867392744,27.147992948183195,19.8896915532492,0.6363636363636364,10.545454545454545,35.09090909090909,4.582337877967141,57.68376194347035,57.37537730823863,50.64529939131303,32.51357061212713,22.179023875114783,0.21680427537226843,42.7517418423587,12.826489962182986,0.44,9.44,30.68,7.094117851257324,60.570851440429685,59.080313720703124,54.52386611938476,35.17698959350586,28.469723535353538
163,0.3198653560698944,75.48822403249508,66.80590494673389,1.0,9.0,30.0,3.2981951236724854,55.25779724121094,57.10133361816406,47.65128707885742,31.181034088134766,24.38444444444444,1,0.15990122345421592,39.06297774496577,28.267005174965846,0.6,10.6,35.0,4.357354259490966,56.324337005615234,56.48198623657227,49.47527084350586,31.32794952392578,24.639752525252526,0.1501594109424285,31.726593492623444,21.07658525777542,0.7272727272727273,9.909090909090908,33.0,4.295399058948863,56.4507924860174,55.92784222689542,50.265769958496094,31.005062623457476,21.997899908172634,0.23381299100499653,46.087789028109206,12.826489962182986,0.44,9.36,30.44,7.268241653442383,60.194645690917966,58.35142333984375,54.51939422607422,34.726142578125,30.121673535353537
164,0.3410265846114997,81.84638030675993,40.92319015337996,1.0,7.0,28.0,3.268648862838745,54.06399154663086,54.079463958740234,46.875877380371094,28.740859985351562,18.856363636363636,1,0.21288507770260917,44.57329858679867,33.777326016798746,0.8,9.6,32.4,3.7152474403381346,55.0254264831543,54.861054229736325,48.77366409301758,29.635729598999024,23.238002525252522,0.21427772844471688,44.614375310583405,26.675588804869577,0.8181818181818182,9.090909090909092,30.09090909090909,3.975682432001287,55.20640841397372,54.22891478105025,49.83636752041903,29.40939677845348,22.647558999081728,0.24733876609134492,48.210012777106925,12.826489962182986,0.44,9.24,30.68,7.430384178161621,59.90809173583985,57.623213653564456,54.52029434204101,34.27980255126953,31.403137821067826
165,0.13861417658968544,37.98028438557381,33.60593077471538,1.0,9.0,36.0,3.0140256881713867,55.0062255859375,54.00064468383789,49.65263748168945,28.669174194335938,26.485454545454544,1,0.24431587070374286,51.61379621905261,38.0335557438822,1.0,8.2,28.2,3.2650122165679933,53.60182189941406,52.691950988769534,48.16777420043945,27.45337371826172,22.669252525252524,0.2339806340426688,49.06803071679974,26.248830289216627,0.7272727272727273,8.909090909090908,28.818181818181817,4.284460804679177,54.52596178921786,52.82589409568093,50.03540802001953,28.501111810857598,23.651036271809,0.2549482613404472,49.30363234442065,12.826489962182986,0.44,9.08,30.24,7.8905799865722654,59.83236450195312,57.01612335205078,54.77260375976562,34.05473037719727,33.42924691197691
166,0.26491927124196635,27.551604209164502,27.551604209164502,1.0,9.0,29.0,3.1151156425476074,52.960880279541016,50.46176528930664,48.392356872558594,26.159502029418945,23.785,1,0.22231330448046624,46.58907261032214,27.283540904493112,1.0,7.8,26.6,3.360064744949341,52.80012588500976,50.91557235717774,48.80137252807617,26.017013168334962,22.30309090909091,0.2897048957790512,61.48292629977343,24.0738771352032,0.6363636363636364,8.181818181818182,27.272727272727273,4.665991479700262,54.11759532581676,51.88077926635742,50.65729834816673,27.80718924782493,26.860521120293846,0.25448176538406897,49.18526869429436,12.826489962182986,0.44,9.16,30.28,8.334915084838867,59.761157531738284,56.43070678710937,54.99754364013672,33.8140576171875,35.23239691197691
167,0.15715396500566833,35.202488161269706,21.281148635417257,1.0,7.0,18.0,3.629075765609741,50.72021484375,47.81654739379883,48.2667121887207,22.516298294067383,19.835,1,0.2951682860632007,58.57291654848208,31.41671067742426,1.0,7.2,24.2,3.4830793380737304,51.99410705566406,49.11892471313477,49.58284378051758,24.61566619873047,23.42456818181818,0.3421108903079626,66.93314973078022,24.0738771352032,0.6363636363636364,7.363636363636363,24.727272727272727,5.268057042902166,54.07221742109819,51.37645860151811,51.4301345131614,27.55584612759677,27.862225665748394,0.26108737619627104,50.20913837018568,12.826489962182986,0.44,8.92,29.52,8.920587921142578,59.85599945068359,55.9997883605957,55.314176330566404,33.8141650390625,36.64859691197692
168,0.20985252495351142,50.36460598884274,13.055830749788456,1.0,7.0,22.0,3.7734577655792236,51.24931716918945,48.21944046020508,50.819278717041016,23.999231338500977,22.55363636363636,1,0.32930364611257495,63.16292415872764,24.695524522481186,0.8,7.0,21.6,4.485171508789063,51.69072952270508,47.73884887695313,50.53343200683594,24.278108215332033,23.34672727272727,0.39499202463021454,77.13920865497484,24.0738771352032,0.6363636363636364,6.545454545454546,22.727272727272727,6.113436352122914,54.364866430109196,51.01441678133878,52.288381749933414,27.69384661587802,30.507452938475662,0.27262152174296966,52.373843489027465,12.740773240257967,0.4,8.68,28.84,9.807502880096436,60.076925354003905,55.58001724243164,55.801961975097655,33.92076858520508,38.273863578643585
169,0.7053014925251722,141.7655999975596,61.58903901803572,1.0,4.0,16.0,3.8837218284606934,50.033897399902344,45.09622573852539,50.783233642578125,21.7341251373291,24.46375,1,0.42446569301130344,90.68913927270289,19.185203680648286,0.6,5.6,19.2,5.284803867340088,52.14219665527344,47.563375091552736,52.29231414794922,24.615966415405275,29.696393939393943,0.3816216260772519,73.43400514015242,18.000613049136483,0.5454545454545454,6.636363636363637,22.363636363636363,6.993074568835172,54.97064937244762,50.73956923051314,53.45312985506925,27.890153017911043,33.159321625344354,0.2663157498236316,51.09139208642071,11.737259074142612,0.36,8.8,28.8,10.605414562225342,60.266839294433595,55.11167098999024,56.30843612670898,33.94585647583008,39.6002492929293
170,0.30929097683655654,60.93032243680164,0.0,0.0,8.0,23.0,8.024486541748047,53.48933792114258,47.10026550292969,54.40557861328125,26.98138427734375,26.096249999999998,1,0.5083280879737748,95.63913318866388,14.928973953564835,0.4,5.2,18.4,7.148662900924682,53.78940887451172,48.60384521484375,54.71928939819336,26.48387222290039,34.091893939393934,0.41126133274210913,77.81863918457071,14.28032303519285,0.45454545454545453,6.363636363636363,21.818181818181817,8.313579819419168,56.00178042325106,50.99320810491388,54.911865581165664,28.81694204157049,38.067947658402204,0.2790654826673656,53.55209052526136,11.737259074142612,0.36,8.6,28.0,11.496249523162842,60.56819366455078,54.76648239135742,56.87559036254883,34.1994303894043,41.587009292929295
171,0.7407295057356086,165.1826797790407,0.0,0.0,2.0,17.0,7.113277435302734,55.21821594238281,49.58439636230469,57.186767578125,27.848793029785156,55.53333333333334,1,0.5826960784920269,108.01954162412353,12.317807803607144,0.2,4.8,17.4,9.429856204986573,55.75102081298828,49.895877838134766,56.70280990600586,28.673242568969727,39.93641666666667,0.43093585799576956,79.49774049010146,11.225238419309632,0.36363636363636365,6.363636363636363,22.0,9.499563390558416,56.95093397660689,51.14877215298739,56.024934248490766,29.637835415926848,41.068620621802445,0.30031757742794374,58.56758488875782,11.737259074142612,0.36,8.36,26.88,12.441097450256347,60.987865600585934,54.51317626953125,57.53771743774414,34.55034271240234,43.07026484848485
172,0.5764659398180256,59.95245774107467,0.0,0.0,5.0,14.0,12.948370933532715,58.956275939941406,53.018898010253906,60.401588439941406,31.85582733154297,41.8125,1,0.47619397438445354,86.61261869850128,0.0,0.0,6.0,19.4,11.247954940795898,58.12852325439453,51.69223480224609,58.63886642456055,30.994498443603515,45.75466666666667,0.4346688459900547,82.36164491304713,8.720547127567405,0.2727272727272727,6.2727272727272725,21.545454545454547,11.075603701851584,58.33377179232511,51.72453065352006,57.50610490278764,31.00818547335538,45.893620621802434,0.3026233173948934,59.29760858606085,11.549485327255315,0.32,8.44,26.64,13.305818195343017,61.38930267333984,54.193704223632814,58.24719497680664,34.79404052734375,44.86199484848485
173,0.5816924775447718,112.26664816614095,0.0,0.0,5.0,17.0,15.179424285888672,61.057376861572266,54.679603576660156,60.736881256103516,34.946083068847656,51.776250000000005,1,0.5477484506021282,100.4420251702132,0.0,0.0,5.2,19.2,13.201898956298828,60.511942291259764,53.646080017089844,60.34214477539062,33.38532943725586,55.10566666666667,0.4296995320858569,80.97831370307725,6.785897251620383,0.18181818181818182,6.818181818181818,23.181818181818183,12.62228764187206,59.89321517944336,52.40453199906783,58.89905340021307,32.60985149036754,51.01134789452971,0.29872044054551716,58.442686223257226,10.592505939489406,0.28,8.56,26.84,14.290841045379638,61.79268905639648,53.87375656127929,58.98164672851563,35.10964813232422,46.16610757575758
174,0.17279097198730514,34.730985369448334,0.0,0.0,10.0,26.0,12.974215507507324,61.921409606933594,54.07801055908203,60.46351623535156,33.34040451049805,53.55500000000001,1,0.47060934033099633,78.69556896368745,0.0,0.0,6.6,23.4,14.991212463378906,62.557682037353516,54.8715705871582,61.28406982421875,35.35537109375,55.897571428571425,0.42563478166326957,78.72668969475363,5.599003547094159,0.09090909090909091,6.909090909090909,23.09090909090909,14.497305566614324,61.74964904785156,53.33904682506215,60.38768456198952,34.53897216103294,54.522835497835494,0.3146310323933583,61.577072817281916,10.592505939489406,0.28,8.4,26.16,15.273243446350097,62.34785064697266,53.71643692016602,59.798040771484374,35.66393264770508,47.05795757575757
175,0.6670633579249295,130.07735479536126,0.0,0.0,4.0,22.0,17.794206619262695,65.40643310546875,56.86949157714844,62.92197036743164,38.93553924560547,72.85125000000001,1,0.4165125802032118,78.51598798778588,0.0,0.0,7.2,25.4,16.491850090026855,64.40084609985351,55.62681274414062,62.14079895019531,37.23087615966797,62.90707142857143,0.38972344987331753,71.28285611927457,0.0,0.0,7.181818181818182,23.636363636363637,16.587812076915394,63.75565962357955,54.47482473200018,62.038385911421344,36.676941958340734,58.53658549783551,0.33009683667302026,65.05687878020586,10.592505939489406,0.28,8.28,25.64,16.230424270629882,62.96019790649414,53.57131561279297,60.68081283569336,36.19239898681641,48.1622297979798
176,0.35503395437994956,56.45039874641198,0.0,0.0,9.0,38.0,16.059844970703125,65.44691467285156,55.711849212646484,61.896392822265625,37.69900131225586,59.49285714285714,1,0.32067238710615587,60.05982732487788,0.0,0.0,8.8,29.2,17.584485054016113,65.76418914794922,55.750204467773436,62.71125183105469,38.268584442138675,67.77782142857143,0.3628679778056681,65.96330466429987,0.0,0.0,7.7272727272727275,24.818181818181817,18.095271023837004,65.21609531749378,55.1133356961337,63.145865353670985,38.025672219016336,61.17484848484848,0.31730222243022455,62.037349818906065,7.920269741620051,0.24,8.52,26.04,17.114171056747438,63.546279754638675,53.34048141479492,61.61360656738281,36.6548307800293,48.946152020202014
177,0.3059821391791029,59.05455286156686,0.0,0.0,8.0,24.0,20.45155906677246,68.1720962524414,56.795108795166016,64.68523406982422,41.23335266113281,76.85999999999999,1,0.3191422467697051,58.232978630444805,0.0,0.0,8.4,28.2,19.869372940063478,67.71392517089843,56.634423065185544,64.05739288330078,40.644415283203124,69.30282142857143,0.3245055973836445,56.539193863570375,0.0,0.0,8.363636363636363,25.545454545454547,20.103214784102008,66.7731520912864,55.65226433493874,64.23551906238903,39.760524402965196,62.87318181818182,0.30504923745500584,59.00502024984365,6.283342135484852,0.2,8.64,26.32,18.196964378356935,64.2443862915039,53.23395065307617,62.62862701416016,37.373037567138674,50.57995461760461
178,0.1024915120594921,19.98584485160096,0.0,0.0,13.0,36.0,20.64259910583496,67.87409210205078,55.29656219482422,63.58914566040039,40.13462448120117,76.13,1,0.24778494375185903,44.194193804830554,0.0,0.0,9.0,28.2,21.68639030456543,69.05264129638672,56.77848129272461,65.26118850708008,41.907666015625,68.45557142857142,0.32039981821968344,62.4878212586919,0.0,0.0,8.545454545454545,26.09090909090909,21.74625405398282,68.1602106961337,56.0552531155673,65.29535987160422,41.233563509854406,64.017398989899,0.3175054322060737,61.535980282718135,4.9391049044962365,0.16,8.64,25.8,19.39015319824219,65.02814727783203,53.26025421142578,63.67175582885742,38.21013092041016,52.4072031024531
179,0.16514027030505124,25.596741897282943,0.0,0.0,8.0,21.0,24.39865493774414,71.67008972167969,58.49910354614258,67.19422149658203,45.21955871582031,61.18000000000001,1,0.17955430969435168,33.38716534196412,0.0,0.0,10.0,27.8,23.395728302001952,69.87408447265625,56.460888671875,66.19948043823243,42.73134918212891,67.58042857142857,0.2811734579367793,55.02637191640617,0.0,0.0,9.181818181818182,27.363636363636363,22.75230121612549,69.06501076438211,56.04317023537376,66.1331953568892,41.971643621271305,64.7514898989899,0.31464561793342033,61.764672645599916,3.8370407361296572,0.12,8.76,25.8,20.46946382522583,65.8331462097168,53.381309051513675,64.7614762878418,39.03306953430176,53.81431738816738
180,0.31027684283569945,59.88343066728999,0.0,0.0,7.0,22.0,26.87929344177246,72.10001373291016,57.58978271484375,68.94094848632812,45.251792907714844,68.61500000000001,1,0.1821065460772009,33.87974696385402,0.0,0.0,10.2,28.0,25.145548248291014,70.70883331298828,56.20438919067383,67.09702529907227,43.87111206054688,67.05142857142857,0.268209797338024,52.52771590975081,0.0,0.0,9.454545454545455,28.545454545454547,24.07664628462358,69.78078321977095,55.85262090509588,66.88262731378728,42.88361878828569,64.685746097337,0.311292731186141,61.12802361647428,2.985794790712967,0.08,9.04,26.56,21.543561811447145,66.64656967163086,53.48130889892578,65.78747009277343,39.947767639160155,55.37378405483405
181,0.013880784092412831,2.4152564320798326,0.0,0.0,14.0,36.0,24.606534957885742,69.55413055419922,54.12388610839844,66.58785247802734,41.81741714477539,55.11714285714286,1,0.26786871746819346,54.9600498110161,0.0,0.0,9.0,24.8,27.22138900756836,71.97679901123047,56.63543167114258,68.79116363525391,45.45603866577149,62.70520634920634,0.24372810990812385,47.82610773295591,0.0,0.0,10.0,28.818181818181817,25.26678293401545,70.5015140880238,55.649342970414594,67.73610652576794,43.751089269464664,62.889268824609736,0.3100503437445525,60.508023520448205,2.4635615607214287,0.04,9.16,26.64,22.749090938568116,67.56859985351562,53.65521270751953,66.82365615844726,41.007354202270506,56.9209886002886
182,0.3187433210933489,61.51746097101634,0.0,0.0,9.0,25.0,29.200658798217773,72.34584045410156,55.512611389160156,69.17295837402344,46.932167053222656,74.215,1,0.2648811662937483,55.87884251175909,0.0,0.0,9.8,26.8,27.590846633911134,71.84481658935547,55.844949340820314,69.34293365478516,45.02511978149414,62.43945634920635,0.24660185105463303,50.60290321720017,0.0,0.0,10.181818181818182,27.727272727272727,26.5167763449929,71.20151450417258,55.587723125110976,68.77874929254705,44.56388334794478,62.05224140758232,0.30449896437696433,59.936052595565044,0.0,0.0,9.32,26.76,24.02398696899414,68.60355285644532,54.04011505126953,67.96060653686523,42.18084945678711,58.81314971139971
183,0.5313023690144548,125.38735908741134,0.0,0.0,7.0,20.0,31.02180290222168,74.21392059326172,57.45177459716797,72.0598373413086,48.05925750732422,54.398888888888884,1,0.20886393880680795,45.351310237548994,0.0,0.0,11.0,30.2,27.723390197753908,71.38379516601563,54.72338638305664,69.29619750976562,44.64918746948242,59.282819985569986,0.21878529294744184,45.23430750251228,0.0,0.0,10.818181818181818,29.181818181818183,26.96589504588734,71.35949152166194,55.090938568115234,69.35019441084428,44.70101755315607,59.06337777121868,0.3021325170396683,59.50988323706238,0.0,0.0,9.4,26.92,24.95624069213867,69.39264144897462,54.22902206420898,68.8931639099121,43.00725784301758,60.42144971139971
184,0.1502025144328254,30.190705400997906,0.0,0.0,12.0,31.0,26.245943069458008,71.01017761230469,54.54669189453125,69.95307159423828,43.064964294433594,59.85124999999999,1,0.2856407412275309,60.54019192125649,0.0,0.0,10.2,28.0,28.979225158691406,72.13986358642578,54.825296020507814,70.4406753540039,45.98124694824219,58.877391414141414,0.21262260641758185,43.96633443238488,0.0,0.0,10.545454545454545,29.09090909090909,27.847338936545633,71.69063360040838,54.738177906383164,70.13767103715377,45.297508933327414,57.56987127771219,0.2827681766465832,55.366137606622175,0.0,0.0,9.64,27.08,25.941244888305665,70.1233024597168,54.272828063964845,69.71309982299805,43.8474739074707,60.818043650793655
185,0.030190705400997907,7.245769296239498,0.0,0.0,13.0,39.0,27.542011260986328,69.79490661621094,51.98196792602539,68.70726776123047,43.37213134765625,52.83181818181819,1,0.29922109840717115,65.635729541673,0.0,0.0,10.6,28.2,29.101047897338866,72.30007934570312,54.72957992553711,71.2791763305664,45.922760772705075,54.09150252525253,0.23852067687770281,50.84429291512606,0.0,0.0,10.636363636363637,29.272727272727273,28.615074504505504,71.95701182972302,54.38900791515004,70.9137288873846,45.69541341608221,58.56865915650007,0.28735285179049874,59.13249803724914,0.0,0.0,9.68,26.96,26.957524528503416,70.85491592407226,54.31376342773437,70.5383528137207,44.76066940307617,63.15283253968254
186,0.3977647961960272,78.35966485061736,0.0,0.0,10.0,25.0,30.885709762573242,73.33447265625,54.6334342956543,72.31024169921875,48.47771453857422,53.09,1,0.19296062460428023,40.55825772419074,0.0,0.0,12.2,32.2,27.975060272216798,71.43926391601562,53.5053207397461,71.06143493652344,44.85927505493164,52.008224747474756,0.2278976833858786,48.42479133457323,0.0,0.0,11.090909090909092,29.90909090909091,28.90767340226607,72.04663363370028,54.01613096757369,71.5223125110973,45.83006564053622,57.691191624032534,0.2950147820953764,61.539139468290585,0.0,0.0,9.6,26.64,27.93408061981201,71.4921661376953,54.22603256225586,71.34952697753906,45.51072677612305,64.81298253968254
187,0.3866451069915505,86.99514907309887,0.0,0.0,11.0,26.0,29.809772491455078,73.14691925048828,55.03403091430664,73.36546325683594,46.63973617553711,50.28555555555556,1,0.16986051376392158,35.727744860031066,0.0,0.0,11.8,33.0,28.79356803894043,71.54055938720703,52.87922134399414,71.52109832763672,45.58548812866211,51.97826046176046,0.23330232086144867,49.95851915285043,0.0,0.0,11.090909090909092,30.0,29.441763444380328,72.18314916437322,53.67000891945579,72.18855840509588,46.15427780151367,58.02796651580743,0.3103438586225554,64.48683955781354,0.0,0.0,9.36,26.24,28.879122314453124,72.01268005371094,54.08516616821289,72.04801452636718,46.219842987060545,66.62973253968255
188,0.0,0.0,0.0,0.0,15.0,40.0,25.391864776611328,69.90984344482422,51.33047866821289,70.97113037109375,42.74182891845703,43.9825,1,0.25382618175699834,54.529448042270346,0.0,0.0,11.0,29.8,29.85391502380371,72.50162811279297,53.41447448730469,72.92581634521484,46.83036346435547,55.84523015873017,0.22057954975421692,47.5355321180481,0.0,0.0,11.181818181818182,29.90909090909091,29.870038639415394,72.3608065518466,53.40222930908203,72.87501040371981,46.47761674360795,56.847852879443785,0.3052865464910988,62.72215569350004,0.0,0.0,9.44,26.12,29.645378036499025,72.39835510253906,53.882199096679685,72.60739273071289,46.76029190063477,67.18956825396826
189,0.03470196023103208,6.038141080199582,0.0,0.0,10.0,35.0,30.338481903076172,71.51665496826172,51.416194915771484,72.25138854980469,46.69602966308594,59.70142857142857,1,0.2129580054029195,45.51129772838865,0.0,0.0,11.4,30.6,29.696349334716796,72.451904296875,53.18541488647461,73.5908416748047,46.481414031982425,57.01980158730159,0.22378088060158177,47.72452918969074,0.0,0.0,11.272727272727273,29.818181818181817,30.300431338223543,72.51478854092684,53.15377564863725,73.52475183660334,46.75145756114613,58.42684277843369,0.2941069449974553,61.0594258099098,0.0,0.0,9.52,25.96,30.27003105163574,72.70472076416016,53.669847869873045,73.0845979309082,47.15173553466797,67.37145396825397
190,0.45001904536638176,101.2542852074359,0.0,0.0,9.0,23.0,32.843746185302734,74.60025024414062,54.658233642578125,75.7308578491211,49.59650802612305,72.16666666666667,1,0.15029534326934624,31.969520400394668,0.0,0.0,12.0,32.8,29.830699920654297,72.03368072509765,52.24191741943359,73.70106048583985,46.23021697998047,58.727023809523814,0.23286517868988446,49.55047310543958,0.0,0.0,11.090909090909092,29.454545454545453,30.762693751942027,72.71536809747869,52.90616191517223,74.2307919588956,47.16751480102539,59.013433687524596,0.30165440882795624,62.55565982799181,0.0,0.0,9.44,25.72,30.868983154296874,72.9917626953125,53.51708694458008,73.48378860473633,47.5743798828125,67.33280396825397
191,0.193423914425633,33.268913281208874,0.0,0.0,12.0,29.0,30.097881317138672,73.08585357666016,53.488136291503906,75.63536834716797,46.732967376708984,58.96285714285714,1,0.18605391105210606,38.94244111803283,0.0,0.0,11.0,29.6,31.534664154052734,72.91172637939454,52.48922882080078,74.85162048339843,47.77963027954102,62.17727380952381,0.2534497505542012,54.4907703528756,0.0,0.0,10.636363636363637,27.818181818181817,31.144182031804863,73.0508076060902,52.78775995427912,75.0469644719904,47.665884191339664,60.16037583628493,0.3100113570703742,63.36312855942667,0.0,0.0,9.2,25.16,31.44737617492676,73.26934783935548,53.459295501708986,73.8686376953125,47.983372650146485,67.89824396825398
192,0.07333179632368429,19.286262433128968,0.0,0.0,14.0,37.0,30.481525421142578,71.05580139160156,50.31654357910156,73.91655731201172,45.383750915527344,58.821666666666665,1,0.2924169206729933,63.22807827708898,0.0,0.0,10.6,26.4,32.61819229125977,73.7899398803711,53.14974670410156,76.24274139404297,48.65472564697266,64.59054365079365,0.28011502530146354,61.37729795797845,0.0,0.0,10.272727272727273,26.545454545454547,31.823241320523348,73.40645668723367,52.734018845991656,75.83993460915305,48.23024784434926,64.44148694739603,0.31842336663298504,64.66699004163134,0.0,0.0,9.2,25.16,31.924626846313476,73.43798614501954,53.29080535888672,74.10939331054688,48.1839274597168,69.44257730158729
193,0.17879283891379907,34.86460358819082,0.0,0.0,10.0,24.0,33.911685943603516,74.3000717163086,52.56703567504883,76.72393035888672,50.488895416259766,61.23375,1,0.252439070280548,53.03243893044885,0.0,0.0,10.8,27.2,32.315608978271484,73.51320037841796,52.58268814086914,76.64047241210938,48.26374282836914,63.41796031746033,0.31526008240829667,69.14434658244012,0.0,0.0,9.545454545454545,25.0,32.712655327536844,73.75570331920277,52.50240984829989,76.53545934503728,48.871864318847656,68.3500728059819,0.3355695952429577,65.3456122565734,0.0,0.0,9.08,24.92,32.16681930541992,73.59770416259765,53.21753173828125,74.23892364501953,48.41021255493164,69.90407730158731
194,0.5665170083354681,127.46632687548032,0.0,0.0,8.0,19.0,35.75612258911133,75.90772247314453,54.71878433227539,79.20699310302734,51.07150650024414,71.76777777777778,1,0.2650784865771178,58.69646407781421,0.0,0.0,10.0,25.6,32.64370918273926,73.59297790527344,52.02097015380859,77.05043182373046,48.68798828125,64.71502525252524,0.3658071628780039,79.00102727403304,0.0,0.0,8.545454545454545,22.818181818181817,33.73160015452992,74.2124682339755,52.43203457919034,77.16769339821555,49.62881712480025,73.34927735143646,0.3395105939521539,66.03134603197356,0.0,0.0,8.92,24.52,32.440041885375976,73.70825714111328,53.143994140625,74.32070922851562,48.59205093383789,69.97693444444444
195,0.25012979340415525,50.2760884742352,0.0,0.0,10.0,27.0,31.330829620361328,73.216552734375,51.822940826416016,77.71951293945312,47.64159393310547,66.30375000000001,1,0.3886286909955636,85.66150529253814,0.0,0.0,8.4,20.4,34.21847648620606,74.83114013671874,52.766117858886716,78.47370300292968,50.54838104248047,72.98713636363637,0.41180067146050237,86.2666742837898,0.0,0.0,8.181818181818182,21.363636363636363,34.3327017697421,74.53352772105823,52.4665000221946,77.59087857333097,50.151610981334336,75.81706955922866,0.34530172706579976,67.1490347229072,0.0,0.0,8.84,24.28,32.33643753051758,73.66822814941406,53.038044128417965,74.21874481201172,48.55460296630859,69.20713444444445
196,0.2566209959084822,61.58903901803573,0.0,0.0,8.0,21.0,31.73838233947754,73.4847412109375,50.67954635620117,77.68516540527344,48.85419464111328,65.44818181818181,1,0.5075182702461466,113.17512136333544,0.0,0.0,7.0,17.4,35.354804611206056,75.36885223388671,52.749977111816406,79.33216400146485,51.19010543823242,79.39638636363637,0.3777574779761823,78.41466214280979,0.0,0.0,8.363636363636363,22.363636363636363,34.226558511907406,74.3976919000799,52.07966683127663,77.4177572076971,49.9596640846946,75.07828168044077,0.32510228502505695,62.269332560269504,0.0,0.0,9.0,24.96,32.158881454467775,73.44374420166015,52.76437576293945,73.93879425048829,48.34985366821289,69.25717888888889
197,0.6910828184159131,154.11146850674862,0.0,0.0,6.0,11.0,38.35536193847656,77.24661254882812,54.04228210449219,81.03291320800781,54.68571472167969,100.18222222222222,1,0.505418445612409,109.3665535097438,0.0,0.0,6.2,16.8,35.52363166809082,75.17415924072266,51.91749038696289,79.0759063720703,51.189466094970705,84.83758080808082,0.40514337075036355,84.15934305484689,0.0,0.0,7.818181818181818,21.363636363636363,34.71087490428578,74.60335471413352,52.03311677412553,77.32954198663884,50.42025444724343,76.61745375836284,0.32954079151028665,63.52710361098967,0.0,0.0,8.88,24.72,32.060602798461915,73.34278198242187,52.670729370117186,73.69725341796875,48.36275238037109,69.90170666666667
198,0.7732407351667142,172.43268394217728,0.0,0.0,3.0,9.0,39.593326568603516,76.98863220214844,52.486331939697266,81.0162353515625,53.69751739501953,93.28,1,0.563518597859281,116.50338745240154,0.0,0.0,5.4,15.2,36.64758567810058,75.54051055908204,51.91196517944336,78.91328887939453,52.150499725341795,88.94625937950937,0.42678731818638693,86.05809766433266,0.0,0.0,7.181818181818182,20.0,35.13095664978027,74.94498374245383,52.354501550847836,77.26534340598367,50.87259015170011,79.4760295159386,0.34447840898373217,65.3200095330837,0.0,0.0,8.64,24.04,31.868679809570313,73.25407592773438,52.6383268737793,73.41862213134766,48.347376861572265,70.49363393939394
199,0.5560178851667801,108.4234876075221,0.0,0.0,4.0,16.0,36.600257873535156,74.93425750732422,50.55635070800781,77.92570495605469,51.06830978393555,98.97375000000001,1,0.5273031820853569,107.16200998012555,0.0,0.0,6.0,17.8,36.6351432800293,75.46477355957032,51.85666961669922,78.14156036376953,51.876679229736325,88.664623015873,0.4446643791369799,88.17888633380622,0.0,0.0,7.0,19.727272727272727,35.3507962660356,75.08916334672408,52.51084830544212,76.94617808948864,50.84936592795632,82.98099163715072,0.33518831700047536,63.48986141238213,0.0,0.0,8.72,24.24,31.573902282714844,72.92350860595702,52.35762237548828,72.93723754882812,48.018594360351564,70.23453393939394
200,0.5406305546385152,85.9602581875239,0.0,0.0,6.0,19.0,36.950599670410156,75.04830932617188,51.79531478881836,76.90642547607422,52.44676208496094,86.84714285714286,1,0.4880203653904995,95.63179694149923,0.0,0.0,6.0,19.2,36.04914321899414,75.08507995605468,51.64343032836914,76.86797790527343,51.29942855834961,83.80692857142857,0.4603385200233023,83.57730989429359,0.0,0.0,6.636363636363637,19.454545454545453,35.094249205155805,75.10600350119851,52.60531720248136,76.30728842995383,50.834585363214664,83.7432391118982,0.32116445685936845,60.29988622130775,0.0,0.0,8.84,24.72,31.223192291259764,72.52600952148437,52.02651336669922,72.38402099609375,47.66165725708008,70.6679617171717
201,0.07554391703886161,14.882151656655736,0.0,0.0,11.0,34.0,31.676170349121094,73.1060562133789,50.40306854248047,73.82652282714844,47.48509216308594,64.03999999999999,1,0.395655261981145,69.17977278055825,0.0,0.0,6.8,21.8,35.150962829589844,74.65009765625,51.91651916503906,75.30680541992187,50.63181381225586,83.20412857142858,0.4478181526067717,80.78481101637071,0.0,0.0,6.636363636363637,19.363636363636363,35.10391009937633,75.02431279962713,52.647363142533735,75.48119562322444,50.7183837890625,82.89185924176833,0.3306710670255786,61.77341079707032,0.0,0.0,8.64,24.6,30.984751510620118,72.25358139038086,51.91255813598633,71.87069900512695,47.464940490722654,71.59032838383838
202,0.4946687349416261,96.46040331361709,0.0,0.0,6.0,18.0,35.42536163330078,75.34814453125,52.9760856628418,74.66500091552734,51.799461364746094,75.89375,1,0.35953978682185334,59.13373104953382,0.0,0.0,7.6,22.8,35.09689559936523,74.8404556274414,52.662619018554686,74.36428680419922,50.464837646484376,83.36704523809524,0.4666273028818638,83.31850549149088,0.0,0.0,6.545454545454546,19.181818181818183,34.63774351640181,74.8298013860529,52.845937208695844,74.47562131014737,50.45854499123313,81.93929725829726,0.3381855432833152,62.680314705902475,0.0,0.0,8.56,24.24,30.523185119628906,71.88310195922851,51.74645584106445,71.22390380859375,47.08371353149414,71.50443124098125
203,0.31141521811994144,40.172563137472444,0.0,0.0,7.0,22.0,35.10242462158203,74.813720703125,53.851776123046875,73.21037292480469,50.35944366455078,90.26599999999999,1,0.39920018751115327,57.31147662019735,0.0,0.0,7.2,22.2,34.29359664916992,75.04938659667968,53.45514450073242,73.41884307861328,50.15726928710937,82.02811666666666,0.40619398466186124,69.61699062919273,0.0,0.0,7.0,21.545454545454547,33.5675197948109,74.04391132701527,52.533917513760656,73.02363586425781,49.39080047607422,77.89091341991342,0.3299083932261588,61.294412919159726,0.0,0.0,8.48,24.44,29.690315704345704,71.26507415771485,51.37830871582031,70.28802642822265,46.45824142456055,71.52038275613276
204,0.375440509370322,58.19327895239991,0.0,0.0,8.0,21.0,36.32992172241211,75.88604736328125,54.28684997558594,73.2131118774414,50.233428955078125,99.78833333333334,1,0.40657255446784457,58.24676645228287,0.0,0.0,7.0,20.6,34.245782470703126,74.89176635742187,53.83162002563476,72.38003692626953,49.932926177978516,80.60783095238097,0.35964166115248425,59.544472240722236,0.0,0.0,7.545454545454546,23.0,32.130760713057086,73.27095586603338,52.508390253240414,71.46893726695667,48.45351999456232,76.31677200577201,0.33661441528448016,62.86669509361605,0.0,0.0,8.28,24.2,29.195796813964844,70.6314958190918,50.92029815673828,69.3256851196289,45.92380004882813,72.02211847041848
205,0.738932558085015,76.84898604084157,0.0,0.0,4.0,16.0,32.934104919433594,76.09296417236328,55.75794219970703,72.17920684814453,50.90892028808594,80.1525,1,0.4003431372664184,56.84662143843097,0.0,0.0,7.2,20.8,32.48282012939453,74.09116058349609,53.80917510986328,70.77180633544921,48.77222747802735,76.42308095238096,0.345788320886153,54.421284035364835,0.0,0.0,7.818181818181818,23.545454545454547,30.87109513716264,72.60213747891513,52.564349781383164,69.99764459783381,47.718923048539594,73.46734018759018,0.3446943917113159,63.802298079657284,0.0,0.0,7.92,23.52,28.611346473693846,69.96834274291992,50.471730346679685,68.39459640502929,45.24826019287109,71.84531847041848
206,0.11240575182231816,19.55860081708336,0.0,0.0,10.0,26.0,31.43709945678711,72.31795501708984,52.28544616699219,68.63249206542969,46.36337661743164,56.938571428571436,1,0.34332335724160706,49.49106981523031,0.0,0.0,8.0,23.8,30.778915405273438,72.84878082275391,53.16083297729492,69.1419464111328,47.28844375610352,69.49988095238096,0.31168667924761595,49.57089345768791,0.0,0.0,8.363636363636363,24.545454545454547,29.64979258450595,71.69504477761008,52.184395876797765,68.48575383966619,46.61086758700284,69.80964538239537,0.3509312940870339,65.56742729614535,0.0,0.0,7.88,23.84,27.754377975463868,69.21853591918945,49.94465805053711,67.46508438110351,44.39434844970703,71.4753018037518
207,0.4635216489344952,89.45967824435758,0.0,0.0,7.0,19.0,26.610549926757812,71.3451156616211,52.863861083984375,66.62384796142578,45.995967864990234,54.97,1,0.3204682906802561,50.1794103585507,0.0,0.0,8.2,24.6,28.27072639465332,71.3687957763672,52.74456939697266,67.28223419189453,45.919244384765626,64.73510317460318,0.30809619619534473,48.87667687946825,0.0,0.0,8.636363636363637,24.90909090909091,28.68305188959295,70.79535258900036,51.85287198153409,67.18652898615056,45.722796353426844,69.54430447330448,0.3398274199889556,62.260079187603914,0.0,0.0,7.92,24.04,26.99219039916992,68.38159561157227,49.22629272460937,66.44335723876954,43.53520210266113,70.82859069264069
208,0.026316317995884735,3.3948050214691308,0.0,0.0,11.0,37.0,26.582901000976562,68.60182189941406,50.61006546020508,65.06107330322266,42.94052505493164,55.65,1,0.25340800751068043,45.223296620100506,0.0,0.0,8.8,25.8,26.23269271850586,69.66565399169922,51.827362060546875,65.19468994140625,44.335009002685545,62.230603174603175,0.2847322433965835,43.456468795872524,0.0,0.0,9.0,26.636363636363637,27.22900494662198,69.68180673772639,51.44428218494762,65.68408168445934,44.45229166204279,68.73956962481962,0.34753035413107947,65.10106213928596,0.0,0.0,7.84,23.84,26.417053756713866,67.73300567626953,48.69085708618164,65.48960388183593,42.941313095092774,71.19138614718615
209,0.2611651765635671,61.63498166900183,0.0,0.0,9.0,25.0,23.788976669311523,68.48612213134766,52.20553207397461,63.91455078125,43.38743209838867,75.96444444444444,1,0.26402935646913833,47.83276882329939,0.0,0.0,9.2,26.6,24.648527145385742,68.21612091064453,50.893437194824216,63.52331695556641,43.11396408081055,60.16538888888888,0.2766548478106294,42.41448476528445,0.0,0.0,9.090909090909092,27.0,25.746904719959606,68.54007478193803,50.845360495827414,64.12691220370206,43.25282911820845,65.76575144300145,0.33838304988875506,62.943705331324615,0.0,0.0,8.04,24.32,25.862476806640625,67.18745819091797,48.33624114990234,64.64721282958985,42.371113052368166,70.74269523809524
210,0.40363114223713675,52.06841734859064,0.0,0.0,7.0,22.0,22.74393653869629,67.57725524902344,51.171905517578125,61.741485595703125,42.98774337768555,67.63000000000001,1,0.17853474737501493,31.389987033675773,0.0,0.0,10.6,30.4,23.534821701049804,66.58898620605468,49.67192611694336,62.10555725097656,41.4580322265625,61.39563888888889,0.26462301004400657,43.17934490950872,0.0,0.0,9.0,27.636363636363637,23.53709463639693,67.01857549493963,50.042424635453656,62.22880415482955,41.77339969981801,63.290944280467016,0.31458492152159884,57.552128649320224,0.0,0.0,8.36,25.28,25.192985153198244,66.48990692138672,47.79243988037109,63.74279678344727,41.55029487609863,68.63805634920635
211,0.16551249661460782,32.60596183307774,0.0,0.0,12.0,30.0,23.516271591186523,65.0702896118164,47.615821838378906,60.27562713623047,40.25815200805664,46.6125,1,0.2208045346068884,38.07864890819476,0.0,0.0,10.4,30.4,22.104410552978514,65.48844985961914,49.24623260498047,60.7209587097168,40.43470916748047,63.67397222222222,0.23027227438933864,42.790888691488334,0.0,0.0,9.272727272727273,28.272727272727273,22.15534955804998,65.30525103482333,48.79514555497603,60.355861317027696,40.179128126664594,62.50492155319428,0.2952387493955531,53.23793226521203,0.0,0.0,8.6,25.96,24.461259994506836,65.81366744995117,47.26108123779297,62.83243988037109,40.83963020324707,67.60045634920635
212,0.0360486034638781,7.245769296239498,0.0,0.0,14.0,38.0,21.042022705078125,63.209442138671875,46.75630569458008,59.53504943847656,37.71630859375,61.12125,1,0.21308427262906432,31.493800334595115,0.0,0.0,10.2,30.6,21.10647964477539,64.24215927124024,48.25785369873047,59.15435028076172,39.190293884277345,59.99188333333334,0.2450836794049988,44.89250107940438,0.0,0.0,8.818181818181818,27.727272727272727,20.740182963284578,63.68334371393377,47.596682115034625,58.72012016989968,38.5547533902255,62.27429384756658,0.28563533048784706,51.365265578209346,0.0,0.0,8.88,26.32,23.986577072143554,65.33677947998046,46.94441299438476,62.10295455932617,40.35453742980957,65.74960634920635
213,0.23766525415525216,36.838114394064085,0.0,0.0,10.0,37.0,19.430845260620117,63.09914016723633,48.481597900390625,58.13808059692383,37.823909759521484,67.04166666666667,1,0.18097610296913105,34.401464972650366,0.0,0.0,10.2,31.8,18.962094497680663,62.556619262695314,47.114383697509766,57.27283782958985,37.38468627929687,60.97897424242425,0.23337402025702178,43.94096978449846,0.0,0.0,9.0,28.90909090909091,19.456266923384234,62.24786966497248,46.37180640480735,57.52578215165572,37.022492842240766,62.00277869605142,0.2640101083023065,47.92685525070839,0.0,0.0,9.2,27.12,23.55993309020996,64.92095977783202,46.64982604980469,61.52015884399414,39.827836227416995,64.44267063492063
214,0.22256386667444653,28.7107388010036,0.0,0.0,8.0,26.0,18.7993221282959,62.254669189453125,47.26363754272461,56.08150863647461,37.16535568237305,57.553999999999995,1,0.22008849682294315,42.39546613455828,0.0,0.0,9.2,30.4,17.8058219909668,60.99184036254883,45.99879379272461,55.53307952880859,36.007442474365234,65.95772424242425,0.25724709642862426,47.703498797268935,0.0,0.0,8.818181818181818,27.727272727272727,18.557951667092063,61.00990538163619,45.11267783425071,56.489667719060726,35.809067639437586,61.99823324150597,0.26482866509906816,48.08811093967044,0.0,0.0,9.28,27.0,23.372528686523438,64.58520141601562,46.347090606689456,61.11355133056641,39.5329288482666,64.44787063492063
215,0.24309029393747045,66.6067405388669,0.0,0.0,7.0,28.0,12.022010803222656,59.14955520629883,45.45455551147461,52.33392333984375,33.9597053527832,72.56545454545456,1,0.26794501752908345,49.48157969214235,0.0,0.0,7.4,26.8,16.771470832824708,59.24534683227539,44.46800231933594,53.753937530517575,34.163231658935544,64.61380757575758,0.2737505482825953,53.12765157884025,0.0,0.0,8.727272727272727,27.454545454545453,17.936445929787375,59.965876492587,43.86099763350053,55.5770430131392,34.8460618799383,61.94452341597796,0.2677405606834926,47.15782000981531,0.0,0.0,9.28,27.04,23.131992111206056,64.19783538818359,45.95772735595703,60.659613342285155,39.13933647155762,63.79660063492063
216,0.3610744658836683,72.57596764261733,0.0,0.0,7.0,23.0,17.734909057617188,57.246395111083984,42.037872314453125,51.57683563232422,33.37193298339844,71.50625000000001,1,0.2873550463593826,57.91252361340803,0.0,0.0,7.2,25.8,15.382796478271484,57.7364990234375,42.64972839355469,52.82354736328125,32.42667007446289,61.60214090909092,0.23959666170198046,49.090078985241306,0.0,0.0,9.272727272727273,28.454545454545453,17.49372066151012,59.26304002241655,43.01029240001332,55.11194333163175,34.083466443148524,60.726424242424244,0.27275471899436193,49.48184006734147,0.0,0.0,9.32,27.28,22.97914939880371,63.95869445800781,45.68081283569336,60.37257568359375,38.91839942932129,62.575338412698414
217,0.2753312069945795,42.676337084159826,0.0,0.0,5.0,20.0,15.870266914367676,54.47697448730469,39.10234832763672,50.639339447021484,28.495254516601562,54.401666666666664,1,0.30062630420119574,61.1269006855962,0.0,0.0,7.4,25.4,14.963218688964844,56.28240814208984,40.54893112182617,52.34000854492187,30.912168502807617,61.211340909090914,0.23328912648583505,47.88245076920139,0.0,0.0,9.454545454545455,28.90909090909091,17.321156935258344,58.78463467684659,42.35860408436168,54.943478324196555,33.52956719831987,60.81312878787878,0.2594971007243165,47.50786933230373,0.0,0.0,9.48,27.68,22.739860610961912,63.691923828125,45.365354766845705,60.16454284667969,38.69608818054199,60.65940507936509
218,0.3347153983067478,78.99283400039248,0.0,0.0,9.0,32.0,12.487473487854004,55.554901123046875,39.390228271484375,53.48612976074219,29.141101837158203,51.983333333333334,1,0.34054887480515145,72.06568503108005,0.0,0.0,7.6,24.2,15.949299240112305,55.852857971191405,39.14542999267578,52.64835968017578,30.679101181030273,61.77297727272728,0.25633801999053446,53.09445122767711,0.0,0.0,9.0,27.818181818181817,17.344627380371094,58.50038042935458,41.67188228260387,54.82732044566762,33.367257378318094,61.3784696969697,0.2575484370984749,48.823683443581956,0.0,0.0,9.52,27.64,22.8323152923584,63.477171630859374,44.99115798950195,60.078049926757814,38.637485122680665,60.0802765079365
219,0.2889201558835123,44.782624161944405,0.0,0.0,9.0,24.0,16.701433181762695,54.984214782714844,36.75965118408203,53.663814544677734,29.59284782409668,55.599999999999994,1,0.2739216595984924,59.081515266357044,0.0,0.0,8.8,26.2,15.977109146118163,56.372789764404295,39.100685119628906,53.65807037353515,30.924553298950194,58.31790909090908,0.2634532162013414,55.34615177662174,0.0,0.0,9.090909090909092,26.727272727272727,17.826658248901367,58.49246389215643,41.14079562100497,54.96827420321378,33.4688101681796,60.07490909090909,0.2844746052423465,51.30926882544211,0.0,0.0,9.28,27.24,22.959114303588866,63.356616821289066,44.661323394775394,60.1353662109375,38.67302619934082,61.25673365079365
220,0.442703146957249,121.30066226628622,0.0,0.0,8.0,22.0,16.95241355895996,57.00180435180664,38.437049865722656,53.87567901611328,32.794368743896484,75.37363636363638,1,0.23808134004697817,54.41065814085281,0.0,0.0,10.6,29.2,17.126669883728027,57.438961029052734,39.36966552734375,55.21470489501953,32.05855445861816,56.950825757575764,0.24322013741275536,52.73608461289414,0.0,0.0,9.636363636363637,27.90909090909091,18.507128975608133,58.7104773087935,40.88325049660423,55.53691274469549,33.66098074479537,59.76761363636364,0.27343311709969287,49.403242948351725,0.0,0.0,9.36,27.64,23.135827713012695,63.17238311767578,44.25205291748047,60.18501617431641,38.59464042663574,61.647933650793654
221,0.02793838985037318,7.655118819002251,0.0,0.0,13.0,33.0,17.873958587646484,59.84605407714844,41.81414794921875,56.625389099121094,34.59919357299805,54.23090909090909,1,0.22905554678874288,51.527646208668806,0.0,0.0,10.6,28.0,18.889214706420898,58.34450988769531,39.3320930480957,56.168941497802734,33.416514205932614,60.022159090909085,0.2298490049600675,48.400339462152346,0.0,0.0,10.181818181818182,28.181818181818183,19.867951653220437,59.216162941672586,40.645080219615586,56.56667744029652,34.22031732039018,59.00439049586776,0.29759408830757245,55.217865994433716,0.0,0.0,9.2,26.96,23.195075607299806,62.950654296875,43.78375915527344,60.16813323974609,38.51015235900879,62.17135587301587
222,0.09612960923700826,19.32205145663866,0.0,0.0,14.0,35.0,21.618070602416992,59.807830810546875,40.44725036621094,58.42251205444336,34.165260314941406,47.56625,1,0.23445799810686613,54.892485462770935,0.0,0.0,11.0,28.2,20.495565032958986,59.95007858276367,40.50809173583984,57.37389297485352,35.28614273071289,59.44265909090909,0.2486118830208466,48.45735422802702,0.0,0.0,10.090909090909092,27.818181818181817,20.929500579833984,59.98139918934215,40.75454677234996,57.6339243108576,35.001019044355914,57.92309504132231,0.3029928652302734,56.49197734819113,0.0,0.0,9.16,27.08,23.22005889892578,62.616777954101565,43.19322006225586,60.07457061767578,38.23002815246582,61.96691142857143
223,0.2895864320155716,64.57777433947247,0.0,0.0,9.0,26.0,21.30019760131836,60.082645416259766,39.20236587524414,58.2573127746582,35.93090057373047,67.34,1,0.14591736871541633,30.63235300951369,0.0,0.0,12.2,31.6,22.361982345581055,61.480281066894534,41.706809997558594,59.066063690185544,36.58311538696289,55.202681818181816,0.26328806201149146,53.511602181796725,0.0,0.0,10.363636363636363,28.545454545454547,22.33050875230269,61.286692185835406,41.46605266224254,59.03347812999379,36.48654296181419,58.407893021120294,0.3116419761193198,59.24414018706123,0.0,0.0,9.12,27.08,23.279663162231444,62.25582977294922,42.55639709472656,60.07857696533203,37.96689781188965,62.12786142857142
224,0.31593241247412845,61.60682043245505,0.0,0.0,11.0,25.0,24.733184814453125,63.01205825805664,42.639644622802734,59.68857192993164,38.94099044799805,52.7025,1,0.1595312581369225,32.88403802185466,0.0,0.0,12.2,31.2,24.18540267944336,62.45348968505859,41.91091690063477,60.473252868652345,37.68575820922852,57.1905,0.23685939422171307,47.134436415984325,0.0,0.0,10.636363636363637,28.454545454545453,23.954165892167524,62.528681321577594,42.1033408425071,60.35403823852539,37.89877440712669,58.399408172635454,0.3119447006498407,58.65991705082905,0.0,0.0,9.04,26.92,23.365974578857422,62.12754440307617,42.19024795532226,60.2864111328125,37.930859146118166,62.644561428571436
225,0.0,0.0,0.0,0.0,14.0,39.0,26.284500122070312,64.65281677246094,44.430641174316406,62.33653259277344,39.279232025146484,54.17375,1,0.2537985611999685,43.66025374397468,0.0,0.0,10.6,28.0,25.744178009033202,63.62472229003906,42.46986770629883,61.45206069946289,39.24463653564453,59.59965,0.2733408316358462,53.04004683969823,0.0,0.0,10.272727272727273,27.636363636363637,25.63998759876598,63.959585363214664,42.980010986328125,61.840680902654476,39.7034104087136,59.3152523284796,0.3149554404989735,59.26507576050476,0.0,0.0,8.8,26.8,23.53242904663086,62.115619812011715,41.951593475341795,60.58444519042969,38.05653556823731,61.85731142857143
226,0.09600783695790394,18.913543880707074,0.0,0.0,13.0,31.0,26.991060256958008,64.71209716796875,42.83468246459961,63.66133499145508,40.11240768432617,64.17,1,0.28323510997518897,50.39931179120549,0.0,0.0,10.4,28.4,27.74040985107422,65.3752326965332,44.015177154541014,63.007484436035156,41.02565994262695,58.078538888888886,0.3045096324051062,49.43982621218015,0.0,0.0,9.909090909090908,27.09090909090909,27.244956796819512,65.07797449285334,43.48933202570135,63.312473643909804,41.01773175326261,60.313103568149025,0.30544883033276343,57.79155118474219,0.0,0.0,8.84,26.88,23.76142288208008,62.17103073120117,41.73705383300781,60.936935577392575,38.21150779724121,60.8712083982684
227,0.5674661245522384,73.20313006723876,0.0,0.0,6.0,19.0,29.41194725036621,65.66399383544922,43.24200439453125,63.316551208496094,41.959651947021484,59.612,1,0.22884863800420022,39.84674982000571,0.0,0.0,10.6,29.6,28.863313293457033,66.61617736816406,44.767327880859376,64.6722282409668,42.17259140014649,57.9160388888889,0.3190138192703588,52.544727348370664,0.0,0.0,9.545454545454545,26.727272727272727,28.440813758156516,65.70463076504794,43.56369122591886,64.33426527543502,41.875652660023086,61.269384559884564,0.29695837529042507,56.68597999366456,0.0,0.0,9.12,27.32,23.918076171875,62.14614166259766,41.459529876708984,61.23072723388672,38.233419265747074,60.778248398268396
228,0.43676917589167363,98.27306457562656,0.0,0.0,8.0,28.0,31.281356811523438,68.83519744873047,46.92891311645508,66.03443145751953,44.83601760864258,59.73444444444445,1,0.36689183149199567,61.795617584565186,0.0,0.0,8.8,24.8,30.65550765991211,67.8304458618164,45.16180419921875,66.20829849243164,44.20551376342773,60.21614603174603,0.36757845462998306,64.31184823172339,0.0,0.0,8.909090909090908,25.363636363636363,29.026816281405363,66.0001553622159,43.42327950217507,64.89940053766423,42.48138566450639,63.19386688311688,0.2903753250996964,54.634119877630056,0.0,0.0,9.36,27.64,24.257970809936523,62.14654983520508,41.192814636230466,61.62845855712891,38.28345329284668,59.85933021645022
229,0.04400005261918485,8.844010576456155,0.0,0.0,12.0,31.0,30.347702026367188,69.21678161621094,46.40039825439453,68.01229095458984,44.6756477355957,51.89,1,0.5048022551842365,74.35255588114123,0.0,0.0,7.0,21.8,32.178710556030275,68.74884338378907,45.402783966064455,67.489111328125,45.63341293334961,64.65214603174603,0.3772646516859393,66.94002924749292,0.0,0.0,8.818181818181818,25.545454545454547,29.30984913219105,66.00529792092063,43.2632512179288,65.20105257901278,42.52260624278676,63.51326082251082,0.27593234646434966,51.73108117192536,0.0,0.0,9.64,28.44,24.395607147216797,62.31589721679688,41.20338516235351,62.132548828125,38.4713484954834,59.088380216450226
230,0.6902159674389772,109.74433882279737,0.0,0.0,5.0,15.0,35.2454719543457,70.72415924072266,46.40302276611328,70.01688385009766,49.443843841552734,65.67428571428572,1,0.4288059193474193,68.07373613111307,0.0,0.0,7.6,23.8,32.50199813842774,68.96389923095703,45.28080291748047,68.39882049560546,46.04874725341797,65.67974603174603,0.4048943336849548,72.32781723730092,0.0,0.0,8.363636363636363,25.272727272727273,29.26447261463512,65.59997905384411,42.59158637306907,65.39678642966531,42.29246937144887,65.23610173160174,0.2658722644124208,50.211801435446276,0.0,0.0,9.92,29.36,24.57162082672119,62.600225372314455,41.351625213623045,62.60642517089844,38.81261375427246,58.84056354978355
231,0.7855599554191082,81.69823536358724,0.0,0.0,4.0,16.0,34.60707473754883,69.30408477783203,44.039581298828125,70.06539916992188,47.25190353393555,86.35,1,0.4675202038076596,78.17119945069146,0.0,0.0,7.4,22.2,31.858546447753906,67.80858001708984,43.67556457519531,68.11973419189454,45.24720840454101,67.47996825396825,0.4206289345829211,73.96421573068943,0.0,0.0,8.0,24.09090909090909,29.20897778597745,65.34637347134677,42.04899111661044,65.68178176879883,42.299556038596414,65.72303354978355,0.25510485701109026,47.39022397592174,0.0,0.0,10.16,29.6,24.756035614013673,62.68938415527344,41.35735870361328,62.832313537597656,38.93444709777832,58.92267021645022
232,0.18748444536815242,41.80903131709799,0.0,0.0,9.0,29.0,31.028385162353516,66.73927307128906,42.63209915161133,67.86509704589844,44.03632354736328,64.75,1,0.5379471132100406,95.0999504379877,0.0,0.0,6.6,21.6,30.671717834472656,65.99306640625,41.88389587402344,66.832373046875,43.58894424438476,71.27263492063493,0.4220206857405842,74.27886965409168,0.0,0.0,7.545454545454546,24.454545454545453,29.046461798928,65.18266712535511,41.86310577392578,65.98401503129439,42.36735708063299,63.65666991341991,0.24354805077574976,45.59891900944397,0.0,0.0,10.4,30.28,24.746841049194337,62.804029388427736,41.523838653564454,63.09614288330078,39.076215209960935,59.034220216450215
233,0.6303405981928751,148.76038117351854,0.0,0.0,7.0,20.0,28.064098358154297,63.05860137939453,38.9027214050293,64.63899993896484,40.82832336425781,68.73555555555555,1,0.5238757026149049,97.32558033749686,0.0,0.0,6.8,23.0,28.469432067871093,63.55894470214844,39.65355758666992,65.19732513427735,40.98207244873047,72.46852777777778,0.3704328562358353,67.62403964797906,0.0,0.0,8.0,26.272727272727273,28.659529425881125,65.0754325173118,41.85184236006303,66.31435949152166,42.34359012950551,62.09095090515545,0.22784574465291615,41.057794580888256,0.0,0.0,10.64,31.12,24.797240753173828,62.93607025146484,41.75255950927735,63.38958801269531,39.18771865844727,58.1266080952381
234,0.3961345996310905,93.48776551293736,0.0,0.0,8.0,28.0,24.413558959960938,60.13921356201172,37.442054748535156,61.57548522949219,36.38432693481445,70.85333333333334,1,0.40137983350660916,84.5860099502341,0.0,0.0,8.0,25.0,26.682828521728517,62.07075881958008,38.53805999755859,64.2785415649414,39.40312881469727,67.10452777777778,0.3316631575744093,58.787530052382344,0.0,0.0,8.636363636363637,27.09090909090909,27.880829204212535,64.42063661055131,41.25153558904474,66.07725663618608,41.69605601917613,61.681455955660496,0.22958143789248273,41.32508882367805,0.0,0.0,10.64,31.36,24.702657089233398,62.8641276550293,41.77234359741211,63.436320037841796,39.07935836791992,58.23347173160173
235,0.6198589144632983,120.87248832034318,0.0,0.0,6.0,22.0,24.23404312133789,58.553550720214844,35.2513313293457,61.841644287109375,36.40948486328125,71.65375,1,0.38614636437141836,80.69915109444088,0.0,0.0,7.8,26.2,25.517828369140624,61.305169677734376,38.16962890625,64.10270233154297,38.76750793457031,62.44252777777778,0.33480079271532465,59.37536887615948,0.0,0.0,8.727272727272727,27.545454545454547,26.98734508861195,63.50636187466708,40.5593788840554,65.5558853149414,40.83559313687411,61.47259231929686,0.24188278795861196,42.2314463467159,0.0,0.0,10.56,31.24,24.31838737487793,62.67922348022461,41.79082336425781,63.33951583862304,38.8616788482666,58.67092173160173
236,0.17308060987762922,18.000383427273437,0.0,0.0,10.0,26.0,25.674057006835938,61.863155364990234,38.462093353271484,65.47148132324219,39.35718536376953,59.53,1,0.26007824473284324,50.947074859737164,0.0,0.0,8.6,30.0,24.936146926879882,61.59033203125,39.01270599365235,64.56497039794922,38.94148635864258,57.173234848484846,0.2720538865845085,49.398610801359716,0.0,0.0,9.545454545454545,30.09090909090909,25.70828559181907,62.6659910028631,40.18657094782049,65.02517700195312,39.801544883034445,60.25061179981635,0.23919131953241235,41.435625132876076,0.0,0.0,10.6,31.44,24.016310539245605,62.40412292480469,41.71804458618164,63.20661834716797,38.55810363769531,58.65302173160173
237,0.11131709969219833,22.374737038131865,0.0,0.0,8.0,35.0,25.203384399414062,62.91132736206055,40.78994369506836,66.98590087890625,40.858219146728516,41.44,1,0.18291182292982272,32.46381356196224,0.0,0.0,10.0,31.8,24.596566009521485,61.8889778137207,39.589402770996095,64.93513336181641,39.20724945068359,54.048568181818176,0.2028056320642585,42.398257011232005,0.0,0.0,10.272727272727273,32.54545454545455,24.404970515858043,61.96427223899148,40.074640794233844,64.33616326072,38.87199783325195,56.7829981634527,0.24615467677142977,42.34266475851087,0.0,0.0,10.52,31.44,23.481875915527343,61.95488708496094,41.425464935302735,63.04332977294922,38.017338256835934,59.42349316017316
238,0.0,0.0,0.0,0.0,11.0,39.0,25.155691146850586,64.48441314697266,43.118106842041016,66.9503402709961,41.69821548461914,42.3890909090909,1,0.07464284787101381,11.351363425494505,0.0,0.0,11.4,34.6,23.853632736206055,62.01021957397461,40.296471405029294,65.02224578857422,38.967463684082034,49.636318181818176,0.19171888369201587,39.36592666533941,0.0,0.0,10.818181818181818,33.36363636363637,23.138557607477363,61.150144750421696,39.79295591874556,63.542367068204015,37.79478073120117,55.808998163452706,0.24858512349553524,42.72910578764364,0.0,0.0,10.4,31.36,23.076387786865233,61.5218539428711,41.04962173461914,62.87795669555664,37.69024444580078,59.69060030303031
239,0.010302490615987696,1.0714590240627204,0.0,0.0,15.0,37.0,22.715654373168945,61.632442474365234,40.325538635253906,63.426300048828125,37.71314239501953,55.23,1,0.040026725895487975,7.751286740039816,0.0,0.0,12.2,38.0,22.953984832763673,61.93360443115235,41.06447982788086,64.76376800537109,38.7098892211914,48.17681818181818,0.13441519294720905,25.842255649564994,0.0,0.0,11.545454545454545,35.27272727272727,22.084691307761453,60.676666953346945,39.9764948758212,63.14423509077592,37.09557411887429,54.868379476584025,0.25236018527254367,43.45756220720366,0.0,0.0,10.24,31.2,22.64526512145996,61.08978607177735,40.69341369628906,62.73518447875976,37.30406326293945,59.5648503030303
240,0.07851403916925385,15.310237638004502,0.0,0.0,13.0,36.0,20.519376754760742,59.159759521484375,38.78667449951172,62.27720642089844,35.21055603027344,49.5925,1,0.022529137096319853,4.215208066849938,0.0,0.0,13.0,39.6,21.96742973327637,61.668374633789064,41.468161010742186,63.86383743286133,37.94362258911133,49.53006818181818,0.10296163787951076,18.04996347133373,0.0,0.0,12.090909090909092,36.63636363636363,21.52095014398748,60.69154080477628,40.586769104003906,63.111173456365414,37.02263121171431,53.216561294765846,0.22966154029045416,40.52943700451411,0.0,0.0,10.52,31.84,22.252340240478517,60.756373748779296,40.427537231445314,62.75821548461914,37.02620346069336,59.65604303030304
241,0.0,0.0,0.0,0.0,14.0,43.0,21.175817489624023,61.480079650878906,42.3021354675293,64.17909240722656,38.069313049316406,52.2325,1,0.03563517975101662,5.905887569305821,0.0,0.0,13.8,39.4,20.35586013793945,60.32826614379883,40.75125274658203,62.30043716430664,36.04136657714844,51.859449999999995,0.053095438459168816,8.364962250279527,0.0,0.0,12.727272727272727,38.18181818181818,20.727797768332742,60.64553520896218,41.22835263338956,62.74317758733576,36.611785888671875,51.8755385674931,0.2224746735064872,39.025514880890235,0.0,0.0,10.64,31.64,21.654922256469728,60.271338348388674,39.94739028930664,62.71152145385742,36.60719970703125,59.780176363636365
242,0.023829155696357712,4.69434367218247,0.0,0.0,12.0,43.0,20.27060890197754,61.58517837524414,42.808349609375,62.48624801635742,37.026885986328125,48.20625,1,0.033574681627819083,5.691595764493277,0.0,0.0,13.8,40.2,19.107043075561524,59.57184677124023,40.87047500610352,61.66708679199219,35.12614822387695,52.491200000000006,0.07405750673304244,10.545017350762386,0.0,0.0,12.909090909090908,38.72727272727273,19.48573147166859,60.03845076127486,41.45082092285156,61.882352655584164,35.6450665213845,51.782129476584025,0.2431300930781326,42.146144817675975,0.0,0.0,10.52,31.16,21.287508697509764,59.81637954711914,39.4576594543457,62.604751129150394,36.28209060668945,60.638043030303024
243,0.06553021327348384,8.453397512279414,0.0,0.0,15.0,38.0,17.097843170166016,57.783870697021484,39.533565521240234,59.133338928222656,32.18693542480469,54.036,1,0.02790097257125016,4.184058547371064,0.0,0.0,14.0,41.6,18.645648956298828,59.80046005249024,41.94415435791016,61.45400695800781,35.2004280090332,53.109366666666666,0.08414683597562274,12.572972528521024,0.0,0.0,13.090909090909092,38.36363636363637,18.44435804540461,59.156069322065875,41.14108935269442,60.78680489280007,34.507184808904476,54.09599311294766,0.22692608916437643,39.980275047605645,0.0,0.0,10.6,31.64,20.82620231628418,59.43138763427734,39.11409591674805,62.512418060302736,35.86679046630859,60.0493716017316
244,0.0,0.0,0.0,0.0,15.0,41.0,16.471569061279297,57.850345611572266,40.92164993286133,60.25954818725586,33.13705062866211,58.38875,1,0.04216711673915758,7.051553525120454,0.0,0.0,13.8,40.8,17.51235885620117,59.1139419555664,41.94547729492187,60.17692642211914,33.964602661132815,54.04336666666667,0.12869377628921944,20.235046262459658,0.0,0.0,12.909090909090908,37.09090909090909,17.19132423400879,58.00122833251953,40.43263903531161,59.75553373856978,33.02751575816762,56.78464718614719,0.20231825780259047,38.34784167825696,0.0,0.0,10.84,31.92,20.392739486694335,59.13400115966797,38.920475463867184,62.50425552368164,35.570729370117185,58.8533716017316
245,0.05014549388640926,7.772551552393435,0.0,0.0,14.0,43.0,18.212406158447266,60.302825927734375,44.15507125854492,61.21180725097656,35.58195495605469,52.68333333333334,1,0.11813395777793385,14.508882697200935,0.0,0.0,13.8,38.6,15.860502624511719,57.83395156860352,41.56565628051758,58.880158233642575,32.30387992858887,56.10261666666666,0.13328092878800576,21.01591596284662,0.0,0.0,12.545454545454545,37.09090909090909,16.594200827858664,57.291641582142226,39.95164108276367,59.280616066672586,32.42649251764471,57.295686147186146,0.2246148099260294,42.4260949036389,0.0,0.0,10.64,31.24,20.055427627563475,58.89331207275391,38.69409133911133,62.58613204956055,35.49698852539063,59.5700716017316
246,0.07133072083953708,14.337474888746954,0.0,0.0,13.0,39.0,15.509366989135742,58.047489166259766,42.30875015258789,57.7936897277832,31.890186309814453,56.9025,1,0.14948785939535342,21.754651993440433,0.0,0.0,12.8,37.2,15.190589332580567,56.91820373535156,41.1355224609375,58.0404655456543,31.534796905517577,58.67391666666667,0.1434509598983568,22.99907202936507,0.0,0.0,12.181818181818182,36.27272727272727,16.20271145213734,56.81442711570046,39.51007808338512,59.0819636258212,31.994430888782848,58.33511796536797,0.20383185070376164,37.36624326249305,0.0,0.0,10.8,31.2,19.69696029663086,58.6961572265625,38.57591415405273,62.7268522644043,35.34982879638672,59.77214937950937
247,0.40366336089023913,41.98098953258487,0.0,0.0,12.0,32.0,12.011327743530273,55.18522644042969,40.909244537353516,56.00240707397461,28.7232723236084,58.5025,1,0.24749112808526616,38.61121420810542,0.0,0.0,11.6,34.0,14.170739364624023,55.704367065429686,40.01622314453125,57.1098274230957,29.991757965087892,61.389023809523806,0.1434509598983568,22.99907202936507,0.0,0.0,12.090909090909092,35.54545454545455,16.058439428156074,56.43702767112038,38.99125602028587,59.05589398470792,31.716598510742188,59.2132378000787,0.2183843418899466,37.54805853908985,0.0,0.0,10.6,30.44,19.35415885925293,58.50173843383789,38.3957160949707,62.92587265014649,35.37679641723633,60.37313604617605
248,0.22229972136058157,44.682243993476895,0.0,0.0,10.0,31.0,13.748276710510254,53.20513153076172,37.382896423339844,54.93487548828125,28.341520309448242,66.8925,1,0.24961426292851177,38.9889090432906,0.0,0.0,11.0,32.8,13.757717514038086,54.40919952392578,38.19212112426758,56.50790710449219,29.095744323730468,63.022642857142856,0.16465717358891507,28.088223648714823,0.0,0.0,12.0,33.72727272727273,15.701648365367543,55.99376713145863,38.27460965243253,59.27233331853693,31.474238308993254,60.5433766889676,0.21395450455524295,37.25444679764982,0.0,0.0,10.6,30.24,18.928301429748537,58.295265197753906,38.30981948852539,63.03187210083008,35.27328109741211,60.96507493506494
249,0.4900163434495637,84.28281107332495,0.0,0.0,9.0,25.0,11.372319221496582,51.78116226196289,35.32515335083008,55.60635757446289,25.421855926513672,71.96428571428571,1,0.27342499503722734,43.5464049394827,0.0,0.0,10.2,30.4,13.898442840576172,53.58178176879883,36.51626739501953,56.96757507324219,28.80928268432617,63.84739285714286,0.20964402164680937,35.21607469269849,0.0,0.0,11.454545454545455,32.0,16.071150172840465,55.99912539395419,37.78584254871715,59.83685094659979,31.87069147283381,62.297982749573656,0.22690540808876591,40.370138150784115,0.0,0.0,10.44,29.96,18.38333953857422,57.899322052001956,38.064327545166016,62.87673599243164,34.87407608032227,60.961874935064934
250,0.0607611681026373,9.66102572831933,0.0,0.0,11.0,37.0,16.147296905517578,53.826988220214844,35.03456115722656,58.202205657958984,31.101886749267578,60.85142857142858,1,0.19269232285917953,35.150207032965724,0.0,0.0,10.4,31.0,15.413942337036133,54.0104736328125,35.65343704223633,58.54555892944336,30.06725959777832,64.5252564935065,0.2355636461554523,40.27040147188386,0.0,0.0,10.727272727272727,30.727272727272727,16.72944502397017,56.29449046741832,37.50332294810902,60.514033577658914,32.40926326404918,61.62241456775548,0.2243250159088918,39.71667431246683,0.0,0.0,10.64,29.76,18.00570877075195,57.5561979675293,37.85549545288086,62.705468292236326,34.57380798339844,61.54083493506494
251,0.19038438138311511,37.124954369707446,0.0,0.0,9.0,27.0,16.212993621826172,53.910400390625,33.929481506347656,60.0920295715332,30.45787811279297,61.026250000000005,1,0.19965187984556296,38.348760531276284,0.0,0.0,10.6,29.4,15.933468437194824,54.711309814453124,35.161905670166014,60.53199996948242,31.27114028930664,63.71431204906205,0.24649261683618412,43.28084234256357,0.0,0.0,10.363636363636363,28.90909090909091,17.234726645729758,56.436908375133164,37.052777377041906,61.300354350696914,32.79730155251243,61.964838810179714,0.23697019044636294,42.70093550331002,0.0,0.0,10.56,29.28,17.531393737792968,57.08562438964844,37.53416137695312,62.41503387451172,34.01853797912597,62.45638240981241
252,0.0,0.0,0.0,0.0,13.0,35.0,19.588825225830078,57.32868576049805,36.5950927734375,63.89232635498047,35.01315689086914,61.89181818181819,1,0.2137257195377144,38.864150115831244,0.0,0.0,10.6,28.2,17.891477203369142,55.92363967895508,34.92830047607422,62.47933502197266,33.49635314941406,63.98878823953824,0.30772602843751035,55.04701389373623,0.0,0.0,9.545454545454545,26.454545454545453,17.8789286179976,56.680049896240234,36.56766336614435,62.402019847523086,33.73390301791105,64.30711153745246,0.23703873886790852,42.754687399630704,0.0,0.0,10.48,29.24,17.20969024658203,56.79501007080078,37.451587982177735,62.28524475097656,33.754026565551754,62.825182409812406
253,0.2570975062924988,60.675011485029714,0.0,0.0,11.0,23.0,16.34590721130371,56.709312438964844,34.92523956298828,64.86708068847656,34.360923767089844,62.837777777777774,1,0.25859665983620145,48.051463884375195,0.0,0.0,9.8,26.2,19.404580307006835,57.37811431884766,35.48417510986328,64.3806053161621,35.088243865966795,62.010002525252524,0.28109905177805056,53.25456849485329,0.0,0.0,9.454545454545455,25.272727272727273,18.52357292175293,56.94773205843839,36.11666766079989,63.50698332353072,34.4999082738703,65.6966569919979,0.24497835174671068,44.635317144364286,0.0,0.0,10.36,28.88,16.72450653076172,56.56393997192383,37.46135971069336,62.10661148071289,33.3907356262207,63.30628240981241
254,0.560385541910321,86.85975899609974,0.0,0.0,9.0,19.0,21.162363052368164,57.842811584472656,34.157127380371094,65.34303283691406,36.54792022705078,73.33666666666666,1,0.2545926178344703,48.803953236407764,0.0,0.0,10.0,25.4,20.91608238220215,58.96991882324219,36.53809280395508,66.33446655273437,36.96674346923828,61.094752525252524,0.32997606613488084,58.104650625251494,0.0,0.0,8.818181818181818,23.272727272727273,18.714049859480426,57.13624225963246,35.71250464699485,64.56299417669123,35.29236255992543,67.42261153745245,0.25277523829461623,46.20249134049331,0.0,0.0,10.24,28.4,16.383591842651366,56.34446090698242,37.47922256469727,61.92040023803711,33.09325805664062,63.13493240981241
255,0.28511586959507235,55.59759457103911,0.0,0.0,7.0,27.0,23.712812423706055,61.099361419677734,37.813934326171875,67.70855712890625,39.06134033203125,50.957499999999996,1,0.40357226752529546,77.55702562673702,0.0,0.0,8.2,20.8,21.51743507385254,59.648590850830075,36.613573455810545,67.5384033203125,38.402672576904294,65.24988888888888,0.33171212410271195,60.76368550807126,0.0,0.0,8.545454545454545,22.545454545454547,18.915439692410555,57.28265658291903,35.51057399402965,65.37074626575817,36.0559758273038,68.73969667453758,0.2754603588862679,49.678652050629445,0.0,0.0,10.0,27.56,15.92356315612793,56.020677642822264,37.460444641113284,61.68396057128906,32.638664627075194,63.85588240981241
256,0.17036417137445942,40.88740112987026,0.0,0.0,10.0,23.0,23.770503997802734,61.869422912597656,39.19906997680664,69.86133575439453,39.85037612915039,56.45,1,0.37430608979403196,69.87484135870557,0.0,0.0,8.2,20.0,22.06873664855957,59.932674407958984,36.81818389892578,68.1963882446289,38.96035385131836,67.43983333333333,0.37135685411299074,68.60292564691777,0.0,0.0,8.090909090909092,20.90909090909091,18.542959039861504,57.11334644664418,35.26423159512606,65.67900744351473,35.8991733897816,68.61229407713499,0.29174294827016156,53.801812458038846,0.0,0.0,9.72,26.76,15.578492431640624,55.76421401977539,37.4984716796875,61.57683563232422,32.34526359558105,64.79430907647908
257,0.7448982484541258,143.76536195164627,0.0,0.0,4.0,12.0,22.59558868408203,60.7220458984375,36.972496032714844,69.9120101928711,42.19280242919922,82.6675,1,0.4142183572691107,72.10951904505706,0.0,0.0,7.0,18.0,21.004968643188477,59.41986083984375,36.574179077148436,68.43798065185547,39.06247329711914,69.9481,0.35830439173228446,65.77685171150796,0.0,0.0,8.454545454545455,21.181818181818183,18.50201554731889,57.151785070245914,35.41329158436168,65.91647824374112,36.1622314453125,68.14754407713498,0.30927808526530065,57.18609389810069,0.21429180481254434,0.04,9.28,25.84,15.132262744903564,55.55079406738281,37.58134536743164,61.510639343261715,32.05626319885254,65.95150907647908
258,0.11076661763618124,22.26409014487243,0.0,0.0,11.0,19.0,19.102415084838867,58.129730224609375,35.94829177856445,68.1570053100586,37.149330139160156,73.7875,1,0.4590177795692374,83.69643908771772,0.0,0.0,6.8,16.0,18.979927635192873,57.87833251953125,35.63217544555664,67.79459533691406,38.01452560424805,77.04704444444445,0.38704342477199166,72.55926350887886,0.0,0.0,8.090909090909092,20.454545454545453,17.930105556141246,56.73282033746893,35.27598814530806,65.53440128673206,35.507986762306906,68.45535858585859,0.3165401099585227,58.46926108117765,0.21429180481254434,0.04,8.96,24.88,14.778444156646728,55.248937072753904,37.478780822753905,61.47609771728516,31.711239624023438,66.73514717171717
259,0.7599468792857147,98.0331474278572,0.0,0.0,3.0,9.0,15.843523025512695,55.278743743896484,32.937103271484375,66.55099487304688,37.05851745605469,85.87800000000001,1,0.5243155849374864,94.69749231286985,0.0,0.0,6.0,15.2,16.63582878112793,55.89736328125,34.257320404052734,66.14094390869141,35.91986236572266,77.64704444444445,0.36476330612309416,67.26292214042887,0.0,0.0,8.272727272727273,21.636363636363637,17.7780291817405,56.51989052512429,35.57925761829723,65.10844594782048,35.21157160672274,68.60192424242425,0.31680926586603303,58.716949272534904,0.21429180481254434,0.04,8.88,24.28,14.648161754608154,55.14666702270508,37.49085021972656,61.639784545898436,31.646227264404295,66.79601383838384
260,0.509112981095706,113.53219478434244,0.0,0.0,6.0,17.0,13.587607383728027,53.391719818115234,33.10391616821289,64.49163055419922,33.82160186767578,86.45222222222223,1,0.3846973942857304,67.15204813858051,0.0,0.0,7.8,18.8,15.269234085083008,54.619599151611325,33.97664947509766,64.69938354492187,34.151605224609376,72.29634444444444,0.3390013805984566,65.03257870954201,0.0,0.0,8.363636363636363,22.363636363636363,16.616885618730024,56.11445374922319,36.02233401211825,64.42374975031072,34.26433181762695,67.53677272727272,0.318935843840912,60.5644203864558,0.21429180481254434,0.04,8.68,23.92,14.758054714202881,55.278125,37.68398773193359,62.017130584716796,31.847875747680664,67.05046383838383
261,0.49685319821570434,95.89266725563094,0.0,0.0,6.0,19.0,12.050009727478027,51.964576721191406,32.32479476928711,61.59307861328125,29.377059936523438,59.449999999999996,1,0.42576994344584984,77.62053606382199,0.0,0.0,7.4,20.4,14.10831413269043,53.53766784667969,33.803942108154295,63.00587844848633,32.28503227233887,70.5944,0.3308019527895989,63.54001146701348,0.0,0.0,8.727272727272727,22.727272727272727,15.611443606289951,55.65024844082919,36.470949693159625,63.67968195134943,33.49806213378906,67.26325,0.3242633713727113,61.521497289257674,0.21429180481254434,0.04,8.6,23.48,14.785881824493408,55.42433898925781,37.94695175170899,62.44294662475586,31.989008255004883,67.53051383838384
262,0.04680729519534559,6.038141080199582,0.0,0.0,13.0,30.0,15.762615203857422,54.33322525024414,35.56914138793945,62.70420837402344,33.35151672363281,55.914,1,0.27618380781963214,58.49695786466653,0.0,0.0,9.4,25.8,13.874222946166991,53.35533599853515,34.86876220703125,61.7319938659668,31.09340019226074,66.30879999999999,0.36903767998170733,68.15009876662401,0.0,0.0,8.363636363636363,22.636363636363637,14.247751582752574,54.88853697343306,36.7563889243386,62.47185655073686,32.208214326338336,68.15234090909091,0.3158223631450065,60.303996429808294,0.21429180481254434,0.04,8.72,23.6,14.858510074615479,55.573484344482424,38.167830352783206,62.77908355712891,32.19111991882324,67.0281424098124
263,0.3161293634367788,74.60652977107979,0.0,0.0,9.0,27.0,13.297815322875977,52.72007369995117,35.084754943847656,59.68947982788086,27.816465377807617,65.27777777777777,1,0.22976208382835245,48.255715159066874,0.0,0.0,10.2,27.8,12.834658241271972,53.35359344482422,36.05417251586914,60.39594268798828,29.554736328125,61.34235555555556,0.34428283447413444,65.21983019806657,0.0,0.0,8.727272727272727,23.181818181818183,12.96370488947088,54.03855826637962,37.07563851096413,61.248511574485086,30.63176952708851,67.68226515151515,0.31723710079038137,60.69043745894107,0.21429180481254434,0.04,8.68,23.28,14.922367496490478,55.779190368652344,38.498870849609375,63.10811477661133,32.3435865020752,66.92648526695527
264,0.012016201154626033,2.4152564320798326,0.0,0.0,13.0,36.0,14.673067092895508,54.36708450317383,38.26120376586914,60.18157196044922,31.100357055664062,64.45,1,0.16937587692473932,36.91305268858575,0.0,0.0,11.2,30.2,12.955246353149414,54.159298706054685,38.13895492553711,59.98208923339844,29.805799102783205,59.04210555555555,0.37406572604161586,70.88737073049145,0.4870268291194215,0.09090909090909091,8.090909090909092,23.09090909090909,11.710378690199418,53.528114318847656,37.71611126986417,60.38011481545188,29.610197760842063,68.91237878787878,0.32731418828142933,62.62008459420267,0.21429180481254434,0.04,8.64,23.12,15.056971912384034,56.0422900390625,38.95764877319336,63.471743469238284,32.585901412963864,67.75198526695527
265,0.27700436113930765,62.32598125634422,0.0,0.0,10.0,27.0,8.38978385925293,53.38300704956055,39.030967712402344,57.81137466430664,26.12828254699707,61.61999999999999,1,0.2782058519832005,54.02509675766303,0.0,0.0,9.8,28.6,11.55670166015625,53.9907730102539,39.492906951904295,58.756298828125,28.26790580749512,61.10530555555556,0.3260429289444564,65.59815106698782,0.4870268291194215,0.09090909090909091,8.363636363636363,24.0,11.121598547155207,53.29881043867631,38.50282530351119,59.81623042713512,28.691820318048652,67.67567748917749,0.344236199569729,65.91987679542112,0.21429180481254434,0.04,8.48,22.72,14.917427234649658,56.09604187011719,39.19713668823242,63.658518676757815,32.57358360290527,68.17446253968254
266,0.19492216369763848,39.17935490322534,0.0,0.0,11.0,31.0,12.652950286865234,55.99310302734375,42.74870681762695,59.52381134033203,30.632373809814453,47.94875,1,0.3094989688700096,61.41027234294999,0.0,0.0,9.6,26.8,10.591353607177734,53.721214294433594,40.5728042602539,58.10944595336914,27.674994659423827,63.54908333333333,0.2868562596200554,57.14337696592747,0.4870268291194215,0.09090909090909091,8.818181818181818,24.636363636363637,11.000207597559148,53.48963026566939,39.36705884066495,59.5793422352184,28.368481722745027,65.12767243867243,0.3344102528740001,63.584925000770106,0.21429180481254434,0.04,8.56,23.08,15.064687900543213,56.21031448364258,39.46946975708008,63.79808349609375,32.63789207458496,68.40265142857143
267,0.5909571704876515,91.59836142558599,0.0,0.0,6.0,22.0,8.769891738891602,53.490596771240234,42.33890151977539,56.57525634765625,25.662050247192383,66.23,1,0.3947714136147798,77.84862825684323,1.0714590240627218,0.2,7.8,23.2,8.719905567169189,53.35076675415039,41.51926193237305,57.79405975341797,26.637331390380858,68.12283333333333,0.28321758798791985,56.441113340925305,0.4870268291194215,0.09090909090909091,8.909090909090908,25.0,11.246447779915549,54.081184733997695,40.58641225641424,59.92870400168679,28.767338492653586,65.61983152958153,0.31415774740541996,60.545280798700475,0.21429180481254434,0.04,8.68,23.32,15.131936283111573,56.42467315673828,39.92098876953125,64.04940185546874,32.78017921447754,67.93373476190476
268,0.47259494787082446,111.53240769751457,0.0,0.0,8.0,18.0,8.471075057983398,51.37228012084961,40.4842414855957,56.45521545410156,24.851909637451172,77.49666666666667,1,0.3857097636303104,73.35377823143783,1.0714590240627218,0.2,7.0,21.6,8.915337085723877,53.22544555664062,42.03125991821289,58.30143814086914,26.802947998046875,70.25369047619049,0.31127946202975787,62.129388384863866,0.4870268291194215,0.09090909090909091,8.454545454545455,24.09090909090909,11.126569531180643,54.31093528053977,41.3489445773038,60.19016473943537,28.632639971646395,67.70889971139971,0.32840520149094443,61.63049648000216,0.21429180481254434,0.04,8.72,22.96,15.075922946929932,56.51322723388672,40.24180313110352,64.27299652099609,32.82890373229981,68.37327476190477
269,0.43837842487847695,84.60703600154605,5.3572951203136085,1.0,4.0,18.0,5.315826892852783,52.51484680175781,42.993492126464844,58.60464096069336,25.91204071044922,87.31875,1,0.36233725459624166,69.62384318532848,1.0714590240627218,0.2,7.0,20.2,8.835208415985107,53.12497253417969,42.00361557006836,58.77384796142578,26.72944869995117,72.3487738095238,0.3079032596952275,60.242002913592096,0.4870268291194215,0.09090909090909091,8.727272727272727,24.181818181818183,11.116588635878129,54.56454641168768,41.87279579856179,60.58291938088157,28.87429289384322,67.17501082251083,0.33800913512578323,63.689163045016215,0.21429180481254434,0.04,8.72,22.88,14.871935367584229,56.52485412597656,40.39587478637695,64.37361785888672,32.80578590393066,68.38305253968254
270,0.23169611121696068,39.85173112931724,0.0,0.0,6.0,19.0,9.366941452026367,52.75640106201172,41.59095764160156,60.3482666015625,26.95636558532715,72.27428571428571,1,0.3355113825511541,68.93772437633271,1.0714590240627218,0.2,7.2,20.4,10.032960414886475,54.12118835449219,42.68337173461914,60.54600830078125,28.34993553161621,72.07552380952382,0.31554993315726226,61.77898427946109,0.4870268291194215,0.09090909090909091,8.454545454545455,23.545454545454547,11.395740032196045,54.98296044089577,42.331829417835586,61.15077521584251,29.22094691883434,66.616829004329,0.31346581032086435,58.97331177819986,0.21429180481254434,0.04,8.88,23.36,14.924071369171143,56.675582580566406,40.68958618164063,64.51334655761718,32.77874351501465,67.15475253968253
271,0.07805961852729497,20.529679672678576,0.0,0.0,11.0,24.0,12.252306938171387,55.49073791503906,42.6104850769043,61.885860443115234,30.264877319335938,58.42416666666667,1,0.31208997490810186,60.35307614953456,1.0714590240627218,0.2,7.2,20.8,11.227536296844482,55.21882858276367,43.37792282104492,62.3710205078125,29.753520202636718,72.35494047619048,0.3305778611136265,63.873543506270494,0.4870268291194215,0.09090909090909091,8.272727272727273,23.181818181818183,12.41286004673351,55.62885908647017,42.91073504361239,62.18453632701527,30.16526222229004,68.4389880952381,0.3164228424013069,58.85106863813749,0.21429180481254434,0.04,8.72,23.32,15.240224018096924,57.04671661376953,41.17274154663086,64.82923522949218,33.07989112854004,66.63485253968254
272,0.4568278102622132,88.16776738060715,0.0,0.0,7.0,23.0,14.758651733398438,58.471675872802734,45.7376823425293,65.4360580444336,33.76448440551758,64.86375,1,0.28021251748379555,54.200726866643436,0.0,0.0,8.8,22.8,12.801976013183594,55.81781845092773,42.948648071289064,63.45204849243164,30.666041564941406,66.77219047619049,0.3513167809781586,67.81131169965555,0.4870268291194215,0.09090909090909091,8.090909090909092,22.636363636363637,12.726247137243098,55.872438950972125,42.895606301047586,63.00616316361861,30.535520206798207,70.66671536796538,0.306876602526555,58.95410835328182,0.21429180481254434,0.04,8.84,23.64,15.670275821685792,57.563500518798826,41.859359130859374,65.20472564697266,33.39049201965332,66.69198253968254
273,0.3554879096555637,68.6091665635238,0.0,0.0,8.0,20.0,14.443954467773438,56.86048126220703,43.95699691772461,65.58027648925781,31.86983299255371,78.89375000000001,1,0.2530992170878051,50.09479093210772,0.0,0.0,9.6,24.8,14.477334213256835,57.06046600341797,43.292571258544925,64.66799240112304,32.25747871398926,63.97933333333333,0.2986342053792154,59.69338944448904,0.4870268291194215,0.09090909090909091,8.727272727272727,23.545454545454547,13.74965914812955,56.4247599515048,42.840575825084336,64.0771581476385,31.472482507879082,70.87694264069263,0.30605092864819367,58.809060769138156,0.21429180481254434,0.04,8.84,23.6,16.3452077293396,58.257142028808595,42.59657760620117,65.72294097900391,33.955861740112304,66.3342492063492
274,0.2789911377569451,53.84528958709041,0.0,0.0,12.0,28.0,13.18802547454834,55.509796142578125,40.84711837768555,64.00978088378906,30.474647521972656,59.405,1,0.32594960711420884,63.06208154782153,0.0,0.0,9.0,24.6,15.942493629455566,58.059896850585936,43.850260162353514,66.1273696899414,33.507653427124026,68.62725,0.26058674695421474,50.54213910329311,0.4870268291194215,0.09090909090909091,9.090909090909092,24.181818181818183,15.056249835274436,57.50016888705167,43.291563207452946,65.45631963556463,32.859136061234906,69.43304112554114,0.2922477242593792,56.570006969883934,0.21429180481254434,0.04,9.04,24.04,16.932453174591064,58.89057159423828,43.247662200927735,66.21290100097656,34.49014503479004,66.6311492063492
275,0.09612960923700826,19.32205145663866,0.0,0.0,10.0,29.0,17.743732452392578,58.96963882446289,43.31057357788086,66.42798614501953,34.913551330566406,58.31,1,0.31919410150326455,61.92748907779228,0.0,0.0,9.4,25.0,16.21080493927002,58.100057983398436,43.219181823730466,66.75249938964843,33.69579887390137,70.14525,0.2790343648500973,50.37131643075082,0.0,0.0,9.454545454545455,24.181818181818183,16.60140002857555,58.48183857310902,43.5498178655451,66.79211807250977,34.165264476429336,67.12642748917749,0.30002690384166875,57.57352113599928,0.21429180481254434,0.04,8.84,23.64,17.322648258209227,59.406344146728514,43.817358856201174,66.62520690917968,34.873937911987305,66.96386920634922
276,0.4423115686593141,85.36613275124762,0.0,0.0,8.0,23.0,19.57810401916504,60.487892150878906,45.398929595947266,69.18274688720703,36.515750885009766,81.66375000000001,1,0.2503862873520071,48.66589908883842,0.0,0.0,10.4,27.4,17.327498817443846,58.641187286376955,42.774495697021486,67.30768432617188,34.515559387207034,68.075,0.2952858558526854,55.14425589674213,0.0,0.0,9.818181818181818,24.363636363636363,17.447206670587715,59.33671985973012,43.6825363852761,67.88562739979137,35.284906734119765,65.71007828282828,0.30817850230097976,58.60303713353505,0.21429180481254434,0.04,8.88,23.44,17.8923362159729,60.07911102294922,44.49685302734375,67.19222610473633,35.5873258972168,66.33400809523809
277,0.42305028220749163,82.49480503046087,0.0,0.0,9.0,25.0,16.100208282470703,58.672481536865234,42.58229064941406,68.56170654296875,34.7052116394043,72.45375,1,0.20540264083978146,40.070571960292185,0.0,0.0,10.4,26.8,19.258608245849608,60.17958374023438,43.69409255981445,68.83092651367187,36.44164962768555,68.51675000000002,0.30012726583485444,55.629655952065654,0.0,0.0,9.545454545454545,24.363636363636363,18.505995923822578,60.15485798228871,43.83751782503995,68.93284260142933,36.307803587480024,65.12242676767677,0.30837343734364425,58.642219077110624,0.21429180481254434,0.04,8.84,23.56,18.318662662506103,60.60917037963867,44.93324478149414,67.64313522338867,36.035574493408205,65.92815809523809
278,0.011448838899276236,2.3012166187545233,0.0,0.0,13.0,32.0,20.027423858642578,59.56612777709961,41.73356628417969,68.356201171875,35.96863555908203,68.5425,1,0.3144371633390169,52.75175898968064,0.0,0.0,10.0,24.6,20.1723575592041,61.04829864501953,44.19883651733399,70.20501403808593,37.51483001708984,69.24395000000001,0.2753876848698572,49.36058724867531,0.0,0.0,9.545454545454545,23.90909090909091,19.619412248784844,60.96725845336914,44.04565360329368,69.89813024347478,37.299943230368875,64.75208585858586,0.29827692487944235,56.38525870238575,0.21429180481254434,0.04,8.96,23.92,18.849955997467042,61.04949920654297,45.26275588989258,68.07008575439453,36.51891456604004,65.89593991341991
279,0.05407290519581715,10.868653944359247,0.0,0.0,12.0,25.0,22.84357261657715,63.201778411865234,45.44510269165039,71.62599182128906,40.105098724365234,61.61375,1,0.30806735205624003,54.149345490475454,0.0,0.0,10.4,24.2,19.990899658203126,61.3827392578125,43.72922286987305,70.84383850097656,38.066165924072266,64.25008888888888,0.2904606823936167,52.269675770760905,0.0,0.0,9.363636363636363,23.636363636363637,20.72403621673584,61.99797300858931,44.604339599609375,70.8397646817294,38.47755293412642,65.5168585858586,0.3111479043174936,58.97232556943404,0.21429180481254434,0.04,8.88,23.8,19.287235965728758,61.47011962890625,45.57774047851562,68.4863330078125,36.96607536315918,66.72653991341991
280,0.6413022217331853,82.7279866035809,0.0,0.0,8.0,18.0,22.31247901916504,63.31321334838867,45.834293365478516,73.29842376708984,40.27945327758789,61.946000000000005,1,0.24972032128097252,42.82420054063074,0.0,0.0,10.2,24.0,21.55065574645996,62.546294403076175,44.07582092285156,71.81254272460937,39.42847213745117,60.151338888888894,0.30950431842813736,57.36610446109369,0.0,0.0,8.818181818181818,22.545454545454547,22.29429799860174,63.38187859275124,45.57590866088867,72.06133131547408,40.06675269386985,67.16266666666667,0.2900532418412362,55.63651865268968,0.21429180481254434,0.04,9.2,24.16,19.911604785919188,62.04040969848633,45.9236572265625,69.01512786865234,37.643029327392576,66.2488599134199
281,0.41046251224542984,92.35406525522171,0.0,0.0,10.0,21.0,18.670814514160156,62.16009521484375,43.05086135864258,72.37686920166016,39.272430419921875,56.69444444444444,1,0.284369037430566,46.20555954554251,0.0,0.0,9.0,21.2,22.946417236328124,64.11468505859375,45.33454284667969,73.35214691162109,41.17034912109375,58.600838888888894,0.3145628165425314,59.23831089906064,0.0,0.0,8.909090909090908,22.636363636363637,23.1113355809992,64.18466741388494,46.0569392117587,72.73533977161755,40.77771550958807,67.94107575757576,0.271523902287966,51.22352747343069,0.21429180481254434,0.04,9.44,25.04,20.415275669097902,62.554888305664065,46.20424362182617,69.40505523681641,38.14483276367187,65.27963324675325
282,0.131315128331154,25.869080281237338,0.0,0.0,8.0,24.0,23.898988723754883,64.4902572631836,44.31528091430664,73.40522766113281,41.51674270629883,51.96,1,0.37781263287478634,64.15365681796372,0.0,0.0,7.8,19.6,23.69666633605957,65.11399765014649,46.266030883789064,74.214599609375,42.114037322998044,63.739338888888895,0.29628783618737414,54.307389306500255,0.0,0.0,8.909090909090908,22.363636363636363,23.651279969648883,64.79736258766867,46.45808722756126,73.08344060724431,41.36231439763849,66.3563712121212,0.26853609644094034,51.27241618432362,0.0,0.0,9.68,25.48,20.92029556274414,62.986046142578125,46.4248664855957,69.67371566772461,38.580886383056644,64.14426102453102
283,0.1846924196472438,19.208011643313355,0.0,0.0,7.0,18.0,27.0062313079834,67.4080810546875,48.02717590332031,76.0542221069336,44.67802047729492,60.79,1,0.3472464153554836,69.58926053339776,0.0,0.0,7.4,19.2,25.32635154724121,66.59790649414063,47.40604782104492,75.04431762695313,43.649315643310544,66.85191666666665,0.30509411279756155,55.93008245913779,0.0,0.0,9.0,22.09090909090909,24.691262331875887,65.785250230269,47.32079800692472,73.56555453213778,42.35740106756037,64.27250757575757,0.27416242483237613,52.5827106429732,0.0,0.0,9.88,25.84,21.451626815795898,63.53464752197266,46.83749328613281,69.95202621459961,39.14637413024902,63.0467895959596
284,0.5212908824169187,100.6091403064653,0.0,0.0,6.0,17.0,26.594818115234375,68.1983413696289,50.102542877197266,75.9382553100586,44.82353973388672,87.30625,1,0.29550853060546606,59.101711937208435,0.0,0.0,7.6,21.0,26.938417816162108,67.7259506225586,48.51625747680664,75.33735961914063,44.34165802001953,68.88752777777778,0.3055887253722855,56.029499586657316,0.0,0.0,8.909090909090908,22.727272727272727,25.173426368019797,66.51729028875178,47.99692812832919,73.84719987349077,42.9335771040483,62.97807575757576,0.2724819842298395,52.051354227915645,0.0,0.0,10.0,26.56,21.838168449401856,63.946143798828125,47.147156982421876,70.0976724243164,39.506730270385745,62.80002292929293
285,0.48847113413667165,109.90600518075112,0.0,0.0,6.0,16.0,30.460905075073242,70.73275756835938,51.53437805175781,77.44701385498047,47.95584487915039,77.50888888888888,1,0.3175028618897523,60.15309492757765,0.0,0.0,7.6,20.2,27.262118530273437,68.27340698242188,49.61551284790039,75.25868530273438,44.627577209472655,71.34192777777778,0.3029086021303258,55.57798303609941,0.0,0.0,9.0,23.727272727272727,25.066930424083363,66.62542204423384,48.16271383112127,73.56166770241477,42.76145761663263,62.905420798898064,0.25642091625612556,48.86751042039142,0.0,0.0,10.24,26.96,21.936352043151857,64.09397171020508,47.23117767333984,69.96835037231445,39.53200523376465,62.61813959595959
286,0.15177308849534238,39.916322274275046,0.0,0.0,11.0,30.0,26.73114585876465,67.8003158569336,48.60190963745117,73.84207916259766,42.7341423034668,66.87249999999999,1,0.3845482429442142,76.38037854080974,0.0,0.0,8.2,21.0,27.368875122070314,68.69963989257812,50.42449951171875,74.82083282470703,44.82220611572266,69.09017777777778,0.29158082284993797,57.498713942995046,0.0,0.0,9.090909090909092,24.636363636363637,25.18260955810547,66.91591297496448,48.59808002818715,73.25544669411399,42.900724931196734,63.520670798898074,0.2605309554687759,49.66074798843293,0.0,0.0,10.24,27.24,22.092763938903808,64.35038635253906,47.49975723266601,69.85658111572266,39.73098510742187,61.487889595959594
287,0.24128678475258475,31.125995233083433,0.0,0.0,8.0,20.0,25.517492294311523,67.2275390625,49.81155776977539,73.01185607910156,42.94633865356445,64.232,1,0.28366798190507836,56.93751148381051,0.0,0.0,9.4,25.4,27.116157150268556,68.58368530273438,50.238190460205075,73.92404174804688,44.31881256103516,62.48967777777777,0.2600470134259185,49.84863423860915,0.0,0.0,9.454545454545455,25.545454545454547,25.70154571533203,67.42389054731889,49.31953083385121,73.02074293656783,43.20194937966087,63.3019031221304,0.25253718200907954,47.91533389947433,0.0,0.0,10.24,27.44,22.408401107788087,64.75294036865235,47.968343811035155,69.83646377563477,40.097982025146486,61.235609595959595
288,0.5199193249195535,100.34442970947383,0.0,0.0,10.0,22.0,27.540014266967773,69.53924560546875,52.07210922241211,73.86495971679688,45.65116500854492,49.53125,1,0.19089206498459602,36.13670482530476,0.0,0.0,10.8,29.4,25.35839958190918,67.3153793334961,49.38506393432617,72.13166656494141,42.37000045776367,59.15080909090909,0.2489603162175472,47.606684050863926,0.0,0.0,10.0,27.0,25.443714662031695,67.40061673251066,49.608950875022195,72.36603129993786,42.82742691040039,63.42063039485766,0.2513062926244738,47.65746795322908,0.0,0.0,10.32,27.96,22.4323429107666,64.91058151245117,48.21266357421875,69.5970213317871,40.144225158691405,60.858459595959594
289,0.016889577221239457,3.3948050214691308,0.0,0.0,12.0,39.0,25.331228256225586,67.61856842041016,49.170997619628906,71.45429992675781,42.30657196044922,54.303749999999994,1,0.26387677721531144,48.92464568633632,0.0,0.0,10.4,29.0,24.72916030883789,67.05703887939453,49.789346313476564,71.34924926757813,42.18545074462891,59.519059090909096,0.26523221249532825,53.66316060818719,0.0,0.0,10.272727272727273,28.0,24.619632200761274,67.02659052068537,49.65275885842063,71.39029762961648,42.11245970292525,63.2519435261708,0.2481616408032299,47.16693263913002,0.0,0.0,10.32,28.4,22.22670051574707,64.88096145629883,48.30362106323242,69.1491323852539,39.97960006713867,59.2393095959596
290,0.024591549534259943,5.901971888222386,0.0,0.0,13.0,36.0,21.672117233276367,64.39122772216797,47.26874542236328,68.48513793945312,38.21178436279297,60.81454545454547,1,0.2283375419810377,44.34008434111501,0.0,0.0,11.6,31.2,24.501484298706053,67.16110076904297,50.02439880371094,70.70590362548828,42.113362884521486,57.53025909090909,0.25169252509404977,51.11770172537733,0.0,0.0,10.727272727272727,29.0,24.26103262467818,66.8695990822532,49.81676656549627,70.60554989901456,41.77337056940252,59.39114807162534,0.2355200729501676,44.7275095683943,0.0,0.0,10.36,28.56,22.093633880615233,64.91031158447265,48.54896850585938,68.64365203857422,39.88564453125,58.3046595959596
291,0.5166966496489195,103.85602657943281,0.0,0.0,9.0,28.0,23.584949493408203,66.50861358642578,50.623321533203125,69.92999267578125,41.81139373779297,68.71375,1,0.12622596880494089,24.51272404242823,0.0,0.0,12.4,34.8,23.206050872802734,66.10010070800782,49.10975723266601,69.17359161376953,40.462528991699216,58.277209090909096,0.2105632041237958,41.784953008603544,0.0,0.0,11.454545454545455,31.363636363636363,23.484209234064277,66.4191797429865,49.709284695712,69.52191370183772,40.98409201882102,57.09533999081726,0.23624413329325647,44.81867305799841,0.0,0.0,10.24,28.72,21.933511352539064,64.9643455505371,48.83319458007813,68.16100448608398,39.82965240478516,57.48202626262627
292,0.06359060858121635,8.20318850697691,0.0,0.0,14.0,31.0,24.379112243652344,67.74784851074219,50.986820220947266,69.79512786865234,42.585899353027344,54.288,1,0.19558470910126013,40.99961379290825,0.0,0.0,12.0,32.8,21.728070068359376,65.23514556884766,48.97737045288086,67.94696197509765,39.36389083862305,59.20334797979798,0.2017930243441616,38.935439364805966,0.0,0.0,11.636363636363637,31.636363636363637,22.6189452084628,65.90709408846769,49.639856511896305,68.4638162092729,40.226111672141336,56.499355142332426,0.24952764878770378,47.365088218764086,0.0,0.0,10.04,28.92,21.5309086227417,64.75069900512695,48.87509719848633,67.39738296508789,39.41620239257813,57.36252626262626
293,0.009361459039069119,1.2076282160399163,0.0,0.0,14.0,40.0,21.062847137451172,64.23424530029297,47.4989013671875,66.20339965820312,37.396995544433594,53.266,1,0.26513726339497923,54.34103793437513,0.0,0.0,11.6,31.2,21.923691177368163,65.65118713378907,49.904946899414064,67.71114044189453,39.9402458190918,56.00793888888889,0.22151594300045588,44.1458130494858,0.0,0.0,11.636363636363637,32.27272727272727,21.967741532759234,65.54739483920011,49.71803179654208,67.53419702703303,39.671383597634055,55.26349150596877,0.22836853879206068,44.941085592736655,0.0,0.0,10.16,29.6,21.032483558654786,64.55594116210938,49.00537155151367,66.55925872802734,39.0440087890625,56.828336262626266
294,0.3636832787028357,85.82925377386923,0.0,0.0,10.0,29.0,17.94132423400879,63.293792724609375,48.509063720703125,65.32115173339844,36.81338119506836,58.93444444444444,1,0.16900765415797092,35.01898647773647,0.0,0.0,12.6,34.0,21.589870834350585,65.50509338378906,49.85069808959961,66.8305450439453,39.43272323608399,52.71618888888888,0.1814457135772725,35.951768290726825,0.0,0.0,11.818181818181818,33.27272727272727,21.38037248091264,65.18688583374023,49.762547579678625,66.5925504511053,39.125784093683414,55.58774150596878,0.2133919824407986,41.53675375437736,0.0,0.0,10.28,30.24,20.832477493286135,64.55788864135742,49.381605072021486,65.89169235229492,38.906545867919924,56.301358484848485
295,0.37235432100285537,72.6090925955568,0.0,0.0,11.0,28.0,22.650222778320312,66.471435546875,51.9066276550293,67.3060302734375,41.09355926513672,44.8375,1,0.1673497546256009,35.09268321484144,0.0,0.0,12.4,34.4,20.156696701049803,64.38899841308594,49.22097396850586,65.3121208190918,37.79481506347656,53.921922222222214,0.18585187697732938,36.81364081609396,0.0,0.0,11.818181818181818,33.54545454545455,20.745013323697176,64.75889483365145,49.78505394675515,65.5914254622026,38.55878933993253,55.094786960514234,0.21819582544270585,43.2574573321599,0.0,0.0,10.36,30.48,20.363589935302734,64.5263410949707,49.711026458740236,65.20470138549804,38.71149261474609,55.9724493939394
296,0.0360486034638781,7.245769296239498,0.0,0.0,14.0,42.0,21.915847778320312,65.77814483642578,50.35207748413086,65.52701568603516,39.273780822753906,52.255,1,0.2571252408121514,52.53917872454576,0.0,0.0,11.2,31.8,19.614977645874024,64.19631881713867,49.85549087524414,64.62864990234375,37.68428192138672,53.39622222222222,0.2166794882131435,42.92280245341658,0.0,0.0,11.363636363636363,33.36363636363637,20.087279406460848,64.33672783591531,49.8217922557484,64.63691503351384,38.03045654296875,53.31028282828283,0.2166118419265892,43.49898297536789,0.0,0.0,10.52,30.96,19.850179977416992,64.51648635864258,50.04027191162109,64.53775573730469,38.54671447753906,55.09844939393939
297,0.055301110919366216,8.571672192501763,0.0,0.0,13.0,33.0,17.213241577148438,62.16737365722656,47.838199615478516,62.203006744384766,34.396358489990234,60.31666666666666,1,0.20021794532449144,37.41531544239696,0.0,0.0,11.6,32.6,20.24250373840332,64.65228958129883,50.66603469848633,64.26578903198242,38.251519775390626,52.22893333333333,0.17943534605241762,35.43672987911067,0.0,0.0,11.454545454545455,33.45454545454545,19.10442421653054,63.69105703180487,49.64839727228338,63.36370641534979,37.17090467973189,51.52607828282828,0.214307143725321,43.09127009671394,0.0,0.0,10.52,31.2,19.533274688720702,64.58765914916992,50.366861267089845,64.02214141845702,38.530268859863284,54.33344939393939
298,0.4582388899718215,88.44010576456155,0.0,0.0,8.0,27.0,18.354251861572266,63.27084732055664,50.671485900878906,62.78604507446289,36.844329833984375,50.6375,1,0.13881855604829346,25.468577483387094,0.0,0.0,11.8,35.4,19.38091468811035,63.94013595581055,50.16842269897461,62.892967987060544,37.246733856201175,53.037683333333334,0.17634077686107957,35.10737672928161,0.0,0.0,11.090909090909092,33.90909090909091,18.3449013449929,63.070068706165664,49.45316071943803,62.13596864180131,36.44208041104403,50.952320707070704,0.20009600698340038,39.61139577273386,0.0,0.0,10.72,31.76,19.119514923095704,64.5605696105957,50.68477767944336,63.48100494384766,38.292481689453126,53.62269383838384
299,0.07914680126453608,10.209937363125153,0.0,0.0,12.0,33.0,21.078954696655273,65.57364654541016,52.56178283691406,63.5068473815918,39.64957046508789,53.098,1,0.20434788998116088,38.639973603893445,0.0,0.0,10.6,33.8,17.88515396118164,62.733985137939456,49.63258056640625,61.38466949462891,35.87200241088867,50.823683333333335,0.21059526172634602,41.7729589790508,0.0,0.0,10.454545454545455,33.0,17.59177927537398,62.49064774946733,49.361684972589664,60.893428108908914,35.7486124905673,51.439616161616165,0.21782704715127313,43.32258078857692,0.0,0.0,10.44,31.16,18.95438247680664,64.80272689819336,51.25834167480469,63.21648956298828,38.484519958496094,54.27841606060607
300,0.06535737462186543,12.87540280050749,0.0,0.0,12.0,42.0,18.34227752685547,62.910667419433594,49.4185676574707,60.441925048828125,36.06962966918945,48.881249999999994,1,0.21468988497347458,41.22748481780667,0.0,0.0,10.0,33.0,16.997214126586915,62.18175735473633,49.808135986328125,60.129007720947264,35.463995361328124,48.57785,0.1877444611026435,35.981928722598624,0.0,0.0,10.545454545454545,33.54545454545455,16.85637274655429,62.049781799316406,49.41460210626776,59.71380684592507,35.21781539916992,50.499325757575754,0.23374880591524455,47.115467319606324,0.0,0.0,10.36,31.2,18.677434997558592,65.0733088684082,51.82687606811523,62.93012176513672,38.62687255859375,54.51008606060606
301,0.36369527312821526,73.10274989877126,0.0,0.0,8.0,34.0,14.437044143676758,59.74739074707031,47.67286682128906,57.98552322387695,32.400123596191406,41.185,1,0.12895217647440987,24.45552443666579,0.0,0.0,10.4,34.8,16.531235885620116,61.71098327636719,49.44168243408203,58.82980117797852,35.00889587402344,48.045683333333336,0.15717121405364556,30.03980842266068,0.0,0.0,10.727272727272727,34.36363636363637,16.040049119429156,61.66226785833185,49.46460862593217,58.657595894553445,34.739842501553625,50.37955303030303,0.21504044681809809,43.4608973219647,0.0,0.0,10.4,31.6,18.263562545776367,65.16292892456055,52.27740295410156,62.53149353027344,38.55678344726562,54.595750346320344
302,0.10701108588093472,21.50922826206788,0.0,0.0,10.0,29.0,12.773542404174805,59.40623474121094,48.71597671508789,55.92469787597656,32.3563232421875,49.0875,1,0.1903549747329027,37.31934355674097,0.0,0.0,9.4,34.2,14.871145820617675,60.16837692260742,48.22785949707031,56.6355224609375,33.03275146484375,49.15133333333333,0.17674963222773254,35.64352664352989,0.0,0.0,10.363636363636363,33.27272727272727,15.154681119051846,61.47348820079457,49.66449390758168,57.81245387684215,34.500445279208094,49.605214187327825,0.23063619869077243,47.16514017202559,0.0,0.0,10.24,31.32,17.91619010925293,65.26186813354492,52.81646591186524,62.20680419921875,38.60507736206055,54.15453367965369
303,0.029550347476497808,4.58030385885716,0.0,0.0,10.0,36.0,16.02436065673828,60.91697692871094,48.83921813964844,56.29001235961914,34.56883239746094,47.97666666666667,1,0.19974839417695117,39.169847187218515,0.0,0.0,9.2,32.8,13.17306079864502,59.27509689331055,48.162376403808594,55.01620101928711,32.01374816894531,49.09333333333333,0.1849125159390926,37.15938850998545,0.0,0.0,10.181818181818182,33.0,14.87811209938743,61.92751901799982,50.42995869029652,57.55586970936168,35.060646057128906,47.66188085399449,0.22965253670940203,46.92906129649669,0.0,0.0,10.2,31.4,17.63242088317871,65.37315322875976,53.34040542602539,61.853119354248044,38.69706466674805,53.066031861471856
304,0.3861607925570002,74.52903296350104,0.0,0.0,7.0,30.0,12.778504371643066,57.86061477661133,46.49266815185547,52.53545379638672,29.768848419189453,58.62624999999999,1,0.13421906024408373,25.998451066712164,0.0,0.0,10.2,33.4,13.019784545898437,59.76737518310547,49.11914291381836,54.55663833618164,32.70089492797852,49.56033333333333,0.18540656479485565,37.339044198672305,0.0,0.0,10.0,32.63636363636363,14.907015193592418,62.53722936456854,51.120485132390804,57.579674460671164,35.74865237149325,49.25676721763086,0.21263034080960344,43.354481777018535,0.0,0.0,10.48,31.92,17.267278251647948,65.34520095825195,53.614973907470706,61.39544921875,38.56144378662109,51.39942471861472
305,0.11232447184210778,22.127920952895234,0.0,0.0,11.0,35.0,9.851852416992188,58.44426727294922,49.09115219116211,52.34531784057617,30.974613189697266,48.59125,1,0.16309908374366372,35.47393935945873,0.0,0.0,10.2,33.6,12.90043601989746,60.626441955566406,49.88611068725586,54.61778945922852,33.55771255493164,48.490287878787875,0.19031982973341197,38.493517809410804,0.0,0.0,9.909090909090908,32.36363636363637,14.819556669755416,62.944672324440695,51.74962199818004,57.6171066977761,35.963342840021305,49.86058539944904,0.21150596611469596,43.31162341605604,0.0,0.0,10.44,32.44,16.64350311279297,65.13464263916016,53.79037628173828,60.79572814941406,38.24277969360352,50.271554718614716
306,0.0360486034638781,7.245769296239498,0.0,0.0,13.0,37.0,13.670662879943848,62.20878219604492,52.45669937133789,55.68770980834961,35.83585739135742,43.519999999999996,1,0.18620758059722958,39.60710913238989,0.0,0.0,10.4,32.4,12.529760360717773,61.875389099121094,51.369929504394534,55.23590316772461,34.75565948486328,46.68295454545454,0.23847362228525706,49.386294615760306,0.0,0.0,9.181818181818182,29.90909090909091,15.206880049272018,63.939543290571734,52.978934894908555,58.234131206165664,37.005658236416906,52.98643135904499,0.2111315077531332,43.26331828741444,0.0,0.0,10.44,32.52,16.203944473266603,65.12690093994141,54.214503326416015,60.33763397216797,38.286766052246094,49.26418138528138
307,0.2514112033788347,68.88666972580072,0.0,0.0,10.0,30.0,12.176799774169922,63.701568603515625,52.55081558227539,56.23045349121094,36.640411376953125,43.73727272727273,1,0.20171010756287258,42.78456620771306,0.0,0.0,10.2,31.0,13.70849666595459,64.29879837036133,53.72485122680664,57.338391876220705,37.68436965942383,48.593954545454544,0.2635313932601347,54.19042267121913,0.0,0.0,9.0,28.727272727272727,15.584767428311435,65.23451579700817,54.46548496593129,58.94932556152344,38.28793369640004,55.60813590449955,0.19899427010963788,40.141050198555405,0.0,0.0,10.56,32.72,15.918263816833496,65.25791564941406,54.63330963134766,60.00240051269531,38.453497619628905,47.89664360750361
308,0.14509283174432722,25.246152723512935,0.0,0.0,11.0,30.0,14.170982360839844,67.16171264648438,56.2583122253418,59.38058090209961,40.55856704711914,38.940000000000005,1,0.2058837563121821,42.94081143338376,0.0,0.0,10.2,30.0,15.761508369445801,66.62104873657226,55.80307846069336,59.65304870605469,39.89168014526367,50.823704545454554,0.258549507951949,53.051418262706896,0.0,0.0,9.090909090909092,29.0,15.986554752696644,66.35938054865056,55.794512662020594,59.674285195090555,39.337262240323156,55.843168372032004,0.18641756301621615,37.595893685470465,0.0,0.0,10.6,33.2,15.370024375915527,65.15280410766601,54.77361877441406,59.48878601074219,38.26570205688476,47.779943607503604
309,0.46367342738521494,90.41631834011692,0.0,0.0,6.0,23.0,18.67218589782715,69.9776611328125,58.267276763916016,63.04789733886719,44.41239929199219,68.18125,1,0.31768385415783873,68.03084710820626,0.0,0.0,8.4,25.6,17.54794273376465,68.95014190673828,57.899940490722656,61.96134567260742,42.23152847290039,58.77281565656566,0.29284341945754905,61.36237939126454,0.0,0.0,8.909090909090908,28.636363636363637,16.04315081509677,67.19347797740589,57.04981751875444,60.3149264942516,40.150452006946914,55.41559261445625,0.18519126677338243,37.35436804226248,0.0,0.0,10.48,33.04,14.735918045043945,65.01573669433594,54.985044708251955,58.93712127685547,38.14072769165039,47.149393607503605
310,0.1331927155886553,22.909147081248715,0.0,0.0,11.0,30.0,20.116910934448242,70.0555191040039,59.4822883605957,63.918601989746094,42.011165618896484,59.74000000000001,1,0.3952677642524457,79.44314486480978,0.0,0.0,7.6,23.8,18.831343841552734,71.00824584960938,60.19476089477539,63.88578720092774,44.20447692871094,64.03011111111111,0.2577378928614581,54.58701275821898,0.0,0.0,9.363636363636363,29.363636363636363,16.206731015985664,68.04009073430842,58.311141620982774,60.96106858686967,41.12705369429155,53.14066079627444,0.18739288891299732,37.88099347011115,0.0,0.0,10.44,33.0,14.32313663482666,65.16218933105469,55.43062316894531,58.612379760742186,38.42286804199219,45.76497694083694
311,0.5950490926921614,132.695947670352,0.0,0.0,4.0,15.0,22.602834701538086,73.854248046875,62.941009521484375,67.22919464111328,47.535099029541016,83.26555555555555,1,0.3766912674017586,76.18995027379387,0.0,0.0,7.6,24.2,19.435787963867188,71.93185272216797,61.610154724121095,64.78952178955078,44.87255096435547,66.57668253968254,0.2558121910716261,53.89279617999933,0.0,0.0,9.818181818181818,29.90909090909091,16.62532476945357,68.70968523892489,59.07444901899858,61.51951599121094,41.803986289284445,51.1822354715991,0.1788722375359616,36.65829063588225,0.0,0.0,10.52,33.12,13.86695728302002,65.26944473266602,55.69407104492188,58.28133453369141,38.55068389892578,45.1194324963925
312,0.6393307538518698,125.94815850881834,0.0,0.0,6.0,21.0,18.59380531311035,73.9920883178711,64.02491760253906,65.8526611328125,46.50515365600586,70.02375,1,0.3653132567323353,77.30686186036871,0.0,0.0,8.0,26.0,19.030734252929687,71.95473022460938,62.48621368408203,64.84735565185547,44.69285507202149,61.59509920634921,0.2557606126847762,53.88242892424248,0.0,0.0,9.818181818181818,30.545454545454547,16.181149396029387,68.73469508777966,59.33946540138938,61.4390061118386,41.693389892578125,49.59780365341729,0.18177335968631297,37.91224955241284,0.0,0.0,10.48,33.2,13.197566318511964,65.15540298461914,55.777548828125,57.77113250732422,38.421340484619144,44.303803405483414
313,0.05221034749089158,8.980179768433352,0.0,0.0,11.0,32.0,17.19320297241211,71.77974700927734,63.33528137207031,63.899253845214844,43.8989372253418,51.67285714285714,1,0.3386747136146043,72.72503244411898,0.0,0.0,8.2,27.6,17.92292938232422,71.3782974243164,62.66320266723633,63.99223861694336,44.39291534423828,56.3674992063492,0.23290504874124573,47.62000440371515,0.0,0.0,10.181818181818182,31.636363636363637,15.989974975585938,68.76552547108044,59.844125574285336,61.304514451460406,41.86213926835494,48.17456673881674,0.192147306056246,40.81314091670694,1.6307650579859165,0.04,10.52,32.56,12.593311948776245,65.21330978393554,56.10592483520508,57.38826354980469,38.59390609741211,43.967886738816745
314,0.4067833740380983,96.00087627299119,0.0,0.0,8.0,32.0,16.64691734313965,70.09204864501953,62.6475715637207,63.337066650390625,43.513919830322266,43.27333333333334,1,0.23789324550696317,49.08415062854438,0.0,0.0,10.6,32.8,16.293639183044434,69.7694091796875,61.57250747680664,62.24404754638672,42.57006988525391,45.12410238095238,0.22519227654771168,46.03149520634065,0.0,0.0,10.363636363636363,32.0,15.683459108526057,68.71165709062056,60.09148094870827,61.082672119140625,41.90060320767489,46.8842031024531,0.1909025337373963,40.45651737176793,1.6307650579859165,0.04,10.52,32.12,12.230076036453248,65.52782333374023,56.58142135620117,57.2222038269043,39.05512237548828,43.46663673881674
315,0.0,0.0,0.0,0.0,12.0,38.0,14.577886581420898,67.17335510253906,60.36723327636719,59.64301681518555,40.51146697998047,33.602,1,0.11712334297829483,25.320864823363543,0.0,0.0,12.0,37.4,14.33182487487793,67.46776962280273,59.84189987182617,60.033935546875,40.19289855957031,36.33760238095238,0.18830711439153866,38.62820988164214,0.0,0.0,10.909090909090908,33.54545454545455,14.799100095575506,68.1540194424716,59.83212453668768,60.30246942693537,41.172082380814985,44.49681673881674,0.19404743359799195,41.25199979625599,1.6307650579859165,0.04,10.56,32.08,11.975381479263305,65.79501235961914,56.90063415527344,57.08875579833985,39.39952911376953,43.36504784992785
316,0.09114175215395595,14.491538592478996,0.0,0.0,16.0,41.0,14.45638370513916,65.80980682373047,57.48753356933594,58.48823928833008,38.42087173461914,27.048571428571424,1,0.10668127348011651,23.524828869676874,0.0,0.0,12.6,39.4,12.907960510253906,65.9199607849121,58.79525909423828,58.20429382324219,39.11244201660156,31.61936428571429,0.17668879455557324,36.65534453025952,0.0,0.0,10.909090909090908,34.27272727272727,13.521489056673916,67.45365038785067,59.48261885209517,59.19490536776456,40.63919656926935,42.38329401154401,0.1970561920990832,42.00752065953556,2.569498075619775,0.08,10.6,31.8,11.456474256515502,65.91057739257812,57.18170120239258,56.805744323730465,39.59487014770508,42.94382118326118
317,0.0354812412085283,7.131729482914189,0.0,0.0,13.0,44.0,8.784733772277832,62.483890533447266,55.37187957763672,54.802101135253906,34.61929702758789,26.091250000000002,1,0.03737506619558745,5.879163925557323,0.0,0.0,13.6,39.8,11.738438606262207,65.21538314819335,58.061589050292966,56.92494354248047,38.60599212646484,27.913897619047617,0.1326244828935348,26.56819545920193,0.0,0.0,11.636363636363637,35.81818181818182,12.09338647669012,66.72405416315252,59.122314453125,57.999930295077235,40.085993680087,37.15062987012987,0.20194904833470048,43.5823598390845,3.6740820526219466,0.12,10.64,31.32,11.077348747253417,66.27542190551758,57.704330139160156,56.75377319335937,40.18599380493164,42.19081118326118
318,0.0,0.0,0.0,0.0,14.0,42.0,10.073881149291992,64.04070281982422,58.10207748413086,54.75104522705078,38.49665451049805,28.081666666666667,1,0.048962394929049836,7.675199879243993,0.0,0.0,13.6,40.2,10.611708641052246,64.54944152832032,57.071013641357425,55.88947372436523,37.78343276977539,29.57749761904762,0.09679646941117646,20.379502404658357,0.0,0.0,12.0,36.63636363636363,11.034837636080654,65.99315816705877,58.507111289284445,56.96877150102095,39.498227552934125,33.92109704184704,0.2159745702130259,46.86390567017089,3.6740820526219466,0.12,10.52,30.68,10.911755237579346,66.70320266723633,58.140662384033206,56.8031477355957,40.79253494262695,41.581961183261186
319,0.06025233761545298,7.772551552393435,0.0,0.0,13.0,34.0,10.799307823181152,66.56916046142578,58.97922134399414,56.94031524658203,40.98167037963867,24.746,1,0.03181228397686571,5.018417803956178,0.0,0.0,12.6,39.6,8.933069801330566,63.85777206420899,56.70105209350586,54.53890533447266,37.32914276123047,31.466033333333332,0.10583869736866998,23.34120517810894,0.0,0.0,12.0,36.90909090909091,9.86674469167536,65.1697814247825,57.717424566095524,55.7735481262207,38.81795917857777,32.19695300406664,0.217641522724601,47.174091951796434,3.6740820526219466,0.12,10.48,30.36,10.66767608642578,66.87373138427735,58.31398834228516,56.613580474853514,41.0623713684082,41.75986118326118
320,0.05793664366731194,8.98017976843335,0.0,0.0,12.0,40.0,8.944236755371094,63.84364700317383,55.41435623168945,54.465667724609375,36.3986701965332,41.919999999999995,1,0.04678436861710776,7.939533485117039,0.0,0.0,12.4,37.2,8.554864311218262,64.5267318725586,57.42220840454102,54.39537887573242,38.69525680541992,31.389033333333334,0.09837712098976933,22.37727887218795,3.7062842226952672,0.09090909090909091,12.454545454545455,36.36363636363637,8.647562958977439,64.64853494817561,57.2610969543457,54.640196713534266,38.53340010209517,31.94331664043028,0.21167058298202043,45.239812349671546,4.302048724962703,0.16,10.48,30.24,10.3401047706604,66.95494476318359,58.523358459472654,56.316101989746095,41.333091735839844,41.568070274170275
321,0.005391197393035341,1.2076282160399163,0.0,0.0,11.0,38.0,6.063189506530762,62.35145950317383,55.637725830078125,51.73539733886719,36.14942169189453,36.491249999999994,1,0.09582888972629336,19.514040466884843,0.0,0.0,11.6,34.8,7.930041694641114,64.90903778076172,57.25332946777344,54.34715270996094,39.00387115478516,32.67247777777777,0.12861129964040321,28.21247535176029,3.7062842226952672,0.09090909090909091,12.090909090909092,35.0,7.809222936630249,64.68825080178,57.18773755160245,54.11210701682351,38.84422406283292,31.49347573133937,0.22436771469406117,47.41211157760301,4.302048724962703,0.16,10.36,29.72,10.013806324005127,67.04511596679687,58.72047348022461,56.011431274414065,41.65237487792969,41.569098845598845
322,0.11034166440973853,21.73730788871849,0.0,0.0,12.0,32.0,6.893706321716309,65.82868957519531,58.9776611328125,54.084468841552734,41.449867248535156,25.70625,1,0.11411339320786684,26.27131221168411,0.0,0.0,11.2,35.0,6.639016246795654,64.13972625732421,56.387230682373044,53.109449005126955,38.0907341003418,34.26473232323232,0.1372014660260278,30.65836174101396,3.7062842226952672,0.09090909090909091,11.636363636363637,33.81818181818182,7.077386097474531,64.71335567127575,57.11580692638051,53.57576682350852,39.0756440596147,33.26613085399449,0.21947385793449825,46.53972799150331,4.302048724962703,0.16,10.48,29.72,9.631406574249267,67.0240673828125,58.770603790283204,55.58420944213867,41.769506225585936,40.62924884559885
323,0.24522260554592804,57.872534908839015,0.0,0.0,10.0,30.0,6.94976806640625,65.95223236083984,57.25768280029297,54.50991439819336,40.03972625732422,34.49888888888889,1,0.16746727124844268,41.5548136395695,8.153825289929582,0.2,11.4,32.2,5.497352552413941,64.2426643371582,56.829953002929685,52.39035568237305,38.88775405883789,33.977398989898994,0.1435003813710506,32.14350682809871,5.83976835368131,0.18181818181818182,11.454545454545455,32.45454545454545,6.556199398907748,64.8335567821156,57.16071735728871,53.06782358342951,39.51501326127486,34.298380853994495,0.2158284174725997,45.96149800874455,4.302048724962703,0.16,10.48,29.96,9.185006580352784,66.87492065429687,58.66830200195312,54.978887481689455,41.85315826416016,39.70699884559885
324,0.15167485502332037,41.55891027638978,0.0,0.0,11.0,35.0,4.344180583953857,62.72260284423828,54.64872741699219,50.75179672241211,36.415985107421875,32.70727272727272,1,0.23290422480123016,54.15072025142066,8.153825289929582,0.2,10.8,29.2,5.355943918228149,65.29441833496094,57.614463806152344,52.810082244873044,40.443975830078124,32.40989898989899,0.1897260357753626,42.49805341466459,8.350186483231699,0.2727272727272727,10.909090909090908,30.272727272727273,5.940425352616743,65.10092267123136,57.293109547008164,52.748289975253016,40.065039201216265,35.36377479338843,0.20505575669334547,43.72857559304047,6.7143771926893905,0.2,10.72,30.32,8.40683422088623,66.6264862060547,58.53766632080078,54.234248352050784,41.86215179443359,37.96139884559884
325,0.32470603387019115,85.39768690786028,40.76912644964791,1.0,13.0,26.0,3.2359182834625244,64.35833740234375,57.627967834472656,50.870201110839844,40.38376998901367,40.483333333333334,1,0.24796260839844778,58.082516448530825,8.153825289929582,0.2,10.6,28.4,5.258438348770142,65.34587249755859,57.15819091796875,52.510887908935544,40.34730072021485,36.57820454545455,0.2263360522467072,51.26114570354291,8.350186483231699,0.2727272727272727,10.454545454545455,28.90909090909091,5.47794415734031,65.33452502163973,57.38585836237127,52.44277780706232,40.53380931507457,36.14777479338843,0.19138760992158843,40.226405009006726,6.7143771926893905,0.2,10.8,30.24,7.950335750579834,66.50603576660156,58.44886123657226,53.67914306640625,42.05202087402344,37.13580884559885
326,0.33257596515697263,64.18716127529572,0.0,0.0,8.0,23.0,5.356146335601807,67.6102294921875,59.560279846191406,53.83403015136719,43.9305305480957,28.653750000000002,1,0.21987194929001794,51.201674554932325,12.847490378098877,0.4,10.8,28.2,4.478820753097534,64.91664657592773,56.87983322143555,51.45185012817383,40.229827117919925,37.16762676767677,0.22813475884542925,51.80844084612879,8.350186483231699,0.2727272727272727,10.454545454545455,27.90909090909091,5.352893916043368,65.57346621426669,57.51090309836648,52.12303785844283,41.095909118652344,36.69754752066115,0.19240071383194157,40.490602898077135,6.7143771926893905,0.2,10.76,30.04,7.646357326507569,66.40912017822265,58.2752604675293,53.15761947631836,42.23175018310547,37.28079455988456
327,0.18563358239582672,41.39628887426936,0.0,0.0,11.0,28.0,6.4061784744262695,66.0859603881836,56.69629669189453,52.588497161865234,40.96649169921875,46.54777777777778,1,0.29123341797484026,65.66989499009931,18.370410263109733,0.6,10.2,24.8,4.270057964324951,65.7684715270996,57.8617660522461,51.54872589111328,41.85601806640625,38.586372222222224,0.2369298963382734,53.56499097855049,9.777383465824327,0.36363636363636365,10.363636363636363,26.90909090909091,5.16419640454379,65.88077926635742,57.706116069446914,51.855591860684484,41.7558181069114,36.920388429752066,0.17668461023411414,36.747178104440685,6.7143771926893905,0.2,11.04,29.96,7.358860340118408,66.29688201904297,58.09891754150391,52.53223236083984,42.38630722045898,37.738604083694085
328,0.10476931000377888,23.46832544084647,23.46832544084647,1.0,11.0,29.0,3.051680088043213,63.80610275268555,55.86589431762695,49.214725494384766,39.45235824584961,37.446000000000005,1,0.3188847149608508,69.42367095453822,10.21658497318015,0.4,9.2,23.4,4.765277242660522,66.72456130981445,58.336064147949216,52.09062194824219,43.006892395019534,37.16370555555555,0.2689462108960559,58.821020572466935,9.777383465824327,0.36363636363636365,10.0,25.545454545454547,5.084179574793035,66.2068977355957,57.90689121593129,51.64462314952504,42.400434320623226,38.125794273907914,0.19611693021701382,42.071633779755196,9.099336105218004,0.24,10.88,29.16,6.900661125183105,66.4286752319336,58.16415496826172,52.14271148681641,42.86537734985352,38.709796810966814
329,0.5084821984474318,113.90001245222473,27.61459942505428,1.0,8.0,18.0,3.3003666400909424,66.98172760009766,59.55839157104492,51.236175537109375,44.546939849853516,39.801,1,0.2679140051801071,59.58632396685469,10.21658497318015,0.4,10.0,24.6,5.207784795761109,66.49691543579101,57.781977844238284,51.51352157592773,42.73713989257813,41.02645555555556,0.2776829747915299,59.79685637053835,9.777383465824327,0.36363636363636365,9.909090909090908,24.90909090909091,5.2807635827498,66.52500811490145,58.112605008212,51.449844707142226,43.06415765935724,39.051804374918014,0.21844532936679642,47.336137814142724,9.099336105218004,0.24,10.48,28.08,6.7110686874389645,66.69351470947265,58.35724975585938,51.89961212158203,43.482466583251956,40.571765064935065
330,0.4629625188002438,104.16656673005485,0.0,0.0,8.0,19.0,5.712014675140381,69.13878631591797,59.99945831298828,53.579681396484375,46.13814163208008,33.37,1,0.251214830663806,55.41300212653654,13.356418334883932,0.6,9.8,24.4,4.724052476882934,66.42610397338868,57.999732208251956,50.754520416259766,43.2255256652832,39.505399999999995,0.26771768833860904,56.78726430107378,9.777383465824327,0.36363636363636365,9.909090909090908,25.0,5.7001027193936435,66.85266702825373,58.31951557506215,51.271095275878906,43.76292870261452,39.41330230880231,0.22940391902925597,49.83588247975631,9.099336105218004,0.24,10.28,27.04,6.851856803894043,66.99455368041993,58.514270324707034,51.71889862060547,44.1518505859375,42.4054483982684
331,0.07772241625325432,15.000426336878085,0.0,0.0,12.0,29.0,7.568684101104736,66.47200012207031,56.78984832763672,50.94852828979492,42.58176803588867,47.9675,1,0.32276519357211936,66.63006372272714,8.662753246714638,0.4,9.2,22.0,5.316420698165894,67.54808197021484,59.06379089355469,51.26433792114258,45.043183135986325,39.80934285714285,0.2678110100968467,56.012282516518304,11.553663942507898,0.36363636363636365,9.636363636363637,24.818181818181817,5.692157940431074,67.15130788629705,58.50562008944425,51.065914847634055,44.43348936601119,39.33532251082251,0.2380555838605867,51.57486711085378,9.099336105218004,0.24,10.04,26.32,6.88592227935791,67.12421737670898,58.51132507324219,51.39836441040039,44.564257049560545,43.81628173160173
332,0.10213770981432127,20.529679672678576,15.69916680851891,1.0,10.0,27.0,3.9875168800354004,65.73190307617188,57.78506851196289,48.79349136352539,43.40842056274414,38.9425,1,0.2893341555618615,57.571406969807114,3.139833361703782,0.2,9.4,23.0,6.478785800933838,68.04202575683594,59.056219482421874,51.49057312011719,45.601931762695315,40.786142857142856,0.26463383913329874,53.667440028580046,11.553663942507898,0.36363636363636365,9.636363636363637,24.454545454545453,5.858084960417314,67.457725871693,58.70966651222923,50.896914742209695,45.0990666476163,41.21989069264069,0.2521105150167485,53.88190396982206,9.099336105218004,0.24,9.84,25.6,6.758051452636718,67.20080490112305,58.584922790527344,50.9932112121582,45.045161437988284,45.4466703030303
333,0.4625211245453458,79.55363342179947,0.0,0.0,8.0,17.0,6.013521194458008,69.4159927368164,61.186187744140625,51.76381301879883,48.540645599365234,38.965714285714284,1,0.20515299261005096,38.42877312625204,3.139833361703782,0.2,10.0,26.4,7.127765083312989,67.479638671875,58.44127655029297,50.53174743652344,45.19479675292969,41.44889285714286,0.25480696302910716,51.32097076684588,11.553663942507898,0.36363636363636365,9.545454545454545,24.363636363636363,6.1478634964336045,67.75508013638583,58.91866337169301,50.73988446322355,45.77412830699574,42.01531998556999,0.2764045874683271,59.45706979729917,9.099336105218004,0.24,9.52,24.44,6.786036376953125,67.29959075927735,58.74775604248047,50.56880783081055,45.630976867675784,46.97435919191919
334,0.34132700839614233,68.60672868762461,0.0,0.0,9.0,23.0,9.112192153930664,69.45144653320312,59.52053451538086,52.36735153198242,47.34068298339844,44.685,1,0.2547550240015612,50.80326531442644,15.201475700337221,0.4,9.6,25.4,6.2437334060668945,67.713916015625,59.01833038330078,50.06468505859375,46.230430603027344,39.78050396825397,0.2465443697644375,49.407055402412546,9.420179811521855,0.2727272727272727,9.909090909090908,24.454545454545453,6.73039191419428,68.07144303755327,59.13440010764382,50.60239930586381,46.494627172296696,43.58555375180375,0.29004490734759697,62.67877306355551,9.099336105218004,0.24,9.44,24.0,6.944289741516113,67.33183822631835,58.77961166381836,50.16259216308594,46.03100997924805,47.80310919191919
335,0.04205670404119111,8.453397512279414,0.0,0.0,11.0,36.0,8.956911087036133,66.32685089111328,56.92474365234375,48.785552978515625,44.10246658325195,36.683749999999996,1,0.2938528989502858,54.37610816148568,12.061642338633439,0.2,9.2,23.8,6.882498741149902,68.76370086669922,59.82227478027344,50.700992584228516,47.7991226196289,41.86880396825397,0.24448307895762475,51.153544441561465,12.330122846809225,0.2727272727272727,9.909090909090908,24.454545454545453,6.714259147644043,68.38839374889027,59.356198050759055,50.48138289018111,47.21656175093217,45.229264495605406,0.2891983622691781,62.747433701973065,9.576224843484688,0.28,9.4,23.64,6.822924480438233,67.28396072387696,58.7611686706543,49.72581024169922,46.3178239440918,48.548059191919194
336,0.3257325732108055,76.8728872777501,60.308211693167195,1.0,10.0,24.0,3.1485257148742676,67.64338684082031,59.67511749267578,48.613216400146484,47.75993728637695,39.62555555555556,1,0.21685626309116052,41.582406876164505,12.061642338633439,0.2,9.6,25.8,7.598542976379394,68.75187377929687,59.384089660644534,50.52046279907226,47.76942749023438,45.13516111111112,0.26142755278474084,54.96605105266258,12.330122846809225,0.2727272727272727,9.727272727272727,24.0,7.078309882770885,68.68766715309836,59.56669304587624,50.375116868452594,47.9174672907049,48.88633520267611,0.3038923898200142,66.21522420397041,10.15401399796231,0.32,9.28,23.08,6.728460330963134,67.17989837646485,58.83900146484375,49.175278167724606,46.627928009033205,49.62561474747475
337,0.2976270845579443,38.393893907974814,0.0,0.0,8.0,19.0,7.1813435554504395,70.98082733154297,61.80479049682617,51.97502899169922,51.25188064575195,49.384,1,0.15136701823041462,28.34411242505555,12.061642338633439,0.2,10.8,27.2,7.668003082275391,68.31880340576171,59.12778244018555,49.58747024536133,47.776860046386716,47.1418753968254,0.28249333155899203,59.93195285142403,12.330122846809225,0.2727272727272727,9.363636363636363,23.0,7.50883284482089,69.00929121537642,59.79465172507546,50.314729170365766,48.71493356878107,51.06504732388824,0.3089127370959644,67.02534494225971,10.15401399796231,0.32,9.16,22.56,6.891892623901367,67.06040664672851,58.87445877075195,48.65277770996094,46.907896270751955,50.86203494949495
338,0.07753794524971942,15.585126995193603,0.0,0.0,10.0,27.0,9.593742370605469,69.35685729980469,58.995262145996094,50.86116409301758,48.39216995239258,55.2975,1,0.24011727733667473,53.275711299172215,23.98643690127651,0.4,10.2,23.6,6.50120210647583,69.1470703125,60.1424674987793,49.81135864257813,49.454010772705075,51.38148903318903,0.2928709598288963,62.01785613367479,10.902925864216597,0.18181818181818182,9.181818181818182,22.727272727272727,8.139560222625732,69.1502359563654,59.816776969216086,50.127838134765625,49.20569679953835,53.284138232979146,0.2966601068372217,63.75435285187009,8.523248939976392,0.28,9.2,22.88,6.988625764846802,66.88296035766602,58.75483413696289,48.195439147949216,47.00190628051758,50.967751616161614
339,0.013880784092412831,2.4152564320798326,0.0,0.0,15.0,30.0,9.459492683410645,67.28609466552734,58.23899841308594,47.702388763427734,47.377845764160156,54.71857142857142,1,0.3048411088742178,67.12196173405565,11.924794562643068,0.2,9.4,21.6,7.814811515808105,70.10455169677735,60.67042465209961,50.570866394042966,50.671643829345705,58.17593347763348,0.2882440954629102,60.735568825020316,10.902925864216597,0.18181818181818182,9.181818181818182,22.636363636363637,8.284016219052402,69.0654955777255,59.783411199396305,49.67762652310458,49.61148175326261,55.69686550570641,0.28791226029252226,62.28011249563734,9.616495034755465,0.32,9.24,23.12,6.886320638656616,66.6485285949707,58.67162902832031,47.68398452758789,47.02345733642578,51.59127434343434
340,0.4858079995724918,133.11139188286276,59.623972813215346,1.0,8.0,18.0,3.12290620803833,70.46818542480469,61.9981689453125,49.90499496459961,52.48822021484375,57.88181818181818,1,0.30720488851663247,73.36825217711146,11.924794562643068,0.2,9.4,21.4,8.839430141448975,69.91035919189453,60.1689453125,50.232713317871095,50.692047119140625,62.68580014430014,0.31769513605933153,67.98580489481456,10.902925864216597,0.18181818181818182,8.727272727272727,21.545454545454547,8.332349647175182,68.78020893443714,59.78019783713601,48.90382940118963,49.948152021928266,58.91752207136298,0.30512385626160815,66.53712636424713,11.741920694985717,0.36,9.04,22.76,6.771822652816772,66.44509719848632,58.74991851806641,47.13828048706055,47.18837783813476,51.49838141414141
341,0.6493517308985206,146.10413945216715,0.0,0.0,6.0,14.0,9.716572761535645,72.43079376220703,62.314903259277344,52.4107551574707,53.84810256958008,73.59777777777776,1,0.3349556236233423,78.94614993356014,11.924794562643068,0.2,9.0,20.8,9.105785274505616,69.49544677734374,59.975582122802734,49.40801849365234,50.774976348876955,64.29680014430014,0.3453626351805669,74.64915147301171,10.902925864216597,0.18181818181818182,8.545454545454545,20.727272727272727,8.428950786590576,68.49209941517223,59.735595356334336,48.248779643665664,50.134314103560015,60.783544798635695,0.3131258022355466,67.95158799281255,10.80318767735186,0.32,9.0,22.44,6.909696569442749,66.19775115966797,58.75467895507813,46.57924743652344,47.270221862792965,52.29374141414141
342,0.3094459827700176,69.62534612325396,0.0,0.0,8.0,18.0,12.304436683654785,70.0098648071289,59.297393798828125,50.284263610839844,51.35389709472656,71.93333333333334,1,0.41450459010875934,91.55279325246421,11.924794562643068,0.2,7.6,18.0,8.73439416885376,69.73499755859375,60.491615295410156,49.229837799072264,51.90026321411133,66.4542287157287,0.32385767738406357,69.79287297950329,6.504199206352954,0.18181818181818182,8.636363636363637,20.636363636363637,8.493591612035578,68.21831443093039,59.63027433915572,47.753480044278234,50.212521292946555,61.211221566312474,0.3118968832865203,67.69542051721953,9.698603700349686,0.28,9.0,22.48,7.020951919555664,65.7144857788086,58.542452087402346,45.86771987915039,47.00875823974609,52.57716808080808
343,0.2162916207832686,43.47461577743699,0.0,0.0,8.0,24.0,10.925518035888672,67.28229522705078,58.028446197509766,46.73768997192383,48.80681610107422,63.3525,1,0.4504006811856164,94.60237996696392,0.0,0.0,6.8,16.6,10.038584899902343,68.90401916503906,59.98901901245117,48.019955444335935,51.61143035888672,70.90030952380953,0.3524891509985078,79.44500057503033,7.817356375620275,0.2727272727272727,8.545454545454545,20.363636363636363,8.257848046042703,67.52466409856623,59.393793626265094,46.73271491310813,49.89801649613814,62.30701954611045,0.3153462144116476,66.93377178897359,9.698603700349686,0.28,8.88,22.36,7.15844144821167,65.03371459960937,58.206062927246094,44.93654052734375,46.65359954833984,53.040768080808085
344,0.411625616519498,65.44847302660018,0.0,0.0,8.0,16.0,7.602537155151367,68.48384857177734,60.81916427612305,46.811485290527344,53.00428009033203,65.50571428571429,1,0.3898101738808684,81.73159405102012,0.0,0.0,7.4,19.2,10.099175071716308,67.0493896484375,58.812861633300784,45.85380554199219,50.071859741210936,67.62275396825397,0.37063875024144916,83.6474370967057,7.817356375620275,0.2727272727272727,8.363636363636363,19.90909090909091,8.152052185752176,66.64997794411399,59.07923889160156,45.53527138449929,49.44556392322887,63.06340843499934,0.3274072018191195,69.91384737309254,9.698603700349686,0.28,8.8,22.2,7.264737854003906,64.49267562866211,57.937301788330075,44.179580230712894,46.48707061767578,53.9638903030303
345,0.6652884549567769,148.35932545536124,0.0,0.0,4.0,11.0,9.64385986328125,66.31329345703125,59.48518753051758,43.85558319091797,51.0440559387207,80.11222222222221,1,0.34575658481671845,72.49728959620083,2.3844436913334244,0.2,8.0,20.2,8.410202693939208,65.97376708984375,58.656700134277344,44.42993698120117,49.525123596191406,62.102087301587304,0.37104870417865016,83.75722147998206,7.817356375620275,0.2727272727272727,8.272727272727273,20.272727272727273,7.806120742451061,65.98053117231889,58.75181648947976,44.78384850241921,49.0233979658647,62.00956103240194,0.33497510626047505,71.36507568880147,9.07063702800893,0.24,8.76,22.24,7.501403751373291,63.952357330322265,57.55699584960937,43.56175765991211,46.0939453125,54.2249403030303
346,0.3463991943747807,81.75020987244824,0.0,0.0,9.0,27.0,10.019523620605469,63.15764617919922,56.43411636352539,41.58000564575195,46.15024948120117,57.21,1,0.425012919523431,92.71582593246788,5.273389463721528,0.4,7.8,18.6,7.142731952667236,65.18744277954102,58.89171142578125,43.23172149658203,49.322225952148436,61.719142857142856,0.3372370498120133,74.14083606967425,4.881645426189497,0.2727272727272727,8.363636363636363,21.272727272727273,7.776630921797319,65.18791753595525,58.34108768809926,43.978636654940516,48.29440585049716,60.769561032401946,0.3164742612786613,68.18293035192949,9.07063702800893,0.24,9.0,23.0,7.56291389465332,63.41406402587891,57.145051879882814,42.965994415283205,45.65921417236328,54.291211731601734
347,0.08917803744926807,23.4538238491575,11.922218456667121,1.0,11.0,23.0,3.859574794769287,64.63175201416016,58.51658630371094,43.164920806884766,48.620216369628906,44.32999999999999,1,0.39812450360394636,91.98851707387237,5.273389463721528,0.4,7.8,19.8,7.308222103118896,63.43773498535156,57.8349105834961,41.407281494140626,47.40440826416015,61.34155555555556,0.334198118059691,74.29697208216032,9.712158290349159,0.36363636363636365,8.363636363636363,21.727272727272727,7.215463291515004,64.1487704190341,58.008235931396484,42.75455856323242,47.49816963889382,58.099349829463456,0.30802061951339194,66.80611354848607,10.438089372070513,0.28,9.12,23.52,7.315190706253052,62.957252960205075,56.884423370361326,42.4534114074707,45.350664978027346,53.961945064935065
348,0.6125732943168315,144.56729745877223,14.444728861940519,1.0,7.0,16.0,4.588164329528809,63.35067367553711,59.2035026550293,40.746612548828125,47.792327880859375,61.43777777777777,1,0.26874486809291553,63.04122891242406,5.273389463721528,0.4,9.8,24.4,6.510299491882324,62.15951232910156,56.865343475341795,40.523512268066405,45.742401123046875,53.94436111111111,0.33377738865807477,73.31556481231743,9.712158290349159,0.36363636363636365,8.545454545454545,22.0,6.687653411518443,63.02264196222479,57.7071006081321,41.38679816506126,46.60222070867365,56.7717740718877,0.30821064315955815,66.70950329120288,10.6313098866369,0.32,9.2,23.12,7.093886919021607,62.61851165771484,56.803965454101565,42.0201741027832,45.19430297851562,54.16283506493506
349,0.27718353692207454,61.81192873362262,0.0,0.0,8.0,22.0,8.429987907409668,59.73530960083008,55.535160064697266,37.68928527832031,43.415191650390625,63.617777777777775,1,0.22224098952585675,52.15741741182978,10.739619937616887,0.6,9.8,24.8,5.066098403930664,61.87787017822266,57.07455062866211,40.41704406738281,45.406212615966794,51.350724747474736,0.3575471708343026,79.13567479276857,9.712158290349159,0.36363636363636365,8.545454545454545,21.545454545454547,6.2473108985207295,61.89698722145774,57.36385276100852,40.1786433133212,45.620723724365234,55.27488013249376,0.2951813402311259,63.63458780009289,8.21898141891021,0.28,9.4,23.16,7.192235193252563,62.07598083496094,56.48792343139648,41.4586865234375,44.71674682617188,54.33601284271285
350,0.018390277401623092,3.622884648119749,0.0,0.0,14.0,34.0,5.654246807098389,59.92218017578125,54.637351989746094,39.436737060546875,42.7340202331543,43.12625,1,0.32759007836059817,77.03097975990109,18.982304547434723,0.6,8.8,24.0,5.002929210662842,61.151554870605466,57.1019401550293,39.573239135742185,44.700070190429685,51.32981565656566,0.3700535508714778,80.92448165615998,9.712158290349159,0.36363636363636365,8.272727272727273,21.545454545454547,6.387921420010653,60.409319790926844,56.52481321855025,38.67761715975675,44.18935047496449,53.407087924701564,0.28415318501553744,62.3294641516237,8.21898141891021,0.28,9.56,23.68,7.160689191818237,61.40560882568359,56.0462825012207,40.84665054321289,44.05904693603516,54.102819509379515
351,0.11387980153948664,27.331152369476793,27.331152369476793,1.0,9.0,29.0,2.798518180847168,61.74943542480469,57.48015213012695,41.047664642333984,44.46930694580078,44.24181818181818,1,0.26603901136767966,59.88349349914306,16.093358775046617,0.4,9.4,25.0,5.385001945495605,60.00591049194336,56.458220672607425,38.47169647216797,43.44129638671875,50.508260101010094,0.34404979146086645,75.57384442747734,9.712158290349159,0.36363636363636365,8.818181818181818,22.818181818181817,6.440851818431508,59.19411364468661,55.66896161166105,37.60206604003906,43.04157673228871,52.582845500459136,0.2963263420147145,64.71517000922162,10.242350054178184,0.32,9.4,23.48,6.907287635803223,60.886357421875,55.84671356201172,40.354368133544924,43.61901443481445,53.09316950937951
352,0.615923481622975,147.82163558951402,53.1356415057563,1.0,6.0,19.0,3.543728828430176,61.00017547607422,58.653533935546875,38.94589614868164,45.08950424194336,44.22545454545454,1,0.3061541489276199,69.02027286489844,16.093358775046617,0.4,9.4,24.4,4.915354442596436,59.0388671875,56.20173263549805,37.623436737060544,42.360327911376956,47.16203787878787,0.33904398477663295,73.30658785410947,9.712158290349159,0.36363636363636365,8.818181818181818,22.90909090909091,6.430364608764648,58.2001408663663,54.92744376442649,36.85369526256215,41.89885295521129,51.51545913682278,0.31795300240771224,68.89966486098042,11.228092356315885,0.36,9.04,22.96,6.652690792083741,60.420928955078125,55.729248962402345,39.90004165649414,43.242701873779296,52.633326652236654
353,0.30481795935223893,58.82986615498211,0.0,0.0,10.0,21.0,6.498528003692627,57.62245178222656,55.98490524291992,35.23889923095703,41.49845886230469,57.33,1,0.4123152528329802,85.32076564005567,16.093358775046617,0.4,7.6,20.8,5.614355659484863,57.47833251953125,55.59220809936524,35.796128845214845,41.26535873413086,47.528787878787874,0.3309368904630631,71.1744220496406,8.628320248833967,0.2727272727272727,9.090909090909092,24.09090909090909,6.7659736980091445,57.41167796741832,54.23389850963246,36.28140536221591,40.90359393033114,51.17841368227732,0.3066648118898337,64.42219865002811,9.057425248599817,0.36,9.08,23.0,6.711014156341553,59.69409881591797,55.3407307434082,39.217454223632814,42.50845016479492,52.408553924963925
354,0.47775922472177557,107.4958255623995,0.0,0.0,8.0,19.0,6.081750392913818,54.90009307861328,54.25271987915039,33.4479866027832,38.01034927368164,46.88666666666666,1,0.46538871281309324,97.75499835413075,10.62712830115126,0.2,7.8,20.0,7.099870872497559,55.71765060424805,54.11034164428711,33.99150009155274,40.055206298828125,52.88953535353535,0.28706531500375204,61.13978669898308,10.423009316070242,0.2727272727272727,9.545454545454545,25.90909090909091,6.614241708408702,56.92808671431108,53.6703820662065,36.17287479747426,40.16128713434393,48.90710055096418,0.3146466226841208,62.10944459508512,9.588781663657379,0.4,9.04,23.12,6.487763710021973,58.75069473266601,54.80786926269531,38.356233749389645,41.569287109375,51.44884281385281
355,0.5491957969284251,85.1253485239059,0.0,0.0,5.0,16.0,9.149252891540527,52.1195068359375,51.58972930908203,30.30019760131836,37.25917434692383,44.96,1,0.4004710806581408,79.55274874930825,0.0,0.0,8.4,21.8,8.371957969665527,53.96240463256836,52.035118865966794,32.87190628051758,37.753363037109374,53.138194444444444,0.2661220203013221,56.06944236685372,10.862146849175666,0.36363636363636365,10.0,26.272727272727273,6.1591806628487324,56.75745114413175,53.61384894631126,36.19699616865678,39.86839849298651,46.91512075298439,0.30605690313123435,59.8130981989259,9.588781663657379,0.4,9.12,23.44,6.2254047775268555,57.92783218383789,54.31975524902344,37.638305587768556,40.78213096618652,50.420549480519476
356,0.37924710144005136,89.50231593985212,0.0,0.0,10.0,25.0,10.226094245910645,52.94602584838867,50.07081985473633,32.02452087402344,38.41854476928711,71.04555555555557,1,0.33950748878769305,67.78677551831183,0.0,0.0,9.2,24.8,8.58250732421875,53.62964630126953,51.015655517578125,33.198072814941405,36.98814468383789,49.79669444444445,0.26445017690117456,55.740089217024654,10.862146849175666,0.36363636363636365,10.090909090909092,25.454545454545453,6.154906641353261,56.226354425603695,53.353550304066054,35.75511342828924,39.23994515158913,46.9904616620753,0.30903694334704,59.877027850134574,9.588781663657379,0.4,9.04,23.24,6.083605251312256,57.19076141357422,53.80169158935547,37.13407173156738,39.89982032775879,49.13198281385281
357,0.291335320848213,56.81038756540154,0.0,0.0,9.0,28.0,9.90416431427002,52.22394561767578,48.27742004394531,33.34792709350586,33.58028793334961,45.46875,1,0.2699528366962197,53.12487212613983,6.83726172030791,0.2,10.0,28.2,7.9499797344207765,54.25586166381836,50.766075897216794,34.41903076171875,37.311465454101565,47.71002777777778,0.25609048623106057,53.779602883094505,8.377496633768686,0.2727272727272727,10.363636363636363,25.727272727272727,6.481649853966453,55.54199912331321,52.74296985973012,35.3575193231756,38.36177028309215,46.92794788797062,0.2955653152934367,57.93260316568529,9.588781663657379,0.4,9.16,23.76,6.0823181533813475,56.50411895751953,53.180588989257814,36.76650245666504,38.94614212036133,47.83464313131313
358,0.0,0.0,0.0,0.0,14.0,36.0,7.55127477645874,55.95866012573242,50.88758850097656,36.86973190307617,37.672367095947266,40.6225,1,0.1694751363496038,37.30743063739856,7.803364293139843,0.4,11.6,30.2,6.804992437362671,55.40362396240234,51.430789184570315,35.9499153137207,37.89831390380859,47.059227777777785,0.2348126124679853,47.18016086906068,8.145548849763504,0.2727272727272727,10.363636363636363,26.0,6.455738457766446,55.12158064408736,52.32047028975053,35.321901841597125,37.66193875399503,45.63983838383839,0.295185664387145,57.84794101358224,9.588781663657379,0.4,9.24,24.08,6.096972885131836,55.816465606689455,52.475262298583985,36.46046989440918,37.968484268188476,46.5936209090909
359,0.12998596426440895,34.18630860153955,34.18630860153955,1.0,12.0,36.0,2.91911244392395,58.03116989135742,53.00482177734375,39.55277633666992,39.626953125,36.45333333333333,1,0.0936257160615935,19.40696744942814,7.803364293139843,0.4,12.6,30.2,5.881220102310181,55.63044204711914,51.77143859863281,36.4602165222168,37.37881164550781,41.64111666666666,0.25751527924663226,51.561775557339544,10.385872263712828,0.36363636363636365,10.0,25.636363636363637,6.146287874741987,54.94230166348544,52.2584228515625,35.422386169433594,37.34117265181108,44.35733838383839,0.2963057178175671,57.91758534749149,9.588781663657379,0.4,9.24,23.76,6.050406036376953,55.24453369140625,51.93185287475586,36.146520462036136,37.29092399597168,46.03313202020202
360,0.04680729519534559,6.038141080199582,4.830512864159665,1.0,13.0,26.0,3.42431640625,57.85831832885742,54.91329574584961,37.954620361328125,40.193416595458984,41.706,1,0.03974329272559744,9.198050475596869,7.803364293139843,0.4,13.2,31.0,5.178925943374634,56.02995834350586,52.268708038330075,37.125457000732425,37.624630737304685,41.2582,0.2325920076015188,43.71440383430821,10.872899092832245,0.45454545454545453,10.090909090909092,25.636363636363637,6.009855140339244,54.70569610595703,52.079558632590555,35.3671427640048,36.988588853315875,44.846050505050506,0.29273859631959637,56.97943239352519,9.111892925390695,0.36,9.4,24.12,6.27471658706665,54.762738647460935,51.4385563659668,35.88165000915527,36.66914100646973,45.85862292929292
361,0.0,0.0,0.0,0.0,15.0,25.0,5.607232570648193,54.080116271972656,51.77406692504883,34.576026916503906,35.8210334777832,43.955,1,0.11611666677142676,24.243605162625244,17.920207469479703,0.6,11.6,28.2,4.320411682128906,56.11334075927734,52.892398071289065,37.46233139038086,37.56842880249023,39.14495,0.25983757158581633,44.00167106655246,12.080527308872162,0.5454545454545454,10.090909090909092,25.727272727272727,5.554042295976118,54.408076546408914,51.84352562644265,35.41987419128418,36.362211747602984,45.26832323232323,0.26988869176279523,51.63148665294867,8.534103770913074,0.32,9.56,24.6,6.5104176902771,54.369046936035154,50.858475341796876,35.81341926574707,36.04246345520019,45.12197848484848
362,0.021923204168232662,5.76580269624519,0.0,0.0,12.0,32.0,6.392693519592285,54.221527099609375,50.76376724243164,36.674129486083984,34.809383392333984,43.55416666666667,1,0.20102893270201613,38.81186898752727,16.011657259860307,0.6,10.4,24.4,4.355503511428833,55.637183380126956,53.35191040039062,36.820621490478516,37.23704452514649,40.49878333333333,0.2339699254501622,36.97570472831803,12.080527308872162,0.5454545454545454,10.090909090909092,25.818181818181817,5.146712216463956,54.08919247713956,51.572955044833094,35.44819589094682,35.74916163357821,43.012,0.2828649106244677,54.83800974350286,8.534103770913074,0.32,9.56,24.48,6.78873929977417,54.03914443969727,50.32879776000976,35.7781859588623,35.5576383972168,44.89451181818182
363,0.38186687022914656,75.22777343514187,50.5842158816993,1.0,6.0,22.0,3.2587034702301025,56.375572204589844,54.006038665771484,38.55410385131836,37.391357421875,30.056250000000002,1,0.23238812098805256,41.839188093298326,16.117013711091094,0.6,9.6,23.0,4.586838293075561,54.52500610351562,52.8262939453125,35.797759246826175,36.02474670410156,42.61008333333333,0.2339205895710893,35.908656500340946,12.080527308872162,0.5454545454545454,9.818181818181818,25.0,4.917290904305198,53.78297250921076,51.28199455954812,35.51946102489125,35.1281400160356,41.70923484848485,0.28906032312865465,56.35654002163851,8.534103770913074,0.32,9.44,24.24,7.024048233032227,53.77101913452148,49.95651184082031,35.65376228332519,35.25723587036133,45.24222545454546
364,0.5545472939173559,107.02762772604969,24.643557553442562,1.0,6.0,17.0,3.094571590423584,55.65038299560547,55.30238342285156,36.3442268371582,37.97003173828125,43.2225,1,0.4021675211391923,59.496245709016854,18.773795786378905,0.8,7.6,21.4,4.292454099655151,53.47812118530273,52.27015380859375,35.058602523803714,34.93434524536133,43.74008333333334,0.24072376367830886,37.43937067446536,12.080527308872162,0.5454545454545454,9.545454545454545,24.363636363636363,4.919025897979736,53.36107496781783,50.77326826615767,35.587872071699664,34.35449981689453,41.022845959595955,0.28475033476576356,55.31159905550103,7.440857676134002,0.28,9.56,24.64,7.368147735595703,53.57115341186523,49.55788223266602,35.61503288269043,35.00678329467773,45.92360272727273
365,0.2036032366255275,21.17473660905486,5.3572951203136,1.0,9.0,19.0,4.580990314483643,52.29743194580078,52.285213470458984,32.840309143066406,34.131927490234375,52.262499999999996,1,0.4167234790951169,60.786422413622496,18.773795786378905,0.8,7.2,20.2,4.163008069992065,52.52147598266602,51.53630905151367,34.190988540649414,34.30746726989746,44.27445,0.2885247834996792,47.62632186094219,8.972681072368566,0.45454545454545453,9.0,22.818181818181817,5.563672780990601,52.55114676735618,49.75937721946023,35.28350778059526,33.1704685904763,42.17133080808081,0.27381473302047943,52.632249286554305,5.31543201590375,0.24,9.72,24.76,7.873777046203613,53.38489273071289,49.01087738037109,35.710881271362304,34.646065673828126,47.78565121212121
366,0.8488970007556986,88.28528807859266,13.283910376439081,1.0,5.0,17.0,4.135311603546143,48.8456916809082,48.99336624145508,30.8802433013916,30.36902618408203,49.605,1,0.3985086302849697,54.755439138124856,8.656952610039049,0.6,7.2,19.6,4.987373352050781,51.01746673583985,49.75047225952149,33.306536483764646,32.179005813598636,44.49086666666666,0.3183059866760419,54.667519782758546,8.533543539263142,0.36363636363636365,8.636363636363637,22.181818181818183,6.057403326034546,51.733058582652696,48.66261222145774,34.89956682378595,32.17208914323287,42.30694696969697,0.27498947162897003,52.40448030058528,5.31543201590375,0.24,9.56,24.64,8.321297550201416,53.376710205078126,48.599283142089845,35.9547452545166,34.56946807861328,48.133365497835506
367,0.0947029939478558,12.216686219273399,0.0,0.0,10.0,26.0,5.7454633712768555,49.43830108642578,47.09454345703125,32.3360595703125,31.67499351501465,46.226,1,0.30256615453738156,36.71748477598861,3.7282410993505364,0.4,8.2,22.0,5.882530975341797,50.15094757080078,47.7483154296875,33.562141799926756,30.417464447021484,42.46081111111111,0.3183059866760419,54.667519782758546,8.533543539263142,0.36363636363636365,8.636363636363637,22.818181818181817,6.408322052522139,51.59730945933949,48.15444009954279,35.07839705727317,31.922508066350762,41.944426308539946,0.259066750723047,48.73261395043005,5.31543201590375,0.24,9.72,25.16,8.606768989562989,53.58145812988281,48.40469818115234,36.320077438354495,34.72220703125,48.279198831168834
368,0.2907926261784106,45.07285705765364,0.0,0.0,6.0,19.0,7.380529880523682,48.855525970458984,45.07685470581055,34.13184356689453,26.74905014038086,31.138333333333335,1,0.39300494367217265,61.73109178473457,2.656782075287816,0.2,7.6,22.0,6.96837854385376,49.51585311889649,45.66167678833008,34.23503379821777,28.911600875854493,41.82564444444445,0.32006984815136647,55.131415350768926,8.533543539263142,0.36363636363636365,8.545454545454545,22.454545454545453,6.779958269812844,51.53247798572887,47.60332280939276,35.29355291886763,31.67850858514959,41.896017217630856,0.23803311659161797,45.515373756361114,5.31543201590375,0.24,9.96,25.88,8.796124382019043,53.956824188232424,48.32700363159179,36.924455337524414,34.87543594360351,49.00134883116883
369,0.07483491517941537,16.837855915368458,0.0,0.0,11.0,29.0,7.570359706878662,51.317787170410156,45.29159927368164,37.62225341796875,29.162324905395508,33.07222222222222,1,0.29810564954809976,60.772297813051956,0.0,0.0,8.4,22.4,7.912386703491211,49.518584442138675,44.432779693603514,34.80523910522461,28.680044174194336,40.544200000000004,0.34004458799088827,61.19934558370851,3.9349784591086614,0.2727272727272727,8.727272727272727,22.181818181818183,7.88262414932251,51.088130257346414,46.538521159778945,35.1348573511297,31.124254746870562,44.43009550045913,0.24261636798119357,46.340230323487646,5.31543201590375,0.24,9.88,25.48,9.121915054321288,54.30534744262695,48.24055419921875,37.50498970031738,35.01356658935547,49.52352660894661
370,0.655797182299483,146.2427716527847,0.0,0.0,6.0,19.0,10.010228157043457,49.1219596862793,41.852020263671875,36.204769134521484,26.602609634399414,49.086666666666666,1,0.27916505075852865,58.32896056919727,0.0,0.0,9.4,23.6,8.656761741638183,50.14829940795899,44.25070571899414,35.64665908813477,28.96017379760742,39.29245454545454,0.3053835239989738,55.25011957238681,1.6946550451593374,0.18181818181818182,9.181818181818182,23.181818181818183,8.650114926424893,50.86709976196289,45.63195939497514,35.13321356339888,30.874611594460227,45.211603764921946,0.2566358394529617,50.126615517016,5.31543201590375,0.24,9.72,24.96,9.510264167785644,54.733566741943356,48.29521926879883,38.0256339263916,35.47633743286133,51.41642105339106
371,0.3744005301353342,83.49131822017952,0.0,0.0,9.0,19.0,8.855352401733398,48.85934829711914,42.848880767822266,33.73126983642578,29.21124267578125,43.19777777777778,1,0.22927166160220716,51.48811994653839,0.0,0.0,10.4,25.4,9.276794147491454,51.078870391845705,44.17563018798828,36.62845916748047,30.035441589355468,41.66912121212121,0.28743141998458105,53.43492790029454,1.207628216039919,0.09090909090909091,9.454545454545455,25.0,9.270116329193115,51.27213252674449,45.198250163685195,35.791315425526015,31.245162963867188,46.031035583103765,0.2579297268272902,50.41644628886557,5.31543201590375,0.24,9.56,24.48,9.753986759185791,55.12886383056641,48.37907592773438,38.50061714172363,35.851143798828126,52.734471053391054
372,0.0,0.0,0.0,0.0,15.0,32.0,9.467338562011719,52.586875915527344,46.184173583984375,36.54315948486328,33.07564163208008,39.96727272727273,1,0.33462248025910146,76.51554996296016,0.0,0.0,9.8,23.4,10.840327835083007,51.11286239624023,43.57595443725586,36.46569900512695,30.4618896484375,46.640898989898986,0.24139836882414228,52.757891835499365,0.0,0.0,9.909090909090908,25.454545454545453,10.365493601018732,51.953765869140625,44.833254380659625,36.74239384044301,31.76357546719638,49.773914370982546,0.27814596685422643,53.954219914123925,3.9479796718421682,0.2,9.24,23.6,10.33350598335266,55.56386001586914,48.460275115966795,39.01447624206543,36.303793334960936,54.26473772005773
373,0.04132568039680322,10.868653944359247,0.0,0.0,11.0,28.0,10.480691909790039,53.50838088989258,44.70147705078125,39.04084396362305,32.125389099121094,43.02166666666667,1,0.2381181618004641,55.58422395270544,0.0,0.0,10.8,25.2,11.145676231384277,51.93227996826172,44.27159118652344,36.48997421264649,32.18615913391113,47.18738383838384,0.2631695897892922,56.47779686154327,0.0,0.0,9.545454545454545,24.727272727272727,11.4510460766879,52.67918291958895,44.70602763782848,37.56052468039773,32.482532327825375,51.57362865669684,0.2877850781733465,55.95072319887077,3.9112074554956062,0.16666666666666666,9.083333333333334,23.5,10.621388882398605,55.46825758616129,48.191399256388344,39.05863690376282,36.14172569910685,54.78801845839346
374,0.6015890084638869,141.9750059974773,0.0,0.0,8.0,19.0,15.388028144836426,51.48774719238281,42.29322052001953,36.80845260620117,31.294565200805664,57.93111111111111,1,0.16446407426683882,39.12748595187752,0.0,0.0,11.4,29.2,11.654806900024415,53.51096878051758,45.20469741821289,37.759606170654294,33.98550910949707,50.80307828282828,0.24397855123431852,53.8074613843492,0.0,0.0,10.090909090909092,25.90909090909091,11.981773939999668,53.69402521306818,45.09795865145597,38.328656283291906,33.85342077775435,53.3367347173029,0.2922887125837506,56.72534831746028,3.9112074554956062,0.16666666666666666,8.833333333333334,23.541666666666668,11.073155949513117,55.99262555440267,48.261385440826416,39.757547775904335,36.56189791361491,55.51769107744108
375,0.17327559000629622,41.586141601511095,0.0,0.0,11.0,28.0,11.536970138549805,53.21904754638672,45.330204010009766,36.32614517211914,35.22395706176758,51.81909090909091,1,0.23297076186501314,55.295064225046666,0.0,0.0,10.4,27.2,12.998231506347656,54.262325286865234,44.96354522705078,38.71939544677734,34.58469352722168,60.96495707070708,0.23929855382188975,52.70350572587776,0.0,0.0,10.090909090909092,26.363636363636363,12.555662848732688,54.62001349709251,45.49393740567294,39.03660097989169,34.93774552778764,56.05869178800997,0.3127985150527629,61.2624955944363,3.9112074554956062,0.16666666666666666,8.583333333333334,22.791666666666668,11.604534814755121,56.50287914276123,48.293846130371094,40.42706227302551,37.050638357798256,57.27214709595959
376,0.006130092467207697,1.2076282160399163,0.0,0.0,12.0,39.0,11.401005744934082,56.75279235839844,47.51441192626953,40.079429626464844,38.20799255371094,61.276250000000005,1,0.29154291069855354,63.74846173732608,0.0,0.0,9.4,25.2,14.439401245117187,55.044226837158206,45.16225967407227,39.17832641601562,36.07631950378418,65.56519516594517,0.22457411781097691,49.41995649544419,0.0,0.0,10.272727272727273,26.0,13.315720384771174,55.7597541809082,46.0446250221946,39.97597468983043,36.32585473494096,59.24172209104028,0.31886274684863264,63.02850839433017,1.8035317937581352,0.125,8.583333333333334,22.625,12.113612433274588,56.90023994445801,48.19520298639933,41.02625489234924,37.34729560216268,59.27202556818182
377,0.3425334379908719,80.83789136584576,0.0,0.0,10.0,22.0,16.18446159362793,56.343658447265625,44.97841262817383,41.342105865478516,36.071563720703125,90.77666666666667,1,0.1871633494205162,38.493293899534414,0.0,0.0,10.2,27.8,14.005502891540527,56.75043563842773,46.581234741210935,40.33289413452148,38.183171081542966,64.08547294372295,0.24888517031162072,55.59983823939244,0.0,0.0,9.909090909090908,25.636363636363637,14.293678543784402,57.03885234485973,46.66236738725142,41.124407681551844,37.774792584505946,63.75020693952512,0.2974853321764862,58.91649714320119,0.7767168956980285,0.08333333333333333,8.833333333333334,23.25,12.503264546394348,57.222935358683266,48.0091667175293,41.576155265172325,37.51526069641113,59.93452556818181
378,0.3341864245645052,53.135641505756325,0.0,0.0,6.0,18.0,17.686540603637695,57.41788864135742,45.69504928588867,41.33549880981445,39.583518981933594,66.02285714285715,1,0.15717922014779676,31.11493431366869,0.0,0.0,10.2,29.0,14.474736404418945,58.40735778808594,47.44466705322266,42.149594116210935,39.3563591003418,66.32440476190477,0.2518258234350946,56.258544539050575,0.0,0.0,9.454545454545455,24.90909090909091,14.673405907370828,58.24378065629439,47.28053387728605,42.23360339078036,39.04450936750932,66.80534123704578,0.2977636773256707,59.79534093288211,0.5534962656849617,0.041666666666666664,8.916666666666666,23.458333333333332,13.01774917046229,57.58295806248983,47.80254872639974,42.20658040046692,37.77045885721842,60.27624431818182
379,0.07969120207370006,15.699166808518912,0.0,0.0,12.0,32.0,13.218536376953125,60.01879119873047,49.38809585571289,42.58129119873047,41.82882308959961,50.5325,1,0.2547188788902435,52.898154694063805,0.0,0.0,9.4,24.2,15.868707466125489,59.38862075805664,47.52370147705078,43.4412841796875,40.0891227722168,70.88915476190476,0.3058318493024592,66.41872592892683,0.0,0.0,8.818181818181818,23.636363636363637,15.303078738125889,59.64357098666105,48.219927007501774,43.44800428910689,40.7552186792547,69.68609881280337,0.2779762434996857,58.828277032698175,0.0,0.0,9.041666666666666,23.541666666666668,13.53940717379252,58.11657555898031,47.721764087677,43.016695976257324,38.188652674357094,60.52317884199133
380,0.023354943642698855,4.69434367218247,0.0,0.0,11.0,34.0,13.883137702941895,61.503658294677734,49.64736557006836,45.409645080566406,41.08989715576172,63.013749999999995,1,0.3145766128205525,67.02457990161672,0.0,0.0,8.4,22.8,16.554393577575684,60.7057746887207,48.45682830810547,44.44566955566406,41.90472183227539,71.29204365079364,0.2762561333863164,58.8630979220718,0.0,0.0,8.9,24.1,15.294583797454834,60.45915336608887,48.81259765625,44.11195945739746,41.70128402709961,70.86159758297258,0.27692644114605314,59.00274119192508,0.0,0.0,9.125,23.583333333333332,13.805469433466593,58.58889897664388,47.76253573099772,43.713585217793785,38.47111948331197,61.10686402717653
381,0.4938283861794417,110.1237301180155,0.0,0.0,8.0,15.0,18.370861053466797,61.65910720825195,47.909584045410156,46.537879943847656,41.87181091308594,84.1,1,0.2542087647792939,57.84660545971335,0.0,0.0,9.2,24.0,15.745953369140626,62.39041442871094,49.91461944580078,45.927432250976565,43.39652328491211,72.80222222222221,0.26973729697065674,56.56358404653552,0.0,0.0,8.7,23.9,15.785851001739502,61.80374336242676,49.62495079040527,45.61433372497559,42.76940498352051,71.82640277777777,0.2669784371051259,57.56054491320733,0.0,0.0,9.416666666666666,23.958333333333332,14.114258666833242,58.95325565338135,47.78106180826823,44.18601640065511,38.85444315274557,61.972454304954304
382,0.6418221076424165,151.4700174036103,0.0,0.0,5.0,15.0,19.612892150878906,62.92942810058594,49.644046783447266,46.36403274536133,45.149559020996094,92.7911111111111,1,0.36534891735211666,79.2329019446092,0.0,0.0,7.6,20.4,16.58366470336914,64.16787109375,51.04396057128906,47.89102478027344,45.21939697265625,77.63772222222221,0.32054013406638876,67.9085549592985,0.0,0.0,8.1,21.4,16.560329055786134,62.775225448608396,50.02779197692871,46.88063850402832,43.602521133422854,74.26488888888889,0.29094014349643826,62.13953401553897,0.0,0.0,9.208333333333334,23.5,14.509326934814453,59.16551526387533,47.667580127716064,44.54098606109619,39.09795300165812,63.54954921236171
383,0.032347184358212044,7.245769296239498,0.0,0.0,10.0,24.0,13.644339561462402,65.8410873413086,52.984004974365234,48.74431228637695,47.04252624511719,73.57375,1,0.45084741077947116,97.86754151271587,0.0,0.0,6.75,17.0,17.258796453475952,64.83392429351807,51.39310932159424,48.511369705200195,46.25177192687988,81.29371527777776,0.33902763360030364,71.58597388597339,0.0,0.0,7.7,21.0,16.489539527893065,63.732082748413085,50.69381103515625,48.039900588989255,44.44647789001465,72.99255555555555,0.27632083426246173,59.52741229781581,0.0,0.0,9.333333333333334,23.625,14.67219611008962,59.510275999704994,47.75928544998169,45.031388918558754,39.44716763496399,64.57536991943242
384,0.6353919649378141,122.63064923299814,0.0,0.0,4.0,14.0,17.407093048095703,68.90607452392578,55.0348014831543,52.399253845214844,50.94319152832031,74.71000000000001,1,0.3544121206970356,74.98435969474907,0.0,0.0,7.0,19.75,16.778491735458374,66.08538436889648,52.779147148132324,49.71437168121338,47.26011085510254,75.6355009920635,0.3097579253224373,67.10634550529315,0.0,0.0,8.3,22.4,15.965507698059081,64.32980117797851,51.20805740356445,48.860534286499025,44.688245391845705,72.30251984126984,0.27871986523723713,60.062396205190716,0.0,0.0,9.333333333333334,23.833333333333332,14.804914712905884,59.776161988576256,47.81095218658447,45.49470043182373,39.49040945370992,65.1006014009139
385,,,,,,,,,,,,,0,0.32249620964256337,65.78118967976393,0.0,0.0,7.25,19.5,16.661715269088745,66.96993064880371,53.253841400146484,51.308982849121094,47.60750961303711,73.8530009920635,0.3228171571356628,69.76312758058097,0.0,0.0,8.2,21.6,16.336516189575196,64.42171974182129,51.001885986328126,49.39945640563965,44.53103141784668,73.29564484126985,0.2814956658177105,60.598125717222075,0.0,0.0,9.041666666666666,23.666666666666668,14.826253493626913,60.02272272109985,47.87837807337443,45.944125970204674,39.574742237726845,65.71165253727754
386,0.10808722584969956,18.591002846148324,0.0,0.0,9.0,26.0,16.449642181396484,66.66494750976562,53.4537353515625,51.34988784790039,45.90516662597656,61.46714285714285,1,0.4462615218855155,93.3727675138527,0.0,0.0,6.25,18.0,17.11977195739746,66.98771667480469,52.91749095916748,52.35658645629883,46.974660873413086,74.97289682539682,0.35788152166459886,75.80126866078055,0.0,0.0,7.9,20.1,16.613712787628174,64.43660507202148,50.74260292053223,49.89079360961914,44.462609481811526,72.5474126984127,0.28096899519923785,60.38550691521733,0.0,0.0,9.0,23.958333333333332,14.740586201349894,60.279787381490074,48.079268296559654,46.25757630666097,39.757062355677284,66.23887475949975
387,0.5141584634245278,114.6573373436697,0.0,0.0,6.0,14.0,19.14578628540039,66.46761322021484,51.542823791503906,52.74247741699219,46.539154052734375,85.6611111111111,1,0.29778586609752233,64.7999446303417,0.0,0.0,8.25,22.5,15.879554271697998,65.60996627807617,51.86816883087158,51.642231941223145,44.73916149139404,71.07602182539682,0.31544945679272207,66.42927825305091,0.0,0.0,8.3,21.3,15.989722442626952,64.34810066223145,50.758950805664064,50.14314575195313,44.12084808349609,70.16085714285715,0.25640346156135196,54.57051734999243,0.0,0.0,9.083333333333334,24.75,14.364045898119608,60.62067778905233,48.46745363871256,46.61574649810791,40.00858163833618,65.21601596320347
388,0.5274084333300205,117.61208063259458,0.0,0.0,6.0,18.0,15.476566314697266,65.9122314453125,51.63860321044922,52.93472671508789,44.511131286621094,78.05333333333334,1,0.28028539691920895,60.293353216552774,0.0,0.0,8.8,22.8,16.08936767578125,64.67556838989258,50.95981140136719,50.90788803100586,43.84266586303711,68.95356746031746,0.25647129894809617,52.32829114953264,0.0,0.0,9.1,22.6,15.507580375671386,63.81516647338867,50.34669418334961,50.053761672973636,43.20077400207519,66.07299603174604,0.249866186890193,53.02477784260379,0.0,0.0,9.083333333333334,24.958333333333332,14.038837422927221,60.81754859288534,48.6920428276062,46.9773523012797,39.951873143514,64.31601596320347
389,0.04148934178584132,8.339357698954105,0.0,0.0,12.0,32.0,12.446222305297852,63.39507293701172,50.8375129699707,49.54183578491211,42.00119400024414,59.1225,1,0.33346766953568086,69.59030354215875,0.0,0.0,8.6,21.4,16.13045997619629,63.67308120727539,49.679971313476564,50.70251388549805,42.742768096923825,67.7664246031746,0.31822816736936604,64.27707365704147,0.0,0.0,8.7,22.0,15.84834623336792,62.872259521484374,49.305097579956055,49.79348297119141,41.99717750549316,65.80787103174603,0.26087429676898044,55.63265317425685,1.3490784252677968,0.041666666666666664,8.875,24.375,13.707180420557657,60.84639724095663,48.89256477355957,47.148059050242104,39.730435053507485,63.0682555465368
390,0.2102835202059556,42.26698756139707,0.0,0.0,11.0,24.0,16.928621292114258,60.9379768371582,47.32638168334961,47.97051239013672,40.256683349609375,60.46375,1,0.24453752434291012,49.93960128156864,0.0,0.0,9.8,24.0,14.727494239807129,62.53437118530273,48.986019134521484,49.96629867553711,41.12577667236328,62.681091269841275,0.2851823469439894,60.36919377648454,0.0,0.0,9.2,22.8,15.499545764923095,61.721273803710936,48.206912231445315,49.35100135803223,40.40123443603515,65.7075073953824,0.2508601127284273,53.2224672727199,2.2624938713051512,0.08333333333333333,8.875,24.666666666666668,13.147822886705399,60.910426457722984,49.234092235565186,47.34495973587036,39.65487337112427,60.668857398388646
391,0.3739985889320591,65.07575447417828,0.0,0.0,8.0,19.0,16.65510368347168,61.65251159667969,47.054534912109375,50.32301712036133,40.405677795410156,55.53142857142857,1,0.14946394351613754,28.509214428735255,0.0,0.0,11.2,26.0,14.590475273132324,60.871942138671876,47.762594604492186,48.473391723632815,39.41331405639649,57.45292460317461,0.2985273402699852,63.63844270563843,0.0,0.0,9.181818181818182,22.90909090909091,15.185096047141336,61.13212273337624,47.832545887340196,48.94188724864613,39.478308244185015,64.80712793519612,0.25717185188417324,56.55319375243255,6.583407943928466,0.125,8.791666666666666,24.708333333333332,12.508488237857819,60.79256741205851,49.476065476735435,47.423084100087486,39.26495941480001,59.29180653258778
392,0.06950773746067418,16.403826040719107,0.0,0.0,12.0,27.0,12.13095760345459,60.77406311035156,48.073062896728516,49.0614013671875,38.45419692993164,60.23444444444445,1,0.2711492488731515,52.188061763209966,0.0,0.0,10.0,23.2,15.511630439758301,59.47533111572265,46.108699798583984,47.79332962036133,38.01438751220703,59.81292460317461,0.29475752100468167,63.117215927693366,0.0,0.0,9.090909090909092,23.09090909090909,14.596898512406783,60.390248732133344,47.318787661465734,48.57638584483754,38.4959865916859,64.18579676636494,0.2609021571107723,57.11179458258082,7.494233670421711,0.16666666666666666,8.625,24.25,12.076357225577036,60.45930973688761,49.4103258450826,47.374425729115806,38.691714684168495,58.644440461159206
393,0.0520405291961575,10.460146368427658,0.0,0.0,13.0,28.0,14.791471481323242,57.6000862121582,45.521480560302734,45.470191955566406,35.94881820678711,51.9125,1,0.29007929696876983,60.44503433641635,0.0,0.0,9.6,22.8,14.909723854064941,58.7669792175293,45.45401306152344,47.794114685058595,36.9598030090332,62.461447330447335,0.2506236230164027,53.21798550520023,0.0,0.0,9.454545454545455,25.0,13.622252204201438,59.773005052046344,47.13515299016779,48.01467444679954,37.58343367143111,61.45978666535485,0.2864159221127948,63.273049966485594,9.033412485152104,0.20833333333333334,8.333333333333334,23.333333333333332,11.618869413932165,59.91944138209025,49.18803596496582,47.12630446751913,37.94623923301697,57.55367815055315
394,0.6499158685709111,126.73359437132765,0.0,0.0,6.0,18.0,17.051998138427734,56.412017822265625,42.56803894042969,46.14152526855469,35.006561279296875,70.9225,1,0.30167503388834666,66.69606984101615,0.0,0.0,9.8,23.8,13.986822891235352,57.48459930419922,44.86088256835937,46.69966049194336,34.92847671508789,62.515828282828295,0.2037697837277304,42.74554694151707,0.0,0.0,9.818181818181818,26.818181818181817,12.792660799893467,59.20544919100675,47.13252258300781,47.33011176369407,36.93069700761275,57.39880181687,0.27654682970815686,60.75102964966617,9.033412485152104,0.20833333333333334,8.208333333333334,23.458333333333332,11.023156891266504,59.43694909413656,49.01242462793986,46.961180210113525,37.250116427739464,55.19810523388648
395,0.3049337606840472,83.55185042742893,0.0,0.0,9.0,22.0,13.919088363647461,57.396217346191406,44.052947998046875,47.97443771362305,34.983760833740234,73.70636363636363,1,0.301097329182484,65.98680629062287,0.0,0.0,9.0,24.0,13.556525230407715,57.030653381347655,44.806748962402345,46.35325469970703,34.25756301879883,61.3954393939394,0.20148720701069767,42.395459280174315,0.0,0.0,9.727272727272727,26.90909090909091,12.000455747951161,58.70989227294922,47.1218709078702,46.91764346036044,36.19085693359375,54.7712191722419,0.2578776758535992,56.01409854747163,10.077994136865813,0.25,8.291666666666666,23.833333333333332,10.343292891979218,58.985918839772545,48.89314572016398,46.89679288864136,36.484367529551186,52.58029852092352
396,0.43197727352994325,96.33093199717734,0.0,0.0,9.0,24.0,12.04059886932373,55.2406120300293,44.08888244628906,44.850746154785156,30.249046325683594,55.803333333333335,1,0.2964263404539442,65.04793755618637,0.0,0.0,8.4,25.4,12.283166313171387,57.44622268676758,45.60702133178711,46.571946716308595,34.36801376342773,62.147939393939396,0.20694549876998417,44.35270006329397,2.9434438369479228,0.09090909090909091,9.363636363636363,27.0,10.774329965764826,58.39236346158114,47.576466993852094,46.572723388671875,35.52147466486151,52.122696444969165,0.279218508995602,58.07180927244887,11.158462201461477,0.2916666666666667,8.125,23.625,9.924202670653662,58.304505825042725,48.552115281422935,46.7083470026652,35.472723166147865,50.90378810425685
397,0.06661921393136086,12.857508288752646,0.0,0.0,8.0,28.0,9.979469299316406,58.50433349609375,47.80239486694336,47.32937240600586,35.09962844848633,54.6325,1,0.1688464069706872,40.1842699683368,0.0,0.0,9.2,29.4,10.142978858947753,58.097642517089845,47.415347290039065,46.4245491027832,34.832907104492186,54.63993939393939,0.18223590168685122,40.52703417736497,4.936350264665787,0.18181818181818182,9.545454545454545,27.90909090909091,9.511127883737737,58.04944055730646,48.13287943059748,46.185878406871446,34.96260244196112,50.09175849403121,0.2718057747528378,55.91679818700221,11.158462201461477,0.2916666666666667,8.25,23.958333333333332,9.432785282532373,57.58189169565836,48.121178150177,46.49970213572184,34.40242608388265,49.192885326479086
398,0.028685585553458657,5.76580269624519,0.0,0.0,10.0,35.0,8.424676895141602,59.67793273925781,49.52284240722656,46.56365203857422,36.50107192993164,55.675000000000004,1,0.11113585441357392,24.371578567687763,0.0,0.0,9.6,31.6,8.10555453300476,58.20718841552734,48.748826599121095,45.83059844970703,34.60874557495117,45.94248484848485,0.22006866776337242,51.133329720832286,14.363799150389383,0.2727272727272727,8.818181818181818,27.181818181818183,8.62126892263239,57.48718677867543,48.444637992165305,45.65397678722035,34.21454672379927,47.613503213957756,0.263875988146984,54.25978780322128,10.712123713403018,0.28,8.36,24.32,9.2584343624115,57.44971954345703,48.13282958984375,46.62106475830078,34.13910827636719,48.30926991341992
399,0.012016201154626033,2.4152564320798326,0.0,0.0,10.0,38.0,6.35106086730957,59.66911697387695,51.60966873168945,45.404537200927734,37.33102798461914,33.3825,1,0.0788053456192067,17.86471940339495,6.475576441285424,0.2,9.2,31.8,6.38568229675293,58.64809799194336,50.39643783569336,45.6957275390625,35.13763198852539,41.04781818181819,0.2307212130648197,52.828369753891344,16.351055280920097,0.36363636363636365,8.363636363636363,26.545454545454547,7.535443522713401,56.97996139526367,48.65271654996005,45.28518572720614,33.49837684631348,46.07561360356815,0.2598563049535092,53.564452818016946,10.712123713403018,0.28,8.48,24.48,8.887153902053832,56.96853546142578,47.968313751220705,46.63127975463867,33.41448265075684,46.90121277056277
400,0.016380997898480798,4.488393424183738,0.0,0.0,11.0,33.0,3.731966733932495,57.943946838378906,50.72034454345703,45.00468444824219,33.862953186035156,30.219090909090905,1,0.08592010703645384,19.891903691436266,10.859970582264726,0.4,9.6,32.0,4.94176459312439,58.52330322265625,51.47097320556641,45.443397521972656,34.969322967529294,36.75954040404041,0.22942752534848587,55.17663143703405,19.70926360396823,0.45454545454545453,8.181818181818182,26.0,6.2492100758986036,56.26494320956144,48.81129559603605,44.67729568481445,32.42491548711603,42.97679128951856,0.24242286359045162,49.67992829122905,10.712123713403018,0.28,8.72,25.2,8.396330823898316,56.54987228393555,48.00609298706055,46.627922210693356,32.68807357788086,44.57476832611833
401,0.27032472955810716,63.79663617571329,32.377882206427124,1.0,7.0,25.0,3.441237688064575,57.445159912109375,52.32693862915039,44.1763916015625,32.89347839355469,31.33,1,0.17731662278624355,45.35335855595914,31.600358130856637,0.6,8.4,28.8,3.725331020355225,57.50557098388672,51.866886138916016,44.77276382446289,33.714225387573244,32.21926767676767,0.2250671987834025,52.08966708129953,19.70926360396823,0.45454545454545453,7.818181818181818,25.636363636363637,5.354180270975286,55.599768205122515,48.77874686501243,44.18642841685902,31.532288464632902,38.7822355043946,0.22328369212449237,45.4158073860546,10.712123713403018,0.28,8.88,25.72,8.170979413986206,56.278494873046874,48.10959838867188,46.76245880126953,32.17821327209472,42.48987943722944
402,0.10219302101759656,22.993429728959224,21.921970704896506,1.0,10.0,29.0,2.759880781173706,57.8803596496582,53.175071716308594,46.06772232055664,34.25808334350586,33.19111111111111,1,0.2087570880577339,50.69142461595865,35.97232161802422,0.8,8.0,25.4,3.0245972633361817,55.97586898803711,51.10702133178711,43.974554443359374,31.862209701538085,32.54191053391053,0.20341130256550166,46.767188804369,21.988350844070865,0.5454545454545454,7.636363636363637,25.636363636363637,4.559230934489857,55.31468547474254,49.02351691506126,44.18351849642667,31.216155659068715,36.433182474091566,0.22521922823268653,45.79046970468312,10.712123713403018,0.28,9.0,26.12,8.02169638633728,56.171749114990234,48.280447998046874,47.026715393066404,31.818550338745116,42.166079437229435
403,0.4856681643024072,133.07307701885958,103.70193774295956,1.0,4.0,19.0,2.3425090312957764,54.589271545410156,51.50240707397461,43.21048355102539,30.225584030151367,32.97363636363636,1,0.3326179492162855,80.30664050830137,43.3603799287301,1.0,6.6,21.2,2.8588899612426757,54.09644317626953,49.82543411254883,42.86456451416016,29.729316329956056,33.86518326118326,0.24685748127776688,50.746581386818114,24.345735712279588,0.6363636363636364,7.454545454545454,24.818181818181817,3.9780222936110063,54.49494379216974,48.75050596757369,43.90099473433061,30.094649574973367,34.497273383182474,0.2197251367026505,44.75325404054453,10.808733970686212,0.32,9.12,26.76,7.536258268356323,56.145616912841795,48.65103897094727,47.291576080322265,31.498044357299804,40.67096943722944
404,0.1692185275120778,29.10558673207738,21.859817435837883,1.0,8.0,21.0,2.8473920822143555,52.020606994628906,47.81034469604492,41.413490295410156,28.07094955444336,34.995714285714286,1,0.3299470369982902,77.46636177602855,36.88480348744467,0.8,6.2,19.8,2.985394525527954,52.623269653320314,48.099028778076175,42.54426574707031,28.183593368530275,33.11243326118326,0.28583936832849544,56.668815976457495,24.345735712279588,0.6363636363636364,7.181818181818182,23.636363636363637,3.7224221879785713,53.757253126664594,48.311366688121446,43.9762788252397,29.072375904430043,32.49484914075823,0.21173458981505125,43.5510725921837,10.808733970686212,0.32,9.36,27.4,7.27921420097351,56.14680770874023,49.103770599365234,47.57035537719727,31.2481941986084,39.32116229437229
405,0.6356853036912388,152.56447288589732,36.940291553529434,1.0,4.0,12.0,2.903430223464966,48.546817779541016,44.312408447265625,39.454734802246094,23.198486328125,36.83545454545455,1,0.3482609158213776,80.42441002042501,37.514401274691174,0.8,5.6,18.8,3.0926496028900146,51.46813812255859,46.82028503417969,42.29446868896484,26.68629379272461,32.46696103896104,0.29143436000593786,57.766659809221046,24.345735712279588,0.6363636363636364,7.2727272727272725,23.181818181818183,3.606326861815019,53.267114119096235,48.02071172540838,44.35166341608221,28.207689805464312,31.92394004984914,0.22035659902165855,44.080760695878496,10.808733970686212,0.32,9.24,27.76,7.304513959884644,56.29894729614258,49.56599426269531,48.00143859863281,31.205612869262694,37.962484516594515
406,0.2569701684681307,49.59524251434922,0.0,0.0,5.0,18.0,4.073760509490967,50.07929229736328,43.69491195678711,42.57489776611328,25.16486358642578,27.56625,1,0.3600327189141518,65.13595995579169,21.960260436158457,0.8,6.0,18.8,3.341382646560669,50.44771881103516,45.47965850830078,42.49669418334961,25.193789291381837,32.539733766233766,0.29063564619815135,57.46840842666252,24.345735712279588,0.6363636363636364,7.363636363636363,22.90909090909091,3.918659947135232,52.966332175514914,47.89530216563832,44.951715989546344,27.655560059980914,31.56454217499672,0.21827497785381225,43.66235484114139,10.808733970686212,0.32,9.36,28.4,7.161125249862671,56.61382690429687,50.1897981262207,48.540322265625,31.2842911529541,36.80745118326118
407,0.19376241513303355,37.78367095094154,25.069959641129007,1.0,7.0,24.0,3.296156167984009,52.10470199584961,46.78135299682617,44.8187370300293,26.77158546447754,29.96375,1,0.41768628203403085,73.49691924583188,17.58829694899088,0.6,5.8,19.0,3.8945193767547606,50.35626449584961,44.85605163574219,43.692351531982425,24.63081169128418,32.27025757575758,0.2731808916336044,53.26364369923151,21.40229187533167,0.5454545454545454,7.818181818181818,23.545454545454547,4.230839187448675,52.83504798195579,47.909880898215555,45.72282028198242,27.245146317915484,31.216360356814903,0.1922783431109758,38.59301106628829,10.808733970686212,0.32,9.68,29.4,6.950516614913941,56.95788940429688,50.98640533447266,49.04475570678711,31.376965560913085,34.97815118326118
408,0.5445271797662783,56.630826695692946,25.93123355029595,1.0,6.0,19.0,3.586174249649048,49.48717498779297,44.79927444458008,44.22161102294922,22.7630615234375,33.3375,1,0.3052614432170816,45.88233238714822,10.200238638284992,0.4,7.2,23.2,4.328635787963867,51.502418518066406,45.676062774658206,45.70815811157227,25.5550106048584,30.323666666666668,0.26833872123937175,52.17415536052917,19.409385447613804,0.45454545454545453,7.818181818181818,23.727272727272727,4.874739213423296,52.94845130226829,48.005441492254086,46.652858387340196,27.018468163230203,30.556360356814903,0.18734356950055012,36.87775425618484,10.808733970686212,0.32,9.72,29.8,7.005267133712769,57.35587188720703,51.79203826904297,49.61349334716797,31.585840072631836,34.07649663780664
409,0.45748634311147307,70.91038318227832,0.0,0.0,7.0,22.0,5.6130757331848145,51.56333541870117,44.69231033325195,47.39177703857422,25.256061553955078,33.64833333333333,1,0.25538643872602135,36.204809527486354,10.200238638284992,0.4,8.6,25.6,4.947409820556641,52.413629150390626,46.80524826049805,47.51423110961914,26.079943084716795,30.063559523809527,0.23235777398376165,41.68623160105713,9.98193656189021,0.36363636363636365,8.818181818181818,25.818181818181817,5.453978993675926,53.50637470592152,48.33329114046964,47.8290190263228,27.271562402898613,32.19762068739342,0.1708133952824779,33.12112723358094,10.808733970686212,0.32,9.8,30.24,7.215336294174194,57.93993606567383,52.6514389038086,50.363443298339845,32.081110610961915,32.904203304473306
410,0.07356110960649237,14.491538592478996,0.0,0.0,11.0,33.0,5.074012279510498,54.277587890625,48.4124641418457,49.53376770019531,27.819480895996094,27.1025,1,0.2322984415690327,32.156920172092484,5.18624671005919,0.2,9.6,27.2,5.663220453262329,53.1928955078125,47.94643859863281,49.082191467285156,26.40141143798828,29.570809523809523,0.22360438347857772,40.52541425795303,8.214249197912205,0.36363636363636365,9.363636363636363,27.545454545454547,5.630822290073741,54.25765332308683,49.13154671408913,49.02706805142489,27.65093369917436,31.114919388692115,0.1681486267252235,32.60682690203083,10.808733970686212,0.32,10.04,30.88,7.307728452682495,58.39903244018555,53.422516326904294,50.9679736328125,32.38103507995606,31.844303304473307
411,0.007595146012829662,1.2076282160399163,0.0,0.0,12.0,30.0,7.167630672454834,54.635345458984375,49.34083938598633,51.605262756347656,27.789525985717773,26.265714285714292,1,0.1331788349519846,23.032566433600596,0.0,0.0,10.4,29.6,6.914541816711425,55.121019744873045,49.83183135986328,51.49749755859375,28.201723861694337,28.089531746031742,0.18165434830138127,29.839663837885784,4.856040874864075,0.2727272727272727,10.272727272727273,29.636363636363637,6.29678336056796,55.45178638805043,50.409766457297586,50.64868302778764,28.647382562810723,29.746809884559887,0.16700120330308516,32.37619479418103,10.808733970686212,0.32,10.16,31.04,7.596361455917358,58.82505050659179,54.18061172485351,51.657533721923826,32.64590126037598,31.0648033044733
412,0.07832242934809018,17.5442241739722,0.0,0.0,12.0,32.0,6.875209331512451,56.001033782958984,52.4873046875,52.658538818359375,28.37892723083496,27.499999999999993,1,0.059657115227829224,12.39167293007836,0.0,0.0,12.0,33.6,7.534755992889404,56.95363845825195,51.91511993408203,53.248792266845705,29.7524356842041,31.56536507936508,0.1842077845884473,28.026098939589414,4.856040874864075,0.2727272727272727,10.636363636363637,31.272727272727273,7.086755275726318,56.769810069691054,51.85828850486062,52.21809976751154,29.75872802734375,29.628741702741703,0.18342112213135153,36.91033986049752,10.808733970686212,0.32,10.12,30.44,8.107435140609741,59.3673681640625,54.9225146484375,52.52931182861328,33.010743637084964,32.49350330447331
413,0.0489291466810377,11.009058003233482,0.0,0.0,10.0,31.0,9.842781066894531,59.1277961730957,54.22623825073242,56.29814147949219,31.764623641967773,25.93111111111111,1,0.059531139697541716,12.76068440316902,0.4830512864159665,0.2,12.6,35.0,7.478487205505371,58.15505523681641,53.55085830688476,54.26044464111328,30.637346267700195,30.762065079365083,0.16659301957635334,24.59121976223109,2.5769536347614372,0.18181818181818182,11.454545454545455,33.09090909090909,7.80590050870722,57.98502592606978,53.16149070046165,53.5020585493608,30.77183619412509,28.999006854256855,0.19234513114039198,39.35551832897462,10.808733970686212,0.32,10.16,30.44,8.726210594177246,60.04403747558594,55.75478271484375,53.422687683105465,33.56575477600098,32.805939668109666
414,0.08987774449069623,17.705915664667156,0.0,0.0,15.0,42.0,8.714146614074707,60.7264289855957,55.1087532043457,56.148250579833984,33.009620666503906,51.0275,1,0.09285909384339128,19.52340241299255,0.4830512864159665,0.2,13.0,36.0,8.090761470794678,59.56444244384765,55.35725555419922,55.397891998291016,31.91132583618164,29.866172222222225,0.11709054868850986,19.44296278989537,0.21956876655271465,0.09090909090909091,12.181818181818182,35.27272727272727,8.551410328258168,59.39651732011275,54.769122037020594,54.82303584705699,32.09550528092818,28.25832503607504,0.18192097339014401,36.89113995416326,9.513618682429126,0.28,10.4,30.88,9.27535376548767,60.743845825195315,56.59012893676758,54.32804351806641,34.17612754821777,32.840873001443
415,0.07293123195505483,16.336595957932282,2.4152564320798326,1.0,14.0,40.0,4.792668342590332,60.284671783447266,56.591156005859375,54.5920295715332,32.24403381347656,23.086,1,0.13420620149894463,21.943763304815935,0.4830512864159665,0.2,12.4,36.8,9.268409919738769,61.27974624633789,56.785525512695315,56.83388061523438,33.71347312927246,29.61967222222222,0.09200673753504912,16.693876152855772,0.21956876655271465,0.09090909090909091,12.454545454545455,36.18181818181818,9.430935382843018,60.83128495649858,56.541982130570844,56.1685905456543,33.45455637845126,29.85074927849928,0.18283019149574165,37.08572015003011,8.636739854233268,0.24,10.44,30.68,9.975632209777832,61.443914642333986,57.43254623413086,55.22526504516602,34.757055587768555,33.558828556998556
416,0.17423491674207747,35.02121826515757,0.0,0.0,14.0,35.0,10.229001998901367,61.682281494140625,58.372825622558594,57.29249954223633,34.159423828125,21.786250000000003,1,0.12442037216273709,19.741951704169235,0.4830512864159665,0.2,13.6,39.4,9.541204452514648,62.54860229492188,58.16359329223633,57.362709045410156,34.94370346069336,29.040783333333337,0.08702144739610786,15.596032320092212,0.21956876655271465,0.09090909090909091,12.454545454545455,36.36363636363637,10.541691346602006,62.246251192959875,58.10211250998757,57.44729302146218,34.80104082280939,29.795612914862918,0.1882256123505013,36.55347152265893,4.488662344514884,0.2,10.6,30.6,10.792984323501587,62.42104904174805,58.45773162841797,56.36537139892578,35.6799267578125,33.77288310245311
417,0.28505796762585695,29.646028633089124,0.0,0.0,9.0,36.0,12.76345157623291,64.57755279541016,59.62865447998047,59.83848190307617,37.38966369628906,26.267500000000005,1,0.10644482326459785,16.200768571235805,0.4830512864159665,0.2,13.4,39.6,10.155731582641602,63.40603256225586,59.63848648071289,57.883531188964845,35.806463623046874,23.873283333333333,0.0863309795767597,15.486247936815856,0.21956876655271465,0.09090909090909091,12.636363636363637,37.63636363636363,11.007295218381016,63.64137822931463,59.71470260620117,58.4325082952326,36.14724211259322,29.96554797979798,0.19533863089722567,38.72087036870562,3.614269647081369,0.16,10.52,30.6,11.564658708572388,63.514696502685545,59.68505905151367,57.54165954589844,36.69931365966797,33.68079998556998
418,0.0,0.0,0.0,0.0,16.0,44.0,11.206753730773926,65.47207641601562,61.1165771484375,58.942283630371094,37.915775299072266,23.036666666666665,1,0.1281714609582679,21.0675354146179,0.0,0.0,12.6,38.0,12.254768180847169,64.81825408935546,61.159009552001955,59.40370101928711,37.39878158569336,29.489083333333337,0.07921075872693331,13.891318466454747,0.21956876655271465,0.09090909090909091,12.727272727272727,38.27272727272727,11.804140004244717,64.94386464899236,61.168150121515446,59.445609699596055,37.48758749528365,30.75532070707071,0.1738069809410647,33.64287690963124,2.1366579849401917,0.12,10.8,31.32,12.17884407043457,64.65068237304688,61.00868972778321,58.71853302001953,37.79614410400391,33.41634847041847
419,0.0,0.0,0.0,0.0,14.0,43.0,11.786782264709473,65.01358032226562,62.483219146728516,58.75236129760742,37.323421478271484,25.189999999999998,1,0.09706906122548005,14.54634304800235,0.0,0.0,12.0,38.0,13.66743335723877,66.45024108886719,62.59922409057617,60.66510009765625,39.09305877685547,30.431033333333335,0.11317303374331948,23.414938928887356,0.21956876655271465,0.09090909090909091,12.636363636363637,37.54545454545455,12.648241996765137,66.2256157614968,62.616423173384234,60.43659591674805,38.82281147349965,34.679765151515156,0.1878326414433944,35.523477500385,2.1366579849401917,0.12,10.84,31.16,12.90202470779419,65.74034057617187,62.38827392578125,59.83924652099609,38.92821014404297,34.06198418470419
420,0.1815644204234051,40.67043017484274,0.0,0.0,10.0,32.0,15.287851333618164,67.34577941894531,64.19377136230469,62.19287872314453,40.205623626708984,51.165,1,0.04005746770030867,8.617137321384527,0.0,0.0,13.0,39.6,13.572597694396972,67.5310791015625,64.08935928344727,61.18592987060547,40.134674072265625,30.80453333333333,0.12677334998275558,27.770569789927723,0.21956876655271465,0.09090909090909091,12.363636363636363,36.72727272727273,13.6016244021329,67.51054763793945,64.10899526422673,61.453944119540125,40.16177610917525,33.49817424242424,0.18471138633289275,35.123148621104065,1.1338595992950313,0.08,10.92,31.24,13.40474991798401,66.61698165893554,63.556233978271486,60.747549591064455,39.828519668579105,34.17416145743145
421,0.018722918078138237,2.4152564320798326,0.0,0.0,11.0,35.0,17.292327880859375,69.84221649169922,65.57389831542969,63.59949493408203,42.63080978393555,26.496,1,0.04005746770030867,8.617137321384527,0.0,0.0,12.4,38.6,14.459347343444824,68.5023406982422,65.56108932495117,62.15800399780274,41.17606430053711,33.4347,0.12102694578701492,26.48425895788199,0.0,0.0,12.272727272727273,36.36363636363637,14.726819731972434,68.84288371693005,65.61985327980734,62.564694838090375,41.60802737149325,34.32702272727273,0.16293029914224164,32.85791555327635,0.09661025728319331,0.04,11.16,31.84,13.908685302734375,67.52575027465821,64.68157073974609,61.60814376831055,40.80133171081543,34.098911457431456
422,0.0,0.0,0.0,0.0,14.0,44.0,12.289273262023926,69.98174285888672,67.07933044433594,62.442630767822266,42.597740173339844,28.134999999999998,1,0.12456030207256577,31.77091393938298,0.0,0.0,11.4,34.6,15.927571487426757,70.14503631591796,67.09589385986328,63.847329711914064,43.00179748535156,42.2167,0.11654408732478395,25.83305135428864,0.0,0.0,12.0,35.36363636363637,15.639350631020285,70.08831995183772,67.06191496415572,63.583400379527696,42.93728741732511,36.99554545454546,0.16326519052813726,34.419205672028895,0.09661025728319331,0.04,11.24,31.68,14.465913219451904,68.42430694580078,65.85142349243164,62.46081832885742,41.78893943786621,34.71968923520924
423,0.0,0.0,0.0,0.0,13.0,39.0,15.640501976013184,70.32838439941406,68.47522735595703,63.80265426635742,43.12272644042969,36.1875,1,0.1361436626127834,36.76039893163666,0.0,0.0,11.8,34.8,16.71027183532715,71.64801635742188,68.562548828125,64.87657012939454,44.50831909179688,39.58969999999999,0.14704369805619688,34.02585432715145,0.0,0.0,11.909090909090908,33.63636363636363,16.549610658125445,71.40105438232422,68.65313200517134,64.66291496970437,44.38344192504883,38.09168181818182,0.18692140594223644,38.97308546941301,0.09661025728319331,0.04,11.04,30.96,14.953655471801758,69.1794418334961,66.89186553955078,63.227109832763674,42.63785285949707,35.994689235209236
424,0.42251417186128554,115.76888308999224,0.0,0.0,9.0,23.0,19.12790298461914,73.22705841064453,70.15724182128906,67.19898986816406,46.45208740234375,69.1,1,0.1343432361575373,36.71478300630653,0.0,0.0,12.2,35.0,16.685769653320314,72.66764678955079,70.08988800048829,65.51872863769532,45.61271667480469,40.73116666666667,0.1785931517998501,41.59772322562822,0.0,0.0,11.0,31.545454545454547,17.54347411069003,72.66375593705611,70.23285501653498,65.74277045510031,45.805246179754086,38.96958815426997,0.19439183490334977,40.44075612708857,0.09661025728319331,0.04,10.92,30.8,15.242814617156982,69.77415466308594,67.76525741577149,63.7594563293457,43.30454071044922,36.55086066378066
425,0.23948122312449324,65.61785513611115,0.0,0.0,12.0,33.0,19.201353073120117,74.86067962646484,71.52704620361328,67.33908081054688,47.73823165893555,38.03,1,0.15932793088904468,42.28636993143268,0.0,0.0,11.6,31.0,18.281283378601074,73.74771423339844,71.52112274169922,66.72985458374023,46.8494255065918,45.33216666666667,0.18744715678050608,43.926326535540746,0.0,0.0,10.727272727272727,30.363636363636363,18.131772474809125,73.74856359308416,71.58921467174183,66.66315321488814,47.01395763050426,39.42723966942148,0.2015596467572162,42.561381433744145,0.09661025728319331,0.04,10.92,30.64,15.542644157409669,70.28726119995117,68.42045516967774,64.22708511352539,43.93032508850098,37.496678845598844
426,0.00972078580190762,2.1871768054292144,0.0,0.0,13.0,36.0,17.169816970825195,74.94036865234375,73.2105941772461,66.81028747558594,48.15279769897461,32.20333333333333,1,0.28343866802332446,66.23974219834868,0.0,0.0,10.6,26.6,19.708445358276368,75.48556365966797,73.25248565673829,68.31195220947265,48.88435287475586,45.75966666666667,0.22617872592623048,49.011765363572614,0.0,0.0,10.363636363636363,28.727272727272727,18.755902030251242,74.6553788618608,72.8611006303267,67.42677653919567,48.21949317238548,38.74925265643447,0.22307043384781772,47.354372623213806,0.09661025728319331,0.04,10.76,30.2,15.62064712524414,70.59114532470703,68.92699157714844,64.52998107910156,44.33034881591797,38.261567734487734
427,0.12492347365753691,27.85793462563073,0.0,0.0,11.0,24.0,20.266841888427734,75.382080078125,74.23550415039062,68.49826049804688,48.78128433227539,51.14,1,0.26834463188710445,59.74407715699914,0.0,0.0,10.0,26.2,20.310715103149413,76.71251068115234,74.91974334716797,69.03629302978516,50.305059814453124,38.47839393939394,0.23499764586189897,51.3172374123761,0.0,0.0,10.181818181818182,27.90909090909091,18.626080079512164,75.03524364124645,73.8071420842951,67.78376007080078,48.823903517289594,39.319451003541914,0.23322325300429747,49.89064722554851,0.09661025728319331,0.04,10.6,29.64,15.651919898986817,70.74587875366211,69.38181594848633,64.74067626953125,44.631114349365234,37.8483344011544
428,0.620553685671399,119.76686133458,0.0,0.0,8.0,17.0,22.77631187438965,79.01763153076172,77.13204193115234,71.71314239501953,53.29736328125,38.324999999999996,1,0.239927198219649,51.74343341158446,0.0,0.0,9.8,25.6,20.122057342529295,77.12966766357422,76.0949691772461,69.34379119873047,50.881262969970706,36.917227272727274,0.23499764586189897,51.3172374123761,0.0,0.0,10.0,27.0,18.980196952819824,75.23748432506214,74.3392659967596,68.08319958773527,49.23168737238104,39.62138282172373,0.23030600372609528,49.23718338723122,0.0,0.0,10.64,29.68,15.888700866699219,70.88952224731446,69.7250129699707,64.9271450805664,44.9273078918457,38.0710444011544
429,0.34704399118018553,83.29055788324453,0.0,0.0,6.0,21.0,22.139251708984375,79.3617935180664,78.4935302734375,70.82069396972656,53.55562210083008,32.693636363636365,1,0.35950537726454207,70.62804950713728,0.0,0.0,8.4,21.2,21.11874923706055,77.60574340820312,77.08975372314453,70.10028076171875,51.94400634765625,39.21798917748917,0.27734843020361394,61.31202251702082,0.0,0.0,9.636363636363637,25.09090909090909,19.335039832375266,75.57374503395774,74.83593888716264,68.52919838645242,49.85200812599876,40.80140807424898,0.22848009580573844,48.983332647724666,0.0,0.0,10.56,29.64,15.904978523254394,70.94417572021484,69.89968170166016,65.01184509277344,45.07546615600586,38.60723884559884
430,0.09739405478721593,25.61463640903779,0.0,0.0,11.0,30.0,18.25806427001953,76.94646453857422,77.4031753540039,68.87657165527344,50.61924743652344,30.224166666666672,1,0.35766689000713303,70.61155237579476,0.0,0.0,8.0,21.6,20.2382381439209,77.3334732055664,77.43872375488282,69.90589141845703,52.04361419677734,35.54362554112554,0.2993895504852218,62.45471801130168,0.0,0.0,9.363636363636363,24.363636363636363,19.16591852361506,75.56728154962713,75.22378193248402,68.66484069824219,50.08748349276456,39.88118080152171,0.22985234478753008,50.812289476492026,0.0,0.0,10.6,29.28,15.66859296798706,70.78886505126952,69.97689895629883,64.95558074951173,45.016576232910154,39.26267217893218
431,0.6076116810263729,96.61025728319329,0.0,0.0,6.0,14.0,22.153276443481445,77.32074737548828,78.18451690673828,70.59273529052734,53.466514587402344,43.707142857142856,1,0.23355615287285322,46.658180108878746,0.0,0.0,8.8,25.0,18.91988754272461,75.97122497558594,76.5988540649414,68.71055603027344,50.80081405639648,34.169875541125535,0.29528724565941905,59.93485796783059,0.0,0.0,9.090909090909092,23.727272727272727,18.729123635725543,75.08023487437855,75.19183557683772,68.44437200372869,49.78916445645419,40.07572625606716,0.23006989991931945,50.85514783745453,0.0,0.0,10.44,29.04,15.487861175537109,70.52581130981446,69.96981094360352,64.811787109375,44.88496322631836,39.50330551226551
432,0.11573103737049198,27.775448968918074,0.0,0.0,9.0,26.0,15.864286422729492,74.0207290649414,75.98035430908203,67.52631378173828,49.27932357788086,32.76818181818181,1,0.25731908018858907,51.98859576244824,0.0,0.0,9.4,24.4,18.400791931152344,74.90431671142578,75.68787384033203,68.28814544677735,50.07894058227539,37.464703823953826,0.31781424019513194,66.15055615282442,0.0,0.0,9.0,23.0,18.474680987271395,74.5246283791282,74.79698597301136,68.22064208984375,49.4137770912864,41.79773727535091,0.23006989991931945,50.85514783745453,0.0,0.0,10.44,28.88,15.298935413360596,70.23921630859375,69.80047607421875,64.62138793945313,44.70236480712891,39.383655512265506
433,0.0,0.0,0.0,0.0,12.0,34.0,16.184558868408203,72.20639038085938,72.93269348144531,65.73646545410156,47.0833625793457,31.45625,1,0.37083356822294034,72.53337518605703,0.0,0.0,8.4,21.4,18.202692794799805,74.1462158203125,75.0919418334961,68.25104217529297,49.763554382324216,43.21537049062049,0.35979381749409006,75.51200189049209,0.0,0.0,8.545454545454545,22.636363636363637,17.704318566755816,73.73761194402522,74.12918090820312,67.79994028264827,48.77595277266069,41.24440394201758,0.23656034486109168,51.59385037295867,0.0,0.0,10.4,28.72,15.008709011077881,69.84670471191406,69.52100448608398,64.35872329711914,44.39767440795899,38.37414122655123
434,0.4658586277588644,109.94263615109199,0.0,0.0,9.0,18.0,19.543773651123047,74.02725219726562,73.93862915039062,68.7086410522461,49.94625473022461,49.16777777777778,1,0.28818240602579825,60.791202661004206,0.0,0.0,9.0,23.8,16.651359367370606,72.58269958496093,73.69016571044922,67.11528015136719,47.961595916748045,42.50794191919192,0.33462513910602565,71.99799456216981,0.0,0.0,8.818181818181818,23.636363636363637,16.497014392505992,72.42644223299894,73.16075550426136,66.8638028231534,47.61517056551847,41.46001000262363,0.24359292694623697,53.36479982966047,0.4347461577743701,0.04,10.32,28.52,14.452144212722779,69.27387359619141,69.17709732055664,64.00290145874024,43.92885597229004,38.4106284992785
435,0.6649664949589726,128.33853352708172,0.0,0.0,6.0,15.0,17.267568588256836,73.15596008300781,74.42351531982422,68.69105529785156,49.04231643676758,58.9775,1,0.31653974369064986,69.34808423529287,0.0,0.0,9.6,24.2,16.352691650390625,71.54429321289062,72.26754455566406,66.47986907958985,46.910438537597656,46.183396464646464,0.3030756853623724,64.42612566369303,0.0,0.0,9.636363636363637,25.454545454545453,15.458190831271084,71.01862092451616,71.94962380149148,65.81226244839755,46.35092059048739,41.09274760592942,0.2621568116563249,58.451304240224545,3.2981947641859377,0.08,9.96,27.76,14.091243400573731,68.54597702026368,68.64502456665039,63.57904541015625,43.254732360839846,38.320755772005775
436,0.19435587004066246,37.89939465792918,0.0,0.0,9.0,26.0,14.39660930633545,69.50316619873047,71.1756362915039,64.91392517089844,44.456722259521484,40.17,1,0.4338795084798651,95.51485178328787,0.0,0.0,8.4,21.4,15.474350929260254,70.44799499511718,71.058935546875,66.10668411254883,45.84680938720703,48.90281313131313,0.3059114275392761,64.70433596991631,0.0,0.0,9.727272727272727,25.818181818181817,14.765270753340287,69.75518035888672,70.61656639792703,64.95166501131925,45.19129631736062,41.544288009969826,0.26998638774006045,59.993730728720465,4.744010995398664,0.12,9.8,27.32,13.570929307937622,67.72175674438476,68.04534210205078,63.07691925048828,42.53344985961914,37.68275577200577
437,0.2575177256947497,70.5598568403614,0.0,0.0,12.0,28.0,14.37094783782959,68.82869720458984,68.86724853515625,64.34925842285156,44.023536682128906,51.14545454545455,1,0.40944742760863023,89.74888069767646,0.0,0.0,8.8,23.4,13.464789390563965,68.56149749755859,69.56708221435547,64.64808197021485,43.96331024169922,47.208590909090915,0.2797071103705738,62.77339888528718,0.0,0.0,10.090909090909092,27.0,13.374410412528299,68.24372933127664,69.10516357421875,63.846132105047054,43.595923683860086,41.44848714416896,0.25939723071539117,56.36648957123614,4.8297277173236814,0.16,9.84,27.4,12.968935976028442,66.73193344116211,67.28503967285157,62.46776062011719,41.675219497680665,35.631441486291486
438,0.5866988239460763,130.83383773997502,0.0,0.0,6.0,20.0,11.792855262756348,66.72489929199219,66.8896484375,63.870540618896484,41.76521682739258,45.05333333333333,1,0.2764541286168357,64.0811739922601,0.0,0.0,10.6,28.6,12.153714179992676,66.7054573059082,67.71659545898437,62.76062088012695,42.08462142944336,41.14384090909091,0.2696805504545958,60.34576343575487,0.0,0.0,10.363636363636363,28.09090909090909,12.540244275873357,66.8687296780673,67.73780198530717,62.738962000066586,42.26375337080522,41.11069788797061,0.2677187146154262,58.44966809877056,8.539553051866287,0.2,9.6,26.8,12.304817342758179,65.52538635253906,66.34457305908204,61.73771774291992,40.53722511291504,35.31734148629149
439,0.34369822340269013,81.11278072303487,0.0,0.0,11.0,28.0,9.495965957641602,64.59476470947266,66.47936248779297,61.41563034057617,40.52875900268555,40.69666666666667,1,0.2633003983553345,62.236285016173056,0.0,0.0,11.2,30.2,11.401581001281738,65.41454772949218,66.02937698364258,61.65983581542969,40.765953063964844,40.14806313131313,0.2696805504545958,60.34576343575487,0.0,0.0,10.545454545454545,28.545454545454547,11.711069670590488,65.56348557905717,66.40299779718572,61.67131805419922,40.96148959073153,40.269106978879705,0.26932953963726036,58.88809067393186,8.539553051866287,0.2,9.52,26.56,11.802717561721801,64.33154861450195,65.37566543579102,61.12620651245117,39.522374649047855,34.908341486291484
440,0.0,0.0,0.0,0.0,15.0,41.0,10.71219253540039,63.87575912475586,65.17108154296875,59.25374984741211,39.64887237548828,28.65375,1,0.275669691650514,63.19830351855531,0.0,0.0,10.8,30.0,9.898153972625732,63.78776550292969,64.56774444580078,60.476358795166014,39.14472885131836,38.449638888888884,0.2585866337463091,55.7271595640598,0.0,0.0,10.545454545454545,29.454545454545453,10.664562181992965,64.06400715221058,64.88193893432617,60.4820109280673,39.383499492298476,38.15632198609471,0.26433260069095893,57.77377328890664,8.539553051866287,0.2,9.56,26.88,11.1907093334198,63.18502700805664,64.49789443969726,60.46773223876953,38.59325408935547,33.765884343434344
441,0.1285872187331565,28.674949777493904,0.0,0.0,12.0,34.0,10.635943412780762,63.04861831665039,62.73954391479492,59.40999984741211,37.863380432128906,35.191111111111105,1,0.1594177025202457,37.24582777537286,0.0,0.0,12.0,33.6,8.877274703979491,62.22193222045898,63.377690124511716,58.77173919677735,37.716775512695314,35.249472222222224,0.2158203587688363,48.30447404792738,0.9880594494872074,0.09090909090909091,10.818181818181818,30.818181818181817,9.401893030513417,62.46086883544922,63.2958211031827,59.21045580777255,37.735138806429774,35.28638396956579,0.24322623239037963,53.36953986465622,8.92599408099906,0.24,9.76,27.28,10.419801797866821,61.79308319091797,63.45861633300781,59.53763671875,37.3550454711914,32.89438434343434
442,0.31936419217064715,75.36994935227273,0.0,0.0,10.0,27.0,6.8538126945495605,60.694786071777344,61.559085845947266,58.4318733215332,35.917415618896484,42.653333333333336,1,0.09067805783970766,21.023271630765883,0.0,0.0,12.6,35.8,8.390809154510498,60.872720336914064,61.731787109375,57.28708953857422,36.162715911865234,31.549888888888887,0.2403422903789757,56.41931183030672,7.495897191331679,0.18181818181818182,10.454545454545455,30.727272727272727,8.390087907964533,60.85006540471857,61.714173403653234,58.02248347889293,36.03404131802645,33.98803686212777,0.23299014282933045,50.61757909302559,9.50565562469822,0.28,9.84,27.56,9.663837633132935,60.40732162475586,62.45581726074219,58.59738311767578,36.14773132324219,32.34361031746032
443,0.0054388782947346215,1.0714590240627204,0.0,0.0,12.0,38.0,6.6884589195251465,58.89573287963867,60.93937683105469,55.347442626953125,34.625450134277344,29.0525,1,0.15944316663324976,32.850870343255124,0.0,0.0,11.4,33.2,7.854808902740478,59.604166412353514,60.13896713256836,56.56159210205078,34.750614166259766,31.004567460317457,0.23472607914248858,53.51029413685551,10.781843171360602,0.2727272727272727,10.181818181818182,30.727272727272727,7.32296989180825,59.11317270452326,60.31562042236328,56.83159637451172,34.31287106600675,31.178222812540994,0.2406910625747997,51.92392670599261,11.836588694026755,0.32,9.8,27.6,9.044682283401489,59.25594421386719,61.64393081665039,57.85551635742188,35.259982376098634,32.22944365079365
444,0.0,0.0,0.0,0.0,14.0,39.0,7.063638210296631,57.84870529174805,58.249847412109375,53.99238204956055,32.758460998535156,22.198749999999997,1,0.17263321692797276,36.45367895768137,2.1737307888718505,0.2,10.8,32.4,6.403261804580689,58.09873046875,58.98630218505859,55.620381927490236,33.36000785827637,29.447981601731602,0.1957339357150773,43.897022901665395,10.97665390300837,0.36363636363636365,10.545454545454545,31.181818181818183,6.621625748547641,57.45467966253107,58.88471429998224,55.7497312372381,32.78842665932395,28.70220549652368,0.22424467224074734,49.07320833566821,12.223029723159527,0.36,9.92,27.84,8.286494636535645,58.03724853515625,60.83784484863281,57.01317825317383,34.21667686462402,31.451717936507933
445,0.3438255439677105,59.137993562446205,0.0,0.0,9.0,28.0,8.032191276550293,57.532989501953125,57.20698165893555,55.62626266479492,32.58836364746094,25.927142857142858,1,0.20157980204428264,46.812211140047204,16.49097382092969,0.4,9.8,32.0,5.685849857330322,56.3166389465332,57.42998733520508,54.303253173828125,31.325454711914062,26.0949512987013,0.20517212637168436,47.22288995634147,19.408075117877924,0.45454545454545453,10.090909090909092,30.272727272727273,5.994573137976906,55.64579218084162,57.20617051558061,54.629038377241656,30.857482389970258,27.745917617735802,0.24671445491600807,55.387322999513515,15.532151700576888,0.4,9.72,27.44,7.755222883224487,57.018182067871095,60.24312484741211,56.381748046875,33.55565956115723,31.350117936507935
446,0.19453747020677145,46.68899284962515,10.868653944359252,1.0,9.0,30.0,3.3782079219818115,55.52143859863281,56.976219177246094,54.703948974609375,30.910348892211914,27.40818181818182,1,0.2396399068040139,54.31005177771425,23.720054976993318,0.6,9.2,30.0,4.874688005447387,54.48206787109375,55.9387451171875,53.48366470336914,29.418497467041014,24.3319512987013,0.20971680013057198,48.418139154928916,19.408075117877924,0.45454545454545453,9.727272727272727,29.272727272727273,5.440494038841941,53.938398187810726,55.73497252030806,53.92619809237394,29.324088183316317,27.13906155712974,0.27751656741280867,58.59074269918078,15.532151700576888,0.4,9.44,26.6,7.348132600784302,55.97128677368164,59.73413711547852,55.77960784912109,32.91167655944824,31.476567936507937
447,0.46409711775219664,127.16261026410189,71.58621516028919,1.0,5.0,25.0,3.2667529582977295,51.78432846069336,53.77751159667969,51.846229553222656,25.74464988708496,25.888181818181817,1,0.27119695605292443,59.327622608291016,24.148638586618407,0.8,8.4,27.2,4.277574300765991,52.608621978759764,54.51871185302734,53.079193115234375,27.86607093811035,23.45562987012987,0.1980270529730123,45.81132553879311,19.408075117877924,0.45454545454545453,9.727272727272727,29.09090909090909,4.925102472305298,52.45389106056907,54.785125732421875,53.25587116588246,28.204987265846945,25.99246704053522,0.28949960818457976,60.1634275001516,18.615132288347187,0.44,9.24,26.24,6.68922176361084,54.76112533569336,59.124887237548826,54.914488525390624,32.112030868530276,30.941206825396826
448,0.1957394020933908,38.560662212397986,36.14540578031816,1.0,9.0,28.0,2.6326496601104736,49.722877502441406,53.4831657409668,51.2495002746582,25.09066390991211,20.237499999999997,1,0.2919355113844559,71.03948756069614,42.69776525933143,1.0,7.8,25.2,3.190813493728638,50.04142456054687,52.68039169311523,51.771542358398435,25.20607261657715,24.305701298701297,0.17743889715358227,39.83778702752462,20.286350184088775,0.5454545454545454,10.0,29.09090909090909,4.620539816943082,50.95609560879794,53.83885331587358,52.34940580888228,26.970872012051668,23.618300373868557,0.27335853607944466,56.65081225151803,19.409085636858894,0.48,9.28,26.2,6.100686960220337,53.49197555541992,58.35113372802734,53.975426025390625,31.153092041015626,29.759840158730164
449,0.1577852462445525,25.08785415288385,2.1429180481254377,1.0,10.0,25.0,4.078069686889648,48.481475830078125,51.149681091308594,51.97002410888672,24.996328353881836,17.81714285714286,1,0.26302629961265434,64.33123722766348,40.52403447045958,0.8,8.2,25.2,3.4386363983154298,47.95602188110352,51.08272857666016,51.13525390625,23.58031005859375,23.219731601731603,0.1852300675044206,41.05779426101701,21.60376278340505,0.6363636363636364,9.636363636363637,28.181818181818183,4.30705696886236,49.66718847101385,53.155596646395594,51.619125019420274,25.94790094549006,22.6975536206218,0.29424414572748164,62.987633844408656,20.80887879233359,0.52,9.04,25.56,5.684212903976441,52.23405410766602,57.60232650756836,53.13301605224609,30.285874633789064,29.550531067821066
450,0.447518320625368,117.69731832447178,92.74563336356513,1.0,6.0,18.0,2.5983872413635254,44.69700241088867,48.015380859375,49.088008880615234,19.288372039794922,30.177499999999995,1,0.17020687606221505,38.89871517484311,26.20679143840175,0.6,9.6,26.6,3.778613042831421,46.94296417236328,50.7854721069336,51.17328872680664,23.542034149169922,22.55780952380952,0.2115861628156885,46.35536941858186,26.901337940969903,0.7272727272727273,9.272727272727273,27.454545454545453,3.9175608158111572,48.7865815596147,53.05161181363192,51.2861723466353,25.553997559980914,23.16766725698544,0.29313383509334245,62.370935185270376,22.773048763601793,0.56,8.84,25.24,5.2399508571624756,51.010997161865234,56.85480987548828,52.31498931884766,29.32445137023926,28.300131067821066
451,0.04999141134776382,13.147741184461884,0.0,0.0,11.0,30.0,4.6173224449157715,45.094425201416016,48.9879035949707,51.52250671386719,22.781536102294922,21.978333333333335,1,0.1496378912749202,33.118787878027376,20.90991542800198,0.6,10.4,26.4,3.952807807922363,45.84219589233398,50.31885681152344,50.61553955078125,22.992330932617186,21.817809523809522,0.19818856087999348,43.283033460639786,27.77961300718075,0.8181818181818182,9.272727272727273,26.727272727272727,3.478142088109797,47.815705732865766,53.126646908846766,50.7323559847745,25.080862392078746,23.016472451790634,0.2785573394308463,58.28457966677113,22.773048763601793,0.56,9.0,25.36,4.972982473373413,50.01640228271484,56.286121978759766,51.656345977783204,28.641281661987303,27.46903773448774
452,0.0,0.0,0.0,0.0,12.0,32.0,4.9666361808776855,46.71903991699219,52.291229248046875,52.03640365600586,25.55327033996582,22.57857142857143,1,0.1363091924568009,30.99952476594641,23.37963953687269,0.6,10.0,27.0,3.785223388671875,45.08945159912109,50.7736312866211,49.68440551757813,22.66761894226074,22.039238095238098,0.24209202761137869,55.913880980223915,34.312285324551176,0.8181818181818182,8.818181818181818,25.454545454545453,3.40580433065241,47.18139925870028,53.502659190784804,50.462956862016156,25.248457128351387,23.27283608815427,0.2723575786971433,57.19129637553504,23.690846207792124,0.6,8.88,25.36,4.73476770401001,49.166365509033206,55.75962188720703,51.226879577636716,27.98783004760742,26.556456782106785
453,0.09289447815691664,9.66102572831933,9.66102572831933,1.0,13.0,27.0,3.5036234855651855,44.21903610229492,51.150089263916016,48.46075439453125,22.342147827148438,16.5375,1,0.10478893801651674,19.11472644769473,16.485178210802342,0.6,10.8,29.6,3.8213820457458496,45.782456970214845,52.59175796508789,49.93278427124024,24.495049285888673,21.477738095238095,0.2699061816720895,51.634143000912985,27.80444758270671,0.7272727272727273,8.818181818181818,24.363636363636363,3.654945135116577,46.65864285555753,54.087249062278055,50.35720513083718,25.724742369218305,24.066410468319564,0.27757217370315185,58.359365656880954,23.690846207792124,0.6,8.8,25.0,4.545405654907227,48.48708206176758,55.373149719238285,50.98084213256836,27.491861877441405,26.821056782106783
454,0.09114175215395595,14.491538592478996,14.491538592478996,1.0,8.0,28.0,3.240147590637207,44.71775436401367,53.423553466796875,47.314353942871094,23.37276840209961,18.924285714285713,1,0.13408104028197698,21.553637815819034,18.417383356466207,0.8,10.4,27.6,3.5376346111297607,46.13424301147461,54.40065078735351,49.53513946533203,25.41551742553711,21.93487142857143,0.3216966584866123,61.697696997546124,31.525275665792098,0.7272727272727273,8.363636363636363,22.636363636363637,3.6947954134507612,46.11776455965909,54.56217783147638,49.97821946577592,26.16696496443315,25.479705922865016,0.28196905014495294,58.853310478655104,23.690846207792124,0.6,8.68,24.76,4.522122383117676,47.95936080932617,55.21617385864258,50.865848999023434,27.23385055541992,26.68444090909091
455,0.28991704842394717,58.27332673321338,58.27332673321338,1.0,10.0,31.0,2.7791805267333984,48.16202926635742,57.106014251708984,50.32990264892578,28.42552375793457,27.37,1,0.2695761611323788,58.679300928829136,34.962993243553015,1.0,8.8,24.4,3.060805892944336,46.49924850463867,56.16487579345703,49.47597045898438,26.855641555786132,23.464793506493507,0.3311197899489799,63.10090592103325,33.13490436258002,0.7272727272727273,8.090909090909092,21.636363636363637,3.556261669505726,45.47646817294034,54.9194502397017,49.36408025568182,26.173557454889472,26.53663232979142,0.2783935500575959,58.35905702681866,24.259512177203717,0.64,8.6,24.72,4.343366708755493,47.66375228881836,55.238741912841796,50.87728973388672,27.17990509033203,26.5599803030303
456,0.19645192267506506,25.342298025083394,9.661025728319329,1.0,9.0,20.0,3.198585271835327,46.853355407714844,58.03236770629883,49.53428268432617,27.38387680053711,24.264,1,0.40500782798499857,72.76419428150159,33.03078809788915,0.8,7.2,21.6,3.5615415573120117,46.8622428894043,57.97645797729492,49.92041168212891,28.583969497680663,27.080793506493507,0.3555723163686361,70.24841648064444,27.884831228334782,0.7272727272727273,7.818181818181818,20.90909090909091,3.6822953657670454,44.87266159057617,55.32309341430664,48.88823179765181,26.49064064025879,26.96933894136167,0.29774215345636246,62.933812079067344,24.259512177203717,0.64,8.4,23.96,4.49783392906189,47.56769592285156,55.36603500366211,51.15433334350586,27.261393127441405,27.010902525252526
457,0.6774756042520091,185.6283155650505,82.72804943543402,1.0,4.0,16.0,2.5824925899505615,48.5440673828125,61.11235427856445,51.74055862426758,32.75389099121094,30.228181818181824,1,0.5398664069648357,99.7178377980783,45.54738331824484,0.8,6.4,17.8,3.52771258354187,46.673335266113284,59.033223724365236,49.87367248535156,29.90043830871582,30.45268636363636,0.3719149116862275,74.06611186041197,32.348853890307964,0.8181818181818182,7.454545454545454,20.0,3.5593021132729272,44.250647804953836,55.431405154141515,48.19514846801758,26.236678730357777,26.77907723337269,0.3092592013165463,64.71895449739584,24.259512177203717,0.64,8.08,22.96,4.540420579910278,47.58864135742188,55.71540115356445,51.50675552368164,27.538897705078124,28.44268585858586
458,0.7700528124200154,80.0854924916816,0.0,0.0,5.0,13.0,6.0073018074035645,46.03400802612305,60.20800018310547,50.682960510253906,30.983787536621094,34.6175,1,0.5341709357461655,96.16780291368413,37.862484714160686,0.8,5.8,14.4,3.482716178894043,45.32637252807617,58.62795639038086,48.850590515136716,29.22910270690918,30.86735303030303,0.3921227691756524,76.67292547654777,32.348853890307964,0.8181818181818182,7.2727272727272725,19.181818181818183,3.5731211575594815,43.80891938643022,55.46606167879972,47.77406241677024,26.157833619551226,26.93338892168438,0.3221282577290224,68.29015818707215,24.259512177203717,0.64,7.84,22.36,4.522668828964234,47.60200576782226,56.145397338867184,51.727667236328124,27.8400390625,30.101422366522364
459,0.7654346470531413,149.25975617536255,77.07451469425749,1.0,4.0,9.0,3.071002721786499,43.773216247558594,58.70738220214844,47.080657958984375,29.95511245727539,35.78375,1,0.6381797734594699,130.3633302047064,42.929245345870314,0.8,4.6,12.4,3.639950704574585,43.56672744750976,57.51257400512695,47.71446914672852,28.307584762573242,33.00200757575758,0.40083274434867033,80.68380481416715,33.55648210634788,0.8181818181818182,6.818181818181818,19.272727272727273,3.5764823610132392,43.72935659235174,55.66304085471413,47.97571841153231,26.326044602827594,27.05562918142464,0.3326388593715498,70.50173687361516,23.824766019429347,0.6,7.76,21.8,4.572925300598144,47.739640655517576,56.590984191894535,51.96117904663086,28.17601493835449,31.344339538239538
460,0.26143969233059644,40.52315231124245,19.848833712792594,1.0,7.0,14.0,2.5541985034942627,41.427215576171875,55.07967758178711,45.21449279785156,25.068845748901367,29.44333333333333,1,0.5486366445773218,104.26614516407717,36.20448531512451,0.8,5.2,13.2,3.7763315200805665,41.50836868286133,55.32596969604492,46.14607543945313,25.754397583007812,30.93346212121212,0.40439848280287566,82.02109512700068,32.23906950703161,0.7272727272727273,7.2727272727272725,19.636363636363637,3.8253908807581123,43.92716737227006,55.85265211625533,48.50194202769887,26.678490031849254,28.541489571035026,0.33910764666632515,69.72085204788756,22.210372429079822,0.6,7.72,21.4,4.560294075012207,47.95271896362305,57.09389892578125,52.17967178344727,28.645398864746095,32.12401226551226
461,0.7164961112415864,196.31993448019466,34.99482888686745,1.0,3.0,10.0,3.984757900238037,38.05513000488281,52.4554557800293,43.853675842285156,22.776287078857422,34.937272727272735,1,0.4390833685700534,93.98403662123964,36.20448531512451,0.8,6.2,15.2,3.5986002922058105,40.6735725402832,53.81885986328125,45.49037475585938,24.494834899902344,28.86516212121212,0.3997250356532607,80.45293545324013,26.941494349466755,0.6363636363636364,7.181818181818182,19.363636363636363,4.486725525422529,44.08112716674805,56.00802785700018,49.066057378595524,26.95008763399991,28.942009051554507,0.3357255987436335,69.05458860711731,21.597860884630254,0.6,7.68,21.48,4.579900016784668,48.197555999755856,57.49231506347656,52.38153030395508,28.964225158691406,32.414512265512265
462,0.229759959841269,55.14239036190456,49.10424928170498,1.0,7.0,20.0,3.2643966674804688,38.25227355957031,50.1793327331543,43.898590087890625,19.98795509338379,19.885454545454543,1,0.32373728017144804,74.88822507459365,25.37856959722469,0.8,7.0,19.0,3.6925190925598144,40.58769836425781,52.74075546264648,46.21003723144531,23.34230613708496,25.284840692640692,0.4027727417725023,83.87760045608366,27.355641941009534,0.6363636363636364,7.090909090909091,19.90909090909091,4.4127560312097724,44.667601498690516,56.37992962923917,49.90093092484908,27.603260560469195,30.33090161353798,0.3366211251824808,69.2906674826462,21.608754419988426,0.6,7.6,21.44,4.586301937103271,48.554778594970706,57.9849560546875,52.56301040649414,29.412176895141602,32.75662655122655
463,0.2222864323836737,28.674949777493907,0.0,0.0,10.0,23.0,5.118645668029785,41.86002731323242,52.67245101928711,47.404457092285156,24.68597412109375,24.276000000000003,1,0.29752231673537144,72.62394101907473,21.40880285466617,0.6,8.2,22.6,4.377307653427124,41.680989837646486,52.82667541503906,47.78770141601562,23.778470611572267,26.44992402597403,0.3856525925917648,77.4968749801954,19.834910174151897,0.5454545454545454,7.363636363636363,20.181818181818183,5.137087561867454,45.39035207575018,56.65350688587535,50.85847403786399,27.958602385087445,31.248844680571953,0.32367955324320585,65.37128133049995,18.237064985937,0.6,7.76,21.92,4.610739145278931,49.06447357177734,58.52417144775391,52.866853942871096,29.97625587463379,32.629412265512265
464,0.1887042050601144,53.7806984421326,22.94493610475841,1.0,8.0,28.0,3.5405967235565186,43.34384536743164,53.31686019897461,50.67897033691406,24.192468643188477,17.88214285714286,1,0.20192492044269078,41.56466818740529,14.409837077292678,0.4,9.4,26.2,5.591128396987915,44.041081237792966,54.09861373901367,50.32400054931641,25.50583267211914,25.817612337662336,0.34182290023581763,74.27351752260728,19.834910174151897,0.5454545454545454,7.454545454545454,20.272727272727273,5.329905986785889,46.512018723921344,57.269506974653765,51.96029004183683,28.750628558072176,33.373920438147714,0.3288699701672708,66.8945425958445,18.237064985937,0.6,7.6,21.56,4.684163179397583,49.69897613525391,59.14944686889648,53.22346588134766,30.595383377075194,32.72365036075036
465,0.13036487515021358,29.201732033647843,0.0,0.0,13.0,32.0,5.9781413078308105,46.893672943115234,55.50927734375,53.102813720703125,27.24966812133789,35.26875,1,0.20196826647178145,43.138912726296766,7.432317068009661,0.4,9.6,27.4,5.41523323059082,47.05154113769531,56.48740463256836,53.28786087036133,28.421997451782225,29.748885064935063,0.33274265543822423,74.19700203433378,12.828136111037578,0.45454545454545453,7.363636363636363,20.636363636363637,5.7405782396143135,47.79328086159446,58.11037098277699,53.23923527110707,29.674427205866035,36.24772094319821,0.33530105199014243,68.14860355130446,18.237064985937,0.6,7.48,21.04,4.760521421432495,50.246935272216795,59.67066818237305,53.594293212890626,31.104483337402343,33.111107503607506
466,0.23850912977818295,41.023570321847465,0.0,0.0,9.0,28.0,10.053861618041992,49.855587005615234,58.815147399902344,56.53517150878906,31.413097381591797,31.775714285714287,1,0.25534177264782626,60.49198983685395,7.432317068009661,0.4,9.0,26.6,6.501531982421875,49.97840042114258,58.77725524902344,56.26167602539063,30.81733283996582,32.95879617604618,0.3505483662508933,79.78384818905721,11.023696682601887,0.36363636363636365,7.363636363636363,20.818181818181817,5.9297074404629795,49.38738042658026,59.295481248335406,54.63262176513672,30.96905448219993,38.88751892299619,0.33158527286386574,67.76216252217169,17.850623956804228,0.56,7.4,21.08,4.860849504470825,50.75555526733398,60.093492584228514,54.00817825317383,31.521639709472655,33.79378932178932
467,0.22997668998672247,63.013613056361955,14.216649235289893,1.0,8.0,26.0,2.384920835494995,53.30457305908203,62.123287200927734,58.717891693115234,34.56877899169922,39.54181818181818,1,0.27518617093672254,58.6615622400699,2.8433298470579786,0.2,8.6,23.8,7.419073534011841,52.984099578857425,61.51068344116211,58.68646926879883,33.91805419921875,40.98103427128427,0.342304792512711,71.72208047457697,10.681110002118569,0.36363636363636365,7.454545454545454,21.272727272727273,5.83572693304582,51.11975825916637,60.55865617231889,55.855791958895594,32.30568729747426,39.836857765971395,0.34592777738423897,71.19386391572907,17.270962413105067,0.52,7.32,20.88,5.124695863723755,51.28815170288086,60.42482162475586,54.57122314453125,32.006763763427735,34.83619567099567
468,0.48915396326389754,115.44033533027982,0.0,0.0,7.0,19.0,10.550139427185059,56.49432373046875,64.1217041015625,62.27353286743164,36.66265106201172,40.32555555555555,1,0.38222358676260265,82.50483299421113,2.8433298470579786,0.2,6.6,20.0,7.741124773025513,55.178784942626955,64.0002052307129,60.29571762084961,36.49150009155274,47.40639538239539,0.33152554198405926,68.70041555014399,8.110961628243473,0.36363636363636365,7.545454545454546,22.181818181818183,5.822854345495051,52.71898824518377,61.764495849609375,56.98282588611949,33.49417513067072,40.52908917093008,0.3529683552163638,73.01903977490595,14.940029343776532,0.48,7.2,20.28,5.461546411514282,51.76494781494141,60.74115539550781,55.102649993896485,32.43604133605957,36.100462337662336
469,0.2879261965045959,44.62856045821236,0.0,0.0,6.0,14.0,8.128304481506348,58.37234115600586,66.98400115966797,62.80293655395508,39.696075439453125,57.99333333333334,1,0.4259822630609573,94.69581093248169,2.8433298470579786,0.2,6.2,17.6,6.657276391983032,57.00012969970703,65.86035385131837,61.097032165527345,38.07082977294922,52.74747474747475,0.3276970851506102,68.910858846836,8.330530394796186,0.45454545454545453,7.363636363636363,22.272727272727273,5.742806347933683,54.13280764493075,62.74570083618164,57.81033221158114,34.54046128012917,40.71945280729371,0.3462207410367542,72.19856836846901,14.55358831464376,0.44,7.32,20.4,5.597676219940186,52.19842590332031,60.995516815185546,55.56367416381836,32.792006759643556,36.469845194805195
470,0.6655519542796142,148.41808580435398,0.0,0.0,3.0,13.0,7.58839750289917,57.86709976196289,67.9568862915039,61.14905548095703,40.11689758300781,67.39555555555555,1,0.505150285087929,103.62118624539168,6.245275080310188,0.2,5.4,15.4,6.770486688613891,57.76147232055664,66.70577239990234,60.81516342163086,38.652923583984375,53.9151111111111,0.32181297761273553,65.81376485398899,7.013117795479913,0.45454545454545453,7.545454545454546,22.454545454545453,5.712690049951727,55.41421959616921,63.48923769864169,58.356252843683414,35.37663199684837,41.548089170930076,0.31912171686667384,64.77343574586699,11.244466337226399,0.4,7.68,21.16,5.789058485031128,52.42982345581055,60.981973266601564,55.84260375976562,32.750928497314455,36.71123220779221
471,0.457302511269956,101.97846001320019,0.0,0.0,7.0,16.0,4.63461971282959,58.962310791015625,68.11589050292969,60.541744232177734,39.30974578857422,58.481111111111105,1,0.4295571332403695,84.91393441796404,10.411798514125975,0.4,5.6,17.6,5.285018444061279,57.631368255615236,66.57014541625976,59.619649505615236,37.932657623291014,51.35,0.32630270118538773,67.81626856166424,7.013117795479913,0.45454545454545453,7.0,21.454545454545453,5.755852049047297,56.69270290027965,64.31746604225852,59.023070248690516,36.377546137029476,40.55404696313787,0.29831248645957736,63.49864228951262,11.244466337226399,0.4,7.84,21.64,5.992881669998169,52.74350067138672,60.970652465820315,56.22330123901367,32.850008239746096,36.740932207792206
472,0.6258168001215814,107.64048962091199,31.22637540155094,1.0,4.0,15.0,2.950972318649292,57.11128616333008,66.35037994384766,57.30854797363281,37.479248046875,45.379999999999995,1,0.4080065753825971,82.18618753454282,10.894849800541943,0.6,6.0,19.6,4.506981086730957,57.439308166503906,65.86648635864258,58.360467529296876,37.23246688842774,45.025333333333336,0.31923614807571576,66.93699161299622,7.013117795479913,0.45454545454545453,7.0,20.636363636363637,5.466918468475342,57.65292393077504,64.90897646817294,59.456880742853336,37.00187995217063,40.598527482618394,0.2733409685546175,58.860676885109235,8.161485749456098,0.36,8.12,22.52,6.326026363372803,53.08834991455078,60.893131713867184,56.68813629150391,32.87679473876953,36.66198220779221
473,0.11118820402609977,21.904076193141655,20.832617169078937,1.0,8.0,30.0,3.122798204421997,55.84380340576172,63.44356918334961,56.295963287353516,33.06132125854492,27.5,1,0.29969198895537286,56.44510327783511,12.585529302997823,0.8,7.4,23.0,3.631165075302124,57.353763580322266,64.57426223754882,57.46747589111328,35.8871566772461,36.945650793650785,0.298329176258741,61.20848133514514,5.7206951377262865,0.36363636363636365,7.2727272727272725,20.818181818181817,5.796637079932473,57.98292055996981,64.87237756902522,59.465061534534804,36.83845069191673,40.058775416502684,0.26963115938984444,57.94151975961842,7.367532400944395,0.32,8.16,23.12,6.73327446937561,53.518034057617186,60.93371795654297,57.29576385498047,33.11160652160645,36.75664887445887
474,0.1801734072157339,30.989826041106234,2.4152564320798326,1.0,8.0,24.0,4.238117694854736,57.41204071044922,63.46570587158203,56.50702667236328,36.19512176513672,26.37,1,0.24418185359125927,46.29526583881018,12.585529302997823,0.8,7.4,24.0,3.9948257923126222,57.752699279785155,63.87504196166992,57.44668807983398,35.67715225219727,30.116285714285716,0.29474284915868554,59.83063934433906,5.7206951377262865,0.36363636363636365,7.181818181818182,21.181818181818183,5.731743184002963,58.12276978926225,64.6528389670632,59.384783658114344,36.73283420909535,40.48231077003805,0.2523182722259659,51.55247987027689,5.967739245469695,0.28,8.36,23.6,7.07136721611023,54.006871643066404,61.08785415649414,57.91438995361328,33.469738159179684,36.38451796536796
475,0.12397902214349309,19.7126645208154,8.453397512279414,1.0,10.0,30.0,3.209317445755005,57.43937683105469,61.495765686035156,56.68409729003906,33.39034652709961,26.997142857142858,1,0.1511739026813013,31.03747269192765,6.340254222687636,0.6,8.4,24.8,4.779749774932862,58.41404571533203,63.66931838989258,58.246395874023435,35.83745651245117,27.49328571428571,0.31092514895163736,65.2191995947412,5.7206951377262865,0.36363636363636365,7.2727272727272725,21.363636363636363,6.011028614911166,58.27818714488637,64.47378054532138,59.45865977894176,36.68386944857511,40.57170470943198,0.24312787383231516,49.34678425580071,4.003569274201497,0.24,8.72,24.2,7.29846007347107,54.39899932861328,61.25173202514648,58.39145751953125,33.77783592224121,36.76103311688312
476,0.17975183444938797,51.22927281807557,0.0,0.0,7.0,21.0,6.45292329788208,60.95698928833008,64.61978912353516,60.43780517578125,38.25972366333008,24.33428571428571,1,0.12893626187608134,26.656657453299317,2.1737307888718496,0.4,9.0,24.4,5.357555246353149,58.63219223022461,63.324744415283206,58.748779296875,35.77940368652344,28.7141948051948,0.2529442047612021,52.16578387290535,5.7206951377262865,0.36363636363636365,8.090909090909092,22.272727272727273,5.921340703964233,58.26211513172496,64.14964571866122,59.450553547252305,36.33533443104137,37.490160697887966,0.23535979162165652,48.34470165062575,4.003569274201497,0.24,8.92,24.52,7.420856504440308,54.60752975463867,61.19696624755859,58.71606704711914,33.83824920654297,37.066153116883115
477,0.16077704557179148,31.35152388649934,0.0,0.0,9.0,19.0,6.875592231750488,60.41801834106445,65.32176208496094,61.30708694458008,38.28076934814453,32.265,1,0.182842453465592,40.51550693136069,1.690679502455883,0.2,8.6,24.2,6.477193021774292,58.756317138671875,62.97295913696289,59.72546920776367,35.6405532836914,32.4370836940837,0.2113712491912061,42.895014780796245,5.7206951377262865,0.36363636363636365,8.636363636363637,24.0,6.169743386181918,57.840905623002485,63.48217981511896,59.28437666459517,35.64598794416948,35.4703194280467,0.2373685482163912,48.343781792296774,3.0857718300111605,0.2,8.96,24.48,7.636554679870605,54.74130859375,61.13210220336914,58.97338165283203,34.01178344726563,38.16544518037518
478,0.0,0.0,0.0,0.0,11.0,28.0,6.0118255615234375,56.93453598022461,61.720699310302734,58.80788040161133,32.77105712890625,33.60454545454546,1,0.25123294788230666,57.35351866972476,0.0,0.0,8.0,21.4,8.075418376922608,59.284828186035156,63.67667770385742,61.11176452636719,36.793976593017575,38.832988455988456,0.17718990847493532,37.49275718642446,2.881933737585292,0.2727272727272727,9.090909090909092,24.90909090909091,6.910826032811945,57.54678310047496,62.898052562366836,59.54727207530629,35.28067276694558,34.559410337137614,0.24228385535906496,48.74584734399662,3.0857718300111605,0.2,8.88,24.16,7.744422245025635,54.637936706542966,60.975120849609375,59.02908340454101,33.97234092712402,37.82816184704185
479,0.4497043651632872,100.28407343141305,0.0,0.0,6.0,23.0,9.83630657196045,58.03266525268555,61.70677947998047,61.39047622680664,35.50086975097656,44.98444444444445,1,0.22083489462939415,48.073766678941574,0.0,0.0,9.0,21.8,8.105199813842773,58.63149185180664,63.63100051879883,61.23618087768555,36.398634338378905,40.66584559884559,0.17991340805703024,38.52971581116413,0.9880594494872068,0.18181818181818182,9.363636363636363,25.0,7.663264382969249,57.233205275102094,62.29130658236417,59.76596034656871,35.0591685555198,35.133046700773974,0.24059307357219709,48.98880454814499,4.82475646110864,0.24,9.04,24.24,7.489813327789307,54.34240676879883,60.56619857788086,58.83756805419922,33.60168876647949,37.348187821067825
480,0.4659314942270662,103.90272321263576,0.0,0.0,7.0,16.0,11.200444221496582,60.081932067871094,65.01435852050781,63.61557388305664,39.15746307373047,58.97666666666666,1,0.18867948551503586,41.80346190164171,0.0,0.0,9.8,25.0,8.2034912109375,57.41368942260742,62.72140121459961,60.717523193359376,35.08786735534668,41.465417027417026,0.17886986769298818,37.307388368697396,0.7684906829344947,0.09090909090909091,9.363636363636363,25.454545454545453,8.435744697397405,56.756594224409625,61.62118183482777,60.12033809315074,34.58135206049139,35.62759215531943,0.2384496161008913,47.85821522113864,5.452825172378784,0.24,9.12,24.36,7.54960527420044,53.872769317626954,59.941621704101564,58.60078903198242,33.120681533813475,37.05141509379509
481,0.027761568184825662,4.830512864159665,0.0,0.0,12.0,23.0,6.60183048248291,57.6903076171875,64.39140319824219,61.05988693237305,36.28301239013672,33.498571428571424,1,0.23864389596355653,51.446593118206195,0.0,0.0,9.4,24.4,9.221702384948731,56.80196990966797,62.362257385253905,60.996026611328126,35.225812149047854,41.81650793650793,0.19338758678400006,38.84204952559204,0.0,0.0,9.181818181818182,24.727272727272727,9.274631890383633,56.10538447986949,61.1496450250799,60.3599045493386,34.43037310513583,35.503670077397345,0.22933820006129024,45.572009383410375,5.452825172378784,0.24,9.16,24.52,7.39382339477539,53.27131881713867,59.30802291870117,58.277437896728514,32.686898727416995,36.9509262049062
482,0.0,0.0,0.0,0.0,13.0,35.0,7.367049217224121,54.32900619506836,60.773765563964844,58.71379852294922,31.7269344329834,36.26285714285714,1,0.1769323628167278,38.05190264497917,0.0,0.0,10.4,26.0,9.53436508178711,55.67432632446289,61.37477416992188,60.458238220214845,34.250593185424805,39.58161904761904,0.1770465109249648,34.184842905766985,0.0,0.0,10.0,26.0,9.500885963439941,54.932518698952414,60.2093259638006,59.94058400934393,33.469525423916906,35.9549471336744,0.2350834947957586,48.51674883601659,5.715286389030291,0.28,9.2,24.76,7.243027648925781,52.49908660888672,58.55380844116211,57.812759704589844,32.00204658508301,35.79373832611832
483,0.2498220522426032,48.21565608282242,0.0,0.0,9.0,25.0,11.10288143157959,53.875938415527344,59.92498016357422,60.20039749145508,33.46078109741211,35.36,1,0.11748495661356881,20.780202837246456,0.0,0.0,10.6,28.6,9.841356468200683,54.09180374145508,59.59076919555664,59.81615982055664,32.60692863464355,34.14828571428571,0.16498354106545712,31.664057520459753,0.0,0.0,10.545454545454545,27.09090909090909,9.61933725530451,53.719361391934484,58.934920917857774,59.41445749456232,32.3709378675981,35.92212895185622,0.23056929780673102,47.532190788645586,9.223573779624278,0.32,9.28,24.88,7.076375236511231,51.63894226074219,57.609390563964844,57.34066467285156,31.143236694335936,34.437866103896106
484,0.14114669942914382,33.31062106527794,0.0,0.0,11.0,31.0,11.399620056152344,52.394447326660156,56.76936340332031,58.701534271240234,30.624774932861328,33.809999999999995,1,0.16866742940552842,27.132887713745824,0.0,0.0,9.8,28.4,11.008405685424805,52.60895614624023,57.97426071166992,59.468048095703125,31.696241760253905,32.57537142857142,0.1867038246953191,36.55112133717869,0.0,0.0,10.363636363636363,27.0,9.884903214194559,52.78788687966087,58.023517261851914,59.26027159257369,31.985462188720703,36.99121067821068,0.22066252020842358,44.895327918746,9.75493019468184,0.36,9.36,25.24,7.033869905471802,50.78169692993164,56.646408233642575,57.00891357421875,30.48412826538086,33.17479308802309
485,0.16869446321127116,17.5442241739722,0.0,0.0,8.0,29.0,12.735401153564453,52.16931915283203,56.09433364868164,60.405181884765625,30.93914031982422,31.809999999999995,1,0.16866742940552842,27.132887713745824,0.0,0.0,10.4,28.4,11.323339462280273,51.354248046875,56.67476348876953,58.89034423828125,30.888934707641603,31.182466666666663,0.16884411456384366,31.002875645790592,0.0,0.0,10.818181818181818,27.09090909090909,9.779314474626021,51.540315107865766,57.103332172740586,58.63344261863015,31.14571085843173,35.3414126984127,0.21320685223860206,44.01722412074266,10.575777586927572,0.36,9.52,25.52,7.023230314254761,49.94172119140625,55.73630905151367,56.83698013305664,29.903286819458007,32.80964308802309
486,0.2836739321446238,36.593937246656466,0.0,0.0,8.0,22.0,12.437076568603516,50.27606964111328,56.308860778808594,59.31932830810547,31.729578018188477,25.633999999999997,1,0.12431989438044926,18.214333426805286,0.0,0.0,11.6,29.6,10.738474464416504,49.993717956542966,54.95042877197265,57.95420379638672,29.43603973388672,30.491266666666668,0.14432666828015459,25.83876448332886,3.9522377979488197,0.09090909090909091,11.363636363636363,28.363636363636363,9.09642306241122,49.938988425514914,55.61039872602983,57.554507515647195,29.599286339499734,31.77774878656697,0.22663516848885787,47.43126373172894,9.742472900164415,0.32,9.64,25.2,7.149281177520752,49.234886474609375,55.05989486694336,56.826685180664064,29.692222595214844,33.36266126984127
487,0.0,0.0,0.0,0.0,16.0,35.0,8.941718101501465,48.05546569824219,54.27627944946289,55.825279235839844,27.690399169921875,29.298333333333336,1,0.14387517848031678,22.303749610531362,0.0,0.0,11.2,28.8,10.245160675048828,48.852491760253905,53.93560791015625,57.63626403808594,29.01724967956543,32.80215555555556,0.15783836691826833,28.558616030332814,6.672089344952775,0.18181818181818182,11.181818181818182,28.90909090909091,8.848958427255804,48.47292744029652,53.98471346768466,56.80346471613104,28.350248683582652,31.652651383969566,0.21987236029310422,46.27738741200971,9.645862642881221,0.28,9.88,25.28,7.273490219116211,48.48616577148437,54.36673950195313,56.89639770507812,29.46017509460449,33.74911126984127
488,0.028084377117207356,3.622884648119749,0.0,0.0,15.0,31.0,8.178556442260742,47.07328796386719,51.303306579589844,55.51969528198242,26.196306228637695,31.904000000000003,1,0.16078579658147407,26.64557894096571,0.0,0.0,11.8,27.8,9.433046531677245,47.28050308227539,53.03368988037109,56.45429916381836,28.082142639160157,31.807488888888884,0.1815991453068021,33.85726961097585,6.672089344952775,0.18181818181818182,10.727272727272727,27.818181818181817,8.78428053855896,47.3028415333141,52.84907427701083,56.39218798550692,27.813080180775035,31.793603764921944,0.23962715462094608,51.32137426158234,10.053239245457517,0.28,9.72,24.72,7.3106737804412845,47.63058410644531,53.723553314208985,56.90856536865235,29.266329879760743,34.43615888888888
489,0.2389231199284815,53.75770198390834,0.0,0.0,9.0,27.0,8.933051109313965,46.688316345214844,51.69525909423828,57.11183547973633,28.530824661254883,45.364444444444445,1,0.1432989271738466,28.74629157674576,8.694923155487398,0.2,12.8,29.4,7.683358955383301,45.71875686645508,51.490335845947264,54.9398910522461,26.165585708618163,30.635961616161616,0.19812064645441138,40.223759673752674,7.268592110069835,0.2727272727272727,10.545454545454545,27.363636363636363,8.171146847985007,45.95653221823952,51.77667964588512,55.57269564541903,26.823442979292437,31.221207070707067,0.24230427020315978,51.19630519609622,10.053239245457517,0.28,9.8,25.04,7.300437879562378,46.73671264648438,53.03381210327149,56.912274017333985,29.06767951965332,35.10543746031746
490,0.25324755371705754,39.253370826143914,0.0,0.0,11.0,24.0,8.674830436706543,44.30937576293945,51.58474349975586,54.495357513427734,26.26360511779785,26.836666666666662,1,0.17857697781466203,35.6960675529864,14.6785965588961,0.4,11.6,28.2,6.670959234237671,44.42039108276367,49.93685302734375,54.33451843261719,25.136225509643555,31.200794949494952,0.23553431282939136,48.45044272418912,15.241972543237988,0.36363636363636365,10.0,26.0,7.445916587656194,44.49917255748402,50.64732291481712,54.72225431962447,25.734522559426047,31.19291161616162,0.24091999286523108,50.95665194210979,10.053239245457517,0.28,9.88,25.36,7.437964544296265,45.96423385620117,52.43082885742187,56.93050109863281,28.91390983581543,35.48963746031746
491,0.1962395851064864,47.09750042555674,43.47461577743699,1.0,13.0,30.0,3.688638687133789,42.46733856201172,48.59209060668945,51.74728775024414,22.146793365478516,19.77636363636364,1,0.22523381484599483,46.62852850077712,14.6785965588961,0.4,10.2,26.6,6.36636643409729,43.29734573364258,49.33253860473633,54.0685302734375,25.060580444335937,32.38266161616162,0.2392560044749368,50.133412187074434,16.449600759277903,0.45454545454545453,10.090909090909092,25.636363636363637,6.612878886136142,43.1684324091131,49.55159551447088,53.980689308860086,24.997512990778144,30.746937590187596,0.2619421051337088,54.29916779279773,10.053239245457517,0.28,9.72,24.88,7.669848394393921,45.248625946044925,51.958229064941406,56.92648712158203,28.87976989746094,35.90271278499278
492,0.17639025320407706,34.74887988120318,29.918367017043515,1.0,10.0,29.0,3.8797194957733154,41.563636779785156,46.50886535644531,52.79841613769531,22.543598175048828,32.1225,1,0.26376090383355955,59.52639745866895,15.990902642153632,0.6,9.8,25.2,5.45143837928772,41.772989654541014,48.619214630126955,52.88335952758789,23.869369888305663,29.122500000000002,0.2534152016323385,54.59649922563551,21.153924414522834,0.5454545454545454,10.090909090909092,25.636363636363637,5.726324883374301,41.88077995993874,48.39605366099965,53.40713327581232,24.200116070834074,31.712142135642136,0.2721433672984734,55.78474502594394,10.053239245457517,0.28,9.64,24.52,7.807057600021363,44.617329864501954,51.60025527954102,56.89562576293945,28.84260055541992,35.84648500721501
493,0.2613685622738715,58.285189387073345,0.0,0.0,8.0,23.0,6.655592441558838,41.45806121826172,48.281734466552734,54.189754486083984,25.81808090209961,37.81333333333333,1,0.3236507990009327,76.43655021745595,33.53233959512356,0.8,8.6,23.6,4.400889730453491,40.18381271362305,47.17155380249024,51.853623962402345,22.345978927612304,30.45491666666667,0.294042120748929,64.34695981361723,21.153924414522834,0.5454545454545454,9.636363636363637,24.454545454545453,5.48381140015342,40.98236812244762,47.692138671875,53.4265251159668,24.208690296519887,32.80551679128951,0.2631156055030474,53.771554145563954,10.053239245457517,0.28,9.8,24.8,7.752213888168335,43.94451934814453,51.049456939697265,56.80891418457031,28.606563568115234,35.582707229437226
494,0.43155856486630495,118.24704677336756,6.561530416287653,1.0,7.0,20.0,4.358410835266113,39.06653594970703,48.128639221191406,51.18598175048828,22.574771881103516,29.063636363636363,1,0.3263294962420896,74.22842778548673,27.494198514923983,0.8,7.8,22.6,4.3775592803955075,39.196580505371095,46.26140213012695,51.953759765625,22.483027267456055,31.880501082251083,0.29249837758571867,64.21241739543592,21.153924414522834,0.5454545454545454,9.545454545454545,24.0,5.4078829721971,40.22061677412553,47.22245823253285,53.674720070578836,24.590292843905363,33.180721336744064,0.2809556748098128,58.050659191058955,10.053239245457517,0.28,9.64,25.0,7.838158369064331,43.34500534057617,50.439098052978515,56.75344055175781,28.341471328735352,35.947386594516594
495,0.5526970295539234,123.80413462007886,87.70718476484967,1.0,5.0,16.0,3.4220871925354004,36.36349105834961,44.346439361572266,49.3466796875,18.646650314331055,33.49875,1,0.37893646577648277,84.41623074341176,31.86003715305413,0.8,7.4,21.2,4.138611888885498,38.106231689453125,45.67920913696289,51.99611892700195,22.565950012207033,32.706251082251086,0.3269461739867239,72.58102046600163,22.84827101240345,0.6363636363636364,9.272727272727273,23.0,4.9720516421578145,39.253482125022195,46.65162658691406,53.66348856145685,24.591510252519086,33.07243850846124,0.28324018032226583,58.44816315022578,10.053239245457517,0.28,9.6,24.88,7.76980767250061,42.82926895141602,49.842818603515624,56.76242034912109,28.132538833618163,35.70195802308802
496,0.20963307131227096,36.056888265710604,13.283910376439081,1.0,9.0,25.0,3.571986436843872,37.53117752075195,44.04133224487305,52.24796676635742,22.832035064697266,26.904285714285713,1,0.4160419753782076,94.21020615955686,31.86003715305413,0.8,8.0,21.0,4.062307357788086,37.44920654296875,45.329505157470706,52.36588592529297,22.959276962280274,33.40867532467532,0.32634909855833055,73.3854909527997,22.84827101240345,0.6363636363636364,9.090909090909092,23.454545454545453,4.74679667299444,38.73537549105558,46.26903707330877,54.21213982321999,25.230588392777875,34.36603699330971,0.27661183455585703,57.195808707895246,10.053239245457517,0.28,9.76,25.48,7.626608209609985,42.43985397338867,49.28548522949219,56.80178482055664,27.99936264038086,35.31320802308802
497,0.43942510087604264,85.68789467082831,51.74756020769423,1.0,8.0,22.0,2.6849825382232666,36.11189270019531,43.597900390625,53.01021194458008,22.95821189880371,36.25125,1,0.33195090286932527,70.98938041450845,30.5477310697966,0.6,9.4,22.2,4.659293937683105,37.37470397949219,44.93114166259765,53.77865753173828,24.523109436035156,34.802198051948054,0.3199791464689748,71.4093720538253,18.896033214454636,0.5454545454545454,8.909090909090908,23.181818181818183,5.349080324172974,38.61162185668945,46.419499830766156,55.122637662020594,26.347836927934125,36.374549390003935,0.2727888016217703,56.15321463713371,10.053239245457517,0.28,9.88,25.6,7.4874457836151125,42.115838775634764,48.78173843383789,56.853776092529294,27.88756004333496,35.24732230880231
498,0.4468961102824957,107.25506646779897,0.0,0.0,11.0,22.0,6.274069786071777,38.172935485839844,46.5332145690918,56.03858947753906,27.78471565246582,41.32545454545454,1,0.3449812730264483,75.3910206425189,16.73385663216402,0.6,9.6,22.2,4.802657794952393,37.31197280883789,45.145075988769534,55.30697937011719,26.502622604370117,36.937114718614716,0.3517211967878717,75.84700990709763,16.176181667450678,0.45454545454545453,8.636363636363637,22.0,6.0699168985540215,38.382594715465196,46.728303389115766,55.65982991998846,27.200015154751863,37.44808835104289,0.28260806179454595,59.36126680366425,11.977138020145293,0.32,10.0,25.52,7.096186676025391,41.73835754394531,48.16909561157227,56.80199935913086,27.6312654876709,35.318966753246755
499,0.011103202321893477,2.142918048125441,0.0,0.0,14.0,26.0,7.343343734741211,38.69402313232422,46.13682174682617,58.249839782714844,30.39393424987793,36.03125,1,0.35239060356494034,77.80015222556128,14.077074556876203,0.4,9.6,23.0,5.327665662765503,37.52777786254883,45.81206130981445,56.96349029541015,28.59490852355957,39.76950757575757,0.39202732015228353,83.04140216827899,16.176181667450678,0.45454545454545453,8.272727272727273,21.181818181818183,6.670911832289263,38.45461307872426,47.13518524169922,56.24430153586648,27.995792909102008,37.972217138921685,0.28049688201149564,59.96632347441056,11.977138020145293,0.32,10.16,26.0,6.876269950866699,41.57276168823242,47.59943939208984,56.899060821533205,27.468091735839845,35.436686753246754
500,0.6178488803395384,145.81233576013108,18.637812576686798,1.0,6.0,16.0,4.138906478881836,36.049835205078125,45.41611099243164,56.98828887939453,28.54421615600586,44.173333333333325,1,0.28973960581444647,65.73461179876327,3.7275625153373597,0.2,10.2,24.0,6.853420925140381,38.52660903930664,47.1419174194336,58.7140007019043,30.89057159423828,40.89325757575757,0.3746344914682027,77.16193893462156,15.57967890233362,0.36363636363636365,8.636363636363637,21.454545454545453,7.168270067735151,38.83598882501776,47.41843622381037,57.17719268798828,28.966862591830168,40.09208858061131,0.28080852800273176,60.01462860305216,11.977138020145293,0.32,10.12,26.2,6.883669319152832,41.57299591064453,47.244276733398436,57.24041061401367,27.604840393066407,35.54155341991341
501,0.24667972400473118,48.10254618092258,0.0,0.0,9.0,29.0,6.197025775909424,38.61020278930664,47.376258850097656,60.530521392822266,33.29346466064453,41.06625,1,0.30547094510033596,60.99617775864326,3.7275625153373597,0.2,9.4,22.8,7.960391330718994,38.700889587402344,47.81641540527344,59.247789001464845,31.717140197753906,41.414452380952376,0.3674586979500244,76.0713938783903,7.606298469165466,0.2727272727272727,8.909090909090908,22.545454545454547,7.65266600522128,39.41225849498402,47.85352637551048,58.11595327203924,29.967685872858222,40.92088908566181,0.28160774510278364,60.25615424626013,11.977138020145293,0.32,10.04,26.68,7.002325057983398,41.72223770141601,47.057193450927734,57.72871917724609,27.97616813659668,35.424193419913415
502,0.12617011212357335,25.360192536838245,0.0,0.0,11.0,27.0,10.313758850097656,41.106048583984375,50.2471809387207,61.76276397705078,34.436527252197266,41.87,1,0.44419748849243745,88.05229500103182,3.7275625153373597,0.2,7.4,20.4,9.14502992630005,39.41213760375977,49.14053802490234,59.72160949707031,32.552680587768556,42.92395238095238,0.353593203995393,73.6969130341594,6.39867025312555,0.18181818181818182,9.181818181818182,23.181818181818183,7.842329220338301,39.76720567183061,48.01947611028498,58.724164789373226,30.30146650834517,41.21387609864882,0.27277179237492194,58.2507615528286,11.977138020145293,0.32,10.2,27.08,7.039679260253906,41.85587326049804,46.89566543579102,58.17499404907227,28.259736785888673,34.931165642135646
503,0.5255528067119429,83.56289626719892,0.0,0.0,7.0,16.0,11.808921813964844,39.04433822631836,49.905704498291016,58.7075309753418,31.917558670043945,43.93142857142857,1,0.3686752022928132,69.60441808963282,0.0,0.0,8.4,21.8,10.28311891555786,40.85450439453125,50.30619583129883,60.61350860595703,33.49514503479004,44.56573015873016,0.3212921410141512,67.44408579358945,1.6943465978806207,0.09090909090909091,9.636363636363637,24.818181818181817,8.282139431346547,40.49708487770774,48.23708933049982,59.467282728715375,30.95357235995206,40.24933064410337,0.26606676232009085,57.581368080465715,12.781269123544979,0.36,10.32,27.76,6.781149768829346,41.93639999389649,46.60442092895508,58.59045196533203,28.441373443603517,35.0629323088023
504,0.7047359192824013,137.42350426006826,0.0,0.0,4.0,14.0,13.266536712646484,42.25026321411133,52.7574348449707,60.61894226074219,34.57163619995117,43.57875,1,0.4140919176626592,82.34553665375526,0.0,0.0,8.2,21.6,10.793802261352539,41.67295532226562,50.657430267333986,60.442013549804685,32.76759338378906,44.87559126984127,0.2848080288136496,58.35233150526585,1.6943465978806207,0.09090909090909091,9.909090909090908,25.90909090909091,8.431820305910977,41.053551413796164,48.022769234397195,59.82753060080788,30.957662755792793,39.41636724386724,0.2615821080955579,56.447847270522445,11.042284492447498,0.32,10.4,28.08,6.884582481384277,42.12835983276367,46.36219512939453,59.14732894897461,28.85061004638672,35.9844110966811
505,0.2402374493414171,53.572951203136014,0.0,0.0,11.0,23.0,9.829351425170898,43.26166915893555,51.24440002441406,61.447784423828125,33.25653839111328,52.382222222222225,1,0.4002804228002098,79.26101794222178,0.0,0.0,8.4,22.6,9.862706851959228,41.73886489868164,49.78134994506836,59.87711944580078,31.18101234436035,42.52701984126984,0.321451007468992,67.04347789518498,6.0668438130801094,0.18181818181818182,9.636363636363637,26.0,8.032782099463724,41.42066643454812,47.53562753850763,59.905796397816054,30.424739317460492,39.19544552669552,0.26066771673324596,56.67303261069316,9.845549811765757,0.28,10.4,28.56,7.110297517776489,42.45981460571289,46.307804565429684,59.801224822998044,29.44152374267578,36.06564443001443
506,0.4737633008539612,111.80813900153484,0.0,0.0,8.0,28.0,8.750442504882812,42.702457427978516,49.13243103027344,59.67304611206055,29.65570640563965,42.61555555555556,1,0.3119925430742977,65.92979769369376,0.0,0.0,9.6,27.4,9.005501461029052,42.75811004638672,48.998538208007815,60.37251510620117,30.823775863647462,38.86898412698413,0.28627333085343093,58.48966137292889,4.372497215199491,0.09090909090909091,10.181818181818182,27.636363636363637,8.287350459532304,42.33760625665838,47.231204292990945,60.33830330588601,30.343468232588336,37.77759704184704,0.25282950204371085,54.96959170755099,10.473516484106515,0.32,10.68,29.08,6.993410263061524,42.68673141479492,46.15177261352539,60.33321533203125,29.793223419189452,35.76136564213564
507,0.057112637811326215,9.937598979170762,0.0,0.0,12.0,32.0,5.6582818031311035,41.43559646606445,45.86677932739258,58.93829345703125,26.50362205505371,30.127142857142854,1,0.18015953443321298,39.894250700928,0.0,0.0,11.6,31.4,7.936305999755859,43.16687088012695,47.28218994140625,60.24898986816406,29.475390625,36.58580555555555,0.2645561877421738,54.22648701248502,4.372497215199491,0.09090909090909091,10.727272727272727,28.636363636363637,8.553684689781882,43.19679884477095,47.05129103227095,60.686349001797765,30.14489104531028,36.94611976911977,0.24678426423849525,52.16905186039938,11.68457984321757,0.32,10.76,29.52,6.946660842895508,42.916477813720704,45.85166809082031,60.88950012207031,30.152112350463867,36.10882018759018
508,0.08411340808238223,16.90679502455883,0.0,0.0,13.0,40.0,7.522894859313965,44.14056396484375,45.99164581298828,61.18450927734375,30.131376266479492,25.64125,1,0.21494723807106159,48.728766127747946,9.619493873438874,0.2,11.6,32.2,6.561220407485962,43.060994720458986,45.18896255493164,59.781585693359375,27.730438232421875,32.82958333333333,0.25745570524171296,52.79929002989238,4.372497215199491,0.09090909090909091,10.909090909090908,30.09090909090909,8.62924751368436,44.07846104015004,46.72211317582564,61.22858949141069,30.23970673301003,35.773392496392496,0.22495399873818658,47.26519160423781,8.176292452623585,0.28,11.12,30.32,7.075094203948975,43.3661491394043,45.71820983886719,61.627926635742185,30.848670806884765,35.888641616161614
509,0.045570876076977976,7.245769296239498,0.0,0.0,14.0,34.0,7.920559406280518,44.2940673828125,44.17569351196289,60.00131607055664,27.829710006713867,32.16285714285714,1,0.16637346541394266,36.7112091305038,9.619493873438874,0.2,12.4,33.4,6.198963594436646,43.747737884521484,43.77596740722656,60.19614944458008,27.329343795776367,30.02187222222222,0.21131675024353075,45.53201624633974,4.372497215199491,0.09090909090909091,11.454545454545455,32.0,8.452700636603616,45.07708532159979,46.517690831964664,62.09778733686967,30.576296026056465,34.78314898989899,0.2189122399788987,46.43927343012179,7.644936037566022,0.24,11.28,30.88,7.288583765029907,43.81900329589844,45.6997802734375,62.34529006958008,31.49679641723633,36.190303520923514
510,0.41417596753066,97.74552833723575,48.09746936719437,1.0,11.0,27.0,2.953923463821411,42.7322883605957,40.778263092041016,59.11076354980469,24.531776428222656,33.60111111111111,1,0.15650916780785795,34.965214977877636,9.619493873438874,0.2,13.0,35.0,6.892647695541382,45.07288284301758,43.682054138183595,61.28029556274414,28.250442504882812,30.380443650793648,0.1550336487038835,35.0861098606128,6.20006790474423,0.18181818181818182,12.363636363636363,34.45454545454545,7.4477057673714375,45.44729267467152,45.74916319413619,62.485320351340555,30.23383105884899,33.560611111111115,0.20967823370149907,44.638642206028855,6.318673743104186,0.24,11.44,31.32,7.355953903198242,44.19126373291016,45.62225021362305,62.92728302001953,31.98720802307129,36.16355352092352
511,0.23089443756836664,51.72035401531413,0.0,0.0,12.0,34.0,6.9391584396362305,46.136173248291016,42.06745529174805,61.74586486816406,27.65023422241211,28.576999999999998,1,0.14929944711508233,33.516061118629736,9.619493873438874,0.2,13.0,35.6,7.6170587062835695,46.405636596679685,43.80896987915039,62.58887557983398,29.32006721496582,31.046193650793647,0.14084144689949663,31.921248858234527,6.20006790474423,0.18181818181818182,12.727272727272727,35.81818181818182,7.124533501538363,45.81135316328569,44.9575309753418,62.86908652565696,30.15393742648038,32.69071212121212,0.19894747209155575,41.94179301201939,6.7799379588038,0.28,11.48,31.68,7.306850509643555,44.46729568481445,45.31323791503906,63.36630920410156,32.276963806152345,35.90004645021645
512,0.007791149780902686,1.2076282160399163,0.0,0.0,15.0,40.0,9.126702308654785,48.06132125854492,45.397212982177734,64.35902404785156,31.109115600585938,31.919999999999998,1,0.14379013224607456,32.791484189005786,9.619493873438874,0.2,12.8,36.2,8.006328058242797,47.55266418457031,44.505242919921876,64.24235382080079,30.878133392333986,31.221372222222225,0.11172937128970727,25.427646529501473,6.20006790474423,0.18181818181818182,12.909090909090908,37.0,7.1947292197834365,46.46113031560724,44.59541008689187,63.73024715076793,30.85036780617454,31.92141919191919,0.19850334399868003,41.85607629009437,6.7799379588038,0.28,11.44,32.28,7.334178314208985,44.86743453979492,45.11528442382812,63.86578430175781,32.66624351501465,35.91189645021645
513,0.04806480461850413,9.66102572831933,0.0,0.0,13.0,43.0,11.144949913024902,50.8043327331543,46.626224517822266,67.72740936279297,35.47949981689453,28.97,1,0.0780792992091988,17.74608532497303,4.020655516998429,0.2,13.4,39.0,7.8578619956970215,48.27071533203125,45.21031646728515,65.39656219482421,32.132682418823244,30.527316666666668,0.11248396740099538,25.95142542307857,7.62726488733686,0.2727272727272727,13.181818181818182,37.36363636363637,7.019740971651944,46.97889258644798,44.46033339066939,64.50763112848455,31.58736332980069,31.928621080939262,0.1737893887850985,36.02358285968913,6.034425455736328,0.24,11.76,33.2,7.4306759262084965,45.36927047729492,45.02500030517578,64.45645416259765,33.15461296081543,35.975877402597405
514,0.01802430173193905,3.622884648119749,0.0,0.0,13.0,37.0,9.86690616607666,50.029205322265625,47.65705871582031,68.26870727539062,35.62004089355469,33.03875000000001,1,0.04872505759415779,11.153910557305213,4.020655516998429,0.2,14.0,39.8,7.724921607971192,48.49674758911133,45.304114532470706,66.18123168945313,33.078177261352536,33.374583333333334,0.13033071391495285,28.799312293080245,10.976184377706321,0.36363636363636365,12.818181818181818,36.54545454545455,6.625811923633922,47.03976821899414,43.972549785267226,64.86295769431375,31.716055956753817,33.029416535484714,0.17509579485631918,36.73644943986497,8.108038964613929,0.28,11.76,33.16,7.31080994606018,45.68123336791992,44.74890029907227,64.84460891723633,33.39738426208496,36.066649624819625
515,0.08562180234628128,22.518534017071975,20.103277584992142,1.0,14.0,41.0,2.2115931510925293,46.32254409790039,44.30363082885742,64.88180541992188,30.804521560668945,30.13083333333333,1,0.0778729214672329,18.988087591191466,4.020655516998429,0.2,13.0,40.0,7.804100227355957,48.85448455810547,45.2544921875,67.13858947753906,34.31964225769043,33.821250000000006,0.12681885173033725,28.250390376698466,10.976184377706321,0.36363636363636365,12.818181818181818,36.72727272727273,6.508753906596791,47.34078702059659,43.684757926247336,65.57259646329013,32.46431974931197,32.650455496523676,0.17032660605322447,35.770346867033034,8.108038964613929,0.28,11.8,33.52,7.1475074672698975,45.974167327880856,44.32944229125977,65.24156845092773,33.68259773254395,36.392421053391054
516,0.08412322949316157,18.759480176975032,0.0,0.0,15.0,38.0,6.27445650100708,47.266334533691406,42.53644561767578,65.6692123413086,32.377708435058594,42.813333333333325,1,0.08134259955063115,20.19571580723138,7.1604888787022105,0.4,13.4,38.6,6.321792459487915,48.11981430053711,44.80543441772461,67.09101104736328,34.145856857299805,34.06852272727273,0.0944927730757386,20.76524542902337,6.603687162506834,0.2727272727272727,13.0,37.81818181818182,7.050144997510043,47.89717275446112,43.939515200528234,66.57907728715377,33.782810557972304,32.72724842581661,0.15932154183171748,34.79185435543017,8.108038964613929,0.28,11.92,33.72,6.917647047042847,46.42669174194336,43.97385238647461,65.86562652587891,34.215958251953126,36.78396391053391
517,0.15353046914627821,40.37851338547117,0.0,0.0,10.0,41.0,9.522595405578613,49.850006103515625,45.14910125732422,69.14581298828125,37.31644058227539,34.15333333333333,1,0.13382326315142623,29.117848996522884,14.52811175751503,0.6,12.6,37.4,4.986346292495727,47.076012420654294,43.399227905273435,66.45588989257813,33.33124771118164,35.01077272727272,0.09246372820052814,19.760859979313455,8.2937783303385,0.36363636363636365,13.0,37.72727272727273,6.816515684127808,47.83192097056996,43.90244189175692,67.10763827237216,34.47083490545099,33.36411206218025,0.13490088479356513,30.286103254844228,8.108038964613929,0.28,12.24,34.44,6.80878306388855,46.866944580078126,43.53654281616211,66.51601318359376,34.74028121948242,36.986147243867244
518,0.06541319503549546,15.699166808518912,15.699166808518912,1.0,15.0,36.0,3.7334110736846924,47.1309814453125,44.38093566894531,67.48951721191406,34.610572814941406,30.20636363636363,1,0.11808698109141125,24.85566783631647,10.5074562405166,0.4,12.6,36.4,5.870611906051636,47.33255844116211,42.74049835205078,67.04099731445312,34.38246574401855,34.583463203463204,0.10799426640534718,23.272333470360955,9.34210609329217,0.45454545454545453,12.727272727272727,36.90909090909091,6.445586833086881,47.56032215465199,43.3034140846946,67.3490219116211,34.82715259898793,33.62027367834185,0.13602448862442,30.010744920703797,8.108038964613929,0.28,12.2,34.32,6.906599798202515,47.35503890991211,43.2087548828125,67.23605163574219,35.44048629760742,37.10097264069264
519,0.28042761973591435,48.23355059457727,36.838114394064085,1.0,9.0,31.0,3.1896753311157227,44.81019592285156,40.62602615356445,65.09310150146484,31.546995162963867,37.75,1,0.1129801556587939,24.1855585834834,10.5074562405166,0.4,12.2,36.6,6.397565698623657,47.64979782104492,42.949327850341795,67.94356536865234,35.7139591217041,32.9099632034632,0.10362473871275589,22.394058404150105,9.34210609329217,0.45454545454545453,12.727272727272727,36.72727272727273,6.16209491816434,47.36879140680487,42.80902862548828,67.62259535356002,35.24955506758256,34.2891373147055,0.12383755132361628,26.70175765477942,8.108038964613929,0.28,12.24,34.04,7.20879828453064,48.001171875,43.03892684936523,68.1472413635254,36.42437858581543,38.46160756132756
520,0.0069403920462064155,1.2076282160399163,0.0,0.0,14.0,36.0,6.63292121887207,47.60527420043945,41.00998306274414,67.80734252929688,36.060611724853516,27.994285714285713,1,0.12398905061774856,24.24427872009018,14.225656809746264,0.6,12.6,35.0,5.3668938159942625,46.76347732543945,42.25143737792969,67.62640991210938,35.29437141418457,33.195796536796536,0.10198616582803416,22.064705254321037,9.34210609329217,0.45454545454545453,12.818181818181818,36.90909090909091,5.860680428418246,47.23847579956055,42.40011492642489,67.93953427401456,35.716228831898086,35.4467834186016,0.1536020830040439,33.45118898962498,8.108038964613929,0.28,11.92,33.2,7.759922227859497,48.78616302490234,43.05630386352539,69.18686935424805,37.6635823059082,40.4660774025974
521,0.058589102330074805,15.408933912809674,0.0,0.0,13.0,39.0,8.909225463867188,48.85253143310547,43.58059310913086,70.18205261230469,39.03517532348633,34.44583333333333,1,0.14663182561743188,29.071212681898874,13.392144526540557,0.6,12.0,34.0,5.629508590698242,46.352027893066406,41.13683166503906,67.53135528564454,35.37797889709473,34.10207936507936,0.11959689977703114,26.01067586052528,12.22729337846925,0.45454545454545453,12.363636363636363,35.72727272727273,5.9505698030645195,47.24636043201793,42.051944732666016,68.42613289572976,36.49424934387207,36.64721271153089,0.1760250683167671,35.45681943878855,8.108038964613929,0.28,11.56,32.2,8.311232538223267,49.54248672485352,43.20400680541992,70.23677108764649,38.81348335266113,42.2559274025974
522,0.20857494394105167,40.672114068505074,18.591002846148324,1.0,12.0,33.0,4.369235992431641,45.41840362548828,41.65964889526367,67.5600357055664,35.218502044677734,35.582499999999996,1,0.09054630167024905,19.424502562983424,6.024521647727741,0.4,12.8,36.0,6.596881294250489,47.12948760986328,41.24922332763672,68.66007843017579,37.09376525878906,33.81757936507937,0.11258027819094432,24.41505295498572,12.22729337846925,0.45454545454545453,12.090909090909092,35.54545454545455,5.946637110276655,47.35209343650124,41.79960701682351,68.97318198464133,37.32962712374601,37.30184474616293,0.18406566508469385,37.37639739260428,8.108038964613929,0.28,11.32,31.44,8.6151083278656,50.19002243041992,43.39596420288086,71.25124725341797,39.925768280029295,43.76171311688312
523,0.17862707003391207,39.83383661756239,11.53160539249038,1.0,12.0,31.0,5.04648494720459,45.073734283447266,38.80790710449219,67.01424407958984,35.02861022949219,34.73777777777778,1,0.08915822326100775,19.182976919775438,6.024521647727741,0.4,12.8,36.6,6.58056640625,47.327579498291016,41.6790283203125,69.44961700439453,38.03233337402344,37.373293650793656,0.12138898110257976,26.117059326954458,12.22729337846925,0.45454545454545453,12.090909090909092,33.72727272727273,5.632074919613925,47.398224570534445,41.42386661876332,69.4425610628995,38.051002675836735,39.0806326249508,0.20280851894747673,43.141486821653395,6.184140189926154,0.24,11.0,30.68,9.173072986602783,50.829261779785156,43.69888061523437,72.26174530029297,41.26390350341797,45.87945049062049
524,0.0,0.0,0.0,0.0,13.0,41.0,8.026538848876953,48.69749450683594,41.187984466552734,70.7367172241211,40.12592697143555,36.3275,1,0.13330837795204242,29.286032274277215,16.392589192115743,0.6,12.0,34.4,5.43879656791687,46.83892822265625,41.05766143798828,69.4600845336914,38.09784774780273,39.1512380952381,0.1240077354928613,26.942564775763625,10.80009639587662,0.36363636363636365,11.818181818181818,33.36363636363637,6.251304561441595,47.95509754527699,41.19148115678267,70.29611483487216,39.239106091586024,40.75581168831169,0.21799893316093477,46.83725390606231,6.184140189926154,0.24,10.72,29.8,9.397468395233155,51.193589782714845,43.85218521118164,73.02791748046874,42.293868408203124,47.49054826839827
525,0.0,0.0,0.0,0.0,14.0,39.0,6.551346778869629,48.595733642578125,43.15900802612305,71.75503540039062,40.75345230102539,45.77285714285715,1,0.09298146757307338,21.39313510378419,12.674388622886077,0.4,12.0,35.0,5.811188745498657,47.44112701416016,40.677877807617186,70.28542785644531,39.36752014160156,42.037595238095236,0.12290772870894072,26.802150435313433,7.4511769055071575,0.2727272727272727,11.909090909090908,32.36363636363637,7.07722223888744,48.923627679998226,41.41181529651988,71.6011734008789,40.9858942898837,42.346980519480525,0.2322654657503681,49.10687917174716,6.184140189926154,0.24,10.44,28.96,9.463758373260498,51.40237182617187,43.779983367919925,73.58360382080077,42.997636260986326,48.722776839826835
526,0.2793398757852482,65.92421068531858,51.84033772194001,1.0,9.0,28.0,3.200376272201538,46.40927505493164,40.473758697509766,70.23439025878906,39.36274719238281,43.33555555555555,1,0.10734129380114457,25.246484475697162,10.368067544388001,0.2,11.6,33.0,6.014374017715454,48.497869873046874,41.11948776245117,71.74437561035157,41.412112426757815,45.83403968253968,0.13764859018963735,29.336316720530302,7.4511769055071575,0.2727272727272727,11.454545454545455,31.0,7.956538915634155,49.946401075883344,41.764246853915125,72.9325776533647,42.63974900679155,46.76853896103896,0.23858095752000877,49.78315097272951,6.184140189926154,0.24,10.24,28.16,9.436178035736084,51.538419494628904,43.743330078125,74.03267395019532,43.6203971862793,49.57389683982684
527,0.0069403920462064155,1.2076282160399163,0.0,0.0,12.0,36.0,6.231196880340576,48.42939758300781,39.7607307434082,71.68675231933594,41.566864013671875,50.01428571428572,1,0.12618519246686305,30.202429824781113,10.368067544388001,0.2,11.4,31.2,6.518053674697876,49.40968780517578,41.246829986572266,72.97275390625,42.92286911010742,48.295206349206346,0.20516102905254116,44.178539305757575,7.4511769055071575,0.2727272727272727,10.636363636363637,28.454545454545453,8.91355299949646,51.0562050559304,42.01157517866655,74.27320861816406,44.31688898259943,50.93154401154401,0.24840665756402405,52.169436893995005,6.329055575850943,0.28,10.12,27.76,9.253449325561524,51.64611450195312,43.65368133544922,74.3837109375,44.08782821655274,50.3736922943723
528,0.2504262011742681,59.10058347712727,0.0,0.0,10.0,21.0,6.062411308288574,50.35744857788086,41.01595687866211,74.3089828491211,45.25157165527344,53.72,1,0.17985070148942067,39.54022839470615,10.368067544388001,0.2,10.6,27.4,7.662738275527954,50.783346557617186,41.22496871948242,74.5114959716797,44.92451171875,50.191206349206354,0.24480767423066932,46.57630677713421,5.761085737675493,0.18181818181818182,9.909090909090908,26.818181818181817,10.453227238221602,52.65895531394265,42.74108158458363,76.07975560968572,46.46783447265625,54.09563492063492,0.24567565919278825,51.40816415155783,5.524924472451257,0.24,10.04,27.52,9.59110605239868,51.971441955566405,43.73867813110351,74.90055725097656,44.693612289428714,50.79330896103897
529,0.09421949332859227,24.779726745419765,0.0,0.0,12.0,32.0,10.544937133789062,53.25658416748047,41.8246955871582,76.87860870361328,47.679710388183594,48.633333333333326,1,0.15780069999914487,32.17207772832753,0.0,0.0,10.6,26.0,10.283743953704834,53.272647857666016,42.10756301879883,76.95517578125,47.902565002441406,56.85038095238095,0.2509857401616907,47.976432370231514,4.712757974721821,0.09090909090909091,9.545454545454545,25.363636363636363,11.4051335291429,54.0597485628995,43.66532897949219,77.74784434925427,48.34130928733132,57.28379148629149,0.2534550868857657,52.385160259747934,5.524924472451257,0.24,9.76,26.88,9.882399559020996,52.351010437011716,44.036980895996095,75.48064697265625,45.42795387268066,50.9432422943723
530,0.2683275451127882,46.68899284962515,0.0,0.0,10.0,20.0,12.27476978302002,55.464027404785156,43.04970169067383,79.44874572753906,50.76166534423828,55.252857142857145,1,0.3166578075543069,67.66522855518149,0.0,0.0,9.0,21.0,12.924780654907227,55.79884338378906,43.41565780639648,79.60362396240234,51.08593521118164,62.89530158730158,0.33123549598898455,69.96486546691004,4.712757974721821,0.09090909090909091,8.636363636363637,22.363636363636363,12.212088173085993,54.97027379816229,44.316527973521836,78.9875259399414,49.964875654740766,61.848977436704715,0.2520283112185728,51.26032180658954,5.524924472451257,0.24,9.72,26.16,10.114161529541015,52.64922470092773,44.286676177978514,75.91486083984375,45.874099807739256,51.46750896103896
531,0.16908986833386916,29.083457353425494,0.0,0.0,9.0,21.0,16.305404663085938,58.85578155517578,44.8867301940918,82.45278930664062,54.253013610839844,76.63142857142857,1,0.39551017549954565,69.25462311048564,0.0,0.0,7.8,19.8,15.973428916931152,58.3370849609375,45.14931030273438,82.22823791503906,53.8114013671875,66.22880158730159,0.38674956807124067,83.06618647832248,4.712757974721821,0.09090909090909091,7.818181818181818,19.90909090909091,12.757333343679255,55.5746955871582,44.56571544300426,79.81890175559305,51.11450334028764,63.94730355503082,0.273806954201735,56.07247821921057,4.896957800110502,0.2,9.36,25.4,10.679419431686402,53.17900985717773,44.621456909179685,76.51654724121094,46.57127937316895,52.93143219336219
532,0.8012259298220167,178.6733823503097,0.0,0.0,4.0,11.0,19.43638038635254,61.06037521362305,46.301204681396484,84.92899322509766,57.48371505737305,80.23888888888888,1,0.42598343588885645,75.34572138972825,0.0,0.0,7.0,16.4,16.967932319641115,59.78226013183594,46.579296875,83.92516021728515,55.402825927734376,70.46363492063492,0.3944872579559214,82.34110003949,0.0,0.0,7.7272727272727275,19.09090909090909,13.446749297055332,56.199386249889024,44.849207097833805,80.54770105535334,51.96364558826793,65.71004525777253,0.26711088328602123,55.16036881701511,3.4234332243479377,0.16,9.32,25.28,11.163317785263061,53.73414154052735,44.97752334594727,77.14325988769531,47.27255355834961,53.04832108225108
533,0.6446880409004616,67.04755625364801,0.0,0.0,4.0,15.0,21.305652618408203,63.04865646362305,49.68421936035156,87.43205261230469,58.878902435302734,70.3875,1,0.5488673896863454,114.38247563249597,0.0,0.0,5.6,14.0,17.893586349487304,60.43210906982422,47.639591217041016,84.91005401611328,56.84752426147461,76.72197258297258,0.4125792313025864,84.64657208829347,0.0,0.0,7.363636363636363,17.90909090909091,13.830771532925693,56.72448869185014,45.39003996415572,81.20837471701883,52.825614582408555,65.73129201101928,0.2670186215707348,55.1558072244821,3.4234332243479377,0.16,9.32,25.2,11.322823896408082,54.05884338378906,45.23945068359375,77.52725311279296,47.625986328125,53.635660764790764
534,0.24658579527514662,55.23521814163284,0.0,0.0,8.0,15.0,15.517454147338867,60.482460021972656,48.97462844848633,85.36322021484375,55.63683319091797,69.8075,1,0.637180374600535,137.38869038691823,0.0,0.0,4.8,12.2,17.142314147949218,59.7098274230957,47.84225921630859,84.59953002929687,56.67679290771484,75.16657575757577,0.4137829223624093,85.02652201580526,0.3293531498290702,0.09090909090909091,7.363636363636363,18.454545454545453,13.761342178691518,56.93940977616744,45.79002935236151,81.45707009055398,53.01236412741921,65.66889531680441,0.2807939304151037,58.343503881236686,3.4234332243479377,0.16,9.16,24.6,11.662536115646363,54.42668258666992,45.49719604492188,77.87523315429688,47.96197280883789,54.71760520923521
535,0.8827473141002327,241.87276406346376,0.0,0.0,3.0,8.0,16.903039932250977,58.71327209472656,48.351173400878906,84.37321472167969,57.98515701293945,86.54454545454544,1,0.549826081539479,113.24366588848855,0.0,0.0,5.6,13.8,15.411828422546387,58.153926849365234,47.30045166015625,83.26396789550782,54.920712280273435,71.66394083694084,0.4067944996112088,83.09079371678007,0.3293531498290702,0.09090909090909091,7.363636363636363,18.727272727272727,13.771167104894465,57.04842307350852,46.208561637184836,81.54110232266513,52.85503803599965,64.94052410468319,0.27989787688345263,57.67727512364933,2.6797931105020054,0.12,9.08,24.24,12.239370069503785,55.00530242919922,45.82025253295898,78.39107635498047,48.50991592407227,54.72990520923521
536,0.6106547929048173,144.11453112553687,0.0,0.0,5.0,12.0,12.549043655395508,55.2443733215332,45.90007019042969,80.9001693725586,53.399356842041016,68.85444444444445,1,0.4620788931312908,105.14771878833457,0.0,0.0,6.4,15.4,13.241786193847656,56.38530044555664,46.50558624267578,81.56838989257812,53.35463638305664,67.63604083694085,0.407729170220737,82.77219281060758,0.3293531498290702,0.09090909090909091,7.181818181818182,18.90909090909091,13.88771477612582,57.16583390669389,46.83986282348633,81.60680320046164,52.852727369828656,64.15041587957496,0.27275279408209613,56.083921658946835,2.21852889480239,0.08,9.16,24.56,12.610533590316772,55.4767204284668,46.10568557739258,78.79878204345704,48.87583618164062,54.9471940981241
537,0.36445446451673674,57.948259858161144,0.0,0.0,8.0,19.0,10.783951759338379,53.2808723449707,43.592166900634766,78.25118255615234,48.703311920166016,62.72571428571429,1,0.4654950946427256,106.7566816959594,0.7245769296239487,0.2,6.8,17.8,11.198033046722411,54.83312454223633,45.79382858276367,79.90467224121093,51.68843307495117,64.2812681096681,0.40307200741460836,81.24256505634264,0.3293531498290702,0.09090909090909091,7.181818181818182,19.09090909090909,13.797827503897928,57.024886738170274,47.431204015558414,81.3839277787642,52.32700694691051,61.4802860094451,0.2730304097639444,56.132226787588436,2.21852889480239,0.08,9.16,24.28,12.839031133651734,55.759533081054684,46.30445602416992,78.98625915527344,48.96582717895508,54.93660838383838
538,0.20595209885952065,26.567820752878163,0.0,0.0,8.0,23.0,10.45544147491455,54.20552444458008,45.70989227294922,78.95416259765625,51.04852294921875,50.248000000000005,1,0.2924150004357563,59.07947197449515,0.7245769296239487,0.2,8.6,23.2,9.948027324676513,53.9816162109375,45.40930404663086,78.59062194824219,49.281226348876956,55.096609018759025,0.3856768564866569,77.36344639940947,0.3293531498290702,0.09090909090909091,7.363636363636363,19.636363636363637,13.654961889440363,56.96263538707387,48.01749940352006,81.16598996249112,51.83212939175692,60.25897287813197,0.2901932019422436,59.44464567800018,2.21852889480239,0.08,8.88,23.72,13.2713685131073,56.18533096313477,46.54196731567383,79.24358184814453,49.18831237792969,55.1637940981241
539,0.26366680283232075,63.28003267975698,3.6228846481197436,1.0,10.0,27.0,5.2986884117126465,52.721580505371094,45.41584014892578,77.04463195800781,47.305816650390625,53.03363636363636,1,0.2260058262183125,38.893442325733325,0.7245769296239487,0.2,9.2,25.2,10.149577426910401,54.283850860595706,46.228092956542966,78.44487915039062,48.74860458374023,50.63805346320346,0.3373439297541668,73.58010633450428,0.3293531498290702,0.09090909090909091,7.7272727272727275,20.818181818181817,13.107823848724365,56.56625643643466,48.00326919555664,80.55952314897017,50.94121551513672,57.55758398924308,0.2952034542576004,60.06063056728755,0.14491538592478975,0.04,8.96,23.52,13.893117408752442,56.73553405761719,46.83859390258789,79.59084381103516,49.48824615478516,55.34767187590187
540,0.017346843065385836,3.4867154561425533,0.0,0.0,12.0,35.0,10.653011322021484,54.45573043823242,46.428550720214844,77.80296325683594,45.94912338256836,40.62125,1,0.17668714880825614,29.75530076540336,0.7245769296239487,0.2,9.4,26.0,11.056116008758545,55.088748931884766,47.78795623779297,78.79487457275391,48.70195999145508,47.544910606060604,0.3153482982895212,68.65813999460262,0.3293531498290702,0.09090909090909091,8.272727272727273,22.545454545454547,12.66265292601152,56.13356191461737,47.87449992786754,79.83624614368786,49.964815313165836,55.091245605404694,0.29564681064502973,60.15724082457074,0.14491538592478975,0.04,8.96,23.44,14.265019512176513,57.07825469970703,47.01294052124023,79.74407684326172,49.5252766418457,54.78700044733045
541,0.27860892181759833,43.18438288172774,0.0,0.0,8.0,22.0,13.556794166564941,56.75554656982422,49.994014739990234,80.17145538330078,50.73624801635742,46.56166666666667,1,0.25747258295926206,51.64235203963667,0.7245769296239487,0.2,9.0,24.8,12.537999439239503,56.32276611328125,49.196068572998044,79.5103775024414,48.90026779174805,50.85619949494949,0.27173234459307255,55.31528420080356,0.3293531498290702,0.09090909090909091,8.818181818181818,24.0,12.70801574533636,56.07312913374467,48.026595722545274,79.33700422807173,49.00569534301758,52.81396369539551,0.2858083391020695,57.83607584644817,0.14491538592478975,0.04,9.12,24.08,14.412414226531983,57.24166412353516,47.1044351196289,79.68205902099609,49.288346405029294,53.97260044733045
542,0.11786107746645479,12.257552056511297,0.0,0.0,9.0,23.0,15.316644668579102,57.305362701416016,51.391483306884766,80.00115966796875,48.470088958740234,47.26,1,0.2273443917614121,44.07250861162347,0.0,0.0,8.6,25.0,14.535688591003417,57.51614761352539,50.01843795776367,80.25363464355469,49.25487442016602,48.383916666666664,0.2331431457517052,44.39727183746577,0.3293531498290702,0.09090909090909091,9.272727272727273,25.09090909090909,13.275383125651967,56.494904258034445,48.37532216852362,79.29663571444425,48.598215623335406,49.81719601862785,0.2855849393288615,57.6815964471762,0.14491538592478975,0.04,9.04,23.92,14.617733211517335,57.39509155273438,47.28235702514648,79.58800964355468,49.06175064086914,53.31984489177489
543,0.6098792696145504,136.00307712404475,0.0,0.0,6.0,17.0,17.864858627319336,60.3756103515625,52.75045394897461,82.53167724609375,52.040061950683594,66.80444444444444,1,0.22480179298114394,43.59388320093788,0.0,0.0,9.0,24.8,14.529201126098632,57.76956558227539,50.244361114501956,80.17447662353516,49.0443359375,48.79522222222222,0.20001092170472912,39.129248213996576,0.3293531498290702,0.09090909090909091,9.818181818181818,26.90909090909091,13.597348690032959,56.8202053416859,48.58910092440519,79.2016996903853,48.186697873202235,47.766676538108364,0.2927500198283815,58.892524089484624,0.14491538592478975,0.04,8.84,24.04,14.800637302398682,57.52062210083008,47.38366149902344,79.42255920410156,48.759517974853516,52.67230203463203
544,0.11302584684307085,25.43081553969094,0.0,0.0,8.0,28.0,15.287134170532227,58.6884880065918,49.527687072753906,80.76091766357422,49.07884979248047,40.672222222222224,1,0.24967437330548367,53.97727669092717,0.0,0.0,9.2,25.2,15.298248481750488,58.028158569335936,50.250403594970706,79.91649627685547,48.384053802490236,51.781777777777776,0.1819189483580642,36.823776165193095,0.3293531498290702,0.09090909090909091,10.272727272727273,27.90909090909091,13.895851958881725,56.96223137595437,48.629769411954015,78.88074354691939,47.398259596391156,46.477118096549916,0.2936700634532456,59.22749527520028,0.14491538592478975,0.04,8.76,24.24,14.67391305923462,57.395345306396486,47.26070373535156,79.01714141845703,48.17061584472656,52.1329448917749
545,0.004633849164044946,1.0935884027146072,0.0,0.0,14.0,34.0,10.620573997497559,55.72282028198242,47.55816650390625,77.40717315673828,44.89643096923828,42.67777777777778,1,0.26333687894214797,56.32904530538913,0.0,0.0,9.4,25.4,15.992936515808106,58.54386596679687,49.91931915283203,80.00748748779297,48.47345199584961,49.507777777777775,0.19695558486944223,38.5992706725146,0.0,0.0,10.0,27.727272727272727,14.992314945567738,57.55487684770064,48.96440124511719,78.98469543457031,47.30823828957298,46.33337842712843,0.2746265575893228,55.644075565322325,0.14491538592478975,0.04,8.8,24.72,14.295494174957275,57.06260940551758,46.996901245117186,78.3694839477539,47.25793746948242,50.87637115440115
546,0.40297182343929727,95.10135033167415,0.0,0.0,9.0,24.0,17.40203094482422,58.04851150512695,50.024227142333984,78.88155364990234,47.434837341308594,61.49444444444445,1,0.14136102501923792,29.12842988058018,0.0,0.0,11.0,29.8,15.285079383850098,57.840580749511716,48.55797500610352,78.942529296875,46.900762939453124,44.18088888888889,0.23216007037887712,45.67537225991101,0.0,0.0,9.909090909090908,26.636363636363637,15.727868340232156,58.073842482133344,49.09720784967596,79.08587507768111,47.391144492409445,46.99803751803751,0.2636224913351548,56.451068785293145,0.19322051456638603,0.08,8.92,25.0,13.67102876663208,56.56049163818359,46.48624221801758,77.57351348876954,46.25713272094727,50.149760043290044
547,0.1861736056497762,24.01639512882113,0.0,0.0,10.0,24.0,18.790084838867188,59.8838996887207,49.736061096191406,80.45611572265625,48.91707992553711,35.89,1,0.12014393405986501,24.283792415849973,0.0,0.0,12.0,31.0,14.975448036193848,57.2564453125,47.88388671875,77.87507476806641,45.560133361816405,43.259015873015876,0.208470559461999,42.078872420492104,0.0,0.0,10.272727272727273,27.727272727272727,15.907137003811924,58.095830397172406,48.5631516196511,78.66279532692649,46.64172432639382,46.03765873015873,0.2540104591569569,54.285403595736405,0.19322051456638603,0.08,9.04,25.8,13.474958934783935,56.200341339111326,46.03330215454102,76.95211456298829,45.558043212890624,48.602545757575754
548,0.0,0.0,0.0,0.0,14.0,39.0,14.325572967529297,56.85918426513672,45.94373321533203,77.2068862915039,44.17661666870117,40.169999999999995,1,0.20503112511855193,40.627169187365766,0.0,0.0,10.6,29.2,16.323289489746095,57.960017395019534,48.19161148071289,78.03126068115235,45.843963623046875,45.01396031746032,0.19816177174689048,41.06195487208768,0.0,0.0,10.727272727272727,29.0,15.40083104913885,57.835586894642226,47.8278642134233,78.00437511097302,45.8106540333141,44.77402236652237,0.2286209388314532,46.31679705822082,0.19322051456638603,0.08,9.28,26.36,13.28263235092163,55.88410415649414,45.50924713134766,76.35949340820312,44.77150131225586,46.67796393939394
549,0.0069403920462064155,1.2076282160399163,0.0,0.0,13.0,34.0,13.738977432250977,55.7678108215332,46.15724563598633,75.42364501953125,42.375701904296875,36.06285714285714,1,0.20535599716452632,37.87166570453154,0.0,0.0,11.0,29.0,16.591703033447267,58.38318557739258,47.76465072631836,78.03813781738282,45.72921447753906,42.30157142857142,0.15077588350905793,30.59965165750367,0.0,0.0,11.090909090909092,30.0,15.202017697420986,57.537101398814805,47.23898142034357,77.27671120383523,44.89926806363192,41.638567821067824,0.20780375097928783,41.1801824855401,0.19322051456638603,0.08,9.48,26.92,13.158502635955811,55.71669631958008,45.09673065185547,75.96722381591798,44.24036331176758,45.26538616161616
550,0.42906980445747955,82.81047226029355,0.0,0.0,7.0,25.0,17.35978126525879,59.24068069458008,49.0967903137207,78.18810272216797,46.315582275390625,51.45249999999999,1,0.17172613638095888,33.79296360839126,0.0,0.0,11.4,31.0,15.939435958862305,57.80588836669922,46.641317749023436,77.05043029785156,44.44432373046875,42.323071428571424,0.1811784935779414,35.28432150910774,0.0,0.0,10.818181818181818,29.545454545454547,15.343857505104758,57.52926531704989,46.880311098965734,76.78139911998402,44.365358872847125,41.49239177489177,0.2167050904288849,44.40341834635656,0.19322051456638603,0.08,9.4,27.0,13.285305576324463,55.747689666748045,44.81308868408203,75.77174346923829,43.98709533691406,44.55209092352093
551,0.4045961836691693,81.32383291750303,0.0,0.0,11.0,23.0,18.744098663330078,60.16435241699219,47.88942337036133,78.91593933105469,46.86109161376953,47.9325,1,0.17261901890101114,34.0072554132038,0.0,0.0,11.4,30.6,15.023777198791503,57.32258834838867,46.11323547363281,76.16076049804687,43.47466354370117,40.96107142857143,0.19822004901352563,38.59015319943523,0.0,0.0,10.181818181818182,28.818181818181817,15.572650649330832,57.52935999090021,46.358003789728336,76.31868743896484,43.87754336270419,43.35327561327561,0.21676696804307682,45.208196869170294,0.19322051456638603,0.08,9.52,27.08,13.446052265167236,55.807118072509766,44.5541275024414,75.59643096923828,43.62260284423828,44.4211487012987
552,0.01802430173193905,3.622884648119749,0.0,0.0,12.0,34.0,15.528749465942383,56.997413635253906,44.1193962097168,75.517578125,42.49262619018555,35.9975,1,0.18895784029144838,37.949278122719946,0.0,0.0,10.8,29.4,15.411564064025878,57.58748016357422,46.13633499145508,75.98150634765625,43.402486419677736,40.21138888888889,0.1911442726303119,38.04347495140677,0.0,0.0,9.818181818181818,28.727272727272727,14.897548588839443,57.04694782603871,45.41999608820135,75.39650587602095,42.71680866588246,42.20146661419389,0.20646061995287648,42.72530069062161,0.0483051286415963,0.04,9.68,27.6,13.723759651184082,55.90321060180664,44.35602584838867,75.52593475341797,43.45374710083008,43.89650324675325
553,0.0044644126002613355,1.0714590240627204,0.0,0.0,14.0,37.0,9.747279167175293,54.442684173583984,43.303321838378906,72.75853729248047,39.32831573486328,33.36000000000001,1,0.19263479092011027,36.77962045212838,0.0,0.0,10.4,29.0,15.309082221984863,57.45980224609375,45.43343963623047,75.40638275146485,42.78053970336914,37.73374603174604,0.20781816162090164,43.78947418996106,0.10978438327635781,0.09090909090909091,9.545454545454545,28.545454545454547,13.706997004422275,56.193476243452594,44.254694505171344,74.22165818647905,41.34787264737216,43.68621408894136,0.2182711433385582,45.53686978993404,0.0483051286415963,0.04,9.72,27.28,13.84373649597168,55.997386627197265,44.12993896484375,75.50811187744141,43.47063201904297,43.93871991341991
554,0.0886344989983924,20.917741763620608,0.0,0.0,10.0,28.0,15.677911758422852,57.09226989746094,46.272743225097656,74.52737426757812,42.01481628417969,32.31444444444444,1,0.15013374597737067,28.006401267891153,0.0,0.0,9.6,29.6,14.187722206115723,56.5717041015625,44.21811218261719,74.08666381835937,41.314413452148436,40.77674603174603,0.20838952442273795,43.88889131748057,0.10978438327635781,0.09090909090909091,9.272727272727273,28.181818181818183,13.369736584750088,55.70434154163707,43.50082120028409,73.55087280273438,40.800870721990414,42.86413616686344,0.22650196154987218,48.13015851840091,0.0483051286415963,0.04,9.76,27.24,14.053259620666504,56.11476226806641,43.821262969970704,75.47128723144532,43.347154235839845,44.652742135642136
555,0.44745455760078906,76.96218390733571,0.0,0.0,5.0,23.0,16.84737205505371,58.602291107177734,45.582313537597656,75.31248474121094,43.205848693847656,39.064285714285724,1,0.21155654227577206,45.099402258939435,0.0,0.0,8.2,27.4,13.077153968811036,55.7206169128418,43.33546142578125,72.73065948486328,39.74923934936523,43.34215512265512,0.23030488023332268,47.6570706274382,0.10978438327635781,0.09090909090909091,8.909090909090908,27.09090909090909,13.220272757790305,55.2533898787065,42.509235035289414,73.01760378750888,40.432316866788,43.079330972058244,0.232422079793139,49.692326775131995,0.0483051286415963,0.04,9.76,27.2,14.236493110656738,56.23757583618164,43.53302886962891,75.45224182128906,43.265967559814456,45.034342135642135
556,0.19209095895547137,37.45773699631692,0.0,0.0,7.0,26.0,13.137298583984375,55.72386169433594,41.81278610229492,72.31734466552734,39.530460357666016,63.147499999999994,1,0.2845809366649726,62.329587804710556,0.24152564320798148,0.2,6.8,24.4,12.26650161743164,54.93122253417969,42.058345794677734,71.68551025390624,38.65533294677734,47.114599567099575,0.1995008158827048,41.55604285909505,0.10978438327635781,0.09090909090909091,9.181818181818182,27.181818181818183,12.50081998651678,54.50961685180664,41.2810866615989,72.37263350053267,39.86916455355558,41.450921881149156,0.20916762584025872,44.55221221690776,0.0483051286415963,0.04,10.08,27.88,14.217723579406739,56.21663970947266,43.24086212158203,75.3558428955078,43.07348098754883,44.269464357864365
557,0.3251382832239458,89.08788960336115,0.0,0.0,5.0,23.0,9.975908279418945,52.74197769165039,39.70614242553711,68.73755645751953,34.66675567626953,48.82454545454546,1,0.26811103502933387,58.36475713252936,0.24152564320798148,0.2,7.0,25.8,11.25406093597412,53.808509063720706,40.334022521972656,70.74568481445313,37.8842887878418,46.87713924963925,0.2160818856179316,46.75652681010138,0.10978438327635781,0.09090909090909091,8.727272727272727,27.0,12.065358768809926,53.95428536155007,40.245786146684125,71.86792755126953,39.46103009310636,41.17463400236127,0.20504913470521585,43.63158985260333,0.0483051286415963,0.04,10.2,27.96,14.18520751953125,56.266314849853515,43.07013092041016,75.37045928955078,43.084551696777346,45.16377546897547
558,0.369586384546264,87.22238675291831,1.2076282160399074,1.0,7.0,22.0,5.69401741027832,50.49571228027344,36.91774368286133,67.53279113769531,33.85878372192383,52.22222222222222,1,0.22822198470170374,51.50384047617697,0.24152564320798148,0.2,7.8,25.6,10.303561592102051,52.24951934814453,38.26751937866211,69.5947250366211,36.907440948486325,46.75028210678211,0.23330686175269336,50.6714721896561,0.10978438327635781,0.09090909090909091,8.636363636363637,26.181818181818183,11.969482335177334,53.83554181185636,39.80182855779474,71.78190682151101,39.41044686057351,42.17253804276532,0.21969743557626903,47.08858885817186,0.0483051286415963,0.04,10.08,27.28,14.589740257263184,56.54478881835937,43.01679138183594,75.60518371582032,43.359488067626955,45.87039769119769
559,0.006284990820198892,1.0935884027146072,0.0,0.0,11.0,35.0,10.615708351135254,51.478702545166016,37.651126861572266,69.8282470703125,38.15959548950195,31.127142857142854,1,0.20784881223074617,47.15212643861737,0.24152564320798148,0.2,8.4,25.6,9.565262031555175,51.31658248901367,37.022393798828126,69.34994201660156,37.02553024291992,40.828782106782114,0.23344719702333439,50.68385120710857,0.10978438327635781,0.09090909090909091,8.636363636363637,26.454545454545453,12.196218143809926,53.89746995405717,39.543644644997336,72.01133311878552,39.75191116333008,42.76867440640168,0.2288179944838247,49.241040760355006,0.0483051286415963,0.04,10.0,27.0,14.824343910217285,56.81503799438477,42.96621368408203,75.84231781005859,43.54781646728516,46.35110880230881
560,0.24800930596263845,42.657600625573814,0.0,0.0,9.0,22.0,12.09487533569336,50.807342529296875,35.24979782104492,69.55768585205078,38.32160949707031,38.43,1,0.26021874573728976,57.04037979365967,0.24152564320798148,0.2,8.6,25.2,10.360885429382325,51.57932815551758,36.38138885498047,70.27526550292968,38.56650161743164,40.04253968253968,0.2538085996332468,55.489142223047885,0.10978438327635781,0.09090909090909091,8.909090909090908,26.363636363636363,12.012083660472523,53.871820970015094,39.043975136496805,72.26860739968039,40.147950259121984,43.619785517512796,0.2397780760161497,51.90656902959042,0.0483051286415963,0.04,9.92,26.84,14.974740104675293,57.01104949951172,43.00036849975586,76.04627807617187,43.69233825683594,46.8434088023088
561,0.09022509660068341,15.699166808518912,0.0,0.0,10.0,26.0,9.44580078125,51.05917739868164,35.587158203125,71.09342956542969,40.120906829833984,33.540000000000006,1,0.2278012766709006,48.93335920772033,0.0,0.0,9.4,25.8,12.116903686523438,52.6184326171875,36.84501266479492,71.68297729492187,40.18198699951172,38.992984126984126,0.257165401405943,58.31227105814462,0.10978438327635781,0.09090909090909091,9.272727272727273,26.181818181818183,12.189129135825418,53.970697923140094,38.74350253018466,72.62663962624289,40.55190069025213,45.92414338187066,0.24818879407651923,53.78215915705282,0.0483051286415963,0.04,9.64,26.32,15.130516242980956,57.305598754882816,43.171277923583986,76.39657806396484,44.07233581542969,48.39803102453102
562,0.5869879507566638,138.52915637857265,0.0,0.0,6.0,21.0,13.954025268554688,54.05570602416992,36.50111770629883,73.36417388916016,42.371612548828125,44.89333333333334,1,0.2277458986223234,48.9561671703854,0.0,0.0,10.0,26.8,12.442036628723145,53.34747085571289,37.407447052001956,72.77377319335938,41.166952514648436,40.75105555555556,0.2638720445507297,59.57172755618747,0.10978438327635781,0.09090909090909091,9.454545454545455,25.818181818181817,12.803691257130016,54.39359248768199,38.95921568437056,73.2818832397461,41.18007902665572,45.3470979273252,0.2717656352954963,57.71754833084905,0.0483051286415963,0.04,9.32,25.4,15.530219383239746,57.711717681884764,43.32845657348633,76.87211059570312,44.68916625976563,49.72345007215007
563,0.20749903921431825,46.687283823221605,0.0,0.0,11.0,25.0,14.474108695983887,55.69123458862305,39.235862731933594,74.57135009765625,41.93621063232422,46.974444444444444,1,0.24066602297128142,55.179835633061245,0.0,0.0,10.8,27.8,12.753548049926758,54.548028564453126,38.51276321411133,74.33371429443359,42.7768798828125,41.40038888888889,0.2369065570569659,52.15466606210364,0.10978438327635781,0.09090909090909091,10.272727272727273,26.818181818181817,13.478210535916416,55.039976986971766,39.48104685003107,74.3168057528409,42.32200102372603,45.243275613275614,0.2649554799962287,56.88976229140489,0.0483051286415963,0.04,9.4,25.28,15.608645515441895,57.86391036987305,43.244094390869144,77.13733947753906,44.97305679321289,50.65847734487735
564,0.0060081005773130166,1.2076282160399163,0.0,0.0,14.0,40.0,12.241373062133789,55.12389373779297,40.46329879760742,75.2822265625,43.08442306518555,39.917500000000004,1,0.3194968790712342,73.64332249003743,0.0,0.0,10.6,26.8,14.623362350463868,56.27418060302735,39.85075454711914,75.96519622802734,44.28255920410156,47.57483333333333,0.20422266468612368,44.444926942027415,0.0,0.0,10.636363636363637,27.545454545454547,14.276411923495205,55.89767282659357,40.2393798828125,75.55258178710938,43.73080409656871,46.22580086580087,0.2763980757160434,58.96871248655501,0.0483051286415963,0.04,9.12,24.88,15.715439338684082,57.98569152832031,43.13864151000976,77.35670440673829,45.32988815307617,51.058427344877344
565,0.3126099277074284,73.77594293895311,0.0,0.0,13.0,27.0,13.652432441711426,56.81013107299805,40.7763786315918,77.35739135742188,46.371246337890625,41.67666666666667,1,0.2552720956295266,56.19984290928054,0.0,0.0,11.2,27.0,15.812053680419922,57.53817977905273,41.387657165527344,77.1973663330078,45.09632110595703,49.956166666666675,0.23736415378795772,52.301742863774095,0.0,0.0,10.636363636363637,25.90909090909091,15.196246840737082,56.91639709472656,41.018793626265094,76.77503967285156,44.96809907393022,48.88181818181818,0.2995216151475902,62.51969638325799,0.0483051286415963,0.04,8.92,24.16,15.82192180633545,58.09452087402344,43.065484313964845,77.59170166015625,45.72903549194336,52.18859401154401
566,0.48437937710044743,108.01660109339977,0.0,0.0,9.0,21.0,18.794872283935547,59.689937591552734,42.27711486816406,79.25083923339844,47.6493034362793,64.41222222222223,1,0.21947587194517165,48.36242877832403,0.0,0.0,11.8,28.8,16.39635601043701,58.370374298095705,42.62974166870117,78.30743713378907,46.154658508300784,50.09777777777778,0.27218019834846235,61.96129261474491,0.0,0.0,10.454545454545455,25.454545454545453,16.211905652826484,58.18888785622337,42.24697425148704,78.16160514137961,46.22459342262962,52.071111111111115,0.3024654784150608,63.02014254253318,0.0483051286415963,0.04,8.72,23.76,16.01046657562256,58.191915130615236,42.98580062866211,77.85077575683594,46.14154037475586,53.01859401154401
567,0.26586403354812554,51.311758474788235,0.0,0.0,9.0,22.0,19.89748191833496,60.375701904296875,44.185630798339844,79.5250244140625,46.44042205810547,56.8,1,0.22028696552310895,48.60395442153201,0.0,0.0,11.2,26.8,16.842927932739258,59.331668853759766,43.58896331787109,79.47625732421875,47.408897399902344,54.72027777777778,0.30581206629002755,68.77542307394377,0.0,0.0,10.272727272727273,24.90909090909091,17.403195554559883,59.43661603060636,43.610862731933594,79.47630448774858,47.352704134854406,53.40361111111111,0.3207481028558453,67.05107785334897,0.0483051286415963,0.04,8.64,23.52,15.8308878326416,58.037589416503906,42.67917541503906,77.91281341552734,46.37348831176758,54.01592734487735
568,0.02851792079254389,7.500213168439043,0.0,0.0,14.0,34.0,17.395620346069336,59.85220718383789,45.446285247802734,80.1217041015625,47.22789764404297,47.6825,1,0.23193325416969798,51.35247854212702,0.0,0.0,10.8,24.8,18.259219932556153,60.50657653808594,44.67862319946289,80.65983581542969,48.488616180419925,58.4536111111111,0.2715647936311707,60.44456823830626,0.0,0.0,10.363636363636363,25.363636363636363,17.791009296070445,60.36090781471946,44.85771283236417,80.62177831476384,48.38042623346502,56.50744949494949,0.31058393098174425,65.49619055175187,0.0483051286415963,0.04,8.88,23.88,15.468871078491212,57.71709518432617,42.352640838623046,77.83303131103516,46.37309188842774,54.22470591630592
569,0.010063568466999302,2.4152564320798326,0.0,0.0,11.0,30.0,14.47423267364502,59.93036651611328,45.25940704345703,81.12632751464844,49.35561752319336,63.029999999999994,1,0.2612545379752464,59.531687900697605,0.0,0.0,10.4,24.0,19.153669929504396,61.529537200927734,45.97515716552734,81.77164916992187,49.3873649597168,60.27361111111111,0.3069159193862902,65.25412039628118,0.0,0.0,9.818181818181818,24.09090909090909,18.63259540904652,61.29086685180664,45.844153664328836,81.78001542524858,49.822267358953304,58.52780303030303,0.3239988494617153,67.26815738181861,0.6911805430792282,0.08,8.92,23.56,15.080399732589722,57.38481231689453,42.127530822753904,77.77982330322266,46.52820007324219,53.92293924963925
570,0.3708413709403735,87.51856354192815,0.0,0.0,11.0,17.0,20.7338924407959,62.684669494628906,46.22467803955078,83.27528381347656,51.769840240478516,60.343333333333334,1,0.30011686005720134,67.40025657768123,0.0,0.0,10.2,23.6,19.68417148590088,62.411234283447264,47.2560173034668,82.97766876220703,50.60530548095703,58.55311111111111,0.32989844860433365,70.79122885611298,0.0,0.0,9.363636363636363,22.454545454545453,19.276146455244586,62.011012684215196,46.437284296209164,82.64697889848189,50.761214863170274,61.70150137741046,0.32573104159201066,65.2373650374465,2.0953286999540373,0.12,9.0,23.6,14.823373785018921,57.09543563842774,41.97486312866211,77.78003479003907,46.72118347167969,53.97785743145743
571,0.6309857961281895,148.91264788625273,0.0,0.0,7.0,17.0,23.267122268676758,64.80474090576172,48.75978469848633,84.80990600585938,52.14304733276367,73.51222222222222,1,0.3364668662005403,75.27816458130546,0.0,0.0,8.8,22.0,19.849042701721192,63.2853759765625,48.21005401611328,84.14620513916016,51.89503707885742,64.82372222222223,0.3642667348731617,76.20228747950412,0.0,0.0,8.545454545454545,21.181818181818183,19.981738437305797,62.592717257413,46.84425908868963,83.287221735174,51.61672661521218,63.179190771349866,0.31596774438422587,62.621977089617204,2.0953286999540377,0.12,9.12,23.88,14.791848287582397,56.887771453857425,41.85171600341797,77.76748718261719,46.87218658447266,53.64216854256854
572,0.46017564395790045,90.65460185970639,0.0,0.0,8.0,20.0,22.549989700317383,64.78418731689453,50.58993148803711,85.55512237548828,52.53012466430664,48.197500000000005,1,0.45372643701126697,94.71358480707863,0.0,0.0,7.6,18.2,21.700507354736327,64.48345947265625,49.17551498413086,85.38333129882812,53.58320617675781,66.0573888888889,0.3744243176386309,74.78236756789454,0.0,0.0,8.363636363636363,20.727272727272727,19.926823789423164,62.59528177434748,46.84547285600142,83.48191902854226,52.05509081753817,63.16459481175391,0.3429824567422753,68.65857652746982,4.32467925047469,0.16,8.88,23.04,14.496601648330689,56.600152740478514,41.56516426086426,77.58810607910156,46.7371176147461,55.7653494949495
573,0.21026795150923838,46.88975318656016,0.0,0.0,7.0,26.0,18.2199764251709,64.22291564941406,50.216468811035156,85.96438598632812,53.67655563354492,79.03555555555555,1,0.4313213472183503,89.63303635353093,0.0,0.0,7.2,19.2,21.41781578063965,64.5556251525879,49.32812652587891,85.6920394897461,53.911807250976565,68.95435858585859,0.35735131406943993,71.35244525254491,0.0,0.0,8.363636363636363,21.181818181818183,19.432588924061168,62.277267109264024,46.584163665771484,83.45558860085227,52.34604679454457,62.92004935720845,0.35645943469272195,71.46796108891465,4.32467925047469,0.16,8.72,22.72,14.326284093856811,56.425902099609374,41.36580467224121,77.45034118652343,46.602076873779296,56.4483494949495
574,0.5963614225206328,99.59235756094569,0.0,0.0,5.0,11.0,23.731555938720703,65.92078399658203,50.08671188354492,87.31195831298828,57.79646301269531,69.19833333333334,1,0.4432564033256199,86.51002433553154,0.0,0.0,6.6,18.4,21.04718017578125,64.23645324707032,48.62678985595703,85.61007080078124,54.63957290649414,65.83816414141414,0.4043678767263002,81.73343719487005,0.0,0.0,7.818181818181818,20.09090909090909,18.868300091136586,61.67562346024947,45.96242072365501,83.08800784024325,52.39928470958363,63.78962006427916,0.36775483982084173,74.9238024804222,4.499653394909027,0.2,8.68,22.56,14.180278501510621,56.263646087646485,41.24651649475098,77.25822174072266,46.385145874023436,57.287185858585865
575,0.2588159219757903,62.11582127418967,0.0,0.0,9.0,22.0,19.3204345703125,63.04549789428711,46.987735748291016,84.8188247680664,53.412845611572266,74.82818181818183,1,0.47044383203816154,86.85860037672911,0.0,0.0,6.4,17.6,20.175344467163086,63.223245239257814,46.96689682006836,84.77754821777344,54.62780990600586,69.04899747474747,0.42103030329732416,84.97659582535442,0.0,0.0,7.818181818181818,20.272727272727273,18.261274684559215,60.8264933499423,45.249651822176844,82.37815371426669,51.83931385387074,62.085415518824604,0.3444538982945856,69.4254945862418,4.499653394909027,0.2,8.92,23.08,13.8787637424469,55.95193069458008,41.173239669799806,76.96554870605469,46.104784088134764,57.14970707070707
576,0.6906610766645372,133.2975877962557,0.0,0.0,4.0,13.0,21.413944244384766,63.20888137817383,45.25310134887695,84.40006256103516,55.78187561035156,57.93125,1,0.4440024405937189,80.19717234060556,0.0,0.0,6.8,17.8,19.42352886199951,61.75417022705078,45.185848999023435,83.43174896240234,53.82068634033203,64.06388636363636,0.43526871693499447,84.45280893499601,1.4610804873582568,0.09090909090909091,7.545454545454546,20.363636363636363,16.68778582052751,59.43850430575284,44.336957064541906,81.26105013760653,51.079161557284266,61.65450642791552,0.3627072810199433,72.73590537062937,8.232862231890833,0.24,8.68,22.88,13.432083110809327,55.450355987548825,40.926144943237304,76.48407485961914,45.63221214294433,56.612929292929294
577,0.5961127875206085,92.39748206569432,0.0,0.0,7.0,16.0,18.190811157226562,59.71814727783203,42.29046630859375,81.39250946044922,52.471309661865234,64.25166666666667,1,0.4338701780931937,84.61692573521955,0.0,0.0,7.4,20.0,16.914906311035157,59.21683883666992,42.88992919921875,81.18502044677734,51.8240966796875,61.67377525252525,0.41140119787618906,74.39875739934199,4.652326298437369,0.18181818181818182,7.545454545454546,21.0,14.895343758843161,57.68421519886363,43.166926644065164,79.8004081032493,49.92900640314276,59.53498622589532,0.3658017210684892,73.11778480722913,8.566436539848997,0.28,8.44,22.44,13.111291790008545,55.04133697509766,40.770080490112306,76.0353742980957,45.206487045288085,56.140869292929295
578,0.07806099428702527,13.582613005942397,0.0,0.0,9.0,27.0,14.460898399353027,56.877540588378906,41.31122970581055,79.23538970947266,49.64093780517578,54.11000000000001,1,0.4207770458476882,79.81176175386317,0.0,0.0,7.8,22.0,14.610210037231445,56.72572631835938,40.976171875,78.88484191894531,49.78071517944336,55.56488888888889,0.3809764988210748,68.14267432638559,4.762110681713724,0.2727272727272727,7.7272727272727275,21.818181818181817,13.291333783756603,55.913298866965555,41.64412064985795,78.13349706476384,48.574800664728336,59.13794077134987,0.36029166531317947,71.25086999938404,8.566436539848997,0.28,8.36,22.52,12.807184429168702,54.68748352050781,40.683217239379886,75.57707962036133,44.64012351989746,55.49866929292929
579,0.5457001100180071,121.69112453401559,0.0,0.0,8.0,22.0,11.188443183898926,53.234127044677734,38.607112884521484,76.07831573486328,47.813514709472656,57.24777777777778,1,0.38813761470573005,69.50362574420916,3.2143770721881593,0.2,8.6,23.0,11.012524175643922,53.567308044433595,39.16255874633789,76.20225830078125,47.305973052978516,55.09930555555555,0.4238296668449108,77.69893079570102,9.82881647835157,0.36363636363636365,7.545454545454546,20.727272727272727,11.92902159690857,54.10105514526367,39.85056287592108,76.25889101895419,46.85719299316406,59.60804178145087,0.3411568142522541,66.97851108428965,8.566436539848997,0.28,8.48,23.12,12.424892139434814,54.322114868164064,40.67238273620605,75.11845321655274,44.16516777038574,54.32963040404041
580,0.19335026074826284,38.09000136740778,0.0,0.0,11.0,32.0,7.796953201293945,50.589935302734375,37.418949127197266,73.31793212890625,43.19593811035156,44.28375,1,0.3426036744978745,58.68774552988198,10.235117856562205,0.4,8.6,24.6,8.084413862228393,50.72519073486328,37.882355499267575,73.67232513427734,44.70997924804688,52.28847222222222,0.4227907879542902,78.90800871395089,9.82881647835157,0.36363636363636365,7.545454545454546,21.0,10.48405619101091,52.33108173717152,38.04866253245961,74.3317642211914,44.779840989546344,58.36319329660238,0.33748933877209786,65.65061767492207,8.566436539848997,0.28,8.48,23.48,11.998856296539307,53.91131408691406,40.53756248474121,74.56888046264649,43.5882479095459,53.27913040404041
581,0.5274639209547464,81.75690774798568,16.071885360940797,1.0,8.0,18.0,3.4255149364471436,47.41679000854492,36.185035705566406,70.98714447021484,43.408164978027344,55.60333333333333,1,0.35209226651079817,60.33876054013071,10.476643499770187,0.6,8.8,25.0,6.173410177230835,48.41050415039062,36.38792266845703,71.2690673828125,42.308563995361325,50.23247222222222,0.43313572457500715,82.54249783413434,10.22648498842961,0.45454545454545453,7.545454545454546,21.0,9.254531318491155,50.872652574019,36.741136897693984,72.64736591685902,43.07845791903409,56.516168503213954,0.33659779845761995,65.39346750914702,8.566436539848997,0.28,8.4,23.64,11.68875425338745,53.56939468383789,40.47198417663574,74.01963516235351,42.98307472229004,52.84520183261183
582,0.3684430864813307,38.31808099405839,35.10370392187023,1.0,7.0,24.0,3.550259590148926,45.50756072998047,35.88945007324219,68.74284362792969,39.49134063720703,50.1975,1,0.37928280446148366,66.40225050313356,21.623396252373446,0.8,8.2,23.4,4.582630014419555,46.62132568359375,34.763966751098636,69.12214813232421,39.70243530273437,55.624249999999996,0.37075420966007294,70.52194067302588,10.22648498842961,0.45454545454545453,8.272727272727273,22.90909090909091,7.891096050089056,49.332101648504086,35.77896378257058,70.97893732244319,41.22215721823952,55.01845156106519,0.33619525571893993,65.29685725186383,8.566436539848997,0.28,8.44,23.76,11.610068607330323,53.34796203613281,40.50757453918457,73.5791911315918,42.485262069702145,51.71443516594516
583,0.12550395435164363,21.837688057185993,1.2076282160399145,1.0,10.0,29.0,4.905879974365234,45.304107666015625,33.83906555175781,67.21910095214844,37.63386154174805,43.83,1,0.45759950325659204,81.36269316199089,21.623396252373446,0.8,7.0,19.8,4.590626668930054,45.79355392456055,33.33333854675293,67.6812744140625,38.05236587524414,57.8685,0.3769106478262232,73.89012897913648,18.71105052702462,0.5454545454545454,8.090909090909092,23.272727272727273,6.5380307544361465,47.826076160777696,34.93969362432306,69.26457318392667,39.19039379466664,52.227845500459146,0.32353008521046545,62.28185519991414,8.566436539848997,0.28,8.36,24.04,11.312838115692138,53.054945678710936,40.45483238220215,73.05500198364258,41.85141105651856,51.02326183261184
584,0.6816527997714346,152.0085743490299,55.7337637630163,1.0,5.0,14.0,3.2345423698425293,44.28823471069336,30.487333297729492,65.34371948242188,34.78287124633789,84.20666666666666,1,0.4266287640263783,85.43035193163527,19.283889902356975,0.8,7.2,20.6,5.064655876159668,45.710751342773435,32.61732215881348,66.74193420410157,36.31025924682617,57.65001515151515,0.3773932030538536,73.63303817232662,19.469173954202265,0.6363636363636364,8.0,23.454545454545453,5.607184540141713,46.737065055153586,34.50791705738414,67.8854207125577,37.62678995999423,49.86475459136823,0.3034545696217932,57.321985121959905,8.566436539848997,0.28,8.44,24.44,10.835966281890869,52.64202880859375,40.295864486694335,72.37960281372071,41.07152198791504,49.706472943722936
585,0.584933754723805,112.89221466169437,0.0,0.0,5.0,14.0,7.8369364738464355,46.45107650756836,30.26580810546875,66.11356353759766,34.94559097290039,55.504999999999995,1,0.35383302925016447,77.98102753763614,12.26314911798293,0.6,8.2,22.6,5.637835216522217,45.861803436279295,32.37327156066895,66.20283508300781,35.48450469970703,55.90178787878788,0.34368033249082436,65.03412437312758,19.469173954202265,0.6363636363636364,8.272727272727273,24.09090909090909,5.140030470761386,46.257943933660336,34.50770655545321,66.96012150157581,36.20848482305353,46.98965358126722,0.2857685159327547,53.84071643349644,8.566436539848997,0.28,8.6,25.0,10.573836307525635,52.32205093383789,40.207821426391604,71.77138320922852,40.435783309936525,49.31022294372294
586,0.3726102248036774,102.0952015962076,4.374353610858435,1.0,9.0,22.0,5.795660972595215,47.002777099609375,32.60495376586914,66.29044342041016,34.6976318359375,54.51090909090909,1,0.4614989598494878,99.5030006127811,30.687667659683974,0.6,7.2,20.8,5.318077802658081,45.43135528564453,32.2171573638916,65.26591567993164,33.98211479187012,53.84678787878788,0.326649227020738,61.68118135936687,19.469173954202265,0.6363636363636364,8.363636363636363,24.454545454545453,5.270995183424517,46.25483356822621,34.924734115600586,66.45714395696467,35.53389133106578,46.162608126721764,0.28699429604588145,53.902062438906796,8.566436539848997,0.28,8.72,25.04,10.563472537994384,52.12477005004883,40.16774070739746,71.26414413452149,39.86830558776855,47.85430072150072
587,0.0044644126002613355,1.0714590240627204,0.0,0.0,12.0,34.0,6.41615629196167,46.262821197509766,34.66919708251953,66.04734802246094,35.36256790161133,41.45636363636363,1,0.34184222025339306,71.2522085691819,21.208786446871535,0.6,7.8,23.8,5.515487337112427,45.553392028808595,33.432028198242186,65.01011428833007,33.5137996673584,42.62865454545455,0.2945322475288719,55.89550094960442,18.008093466844013,0.5454545454545454,8.454545454545455,25.636363636363637,5.800183447924527,46.49927832863548,35.34565127979625,65.98428587480025,34.49836956370961,43.88389600550964,0.2834576625885366,54.71337446913035,8.566436539848997,0.28,8.76,25.52,10.223780574798583,51.86845169067383,40.092009201049805,70.65670028686523,39.039463424682616,47.51636738816739
588,0.6638336073482606,129.4475534329108,93.33022092454513,1.0,5.0,20.0,3.3070929050445557,43.1518669128418,33.058494567871094,62.53450393676758,30.121912002563477,33.555,1,0.25982717607356903,54.09438018540826,21.208786446871535,0.6,9.0,26.8,5.158049726486206,45.855935668945314,35.09982604980469,64.96740646362305,32.96711311340332,36.651987878787885,0.26160373175153245,52.509444406877535,14.816847655764901,0.45454545454545453,8.909090909090908,26.90909090909091,6.354075236753984,47.026247544722125,36.06541286815297,65.77044296264648,33.826299320567735,42.669058343171976,0.27678308118982964,52.953318547786715,8.566436539848997,0.28,8.8,25.92,10.089507541656495,51.74716430664063,40.226330337524416,70.1378092956543,38.3807918548584,46.27589011544011
589,0.08336910179096076,10.754614131033938,8.339357698954105,1.0,8.0,29.0,4.221590042114258,44.89841842651367,36.56168746948242,64.06471252441406,32.4412956237793,28.116000000000003,1,0.18650675122829619,33.91686550937472,20.333915724699846,0.4,9.6,29.6,5.846430540084839,46.566524505615234,36.98008575439453,65.26635360717773,33.182668685913086,32.78705606060606,0.25019428135592847,50.52420003804244,14.707063272488545,0.36363636363636365,9.090909090909092,27.272727272727273,7.0450944683768535,47.85265142267401,37.18451291864569,66.03372712568803,33.76052110845392,41.844588646202276,0.253428428461741,48.46295773261958,8.566436539848997,0.28,9.04,26.64,10.077682285308837,51.7125244140625,40.55704063415527,69.75703170776367,37.79313819885254,46.33024011544012
590,0.174858533824685,27.103072742826175,0.0,0.0,11.0,29.0,6.049748420715332,47.96379470825195,38.60479736328125,65.9000244140625,32.212158203125,25.621666666666666,1,0.22044929801708765,37.32545835268193,20.333915724699846,0.4,9.0,29.0,6.412516450881958,47.335096740722655,38.20927124023437,65.21402511596679,32.51364021301269,30.603283333333337,0.19315421848838984,37.80919439205663,9.6403574758507,0.2727272727272727,9.454545454545455,28.181818181818183,7.960420630194924,48.85910831798207,38.49531208385121,66.47253036499023,33.86422053250399,38.10434622195986,0.25358818319921234,50.43206528222958,8.566436539848997,0.28,9.0,26.64,10.275850772857666,51.892738037109375,41.011077041625974,69.5878303527832,37.45334663391113,45.91084011544012
591,0.0060081005773130166,1.2076282160399163,0.0,0.0,12.0,36.0,9.237565040588379,50.555721282958984,42.00625228881836,67.7851791381836,35.77540969848633,35.18625,1,0.08892845913355499,11.65023947091231,1.667871539790821,0.2,10.4,32.6,7.679711723327637,48.96556777954102,40.35893783569336,65.98523864746093,32.9089714050293,31.259140476190474,0.1517145959145333,29.811347235302325,9.6403574758507,0.2727272727272727,9.818181818181818,29.363636363636363,8.279365171085704,49.58917583118785,39.815292011607774,66.63719974864613,33.65515050021085,36.74866440377804,0.26457237343718526,52.61134035381649,8.566436539848997,0.28,8.92,26.28,10.614891719818115,52.21516418457031,41.57609382629394,69.57965469360352,37.28717109680176,46.08324011544012
592,0.17417714654421873,18.114423240598747,0.0,0.0,9.0,31.0,9.246585845947266,50.105682373046875,40.81512451171875,65.78570556640625,32.017425537109375,30.5375,1,0.07225463877536284,9.499316644705521,0.0,0.0,11.2,33.4,9.336812019348145,50.864794158935545,42.27643356323242,67.19534149169922,33.802772521972656,32.58810714285714,0.1194795119989207,20.85931842183979,9.24268896577266,0.18181818181818182,10.090909090909092,30.454545454545453,9.206736022775823,50.478445226495914,41.25019212202592,67.00621691617098,33.831425580111414,35.27414994096812,0.2562648253655194,50.93452306611272,8.566436539848997,0.28,8.88,26.12,11.020792179107666,52.616842346191405,42.17798301696777,69.68287490844726,37.1822013092041,45.38030678210678
593,0.006229412930597211,1.0714590240627204,0.0,0.0,12.0,38.0,9.64306926727295,51.304222106933594,43.806827545166016,66.39057159423828,32.098567962646484,36.83428571428571,1,0.04812535365612761,6.507404544777485,0.0,0.0,10.8,32.4,10.78748836517334,52.34388732910156,43.53669891357422,68.04944763183593,34.54505386352539,36.07657380952381,0.14097478852047948,25.164040630726728,9.24268896577266,0.18181818181818182,9.909090909090908,29.818181818181817,10.256256558678366,51.662815440784804,42.57248791781339,67.66404065218839,34.20661145990545,35.381525974025976,0.27300179415896564,54.13382200152812,8.566436539848997,0.28,8.68,25.36,11.679072208404541,53.205010681152345,42.95449867248535,70.00113082885743,37.40619941711426,46.00620678210678
594,0.0,0.0,0.0,0.0,12.0,33.0,12.507091522216797,54.39455032348633,46.149166107177734,70.11522674560547,36.910301208496094,34.76083333333333,1,0.07274331482294165,11.249058089048894,0.0,0.0,10.2,30.6,11.209040641784668,53.12910690307617,44.09256591796875,68.07739715576172,33.91913604736328,37.157823809523805,0.12680315022400224,24.293822892874335,0.7581234271776485,0.09090909090909091,10.0,30.09090909090909,11.340998736294834,53.15017526799982,43.948390613902696,68.53598230535334,34.838747544722125,37.8537987012987,0.25693502155427544,52.07117390764861,7.923561125411364,0.24,8.72,25.56,12.440006475448609,53.86656112670899,43.78509605407715,70.33251815795899,37.465698623657225,45.81963708513708
595,0.05421210822850887,12.143512243185988,0.0,0.0,9.0,24.0,13.303130149841309,55.35926055908203,44.906124114990234,70.1705551147461,35.92356491088867,43.06400000000001,1,0.041512745860485714,8.350750370553095,0.0,0.0,10.8,31.2,12.55907154083252,54.464918518066405,45.60731201171875,68.99018249511718,34.84298248291016,38.708573809523806,0.1275833579710163,24.962896448289325,0.0,0.0,10.181818181818182,30.363636363636363,12.408454981717197,54.524256619540125,45.20148849487305,69.24342207475142,35.24827124855735,39.28109415584416,0.24432955485932614,50.96703427751136,6.519412968536556,0.2,8.92,25.92,13.031978330612183,54.46218078613281,44.48992805480957,70.63512405395508,37.55070732116699,45.440287085137086
596,0.12909790641138322,24.91589593739696,0.0,0.0,9.0,27.0,11.34532642364502,54.48181915283203,44.785587310791016,67.9249267578125,32.64582061767578,40.592499999999994,1,0.08844935414184787,17.82113923010435,0.0,0.0,10.4,29.0,14.22263412475586,56.062252807617185,46.688836669921876,70.36875,36.32119140625,39.869216666666674,0.12139574202898341,24.411577782312182,0.0,0.0,10.090909090909092,30.545454545454547,13.778324473987926,55.831446560946375,46.557494076815516,70.05984011563388,36.055396340110086,42.341851731601736,0.25214379431157086,52.57056549710183,6.471107839894959,0.16,8.76,25.68,13.639019651412964,55.102012939453125,45.31026390075684,71.08553573608398,37.875896224975584,45.462487085137084
597,0.01802430173193905,3.622884648119749,0.0,0.0,12.0,34.0,15.996740341186523,56.78474044799805,48.38885498046875,70.3496322631836,36.63665771484375,38.291250000000005,1,0.19003847135925003,41.79617089341126,0.0,0.0,9.2,27.0,14.769067192077637,57.085907745361325,47.09768829345703,70.77087707519532,36.35421295166016,45.06705000000001,0.17540470160899044,37.17680892684893,0.0,0.0,9.545454545454545,28.727272727272727,15.04263886538419,57.073970794677734,47.615232641046696,70.91232161088423,36.80095187100497,44.030980519480515,0.2391526540153124,49.27384200358743,4.2417572893743065,0.12,8.88,25.72,14.398926515579223,55.85305770874024,46.39482406616211,71.67770034790038,38.369238967895505,43.737120418470425
598,0.24091245433740793,48.423403321818995,0.0,0.0,10.0,27.0,17.96088218688965,59.2908935546875,49.21445083618164,73.28340911865234,39.4896125793457,42.6375,1,0.19758632711517135,42.99035309289381,0.0,0.0,9.4,28.6,15.301162910461425,58.01671829223633,48.18561630249023,71.10607604980468,36.558711242675784,45.2175,0.19163093830827485,41.717724068214046,0.0,0.0,9.363636363636363,27.545454545454547,16.28721488605846,58.42238096757369,48.94446216930043,72.11643912575461,38.02541767467152,46.56575324675325,0.240604160036127,50.299448351897645,4.2417572893743065,0.12,8.84,25.8,14.879248647689819,56.44052612304687,47.485313415527344,72.19156539916992,38.83609916687012,43.971053751803744
599,0.5079455860870108,119.87515831653454,0.0,0.0,6.0,23.0,15.239256858825684,59.51282501220703,48.193424224853516,72.12586212158203,37.075408935546875,60.75,1,0.19312569752535932,42.21488738882995,0.0,0.0,9.6,29.4,17.255760192871094,59.588931274414065,49.93267059326172,72.4972152709961,38.24765396118164,48.957,0.22179293788061705,48.87219982433756,0.0,0.0,8.909090909090908,25.727272727272727,17.350204467773438,59.51073178378019,49.83969081531871,73.23173453591086,39.21548149802468,46.823949494949495,0.254446593985733,52.62618626406029,4.066783144939969,0.08,8.64,25.4,15.618354063034058,57.071018829345704,48.5849821472168,72.72771163940429,39.367258834838864,44.53603961038961
600,0.09195138700811546,18.114423240598747,0.0,0.0,10.0,32.0,15.963608741760254,60.01331329345703,50.34576416015625,71.84654998779297,36.9460563659668,43.81625,1,0.3095421683704496,69.81534462039482,0.0,0.0,8.4,25.8,18.685416793823244,61.076680755615236,50.983174896240236,73.85978393554687,39.7156265258789,52.052083333333336,0.2774087997519279,59.60606116550055,0.0,0.0,8.363636363636363,23.90909090909091,18.418101050636984,60.50160390680487,50.81084303422408,74.24619848077947,40.29598964344371,49.112169191919186,0.25867282553065757,53.44226547264011,4.066783144939969,0.08,8.52,24.96,16.19712315559387,57.66374389648438,49.5079931640625,73.16618759155273,39.70295478820801,45.08533506493506
601,0.10679475846232317,21.038567417077665,0.0,0.0,10.0,31.0,21.11831283569336,62.3428840637207,53.52085876464844,74.88062286376953,41.09053421020508,59.29,1,0.33189282755023747,73.74356191515403,0.0,0.0,7.8,24.0,19.680624771118165,62.2061408996582,52.22761459350586,75.0093017578125,40.91501388549805,55.20858333333333,0.28391629953456266,61.246715088938,0.0,0.0,8.363636363636363,23.818181818181817,19.249532092701305,61.283084869384766,51.905738136985086,75.07358689741655,41.11163330078125,49.8280865472911,0.24029236918117516,50.086917346935586,0.3335743079581642,0.04,8.72,25.04,16.763894996643067,58.24074234008789,50.3911344909668,73.63649963378906,40.163206787109374,45.62957950937952
602,0.6001066559573904,141.62517080594415,0.0,0.0,6.0,16.0,23.145023345947266,64.2234878540039,53.64137649536133,77.1624755859375,43.97652053833008,53.76666666666667,1,0.29790599197810763,65.7226687201314,0.0,0.0,8.0,23.0,20.899964332580566,62.95879211425781,53.31979827880859,76.3158935546875,42.53778610229492,50.99347222222222,0.27702616432512767,59.955687298322566,0.0,0.0,8.636363636363637,24.363636363636363,19.886280233209785,61.82092423872514,52.698889298872515,75.8356836492365,41.92715488780629,49.83910927456383,0.25664776658122895,53.45693394573083,0.0,0.0,8.64,24.64,17.339229393005372,58.721203308105466,51.18134902954102,73.99336883544922,40.52101287841797,46.11873950937951
603,0.35266575023634733,68.06448979561503,0.0,0.0,7.0,18.0,22.936922073364258,64.93819427490234,55.436649322509766,79.03099822998047,45.486549377441406,58.42,1,0.4018706106933683,85.71427902257022,0.0,0.0,7.2,19.2,22.55803337097168,64.01495819091797,54.61701354980469,78.20144958496094,44.907752990722656,54.21647222222223,0.30455667695474786,65.25596765276148,0.0,0.0,8.090909090909092,23.363636363636363,20.257659565318715,62.231394334272906,53.24058081886985,76.57475280761719,42.7568754716353,50.39308654729109,0.25698638089684506,53.817403302732686,0.0,0.0,8.56,24.48,17.821827163696287,59.135772247314456,51.900645141601565,74.27825439453125,40.88177597045898,47.034072842712845
604,0.3380114082263615,79.77069234142131,0.0,0.0,7.0,18.0,21.335954666137695,63.27608108520508,53.65434265136719,78.65882110595703,45.18927001953125,39.67444444444445,1,0.40567058016840196,87.54470661935427,0.0,0.0,7.0,17.6,22.824145126342774,64.33749160766601,55.302835845947264,79.0796905517578,45.668775177001955,52.546290404040406,0.315098662229981,67.180247988157,0.0,0.0,7.909090909090909,22.272727272727273,20.64596245505593,62.57443618774414,54.00302505493164,77.19879150390625,43.4502234025435,50.25081382001837,0.2593896211277703,54.30045458914865,0.0,0.0,8.52,24.56,18.083681335449217,59.36137557983398,52.34293487548828,74.41078582763672,40.97737930297851,47.25497284271284
605,0.6117744805844191,118.07247475279289,0.0,0.0,6.0,13.0,24.25395393371582,65.29414367675781,56.83184051513672,81.27433013916016,48.79589080810547,59.93125,1,0.2963105327984435,61.362590506290886,0.0,0.0,8.2,21.0,21.865051651000975,63.57240447998047,55.27661056518555,78.90879364013672,45.19678268432617,49.93570707070707,0.325396463971541,68.87635844751296,0.0,0.0,7.7272727272727275,21.636363636363637,21.0646654475819,62.722159992564805,54.851626656272195,77.82009402188388,44.31764949451793,50.30566230486686,0.2556441244205965,54.29429204099936,0.0,0.0,8.64,24.48,18.24304069519043,59.47657669067383,52.77385025024414,74.51942993164063,41.13658569335937,47.34973950937952
606,0.12579460583749127,30.190705400997906,0.0,0.0,9.0,23.0,22.448871612548828,63.95555114746094,56.94997024536133,79.2718276977539,44.89564514160156,50.939090909090915,1,0.2899493708827263,60.13488625655746,0.0,0.0,8.0,22.0,21.29404983520508,62.844747924804686,55.058773040771484,78.79847259521485,45.25218963623047,47.12870707070708,0.38237098092933297,81.79901537111975,0.0,0.0,7.181818181818182,19.818181818181817,21.820091594349254,62.972321943803266,55.73807282881303,78.53350760719992,45.32042832808061,52.56196280991737,0.26662391810857533,56.41862492964099,0.0,0.0,8.48,23.92,18.415900650024415,59.580337066650394,53.16254928588867,74.58655364990234,41.31945831298828,47.419618080808085
607,0.053306419107598035,10.714590240627205,0.0,0.0,12.0,33.0,18.34955596923828,60.39805221557617,53.510250091552734,76.30799102783203,41.61655807495117,40.713750000000005,1,0.29372194771044857,58.09884519050714,0.0,0.0,8.2,21.4,21.473301696777344,62.80240249633789,55.84817199707031,79.09627532958984,45.6376235961914,47.40831818181819,0.3826732939076104,81.83854917307252,0.0,0.0,7.090909090909091,19.09090909090909,21.79891620982777,62.857600472190164,56.122037714177914,78.72701887650923,45.56264946677468,52.18912190082645,0.26735952920464023,56.56354031556578,0.0,0.0,8.44,24.28,18.43465648651123,59.588375854492185,53.40730834960937,74.49184722900391,41.26502258300781,47.33758474747476
608,0.3208599406577613,61.92596854694793,0.0,0.0,6.0,23.0,20.081912994384766,61.29991149902344,54.34746170043945,78.4793930053711,45.76358413696289,44.385000000000005,1,0.29561133264239875,62.19082491383854,0.0,0.0,7.8,22.0,20.591508865356445,61.9711311340332,55.98741226196289,78.633447265625,45.201864624023436,47.692734848484854,0.3466928886943205,73.10570185346832,0.0,0.0,7.454545454545454,19.636363636363637,21.283585808493875,62.253358667547054,56.25800600918856,78.4660942771218,45.34916687011719,51.588616850321394,0.26519104487549994,56.07779982583834,0.0,0.0,8.64,25.0,18.299020080566407,59.42519577026367,53.55440704345703,74.28755065917969,41.099918823242184,46.65405331890332
609,0.356874292364973,69.59048701116973,0.0,0.0,8.0,15.0,22.232213973999023,63.064353942871094,57.60133743286133,80.14783477783203,47.11643981933594,41.072500000000005,1,0.41418662618366603,88.20541371369367,0.0,0.0,6.8,19.8,20.956393814086915,61.73303985595703,56.61675262451172,78.71790161132813,45.818060302734374,51.23202777777779,0.3593827329266804,75.55484179031377,0.0,0.0,7.363636363636363,19.727272727272727,20.88977016102184,61.52351760864258,56.338042519309305,77.91658921675248,44.976430372758344,49.945435032139585,0.2727643018429482,57.64133580634708,0.0,0.0,8.68,25.28,18.20902187347412,59.22844940185547,53.73587371826172,74.10341537475585,41.053031311035156,46.140253318903326
610,0.62122140524417,138.5323733694499,0.0,0.0,4.0,16.0,19.844989776611328,61.137786865234375,57.52804183959961,78.96018981933594,46.617095947265625,61.35333333333334,1,0.4255493826068214,90.35718351327986,0.0,0.0,6.2,17.8,21.463559341430663,61.86961898803711,57.46359710693359,78.8581527709961,46.24574203491211,54.12702777777779,0.34532023142565543,71.58612491090022,0.0,0.0,7.545454545454546,20.363636363636363,20.596928163008258,61.073693708939985,56.604665929620914,77.40416578813033,44.616609053178266,50.74821280991736,0.2727908593253423,57.62499550330982,0.0,0.0,8.64,25.32,17.959379920959474,59.01277313232422,53.83624557495117,73.82451248168945,40.87206665039062,45.67306046176047
611,0.7186710735438274,160.26364940027352,0.0,0.0,4.0,12.0,24.273296356201172,62.76509475708008,60.09667205810547,79.69409942626953,47.97662353515625,68.63555555555556,1,0.4022418341975095,87.08475986194986,0.0,0.0,7.0,17.6,20.942454528808593,61.12500228881836,57.6215103149414,78.02073516845704,45.41866760253906,54.682249999999996,0.29571247013165763,62.05989178577715,0.0,0.0,8.0,22.636363636363637,19.826925017616965,60.246571974320844,56.26208912242543,76.47908713600852,43.650209253484554,49.00071280991736,0.2633675868282763,55.730917731399565,0.0,0.0,8.8,25.68,17.525755367279054,58.660558166503904,53.786494445800784,73.37770034790039,40.47162414550781,45.17726046176046
612,0.11012020122337529,21.473439238558182,0.0,0.0,9.0,23.0,20.88538360595703,61.08094787597656,57.74447250366211,77.00924682617188,43.754966735839844,55.18875,1,0.4293177830829761,92.16766827989893,0.0,0.0,6.6,18.4,20.217001724243165,59.89412002563476,57.36465301513672,76.58845672607421,44.2726692199707,54.536750000000005,0.2915983904068742,60.948042161765215,0.0,0.0,8.272727272727273,23.181818181818183,18.988897583701394,59.24931370128285,55.77463808926669,75.49999445134944,42.84129472212358,47.36140151515151,0.24479399900536314,51.235919925475756,0.08571672192501761,0.04,9.12,26.12,17.11480749130249,58.15039794921875,53.67892211914062,72.85759063720702,40.03174621582031,43.87577474747475
613,0.20432219861120132,45.56385029029789,0.0,0.0,10.0,22.0,17.476388931274414,57.57682800292969,55.137027740478516,74.29230499267578,41.628211975097656,47.16111111111111,1,0.3417382803771595,71.68415493958338,0.0,0.0,7.6,20.2,19.870942306518554,59.332166290283205,57.17648468017578,75.40085144042969,43.19549713134766,51.967083333333335,0.31227273913618975,64.8994231617176,0.0,0.0,7.909090909090909,22.363636363636363,18.590262326327238,58.658420909534804,55.775915666060015,74.75096477161755,42.39164248379794,47.16753787878788,0.24359691769908348,51.010018804834836,0.08571672192501761,0.04,9.08,26.32,16.744398174285887,57.61422058105469,53.573488311767576,72.31491485595703,39.64447151184082,43.14027474747475
614,0.49225403679230606,95.00502910091507,0.0,0.0,6.0,19.0,18.604949951171875,56.909942626953125,56.31705093383789,72.98644256591797,41.38644790649414,40.345,1,0.21122188693848268,42.28820713481649,0.0,0.0,9.0,25.4,18.173066902160645,58.01830825805664,55.769849395751955,73.68172454833984,41.23327102661133,46.38172222222222,0.2847754970219954,59.59914280727867,0.0,0.0,8.363636363636363,24.09090909090909,17.944269093600187,58.04893077503551,55.58688666603782,73.77534415505149,41.46308101307262,46.106174242424245,0.24071133208064094,50.50116524096382,0.08571672192501761,0.04,9.16,26.48,16.154394569396974,57.05957992553711,53.374314880371095,71.64908660888672,39.09956741333008,42.14354747474747
615,0.1833238917150872,36.11480666787218,0.0,0.0,9.0,25.0,18.11469268798828,58.32801818847656,56.58720016479492,73.02216339111328,41.23123550415039,48.505,1,0.2053057924667822,41.5855911944782,0.0,0.0,9.6,26.6,16.642104148864746,56.399260711669925,54.53855667114258,71.98023681640625,39.68179473876953,41.92530555555555,0.2523323795342706,53.272734897172334,0.0,0.0,8.909090909090908,26.545454545454547,16.82426964152943,56.977603912353516,54.767091577703304,72.40400834517045,40.07031111283736,44.73373917748918,0.2314334997678687,48.12015317411777,1.6565673354409682,0.08,9.2,26.88,15.378815116882324,56.4395718383789,53.10266143798828,70.85237747192383,38.275324478149415,41.853503030303024
616,0.06608910635044318,13.28391037643908,0.0,0.0,11.0,38.0,15.783919334411621,56.195804595947266,53.06349563598633,71.09846496582031,38.16549301147461,40.708749999999995,1,0.22058620377055585,43.308777384439296,0.0,0.0,9.2,27.0,15.939739990234376,55.66354141235352,54.21601181030273,70.73550872802734,38.69022903442383,40.20933333333333,0.2248058272936724,46.497455086323754,0.0,0.0,9.454545454545455,28.181818181818183,15.847031593322754,55.92536510120738,54.02111088145863,70.98231332952327,38.693632646040484,41.67866341991342,0.22138046578268075,46.179917614976496,1.6565673354409682,0.08,9.32,27.24,14.762411613464355,55.89589813232422,52.88004425048828,70.02131729125976,37.53992057800293,41.420403030303035
617,0.0805397288648731,17.9603595368667,0.0,0.0,12.0,29.0,13.230569839477539,52.98571014404297,51.588008880615234,68.5018081665039,35.99758529663086,32.906666666666666,1,0.12581345189241927,25.03234849388024,0.0,0.0,10.2,31.6,14.813947486877442,55.20065689086914,53.40623016357422,69.68773345947265,37.522821044921876,38.68233333333333,0.1611710241343964,32.22024851104327,0.0,0.0,10.090909090909092,30.272727272727273,14.527249336242676,54.891523187810726,53.18488173051314,69.4989461031827,37.25144334272905,37.85828823953824,0.21604901786620623,45.232878226366545,1.6565673354409682,0.08,9.36,27.44,14.282883491516113,55.54029495239258,52.77894012451172,69.3367530822754,36.930010604858396,42.3368797979798
618,0.28072425513006954,54.179781240103424,0.0,0.0,8.0,24.0,13.964568138122559,53.898231506347656,53.5243034362793,68.06866455078125,36.67038345336914,38.581250000000004,1,0.08914867354940183,17.8093871603058,0.0,0.0,11.2,35.0,13.173452949523925,53.79100494384765,51.80550842285156,68.09592895507812,35.63576812744141,34.17647619047619,0.15164470056052226,30.36552303699823,0.0,0.0,10.545454545454545,31.454545454545453,13.275875221599232,53.928302418101914,52.29635446721857,68.14475146206942,35.95358727195046,35.59044733044733,0.21295159800098434,45.27628297312337,1.6565673354409682,0.08,9.36,27.72,13.76421630859375,55.19993209838867,52.69253082275391,68.60742080688476,36.26159461975098,42.59411868686869
619,0.018390277401623092,3.622884648119749,0.0,0.0,11.0,42.0,12.975987434387207,54.59552001953125,52.26814270019531,67.74756622314453,35.549407958984375,32.71,1,0.13961671839883114,27.9534641750411,0.0,0.0,11.0,34.2,11.83574333190918,52.46447601318359,51.05726013183594,66.54054489135743,34.29739608764648,31.584226190476194,0.1370341270971567,26.905192389556518,0.19481073164776988,0.09090909090909091,10.909090909090908,32.54545454545455,12.138527133248068,52.944847106933594,51.42063522338867,66.76573458584872,34.539973519065164,33.86787878787879,0.21132154824474975,44.83064327999082,1.6565673354409682,0.08,9.44,27.92,13.336857376098633,54.84828125,52.604017181396486,67.94504150390625,35.68891662597656,41.98240505050505
620,0.0,0.0,0.0,0.0,14.0,42.0,9.912220001220703,51.27975845336914,48.58359146118164,65.06314086914062,31.795970916748047,25.975714285714282,1,0.12724642038421488,25.00426768210539,0.0,0.0,10.8,35.4,11.140767669677734,52.14590072631836,50.919288635253906,65.51559524536133,33.52038726806641,30.325178571428573,0.097922337784322,19.401725673525682,0.19481073164776988,0.09090909090909091,11.181818181818182,34.18181818181818,11.056565848263828,52.008386785333805,50.6381686817516,65.4287539395419,33.25613177906383,32.511856060606064,0.20918929148044582,44.40205967036573,1.6565673354409682,0.08,9.52,27.84,12.9643363571167,54.62444305419922,52.582934875488284,67.44398956298828,35.261179809570315,41.77030505050505
621,0.3184293305975899,64.00429545011556,0.0,0.0,10.0,34.0,9.09537124633789,49.56315994262695,49.3222541809082,63.3215446472168,31.4736328125,27.747500000000002,1,0.0721676977403529,14.38260323889725,0.0,0.0,12.0,37.8,9.771907711029053,51.463358306884764,49.808562469482425,64.32448348999023,32.08202056884765,28.657428571428575,0.08440699471942853,16.87467309647387,0.19481073164776988,0.09090909090909091,11.454545454545455,35.09090909090909,9.98870494148948,51.112827647816054,49.906743483109906,64.08445878462358,32.0049223466353,31.227021349862262,0.21207204015237724,45.42994455299576,1.6565673354409682,0.08,9.68,27.84,12.738335571289063,54.51497573852539,52.64236145019531,66.98396942138672,34.84667724609375,42.17743838383838
622,0.018688238791791635,3.214377072188161,0.0,0.0,11.0,35.0,9.755691528320312,51.3928337097168,50.89815139770508,63.37705993652344,32.11254119873047,26.611428571428576,1,0.07721082036286439,15.158068942961108,0.42858360962508807,0.2,12.6,36.2,8.169822216033936,49.89601821899414,48.45575714111328,62.59959411621094,30.187831115722656,27.758,0.11186806215466862,23.130669347233297,3.7649257623658396,0.18181818181818182,11.090909090909092,34.0,8.89521564136852,50.433507745916195,49.34188391945579,62.82502989335494,30.65991817821156,31.754912764003674,0.21683671355719153,46.892165929718104,1.6565673354409682,0.08,9.64,28.04,12.516119689941407,54.36195571899414,52.67533401489258,66.48301208496093,34.398773651123044,42.370849494949496
623,0.005330641910759803,1.0714590240627204,0.0,0.0,14.0,36.0,7.12026834487915,50.48551940917969,47.970672607421875,62.11310577392578,29.47854995727539,30.2425,1,0.08961569123308917,17.65144798787629,0.42858360962508807,0.2,11.6,35.2,7.5280533790588375,48.9618423461914,48.28102264404297,61.242897033691406,29.281474685668947,27.648607142857145,0.11375898685846648,23.275964009071178,3.7649257623658396,0.18181818181818182,10.909090909090908,33.81818181818182,8.376694245771928,50.28447515314276,49.18581216985529,61.89345585216176,29.851178776134144,33.08998852157943,0.2052565248080339,44.98648587914703,1.6565673354409682,0.08,9.8,28.56,12.300268898010254,54.2012939453125,52.646744842529294,66.0103271484375,33.8952278137207,42.395552525252526
624,0.043605890514180484,7.500213168439043,2.1429180481254404,1.0,14.0,34.0,4.965559959411621,46.758819580078125,45.50411605834961,59.12311935424805,26.078460693359375,28.212857142857143,1,0.03286084871382304,6.514034561913621,0.42858360962508807,0.2,12.0,35.4,6.982623672485351,48.74458389282226,48.12487640380859,60.22557144165039,28.48033447265625,28.973470779220783,0.10684998278432366,23.45004822598655,3.7649257623658396,0.18181818181818182,10.909090909090908,33.72727272727273,7.956983652981845,50.3288178877397,48.967851812189274,61.300369609485976,29.239463979547676,35.27227157943067,0.17747097795865094,38.76916041770248,1.6565673354409682,0.08,10.16,29.44,11.943588790893555,54.056592864990236,52.52265243530273,65.6102001953125,33.447842559814454,41.4228303030303
625,0.0620243543511239,12.466895224575904,0.0,0.0,9.0,37.0,6.703375816345215,46.60887908935547,47.70991897583008,58.27965545654297,27.264188766479492,25.42875,1,0.10275537058308157,22.291132974434547,8.282836677204841,0.4,11.2,33.6,5.7825927734375,48.21067428588867,47.31525421142578,58.99910888671875,26.73191566467285,32.95429617604617,0.1537544106527099,33.95320356904052,3.7649257623658396,0.18181818181818182,10.454545454545455,31.727272727272727,7.803464282642711,50.527868097478695,49.1863486550071,60.872502066872336,28.924562454223633,38.331564508723595,0.1939403406585872,42.83652714489378,1.6565673354409682,0.08,10.08,29.24,11.891610946655273,54.11289413452148,52.63615325927734,65.41862884521484,33.31511199951172,41.77394696969697
626,0.03465511800125924,8.317228320302219,0.0,0.0,12.0,35.0,6.368222713470459,48.47686767578125,48.54152297973633,58.23491668701172,27.467931747436523,34.37181818181818,1,0.12195722232225951,25.98856133303867,8.282836677204841,0.4,10.4,31.8,5.863906002044677,48.38284072875977,47.69536361694336,58.227386474609375,26.256496047973634,36.42429617604618,0.16148562537376684,35.68499566655727,3.7649257623658396,0.18181818181818182,10.181818181818182,30.454545454545453,7.971889582547274,50.881006414240055,49.74576117775657,60.65879336270419,28.813901034268465,39.21070411911321,0.20919780141402433,45.04399310966212,1.6565673354409682,0.08,9.84,28.96,12.048120422363281,54.339856719970705,52.9135661315918,65.41866821289062,33.32534896850586,41.7025310966811
627,0.36816084813808425,82.09986913479278,39.27126533789877,1.0,7.0,26.0,3.7555370330810547,48.72328567504883,46.850040435791016,57.244747161865234,23.370447158813477,46.51555555555555,1,0.1541810862823231,35.707460224585375,7.854253067579753,0.2,9.2,29.6,6.7403443336486815,49.908277130126955,48.819888305664065,58.7117057800293,27.02910804748535,43.29899747474748,0.1325375044103496,29.8664233529104,3.7649257623658396,0.18181818181818182,10.545454545454545,30.181818181818183,7.966540423306552,51.357273448597304,50.0785737471147,60.700624986128375,28.76385602084073,39.907408664567754,0.19484932791702791,42.648655882970516,1.6565673354409682,0.08,10.0,29.2,12.078032379150391,54.59624801635742,53.0783512878418,65.5013558959961,33.320808258056644,42.19516443001443
628,0.10133990060664953,19.55860081708336,0.0,0.0,10.0,27.0,7.526834487915039,51.346351623535156,49.871219635009766,58.254493713378906,27.101451873779297,47.5925,1,0.24864401220287266,57.04559986401288,7.854253067579753,0.2,8.6,26.2,7.657124042510986,51.94351577758789,50.21222610473633,59.66397933959961,27.993368530273436,51.485691919191915,0.16655936065255456,37.53994276568406,3.7649257623658396,0.18181818181818182,10.454545454545455,29.09090909090909,8.391649679704146,52.00912753018466,50.52720780806108,61.02806403420188,29.062808643687855,42.448490915650005,0.20269472436562533,43.16207103937454,1.6565673354409682,0.08,10.0,28.96,12.284989852905273,54.883182220458984,53.27454498291016,65.62006927490235,33.41265533447265,43.038004430014425
629,0.20472521031449836,56.09470762617255,0.0,0.0,8.0,23.0,9.34775161743164,54.38600158691406,51.126739501953125,61.544715881347656,29.94152069091797,62.58636363636364,1,0.25872166098894606,59.19209681448929,7.854253067579753,0.2,8.4,24.8,8.736459159851075,53.28099822998047,51.45134735107422,60.55946502685547,28.615521240234376,51.74057828282828,0.2093466775229701,47.092175711608235,3.7649257623658396,0.18181818181818182,9.818181818181818,27.636363636363637,9.260426824743098,52.80488517067649,51.47766043923118,61.52904545177113,29.64829046075994,43.87260707726617,0.225101255013589,48.24193588236082,1.6565673354409682,0.08,9.68,27.92,12.686762428283691,55.372332153320315,53.71565719604492,65.96114196777344,33.79896545410156,43.71081443001442
630,0.5343389839538718,119.1575934217134,0.0,0.0,6.0,20.0,11.287274360656738,56.785072326660156,54.671607971191406,63.04102325439453,32.08549118041992,66.36222222222221,1,0.18508949136132918,42.77212298753072,0.0,0.0,9.8,25.8,9.792657852172852,54.496760559082034,52.67797775268555,61.86685409545898,30.126059341430665,49.519717171717176,0.23553856806852005,54.67309925131133,3.5701150307180725,0.09090909090909091,9.272727272727273,27.181818181818183,10.122532281008633,53.7469236200506,52.505769209428266,62.25813154740767,30.371016762473367,46.941520890725435,0.23503260714515858,50.16726269940521,1.6565673354409682,0.08,9.44,27.68,13.144687919616699,55.92009826660156,54.11578262329102,66.38093994140625,34.14925140380859,44.471097763347764
631,0.0850433619316262,19.04971307268427,0.0,0.0,11.0,28.0,11.764898300170898,55.16427993774414,54.73712921142578,62.712345123291016,30.57869529724121,35.64625,1,0.24340724273120862,56.38502094665373,0.0,0.0,9.8,25.0,11.173669624328614,55.94013595581055,53.87035903930664,63.61173324584961,31.78597297668457,50.91388383838383,0.23208475424653166,53.97888267309167,3.5701150307180725,0.09090909090909091,9.636363636363637,26.90909090909091,10.909161177548496,54.88680440729315,53.34980947321112,63.29551974209872,31.237180709838867,48.65867998163453,0.22807274300812874,49.02465690616258,1.6565673354409682,0.08,9.48,27.72,13.440508728027345,56.42544586181641,54.36759872436524,66.78220275878907,34.42072875976562,45.07442958152958
632,0.0,0.0,0.0,0.0,14.0,31.0,9.036530494689941,54.80209732055664,52.983192443847656,63.78169250488281,30.923137664794922,35.41125,1,0.2976604261653751,66.39528370726495,0.0,0.0,9.6,24.4,12.639482688903808,56.9107063293457,55.33014144897461,64.82757034301758,32.98143882751465,47.57816666666667,0.2763755861302156,64.4189171365497,3.5701150307180725,0.09090909090909091,9.181818181818182,25.363636363636363,12.110771612687545,56.160587310791016,54.44439766623757,64.5668875954368,32.41615988991477,51.34912075298439,0.25056673342435276,53.363054612109565,1.6565673354409682,0.08,9.24,26.68,13.866239128112793,56.97007751464844,54.695679931640626,67.21183990478515,34.83362060546875,46.63267958152957
633,0.39292865745604655,87.62309061269838,0.0,0.0,10.0,23.0,14.431893348693848,58.563228607177734,55.833126068115234,66.97888946533203,35.40102005004883,54.56333333333333,1,0.25713596667764665,60.741839443956884,0.0,0.0,10.0,26.2,13.271771812438965,56.97794036865234,55.75848236083984,65.64797897338867,33.37003059387207,46.699904040404036,0.2961572106174015,66.11442897970548,0.0,0.0,8.909090909090908,24.363636363636363,13.713825139132412,57.48127885298295,55.828243949196555,66.11675505204634,34.0992225300182,51.24549881936245,0.2767935953359918,58.42483896105589,1.6565673354409682,0.08,8.92,25.6,14.358063621520996,57.6111555480957,55.15110000610352,67.65908752441406,35.33767608642578,48.645001010101005
634,0.47599112748533057,106.14602142922871,0.0,0.0,7.0,20.0,16.676816940307617,59.238853454589844,58.42565155029297,67.6239013671875,35.91884994506836,45.907777777777774,1,0.24493377475317185,57.89799940225197,0.0,0.0,10.4,27.4,13.990050888061523,57.7745979309082,56.20992889404297,67.04369506835937,34.61268997192383,48.43415404040404,0.29908469232292395,67.52924694484562,0.0,0.0,8.909090909090908,24.181818181818183,14.788908264853738,58.56976734508168,56.78874033147638,67.64394968206233,35.38753873651678,51.70625639512003,0.2848829982647309,60.77973911507495,1.6565673354409682,0.08,8.76,24.8,14.834556617736816,58.268759155273436,55.46157012939453,68.12145278930664,35.79491714477539,50.30776767676767
635,0.33171668651522995,90.890372105173,0.0,0.0,8.0,29.0,14.44871997833252,57.12124252319336,56.81331253051758,67.14306640625,34.02845001220703,61.970909090909096,1,0.34930462849752836,82.5295208859201,0.0,0.0,9.0,24.8,16.099932289123537,59.31187438964844,57.729689025878905,68.73134918212891,36.51540298461914,54.14523737373738,0.31496956437888063,66.87974494046385,0.0,0.0,9.0,23.818181818181817,16.056260802529074,59.58025568181818,57.73104060779918,68.95715713500977,36.62261980230158,52.34167788272334,0.2869116255315418,61.134215318603395,1.6565673354409682,0.08,8.76,24.4,15.213008689880372,58.7608219909668,55.640159149169925,68.54545150756836,36.17383758544922,50.895767676767676
636,0.024032402309252066,4.830512864159665,0.0,0.0,13.0,34.0,15.356293678283691,59.14756774902344,56.994361877441406,69.69092559814453,36.7919921875,44.317499999999995,1,0.3878706405057448,85.15500264528167,0.0,0.0,7.8,23.2,17.491378784179688,60.24940719604492,58.97753372192383,70.19422912597656,37.81202621459961,52.307713564213564,0.3233253269784864,68.80001203404407,0.0,0.0,8.727272727272727,23.09090909090909,17.37816619873047,60.638390280983664,58.58737633445046,70.46481704711914,38.05332478609952,51.53865768070314,0.2912270056652611,62.10576465911442,1.6565673354409682,0.08,8.72,24.0,15.625961627960205,59.23502777099609,55.955720825195314,68.94522567749023,36.59367446899414,51.542017676767685
637,0.5218542687217825,123.15760741834069,0.0,0.0,7.0,18.0,19.5859375,62.48847961425781,60.581993103027344,72.21996307373047,40.436702728271484,63.96666666666667,1,0.3193808548821579,70.95011804616095,0.0,0.0,8.4,24.2,18.026565170288087,61.065581512451175,59.379739379882814,71.68017578125,38.882842254638675,53.65832467532467,0.345487160635076,73.07672266043427,0.0,0.0,8.272727272727273,22.636363636363637,18.552148818969727,61.6852614662864,59.21046863902699,71.94521817294034,39.34205558083274,53.01752131706677,0.31300902219428595,67.35795163968056,1.5708506135159508,0.04,8.48,23.36,16.093322887420655,59.841598205566406,56.31728256225586,69.39336486816406,37.09435043334961,52.57554783549784
638,0.5857587174971292,100.75049940950622,0.0,0.0,4.0,15.0,21.38912582397461,63.250892639160156,62.072349548339844,74.29328918457031,41.88413619995117,45.37571428571429,1,0.32892927816511647,62.56208074072092,0.0,0.0,8.6,22.2,19.794547080993652,62.741607666015625,60.31548538208008,73.4495620727539,40.78263473510742,55.179342857142856,0.3551896744263782,75.4053259703468,0.0,0.0,7.818181818181818,22.09090909090909,19.672472260215066,62.75160910866477,59.831969868053086,73.24690385298295,40.48152646151456,54.67691181293455,0.3206956090683804,69.1469770665289,1.5708506135159508,0.04,8.48,22.96,16.43328004837036,60.37130035400391,56.46350860595703,69.83158966064452,37.48103248596191,53.76382005772006
639,0.13354219936739573,35.121598433625074,0.0,0.0,10.0,25.0,19.35274887084961,63.319725036621094,60.43667984008789,75.05363464355469,41.27293014526367,52.660833333333336,1,0.4493732722131731,89.65208445810818,0.0,0.0,6.6,17.8,21.888935089111328,64.59700469970703,61.73487319946289,75.43643341064453,42.988885498046876,57.821642857142855,0.3722634362764852,77.6289383961737,0.0,0.0,7.363636363636363,21.454545454545453,20.507686268199574,63.628707538951524,60.25351957841353,74.29323161732067,41.433406829833984,56.23172241899515,0.32003037641760756,68.9592033196416,1.5708506135159508,0.04,8.52,22.92,16.71255226135254,60.747412872314456,56.56896911621094,70.2355014038086,37.82183990478516,53.794447330447326
640,0.37945880293002276,48.95018557797294,0.0,0.0,9.0,19.0,23.28862953186035,65.50137329101562,61.492042541503906,75.98999786376953,43.52741241455078,69.576,1,0.41076712489963896,78.23926896703533,0.0,0.0,6.4,18.8,22.907489013671874,65.4352813720703,61.936703491210935,76.79179229736329,43.852491760253905,55.41105952380953,0.38859801994063475,79.48335542294002,0.0,0.0,7.2727272727272725,21.0,21.010505849664863,64.36214897849344,60.39383246681907,75.07690707120028,42.20418028397994,58.99317443919717,0.3120312105574153,67.26284381766804,0.0,0.0,8.64,23.12,17.012140350341795,61.06948150634766,56.743969421386716,70.58174423217774,38.229905166625976,54.01489177489177
641,0.6262523725495353,140.2805314510959,0.0,0.0,3.0,12.0,25.82823371887207,68.42455291748047,64.09130096435547,79.62528228759766,47.823246002197266,57.528999999999996,1,0.314960911741078,63.21209636694164,0.0,0.0,7.4,20.8,22.90168151855469,66.09148712158203,61.486174774169925,77.55318145751953,44.167127990722655,57.06882575757576,0.40577508514980193,82.3912124407054,0.0,0.0,7.090909090909091,19.636363636363637,21.606776410883125,65.16960421475497,60.41844107887962,75.78032614968039,43.0111083984375,59.66097058244786,0.31673961275561086,68.88128729793915,0.0,0.0,8.64,23.12,17.118099975585938,61.21527801513672,56.666972961425785,70.80350402832032,38.398405151367186,54.867409956709956
642,0.3288235321541118,66.09352996297648,0.0,0.0,6.0,23.0,24.678707122802734,66.67986297607422,61.59114456176758,78.99675750732422,44.75473403930664,51.91375000000001,1,0.40440047942904345,78.60434213957544,0.0,0.0,6.4,19.0,23.754981231689452,67.06980438232422,61.49287338256836,78.24015350341797,45.086882781982425,60.8699090909091,0.40989976861823946,83.04991874036354,0.0,0.0,6.909090909090909,18.818181818181817,21.957749106667258,65.58295301957564,60.270124262029476,76.16997181285511,43.44688658280806,59.38769136166864,0.3193037944382708,69.58387307898798,0.0,0.0,8.72,23.56,17.144490814208986,61.163633575439455,56.46386428833008,70.88824356079101,38.44815650939941,54.53522813852814
643,0.1067276517043241,25.614636409037786,0.0,0.0,9.0,25.0,21.360088348388672,66.53192138671875,59.819705963134766,78.10023498535156,43.45731735229492,53.66454545454546,1,0.45964302840123406,94.12322676871253,0.0,0.0,5.8,18.2,23.53882179260254,67.43087158203124,61.18828353881836,78.29102020263672,45.26087188720703,62.2114590909091,0.37275075739387203,74.15924466022695,0.0,0.0,7.454545454545454,19.545454545454547,21.76303586092862,65.56951522827148,59.84082620794123,76.15974426269531,43.40486561168324,57.7906080283353,0.3072346620660263,67.36698233625889,0.0,0.0,8.76,23.88,16.948191986083984,60.878403930664064,56.04916839599609,70.78102005004882,38.201379013061526,54.625139249639254
644,0.5807400378072233,112.0828272967941,0.0,0.0,5.0,16.0,23.619247436523438,68.21131134033203,60.47017288208008,78.48849487304688,45.8717041015625,71.66625,1,0.43852543465454075,90.64248033861179,0.0,0.0,6.4,18.6,22.574714279174806,66.94661102294921,59.786824798583986,77.34209899902343,44.277154541015626,64.56899242424242,0.37296871977956947,77.61873450323483,0.0,0.0,7.818181818181818,19.818181818181817,21.332169099287555,65.44880502874202,59.15635438398881,75.79913607510653,43.105885939164594,58.57928046700774,0.3057704536128723,67.11456315769271,0.04285836096250875,0.04,8.76,24.0,16.688045845031738,60.53344680786133,55.54866958618164,70.62238204956054,38.015492095947266,54.705789249639245
645,0.6556715477909757,126.5446087236583,0.0,0.0,6.0,15.0,22.20783233642578,67.30670928955078,59.969093322753906,76.24433135986328,44.39735794067383,76.28375,1,0.3866415123161312,79.83903077809632,0.0,0.0,7.4,19.0,21.482371520996093,66.34951934814453,58.54117126464844,76.33815307617188,43.64331817626953,62.44852813852814,0.38393661312830485,79.62518290888566,0.0,0.0,7.7272727272727275,20.0,20.95485600558194,65.13350573453036,58.331708041104406,75.27019431374289,42.711186842484906,58.80425521448249,0.3311890680834202,71.48656484662696,1.728091095739303,0.08,8.44,23.44,16.452597227096557,60.059505767822266,55.044795227050784,70.28546585083008,37.59278739929199,54.66853924963925
646,0.5206644038160687,122.87679930059222,0.0,0.0,6.0,14.0,21.0076961517334,66.00325012207031,57.084007263183594,74.88067626953125,42.904659271240234,69.31666666666666,1,0.38793901102601486,79.78814200365642,0.0,0.0,8.2,19.2,20.69917221069336,65.5112678527832,57.74917297363281,75.1395980834961,42.94674911499023,60.99536904761906,0.35107893120120637,75.50451918798991,0.0,0.0,8.090909090909092,21.363636363636363,20.05134677886963,64.4406245838512,57.3940710587935,74.57407725941052,42.0257963700728,55.67348248720975,0.32859072938462264,69.34599721246123,2.2758214917073762,0.12,8.36,23.44,16.009585218429564,59.3255403137207,54.38252304077148,69.78234573364257,37.0176847076416,53.98220591630592
647,0.06940392046206416,12.076282160399163,0.0,0.0,11.0,25.0,19.21699333190918,63.69440460205078,55.362876892089844,73.9770278930664,41.58555221557617,41.31142857142857,1,0.3894222642125303,85.13255408081618,0.0,0.0,8.8,19.6,19.30524101257324,64.25362167358398,56.56377029418945,73.50721893310546,41.49148025512695,57.47234126984127,0.30943614293609206,66.3600055638406,0.0,0.0,8.727272727272727,23.09090909090909,18.725620009682395,63.381574457341976,56.22441170432351,73.32639867609197,40.73023570667613,55.17327036599764,0.31949817175604456,67.9350762844801,3.661248772295738,0.16,8.44,23.68,15.465891418457032,58.55924072265625,53.686190338134764,69.31362930297851,36.50670066833496,53.10903766233766
648,0.11321514525374214,25.36019253683824,0.0,0.0,13.0,26.0,17.444091796875,62.34066390991211,55.85971450805664,72.10746002197266,39.97447204589844,46.39875000000001,1,0.3091257598950322,71.26213851524136,0.0,0.0,9.4,22.0,17.904135513305665,62.76256637573242,54.843065643310545,72.10540771484375,39.99825668334961,53.24270238095238,0.29945672688222175,65.80783809664833,0.0,0.0,9.090909090909092,23.454545454545453,17.407176191156562,62.31897458163175,54.983972029252485,71.94473786787553,39.50834638422186,56.717970779220785,0.30963104682484155,64.65322182333144,3.886434112466458,0.2,8.56,23.68,15.050927734375,57.86098876953125,53.03283142089844,68.92580474853516,36.155272216796874,52.41880129870129
649,0.5881563037398005,138.80488768259292,0.0,0.0,8.0,18.0,16.64959144592285,61.92308044433594,54.54315948486328,70.32659912109375,38.595359802246094,54.05111111111111,1,0.20859773947820628,47.41135558474687,0.0,0.0,10.8,26.0,16.372601890563963,61.13785247802734,53.661871337890624,70.79581451416016,38.61494827270508,46.406869047619054,0.31419328148919196,70.17553952786245,0.0,0.0,9.181818181818182,24.272727272727273,16.375124757940117,61.09742632779208,53.732091730291195,70.63228052312678,38.392708865079015,56.77408648170012,0.3285175296039351,69.89829271954609,6.804723868203562,0.24,8.24,23.36,14.563050088882447,57.00522048950195,52.38631118774414,68.42269256591797,35.73144638061523,52.714210389610386
650,0.2541890262034853,57.1925308957842,0.0,0.0,9.0,27.0,15.20230484008789,59.85143280029297,51.365570068359375,69.23527526855469,36.93124008178711,55.135555555555555,1,0.22835329571244892,52.93427546975772,0.0,0.0,10.6,27.2,14.77825107574463,59.753971862792966,52.83430557250976,69.18057250976562,37.01225357055664,48.549916666666675,0.2825451575656042,65.78031203301624,0.0,0.0,9.363636363636363,25.363636363636363,14.807902596213601,59.41042813387784,52.26245880126953,68.98427512428977,36.5785588351163,56.496245572609205,0.3105272471321741,65.55164996651162,7.2877751546195295,0.28,8.4,24.12,13.945794763565063,56.132997589111326,51.73319564819336,67.95238388061523,35.34208457946777,51.35924372294372
651,0.01802430173193905,3.622884648119749,0.0,0.0,13.0,34.0,13.350028038024902,57.87968063354492,51.178035736083984,68.33271026611328,35.98811721801758,35.1375,1,0.24952025777400816,59.86617452716238,0.0,0.0,10.0,27.4,13.32459774017334,58.28409194946289,51.251624298095706,67.51877822875977,35.28014945983887,53.05125757575759,0.22734212145758612,55.43436884073188,0.09740536582388612,0.09090909090909091,9.818181818181818,26.818181818181817,13.267303726889871,57.52257745916193,50.64932840520685,67.39355364712802,34.899846510453656,52.98522284533649,0.2870968984322889,61.521629990131366,7.2877751546195295,0.28,8.76,24.8,13.436529321670532,55.34814559936523,51.16412322998047,67.48841064453126,34.96307914733887,51.29108181818182
652,0.1681817016332773,39.69088158545345,0.0,0.0,10.0,31.0,11.2452392578125,56.775001525878906,51.22504806518555,65.90081787109375,33.572078704833984,52.02666666666667,1,0.18565494750224737,46.83706742112241,0.0,0.0,10.4,30.6,11.996183967590332,56.518453979492186,49.55279693603516,66.18609924316407,33.79813842773437,53.09739898989899,0.23777857218009793,54.200118197346775,3.927479763043873,0.18181818181818182,9.818181818181818,27.09090909090909,11.64390544457869,55.427152113481,49.13135805996981,65.61883648959073,32.849924781105734,49.818253148366786,0.29169711566596995,62.840848079881624,7.2877751546195295,0.28,8.8,25.04,13.126633844375611,54.70971496582031,50.75524368286133,67.13354370117187,34.72020744323731,50.73235757575757
653,0.2190499555615383,60.019687823861496,0.0,0.0,10.0,27.0,10.175825119018555,54.99126434326172,47.94630813598633,63.79848861694336,31.31395149230957,68.90545454545456,1,0.181339277191102,48.145626212662734,0.0,0.0,10.0,30.8,10.231683731079102,54.479033660888675,48.14052505493164,64.4111312866211,31.595101165771485,55.79228787878789,0.2612845966822836,56.20308343354277,5.172321572062221,0.2727272727272727,9.545454545454545,26.90909090909091,10.202050880952315,53.292578263716265,47.66894392533736,63.83918727527965,30.980643012306906,49.463123278236914,0.2921668235669674,64.57578282105752,7.2877751546195295,0.28,8.84,25.32,12.718389711380006,54.00731002807617,50.39669738769531,66.80338317871093,34.474933853149416,50.39376202020203
654,0.2688297523809967,73.6593521523931,0.0,0.0,10.0,34.0,10.007522583007812,53.09489059448242,46.04902267456055,63.663204193115234,31.185304641723633,54.28181818181818,1,0.18742204696526954,49.96889600474485,0.21429180481254378,0.2,9.6,30.2,8.61392707824707,52.211167907714845,46.349849700927734,62.49386825561523,29.583782196044922,56.297287878787884,0.27359932772929607,60.34061122380299,8.321019937035771,0.36363636363636365,9.181818181818182,26.90909090909091,8.896630894054066,51.269005515358664,46.319636605002664,62.36632641878995,29.450622731989082,47.43401613537978,0.26759737671117095,59.061171820296856,7.2877751546195295,0.28,9.2,26.28,11.9890807056427,53.08463394165039,49.826318359375,66.27164154052734,33.95733192443848,49.428952020202026
655,0.23261067464775853,63.735324853485835,0.0,0.0,7.0,28.0,6.379803657531738,49.65433120727539,44.3042106628418,60.360435485839844,25.916053771972656,68.61,1,0.2808787789913537,63.89072813232538,8.640455478696515,0.4,8.8,27.4,6.994942235946655,49.44688186645508,44.18210678100586,60.3854621887207,26.940470504760743,52.78795454545455,0.22786135131978288,48.52598603233601,8.832804801060133,0.45454545454545453,9.454545454545455,27.90909090909091,7.753452387723056,49.24553853815252,45.04110752452504,61.19549491188743,28.23674808848988,46.5852787616424,0.2544444354250065,56.417430621777804,7.2877751546195295,0.28,9.52,26.96,11.322343645095826,52.29433227539062,49.314869537353516,65.81839630126953,33.59491096496582,49.30870202020202
656,0.048438150602776786,12.739233608530295,1.0714590240627189,1.0,11.0,31.0,5.261244773864746,46.54035186767578,42.22465896606445,58.746395111083984,25.931522369384766,37.6625,1,0.3026628258762674,58.70857051926409,11.37910745853688,0.6,8.4,26.6,5.631095838546753,46.49144744873047,42.44810943603515,58.505941772460936,24.88237075805664,46.487863636363635,0.24986184637279252,55.68641824813073,15.465281518644463,0.5454545454545454,9.090909090909092,27.818181818181817,6.6586385423486885,47.23662289706144,44.08345170454545,60.093480890447445,27.260848652232777,46.273203463203465,0.2588521028065782,57.0848159881165,7.2877751546195295,0.28,9.52,27.12,10.970560121536256,51.656375579833984,49.013050689697266,65.5338623046875,33.44169151306152,48.79017020202021
657,0.6354653617636982,109.30004222335609,42.130818369419856,1.0,6.0,17.0,3.150315046310425,42.95357131958008,40.38633346557617,55.358787536621094,20.355520248413086,34.48,1,0.29863231275424396,58.15129973472559,18.30624386147869,0.8,8.2,25.0,4.246485710144043,43.88874206542969,41.44177169799805,56.954499053955075,23.274159622192382,40.44721428571428,0.2547775650269577,56.674477697617924,16.563125351408022,0.6363636363636364,8.909090909090908,28.09090909090909,5.822686390443281,45.673279848965734,43.45400342074308,59.3779841336337,26.780352332375266,45.8145670995671,0.25031473449191854,54.12949514879818,7.2877751546195295,0.28,9.68,27.44,10.627499208450317,50.96720718383789,48.787062072753905,65.24570343017578,33.23650810241699,47.82252020202021
658,0.3279701899861067,34.1088997585551,13.693259899201827,1.0,8.0,23.0,3.356593132019043,40.21409225463867,39.27632141113281,54.40088653564453,21.023452758789062,37.405,1,0.2691178904717233,47.17303687931966,19.43217056233229,1.0,9.0,25.2,3.785450553894043,41.890864562988284,40.676797485351564,56.37190246582031,23.13949661254883,35.668214285714285,0.2394883194239325,53.06621573530397,16.563125351408022,0.6363636363636364,9.181818181818182,28.181818181818183,5.5874364376068115,44.47824270075018,43.14677533236417,59.086451443758875,26.674617940729316,45.05502164502165,0.22825633545798077,49.88889798675899,7.2877751546195295,0.28,9.8,28.16,10.290211381912231,50.27707229614258,48.59744644165039,65.0590234375,33.10780403137207,46.74512020202021
659,0.24867718677087935,70.87299822970061,34.63568201470905,1.0,9.0,26.0,3.0844719409942627,40.081363677978516,41.017333984375,55.90599060058594,23.144248962402344,24.07857142857143,1,0.35866915470848626,71.81664721151881,33.80932753620527,1.0,7.8,24.2,3.3650721073150636,40.13346633911133,40.398136901855466,56.045247650146486,23.19246139526367,38.47625974025974,0.24216992621010364,53.800975994714875,16.563125351408022,0.6363636363636364,9.272727272727273,28.545454545454547,5.7173943302848125,43.78439677845348,43.352991971102625,59.30313075672496,27.027998490767047,42.30841007477371,0.22756043011066412,50.489629815394665,7.2877751546195295,0.28,9.88,28.44,10.163994646072387,49.74119598388672,48.598734283447264,65.0600942993164,33.248532180786135,46.03314444444445
660,0.08503856323515534,8.844010576456155,5.629633504267994,1.0,11.0,29.0,4.074627876281738,39.66494369506836,40.479339599609375,57.447452545166016,25.242738723754883,44.714999999999996,1,0.24599552374129785,52.8549464853434,27.798420294401133,1.0,8.8,28.2,3.5659199714660645,39.67933349609375,41.1716911315918,57.065939331054686,25.261888885498045,37.598759740259744,0.25329463058046375,55.4977216269855,16.563125351408022,0.6363636363636364,9.272727272727273,27.818181818181817,5.9969401142813945,43.31588398326527,43.94202492453835,59.673383539373226,27.59256831082431,42.929254886527616,0.22522840138505731,50.09229525090372,7.2877751546195295,0.28,9.92,28.48,9.997924242019653,49.282729949951175,48.672247314453124,65.13000518798827,33.461843948364255,46.731587301587304
661,0.4961944717865915,135.95728526952607,72.95724389342762,1.0,5.0,26.0,3.1593525409698486,37.753360748291016,40.831356048583984,57.113121032714844,26.196346282958984,51.70272727272727,1,0.1804014857440765,46.03316653363238,25.059768314560763,0.8,9.8,30.0,4.626099300384522,40.36243362426758,42.88553466796875,58.72455368041992,27.538998413085938,38.852093073593075,0.23324058753563354,49.923169952312236,16.563125351408022,0.6363636363636364,9.727272727272727,28.545454545454547,6.107458743182096,42.92527666958895,44.4445353421298,60.216229525479406,28.40776322104714,39.729141250163984,0.24904826891394716,55.76812725744351,7.2877751546195295,0.28,9.64,27.96,10.03834454536438,48.98011169433594,48.8712629699707,65.38305969238282,33.88157371520996,47.555059523809526
662,0.0720972069277562,14.491538592478996,12.076282160399163,1.0,11.0,37.0,4.15455436706543,40.68290710449219,44.25410461425781,60.46224594116211,30.70265769958496,30.0925,1,0.1803755744317848,45.478977023168525,18.132631911618954,0.6,10.2,31.0,6.330277299880981,41.817952728271486,44.725006103515625,60.779747772216794,29.950376129150392,41.77492424242424,0.22883711929901746,48.765057806082204,16.46571998558414,0.5454545454545454,10.0,29.363636363636363,6.357371091842651,42.96000116521662,45.0427412553267,61.02706874500621,29.295280283147637,40.751413977436705,0.25447828345798107,56.731091756205636,7.2877751546195295,0.28,9.56,27.72,10.12631428718567,48.75356460571289,49.134600982666015,65.79601806640625,34.427556381225585,48.62657063492063
663,0.0,0.0,0.0,0.0,13.0,32.0,8.657489776611328,43.62959289550781,47.84553909301758,62.6939582824707,32.409000396728516,43.671666666666674,1,0.24160816187574535,62.174885729351296,17.006705210765354,0.4,10.0,30.4,8.131856966018677,43.47321395874023,47.13481521606445,62.83745422363281,32.38094291687012,45.054146464646465,0.19078748061537373,42.674078564641235,12.635645588364154,0.45454545454545453,10.272727272727273,30.454545454545453,7.213297020305287,43.65358595414595,46.12345955588601,62.447804884477094,31.047217629172586,41.316982159254884,0.2573462418510493,56.46389603376146,7.2877751546195295,0.28,9.56,27.48,10.18444043159485,48.607469635009764,49.44680389404297,66.23119567871093,34.92938972473144,49.16341507936508
664,0.24854763020942094,68.10205067738134,0.0,0.0,11.0,31.0,11.605361938476562,47.35895919799805,50.214691162109375,66.18196105957031,35.20113754272461,38.692727272727275,1,0.14477250774935221,35.46647996186205,2.4152564320798326,0.2,11.4,32.4,9.019088172912598,44.99407196044922,48.93490905761719,64.68117828369141,34.118313217163085,41.39535101010102,0.194363447883976,43.045979160575854,11.390803779345804,0.36363636363636365,10.363636363636363,30.545454545454547,8.275672609155828,44.63249588012695,47.53656283291903,63.9826809276234,32.83982363614169,42.232436704709436,0.2707551675608474,57.788490016860536,7.2877751546195295,0.28,9.36,26.76,10.456528406143189,48.56179397583008,49.79964630126953,66.68269470214844,35.48194953918457,50.04231507936508
665,0.39120150045495783,92.32355410737004,0.0,0.0,10.0,26.0,13.082526206970215,47.94124984741211,52.528385162353516,67.7359848022461,37.395572662353516,61.111111111111114,1,0.13035306636380098,32.56817224336625,0.0,0.0,12.0,33.0,9.790233421325684,46.2419548034668,49.84507293701172,66.12185440063476,35.11662368774414,45.158351010101015,0.18123021017230792,38.469313837210215,8.242105414372254,0.2727272727272727,10.363636363636363,31.181818181818183,9.247596675699407,45.539038918235086,48.82850542935458,65.40734828602184,34.47941519997337,44.529725665748394,0.2741267354461466,58.584180037791135,7.2877751546195295,0.28,9.24,26.48,10.66600625038147,48.47597595214844,50.011629333496096,67.14084716796874,36.033794479370115,49.99995952380953
666,0.012016201154626033,2.4152564320798326,0.0,0.0,12.0,36.0,7.595508575439453,45.35765075683594,49.831825256347656,66.33174133300781,34.88319778442383,33.408750000000005,1,0.17373693361252443,41.02802635686733,0.0,0.0,11.2,32.4,10.5718355178833,47.63263702392578,50.730812072753906,67.78043975830079,36.56018981933594,44.56426767676768,0.21925095625394408,50.201230604485474,7.730320550347892,0.18181818181818182,10.090909090909092,30.454545454545453,10.500110301104458,46.71552970192649,50.340947584672406,66.99462058327414,36.40488104386763,45.14811409550046,0.26536473722368503,56.183392524836684,7.2877751546195295,0.28,9.32,26.64,10.831170625686646,48.34397872924805,50.24516220092774,67.54131301879883,36.487782135009766,49.156884199134204
667,0.0,0.0,0.0,0.0,14.0,40.0,8.01028060913086,46.92232131958008,48.80492401123047,67.6656265258789,35.694210052490234,48.9075,1,0.1974885735587865,35.04757748415827,0.0,0.0,10.8,31.0,11.259308052062988,48.35726547241211,51.65196533203125,68.8009521484375,37.66838607788086,46.32072222222223,0.17515174993897153,38.03628812981269,1.097843832763563,0.09090909090909091,10.727272727272727,30.454545454545453,11.582463091070002,48.03183815696023,51.82907000454989,68.68659140846945,38.28869923678312,45.79082070707071,0.2546115471284452,53.23701843874096,7.2877751546195295,0.28,9.52,27.04,10.811755418777466,48.16160018920898,50.406343383789064,67.83495391845703,36.806260147094726,48.92666147186148
668,0.21691933624361726,42.29927056750537,0.0,0.0,9.0,29.0,12.565500259399414,50.583003997802734,52.274234771728516,70.98688507080078,39.6268310546875,40.70125,1,0.14009058785630107,20.688802597219976,0.0,0.0,10.6,32.4,11.397930145263672,48.77968292236328,52.19202880859375,69.56922149658203,38.42522277832031,43.96825,0.2330258068979017,51.92396577598126,0.0,0.0,10.272727272727273,28.272727272727273,12.882467183199795,49.312956376509234,53.336433757435195,70.32037110762163,40.08552273837003,49.14473484848485,0.24771036037346003,51.17065673101749,7.2877751546195295,0.28,9.72,27.36,10.983851518630981,48.18208831787109,50.612606353759766,68.29202056884766,37.37164039611817,47.40336147186147
669,0.3673058299407312,38.19980631383604,0.0,0.0,9.0,24.0,15.042724609375,50.98210144042969,54.820457458496094,71.2845230102539,40.74211883544922,47.475,1,0.2383407016520065,47.7847703141008,0.0,0.0,9.8,29.4,13.449283981323243,50.22942123413086,53.648904418945314,71.28436279296875,40.73315582275391,47.589954545454546,0.2988355039288697,66.73114760794907,0.0,0.0,9.636363636363637,26.454545454545453,13.808953111821955,50.461120952259414,54.54380382191051,71.95278930664062,41.888788743452594,52.52357323232323,0.254130312038511,52.27408058068455,7.244916793657021,0.24,9.68,27.24,11.332814683914185,48.44945236206055,51.01534622192383,68.9591340637207,38.14261085510254,47.819761471861476
670,0.10421157194253085,20.529679672678576,0.0,0.0,9.0,33.0,13.775636672973633,50.05333709716797,55.228702545166016,71.57733154296875,41.17975616455078,49.34875,1,0.2405613421163852,48.21335392372588,0.0,0.0,9.4,26.6,14.860274505615234,51.291507720947266,55.328060150146484,72.89619750976563,42.97798309326172,49.562954545454545,0.3058664453671217,65.13211007679438,0.0,0.0,9.454545454545455,25.545454545454547,14.268052794716574,51.26476634632457,55.357981248335406,73.2194033536044,43.18660111860795,55.23847681359045,0.229315511675983,48.0469942776751,5.559684058880226,0.2,10.0,28.08,11.688417682647705,48.78134490966797,51.42271682739258,69.72582138061523,39.07518264770508,48.468379653679655
671,0.503266770133153,137.89509501648394,0.0,0.0,8.0,21.0,17.852277755737305,52.60634231567383,57.11620330810547,74.9074478149414,46.4228630065918,51.51727272727273,1,0.3389198415628594,73.20469835029147,0.0,0.0,8.8,23.4,16.038094329833985,52.129948425292966,57.040234375,74.38558502197266,45.14616012573242,54.819815656565666,0.3024160766418429,60.07885372390588,0.0,0.0,9.272727272727273,24.636363636363637,14.91075290333141,52.06445173783736,56.03713677146218,74.29978526722302,44.31446838378906,54.87473943985308,0.2161967040765387,46.682638287332885,5.011953662912153,0.16,10.2,28.72,11.876493854522705,49.16253341674805,51.74604064941406,70.4474284362793,39.836563415527344,48.85122965367966
672,0.011103202321893477,2.142918048125441,0.0,0.0,12.0,26.0,15.06523323059082,52.23275375366211,57.20070266723633,75.72480010986328,46.9183464050293,58.772499999999994,1,0.41024000904284275,98.14053711785341,0.0,0.0,8.2,21.0,16.79931640625,53.18540878295899,58.30146484375,76.25879211425782,47.44672164916992,61.49259343434344,0.3242755946064911,65.27593333087304,0.0,0.0,8.818181818181818,23.545454545454547,15.718632611361416,52.907351753928445,56.64557300914418,75.30186601118608,45.44946878606623,56.47101469237834,0.21756832552909613,46.51893366406551,3.626526382323791,0.12,10.2,29.0,12.293761110305786,49.69094009399414,52.082516021728516,71.22941268920898,40.680703125,49.778975685425685
673,0.7087118334759883,167.25599270033325,0.0,0.0,6.0,13.0,18.454599380493164,54.77520751953125,60.835105895996094,78.43382263183594,50.467716217041016,66.98555555555556,1,0.45457529186037515,104.1371287502537,0.0,0.0,8.2,18.6,17.37528076171875,54.41455307006836,59.08985290527344,77.96626892089844,49.10618515014649,65.33417676767677,0.3242755946064911,65.27593333087304,0.0,0.0,8.636363636363637,22.727272727272727,16.290873874317516,53.34089834039862,57.09827353737571,75.86045768044211,46.08305358886719,56.372930276793916,0.22647820708702496,48.0734439745442,3.401341042153071,0.08,10.08,28.88,12.70191300392151,50.29651168823242,52.52282684326172,72.0500473022461,41.59706169128418,49.645242352092346
674,0.723906667340648,162.8790001516458,0.0,0.0,6.0,12.0,18.848834991455078,56.259403228759766,61.126609802246094,80.65055847167969,52.24492645263672,80.83888888888889,1,0.4245714267291226,83.90565659207621,0.0,0.0,8.2,17.6,17.83527069091797,55.24084243774414,59.66643142700195,78.90881652832032,49.78203506469727,66.45272222222222,0.3045556549479804,61.430545097463465,0.0,0.0,9.181818181818182,24.09090909090909,16.01420497894287,53.15475498546254,56.898666035045274,75.8620341907848,46.03945576060902,57.08429391315755,0.21188359565431372,43.649013879442364,0.4830512864159665,0.04,10.24,29.16,12.99689022064209,50.92672973632813,52.953788146972656,72.8741293334961,42.40477912902832,49.116983261183265
675,0.32588798603019287,50.51263783467989,0.0,0.0,9.0,21.0,16.655458450317383,56.199058532714844,59.1706428527832,80.11471557617188,49.477073669433594,68.55666666666667,1,0.4728449660178953,95.39369940419485,0.0,0.0,7.2,17.2,18.11866111755371,55.720201873779295,59.53121566772461,79.23478240966797,49.872006225585935,64.89177777777778,0.27662612547819854,59.05567926533285,0.0,0.0,9.454545454545455,25.181818181818183,15.617794210260564,53.08061252940785,56.41142307628285,75.90772316672586,45.976586775346235,55.543612094975735,0.22687091818100022,44.92795825933806,0.0,0.0,10.12,28.52,13.333124160766602,51.54139175415039,53.302054443359374,73.6832795715332,43.20573928833008,50.21058326118327
676,0.3532474444768902,36.73773422559658,0.0,0.0,8.0,16.0,20.1522274017334,56.737789154052734,59.99909591674805,79.62018585205078,49.8021125793457,57.11,1,0.33110259932269764,61.942500864128206,0.0,0.0,8.4,20.8,17.288728141784667,55.10342712402344,58.12112045288086,78.31004486083984,48.31119155883789,61.06038095238095,0.28614661368606387,60.85523837238086,0.0,0.0,9.545454545454545,24.727272727272727,15.636856685985219,53.36889579079368,56.14455517855558,76.25744143399325,46.342589291659266,55.42758936770301,0.2595727593274704,52.77640013449091,0.0,0.0,9.8,27.68,13.386304626464844,51.98930282592774,53.445253143310545,74.3841845703125,43.99750305175781,51.626443867243864
677,0.252470898765757,59.58313210871866,0.0,0.0,7.0,24.0,16.48218536376953,54.62955093383789,56.52462387084961,77.35462951660156,47.368202209472656,50.96777777777778,1,0.18632126585456804,29.36670083379904,0.0,0.0,10.2,27.2,15.423389625549316,53.558631896972656,55.91150894165039,76.38077850341797,45.69165725708008,54.59785317460317,0.241767393919459,48.648673793438654,0.0,0.0,10.090909090909092,26.272727272727273,15.108503254977139,53.24567239934748,55.54950020530007,76.2227616743608,46.09231220592152,55.35287862390135,0.26559111893658666,52.111192268852264,0.0,0.0,9.6,27.16,13.284519424438477,52.14080444335937,53.39698181152344,74.80379608154297,44.504620666503904,52.413934776334784
678,0.0,0.0,0.0,0.0,12.0,31.0,14.30493450164795,51.69133377075195,53.784629821777344,73.81013488769531,42.66364288330078,47.82857142857143,1,0.1331598698031555,21.67942969894289,0.0,0.0,10.8,30.2,14.228739166259766,52.35212707519531,53.969537353515626,74.71525573730469,43.80635452270508,46.992019841269844,0.24075801189019597,48.453863061790884,0.0,0.0,10.181818181818182,27.454545454545453,14.471527273004705,53.01940432461825,54.6548378684304,75.92424011230469,45.46864180131392,54.28049226026499,0.2503871712110606,48.504852001628564,0.0,0.0,9.56,27.36,13.00415916442871,52.22066360473633,53.1672900390625,75.07613861083985,44.80002166748047,51.60379033189033
679,0.0,0.0,0.0,0.0,15.0,44.0,9.52214241027832,48.53542709350586,50.07855224609375,71.00422668457031,39.147254943847656,48.52625,1,0.10429776935358744,22.3968488238649,0.0,0.0,11.2,32.6,12.99535846710205,51.64945983886719,52.428349304199216,73.87606506347656,42.887088775634766,45.18451984126985,0.20205400185463465,39.31971669339842,0.0,0.0,10.454545454545455,29.272727272727273,14.022577632557262,52.884524605490945,53.61793899536133,75.65349232066761,44.903189572420985,52.48837104814377,0.2570044587419971,50.35307609247667,0.0,0.0,9.44,27.12,12.988316555023193,52.290088958740235,53.019761657714845,75.29701751708984,45.13678085327148,52.21238578643579
680,0.060081005773130164,12.076282160399163,0.0,0.0,12.0,36.0,10.682206153869629,50.166534423828125,49.460784912109375,71.78710174560547,40.050559997558594,30.527499999999996,1,0.056822660140535816,11.204799331745118,0.0,0.0,12.6,35.4,12.106999397277832,50.97372665405273,51.237544250488284,73.31033325195312,42.14741134643555,45.130055194805195,0.1642248141130645,28.849513801287284,0.0,0.0,10.636363636363637,30.545454545454547,13.607085834849965,52.75223645296964,52.741620844060726,75.40919772061434,44.53107833862305,48.90044175521448,0.2666511652521087,52.234183861948424,1.7042275579426363,0.04,9.2,26.56,12.784060916900636,52.16983123779297,52.7988525390625,75.31783203125,45.237359313964845,52.51443578643579
681,0.20893694222904988,40.324829850206626,0.0,0.0,10.0,28.0,13.985323905944824,53.22445297241211,52.293155670166016,75.42423248291016,45.20578384399414,48.0725,1,0.056822660140535816,11.204799331745118,0.0,0.0,12.8,37.0,10.85771198272705,50.58422088623047,49.952501678466795,73.03651885986328,41.626277160644534,44.95959090909091,0.14653765047112063,26.561686079223694,0.0,0.0,10.636363636363637,31.636363636363637,13.050569881092418,52.50766858187589,52.053870461203836,75.19105737859553,44.250370025634766,46.16767660369933,0.26139600508114375,51.363400226155356,2.428804487566586,0.08,9.2,26.68,12.441820392608642,51.85619140625,52.46166748046875,75.13093231201172,45.07220352172852,52.29438578643579
682,0.015095352700498953,3.622884648119749,0.0,0.0,14.0,38.0,12.040390014648438,51.250885009765625,50.57059860229492,74.52597045898438,43.66981506347656,50.695454545454545,1,0.11341620475749863,24.560875861348343,0.0,0.0,11.6,34.8,11.656514167785645,51.53544158935547,49.822634887695315,73.92679290771484,42.64637451171875,44.708785353535355,0.15504063461821416,27.44599643052142,0.0,0.0,10.636363636363637,32.09090909090909,12.360404014587402,52.4450929815119,51.41402192549272,75.28840429132634,44.3344199440696,46.19699478551751,0.2659024440206677,54.135910532324225,6.058991704977752,0.12,9.08,26.44,11.973821516036987,51.40760711669922,51.96756393432617,74.85317657470704,44.863170318603515,52.36283578643579
683,0.0,0.0,0.0,0.0,13.0,39.0,8.058497428894043,49.743804931640625,47.35941696166992,72.4410629272461,40.0579719543457,46.97625,1,0.16295712403954785,31.686973096953174,0.0,0.0,10.8,32.8,12.37575798034668,52.462981414794925,50.22789993286133,75.1620361328125,44.26660308837891,46.877618686868686,0.20641110097239582,39.866715955076195,0.0,0.0,10.454545454545455,30.90909090909091,11.769932746887207,52.46307650479403,50.950465809215196,75.54858190363103,44.773955605246805,48.75157697100879,0.2766766066430614,56.676814082938435,8.215292937807485,0.16,9.04,26.0,11.538686332702637,51.09857315063476,51.55514984130859,74.69703521728516,44.84580627441406,52.404574675324675
684,0.28296772308481405,66.78038264801611,0.0,0.0,9.0,33.0,13.516153335571289,53.29153060913086,49.42921829223633,75.45559692382812,44.24774169921875,47.27222222222222,1,0.1474355727875,28.691313705307937,0.0,0.0,10.6,33.8,11.68544979095459,52.51985321044922,50.09034652709961,75.62022399902344,44.50330276489258,44.962368686868686,0.2426844301030619,44.54597541293212,0.0,0.0,9.909090909090908,29.727272727272727,11.293187054720791,52.4135461287065,50.51621835882013,75.80877408114347,45.24808606234464,49.71079775022957,0.2565459358377353,51.16101028227908,8.215292937807485,0.16,9.24,26.68,11.082388305664063,50.77963836669922,51.17989959716797,74.47002014160157,44.60103317260742,52.282183766233764
685,0.3077856021833763,47.70676833842333,0.0,0.0,8.0,26.0,14.278425216674805,54.80423355102539,51.48711013793945,77.96331787109375,48.151702880859375,41.37166666666667,1,0.233772556266384,37.259766393658296,0.0,0.0,9.4,30.4,11.789452362060548,53.47956771850586,50.56837921142578,76.85323028564453,45.91467208862305,46.309777777777775,0.24369377622277158,44.74279790627551,0.0,0.0,9.363636363636363,28.545454545454547,10.979675899852406,52.54102810946378,50.21690368652344,76.13062147660689,45.76020812988281,49.01363865932047,0.2583086410330543,51.510039718128425,8.215292937807485,0.16,9.2,26.84,10.739260139465332,50.36702651977539,50.78175979614258,74.09577026367188,44.203145294189454,52.06418376623376
686,0.13132918596881055,25.346532891980434,0.0,0.0,9.0,33.0,10.533782958984375,53.508811950683594,51.60538864135742,77.71517181396484,46.3892822265625,38.496249999999996,1,0.397281761998735,76.50197576942254,0.0,0.0,7.8,24.8,12.175153160095215,54.496280670166016,51.38159713745117,78.40833435058593,48.34369659423828,52.72816414141414,0.25436353837321773,48.06503213744672,0.0,0.0,9.090909090909092,28.0,10.663061098618941,52.26164176247337,49.91534285111861,76.13667713512073,46.055809714577414,50.658741965105605,0.2489911236633613,49.08273414724873,9.46390712558837,0.2,9.24,27.0,10.124379358291627,49.81774124145508,50.24711700439453,73.62660705566407,43.76375442504883,51.584281544011546
687,0.4467802700949189,46.46514808987156,0.0,0.0,8.0,21.0,12.560402870178223,56.04945755004883,52.96076202392578,80.69100189208984,50.726661682128906,57.432500000000005,1,0.4204895414692376,73.44027004710235,0.0,0.0,7.2,21.8,11.284068870544434,54.067274475097655,51.29733505249023,78.65166473388672,49.06996383666992,54.949719696969694,0.2572936038753759,48.674383445318306,3.8732444498696306,0.09090909090909091,8.909090909090908,27.818181818181817,9.655657984993674,51.415407700972125,49.09616470336914,75.47865503484553,45.41970859874379,51.42112832874196,0.2281702706124595,44.13770897422865,9.46390712558837,0.2,9.4,27.48,9.618584127426148,49.348174591064456,49.80436508178711,73.21985961914062,43.44126113891602,50.52937598845599
688,0.8175460286617551,196.2110468788212,0.0,0.0,5.0,11.0,9.987001419067383,54.827369689941406,51.425506591796875,80.21658325195312,52.203094482421875,79.06818181818181,1,0.3611529824959237,64.33192586477314,0.0,0.0,7.4,22.8,9.643087768554688,53.093973541259764,50.35713119506836,77.96791076660156,48.39574279785156,54.84688636363636,0.26369769289983,50.21136481118728,5.520010199014971,0.18181818181818182,8.454545454545455,27.272727272727273,8.925575906580145,50.64187344637784,48.48471104015004,74.7321479103782,44.6768105246804,50.01245064279155,0.24005903128694553,46.92758952317033,9.46390712558837,0.2,9.24,27.12,9.27706057548523,48.92848953247071,49.56336456298828,72.89715301513672,43.34022232055664,49.888809321789324
689,0.3990066204373269,51.471854036415166,0.0,0.0,6.0,18.0,9.060731887817383,51.14649963378906,49.00790786743164,76.67224884033203,47.87907791137695,58.379999999999995,1,0.3703768231877692,68.98679102703355,0.0,0.0,7.4,22.2,8.976219844818115,51.81086807250976,49.264776611328124,76.79561920166016,47.77832183837891,56.87236363636364,0.3073310386660873,59.985234262828904,13.770435693131255,0.2727272727272727,7.818181818181818,25.363636363636363,8.496871839870106,49.73493610728871,48.04002484408292,73.99574487859553,44.26393023404208,50.21335973370064,0.24815546292514656,48.90316121382436,9.46390712558837,0.2,9.04,27.2,8.900789785385133,48.63075942993164,49.37284103393554,72.73105834960937,43.32503936767578,49.534809321789325
690,0.01110280731680681,2.1650474267773276,0.0,0.0,9.0,31.0,6.073519706726074,49.93772888183594,46.78609085083008,74.54454803466797,44.78059768676758,40.8575,1,0.32925430171934333,69.09930025641805,8.521137789713181,0.2,7.4,23.2,7.044917201995849,49.384152221679685,47.329063415527344,74.29461669921875,45.274723815917966,56.67761363636364,0.3155672127040472,61.55540569828508,18.671120313198834,0.36363636363636365,7.7272727272727275,24.363636363636363,7.53151763569225,48.73820495605469,47.62994592840021,73.28830857710405,43.94555872136896,50.496996097337004,0.2417392212640238,47.260037381666635,9.46390712558837,0.2,9.2,27.44,8.685617666244507,48.410130920410154,49.296257171630856,72.60897155761718,43.258797302246094,49.62149821067821
691,0.1774483894280381,48.62085870328244,0.0,0.0,9.0,30.0,7.199443340301514,47.093284606933594,46.14361572265625,71.85371398925781,43.30217742919922,48.62363636363637,1,0.18285316238089117,33.96302681518951,12.14402243783293,0.4,8.2,27.4,5.849414348602295,46.96707992553711,45.81288375854492,71.51417846679688,41.933692169189456,47.903977272727275,0.2875867034146493,57.21842675842841,18.671120313198834,0.36363636363636365,8.181818181818182,25.454545454545453,6.8193723505193535,47.81354488026012,47.28884020718661,72.49455885453658,43.23208895596591,51.14116276400367,0.24573020705396761,47.94648693753697,9.46390712558837,0.2,9.04,27.16,8.642523145675659,48.29184631347656,49.380706329345706,72.58639892578125,43.43166320800781,50.09252678210678
692,0.24116766275278967,47.027694236793984,42.605688948565906,1.0,8.0,26.0,2.9038896560668945,43.91587829589844,43.282196044921875,68.18598937988281,38.20867156982422,56.458749999999995,1,0.19904519897919168,45.171168801518036,30.294958524888763,0.6,8.2,27.4,4.705818510055542,44.69127883911133,44.50487594604492,69.04785461425782,39.461134338378905,46.06522727272728,0.2806632167088365,55.9022559450083,18.671120313198834,0.36363636363636365,8.363636363636363,25.181818181818183,6.451485633850098,46.75978539206765,46.89264193448153,71.46304806795987,42.37589506669478,52.48900367309457,0.2461327497926476,48.043097194820156,9.46390712558837,0.2,8.92,26.92,8.723582754135132,48.20068878173828,49.492494659423826,72.55181121826172,43.52958511352539,49.80420405483406
693,0.08554033196949407,20.529679672678576,18.114423240598743,1.0,9.0,32.0,4.009487152099609,42.742008209228516,43.844608306884766,66.31439208984375,35.4979362487793,35.199999999999996,1,0.2715377650163049,61.548613003769354,41.07646468903742,0.8,8.0,25.6,4.070565986633301,43.16923065185547,44.13132781982422,67.6737045288086,38.65414581298828,47.97217171717172,0.28329900117599505,61.36663824850548,21.508879830882666,0.45454545454545453,8.272727272727273,24.818181818181817,5.589865359393033,45.39556884765625,46.39339412342418,70.19156993519177,41.35373895818537,52.266776400367306,0.25255755104998906,49.64346369963512,9.46390712558837,0.2,8.88,26.36,8.577983503341676,47.91902786254883,49.571172943115236,72.38756134033203,43.58529891967773,50.95897072150072
694,0.4799668034288295,107.51256396805782,90.75468043527914,1.0,6.0,18.0,3.342752695083618,39.767494201660156,42.46786880493164,64.34062957763672,35.51628875732422,49.18625,1,0.2360480871306973,51.824441263112874,41.07646468903742,0.8,8.8,27.2,3.9196427345275877,42.67716827392578,44.44959411621094,67.14937591552734,38.05441741943359,47.938944444444445,0.22746621139475404,47.09775860735301,21.508879830882666,0.45454545454545453,8.727272727272727,26.0,5.2459519776431,44.458556782115586,46.26905822753906,69.30659623579545,40.624602577903055,50.03023714416896,0.2612248480094802,51.82699525227652,9.46390712558837,0.2,8.72,25.92,8.487622861862183,47.57220306396484,49.66811126708984,72.12807922363281,43.562663879394535,52.23975961038961
695,0.37356563750237304,84.05226843803393,53.90753082074335,1.0,8.0,22.0,2.897257089614868,42.32748794555664,44.91835021972656,67.67379760742188,40.74565505981445,50.39222222222222,1,0.19884872102111323,44.592633204625926,32.55532689932424,0.6,9.4,28.0,4.63627061843872,42.27748413085938,45.24259643554687,66.785888671875,37.80691299438477,47.31169444444444,0.24783897343611905,53.35119474569908,21.508879830882666,0.45454545454545453,8.636363636363637,25.454545454545453,5.160191774368286,43.964050639759414,46.64521477439187,68.88612365722656,40.54024124145508,49.499555325987146,0.2722248075046138,53.92160817176036,9.46390712558837,0.2,8.48,25.32,8.572783193588258,47.359133911132815,49.860247497558596,71.91057434082032,43.51722946166992,52.296841428571426
696,0.0,0.0,0.0,0.0,13.0,38.0,6.444827079772949,44.632972717285156,47.734947204589844,69.23207092285156,40.30353546142578,48.457499999999996,1,0.2768954344739471,61.80136795575834,35.17551319010893,0.6,9.0,25.0,4.450889158248901,41.93769760131836,45.967481994628905,66.86395874023438,38.60391464233398,51.26929444444445,0.2973440123556745,60.98410193344179,21.508879830882666,0.45454545454545453,8.090909090909092,24.272727272727273,5.584913405505094,43.90557861328125,47.41338903253729,68.97005740079013,40.96223588423295,50.17250987144169,0.2779438048717397,55.04825065308415,9.46390712558837,0.2,8.32,24.84,8.62970519065857,47.06582778930664,50.047640533447264,71.62906097412109,43.42689346313477,52.323141428571425
697,0.05517083220486927,10.868653944359247,0.0,0.0,11.0,30.0,6.487029075622559,41.917457580566406,47.24720764160156,66.3685531616211,36.97114944458008,53.322500000000005,1,0.22157914200180184,48.14952932737556,17.024577103053097,0.4,9.8,26.2,5.023129463195801,42.88824615478516,47.485470581054685,68.09220733642579,40.33717575073242,52.325294444444445,0.28958187306564276,58.24629989721389,21.508879830882666,0.45454545454545453,8.272727272727273,24.272727272727273,5.939771500500766,44.089265303178266,48.18306281349876,69.19267064874822,41.18132435191762,50.58263383838384,0.2923248608614641,58.15948245261484,9.46390712558837,0.2,8.16,24.04,8.503550367355347,46.56861557006836,50.18030029296875,71.19245208740234,43.27546920776367,53.260741428571436
698,0.4757738992336635,106.57335342834062,31.215354694522148,1.0,7.0,17.0,3.0825798511505127,41.04307556152344,47.46903610229492,66.70474243164062,39.48294448852539,54.988,1,0.27148741507979574,55.391005951413185,6.243070938904429,0.2,9.2,24.2,6.067151975631714,43.564134979248045,49.130926513671874,68.96685791015625,41.57826538085938,52.75535,0.2767279623379887,55.53116759357429,17.63563538101304,0.36363636363636365,8.272727272727273,24.09090909090909,6.87828803062439,44.52729623967951,49.32975942438299,69.65265516801314,41.97919880260121,50.868591630591624,0.30987157637165796,63.29773266409471,9.46390712558837,0.2,7.96,23.52,8.539231252670287,46.07604187011719,50.33249938964844,70.67295928955077,42.96267501831055,53.781696984126995
699,0.20338534106810321,39.25337082614392,0.0,0.0,10.0,24.0,6.203954219818115,44.52023696899414,50.05781173706055,70.48187255859375,44.182594299316406,54.46625,1,0.382619062166179,72.61641124980261,6.243070938904429,0.2,7.2,20.2,6.927278089523315,44.49644775390625,50.63113861083984,70.21400756835938,43.40206604003906,52.71585,0.26986643838321644,53.884401844428936,15.988869631867699,0.2727272727272727,8.545454545454545,24.636363636363637,7.563664891503074,44.84679447520863,50.15054598721591,70.00039534135298,42.53350483287465,51.424789977699064,0.3173108426384432,64.87903265459947,9.858236589154552,0.20833333333333334,7.916666666666667,23.125,8.456124931573868,45.766343116760254,50.2794623374939,70.3795337677002,42.81989971796671,54.418590608465614
700,0.6231070028923424,120.25965155822209,0.0,0.0,5.0,12.0,8.117369651794434,45.706932067871094,53.1456298828125,72.04705047607422,46.95110321044922,52.542500000000004,1,0.389997867172743,74.14368772188584,6.243070938904429,0.2,7.2,20.2,7.850448751449585,45.935723876953126,52.103702545166016,71.80078887939453,45.15026626586914,52.67835,0.24629682327211064,48.84557282740307,7.7384441377514115,0.18181818181818182,9.0,25.0,7.899980545043945,45.15202331542969,50.965079914439805,70.30405217950994,43.07233359596946,52.35300967466876,0.31168173709685737,65.67963633132678,10.286855571291708,0.21739130434782608,7.913043478260869,23.217391304347824,8.277678064678026,45.31925118487814,50.16288409025773,69.93120906663978,42.47612745865531,54.28755106970325
701,0.5556582354319165,86.12702649194706,0.0,0.0,3.0,18.0,10.745457649230957,49.29453659057617,55.23600769042969,75.46781921386719,49.42253875732422,48.26,1,0.31479801627572934,56.26126481556939,0.0,0.0,7.4,21.6,9.879447078704834,47.47395248413086,53.789067077636716,73.10900421142578,46.650735473632814,53.60160714285714,0.25102898042792493,49.832922848149224,2.837759517683834,0.09090909090909091,8.818181818181818,24.545454545454547,8.702621524984187,45.35441832108931,51.855831146240234,70.41890508478338,43.42635657570579,55.053009674668765,0.2886879056620893,59.74639039734976,10.754439915441331,0.22727272727272727,8.045454545454545,23.772727272727273,8.199981548569419,44.88706398010254,50.105492158369586,69.46369205821644,42.033992593938656,53.16115876295423
702,0.092064857237689,18.505036304775487,0.0,0.0,11.0,30.0,11.102882385253906,49.11383819580078,54.61002731323242,74.30245971679688,45.71215057373047,53.135000000000005,1,0.2761336617555085,48.89364193675658,0.0,0.0,7.8,24.4,10.948382759094239,47.8212028503418,54.35215682983399,73.04053649902343,46.133277130126956,50.97199350649351,0.2774011931623648,54.92275990589611,2.837759517683834,0.09090909090909091,8.363636363636363,23.181818181818183,9.404855272986673,45.471798636696555,52.55029088800604,70.40583939985795,43.629121953790836,55.38619149285058,0.2834346335299351,60.14041593834664,11.266556101890918,0.23809523809523808,8.142857142857142,24.047619047619047,8.158993437176658,44.588995615641274,50.15775807698568,69.12042744954427,41.75565519787016,52.91264251357109
703,0.0997746447485952,17.161238896758373,0.0,0.0,8.0,24.0,13.227571487426758,48.73421859741211,55.89585876464844,73.24581909179688,46.98529052734375,59.604285714285716,1,0.19565246861837318,35.25880058126678,0.0,0.0,9.0,26.4,10.733353805541991,47.30481872558594,54.00857925415039,72.16729736328125,45.03173751831055,52.34282683982684,0.28538338425084453,56.495251550326614,2.837759517683834,0.09090909090909091,8.181818181818182,22.90909090909091,9.67708420753479,45.516679937189274,52.98638499866832,70.3180826360529,43.704433094371446,54.869032401941496,0.29705122484059154,63.03918436392511,11.829883906985463,0.25,8.1,23.7,8.263267123699189,44.32155895233154,50.326341438293454,68.84922142028809,41.60440807342529,53.515399639249644
704,0.010063568466999302,2.4152564320798326,0.0,0.0,12.0,38.0,11.548632621765137,46.25648880004883,52.873260498046875,70.13953399658203,41.59530258178711,41.31818181818181,1,0.16964469477525593,37.016019016125696,0.0,0.0,9.6,26.2,10.929523849487305,46.3566780090332,53.904700469970706,70.86116943359374,44.07521133422851,58.70927128427129,0.30053976821395917,59.94869011468502,0.0,0.0,8.0,22.545454545454547,10.338875380429355,45.50014807961204,53.46608283303001,70.12132193825461,43.79345044222745,56.298507149416245,0.3033461109149364,63.79804360922209,12.452509375774172,0.2631578947368421,8.052631578947368,23.36842105263158,8.319257849141172,44.17567865472091,50.546484897011204,68.69109023244758,41.515051791542454,53.772860864281924
705,0.22070103720666567,52.0854447807731,0.0,0.0,11.0,22.0,7.042224884033203,43.1250114440918,51.42774200439453,67.68085479736328,41.44340515136719,59.396666666666675,1,0.20925059134348584,44.51265328221376,0.0,0.0,9.0,24.8,11.542827033996582,45.71874160766602,54.05749588012695,69.81834716796875,43.439572143554685,58.506771284271295,0.34990959992942455,72.39502218734651,0.0,0.0,7.363636363636363,21.545454545454547,11.154011119495738,45.31557117808949,53.94192608920011,69.62078788063742,43.44338260997426,56.292080381739474,0.3068004691461668,64.7297296854681,10.777332732841298,0.2222222222222222,8.055555555555555,23.22222222222222,8.620111637645298,44.19011200798882,50.95005649990506,68.7191513909234,41.69873958163791,53.62364480118648
706,0.42561936621633023,94.91311866624164,0.0,0.0,6.0,17.0,11.72630786895752,44.5538330078125,54.71661376953125,68.93717956542969,44.63990783691406,80.09222222222223,1,0.21789064922939602,46.71361790948105,0.0,0.0,9.2,25.4,10.7936222076416,44.45412826538086,53.28717269897461,68.2498291015625,41.6024284362793,56.11266414141414,0.32258985963313275,67.60855925025896,0.0,0.0,7.6,22.5,11.45767526626587,45.27643508911133,54.021555709838864,69.37816162109375,43.09261054992676,56.667038419913425,0.3198157713330299,67.3297326273969,10.34573917356145,0.17647058823529413,8.0,22.705882352941178,8.891324842677397,44.27529458438649,51.36802404067095,68.86060782039867,42.06349271886489,54.707388613020974
707,0.29009434007883855,55.98820763521584,0.0,0.0,8.0,23.0,14.169398307800293,45.924156188964844,55.37400436401367,69.08834838867188,42.53395462036133,52.1225,1,0.3443767601015811,75.1428021503217,0.0,0.0,7.8,20.4,10.556352233886718,43.37507553100586,53.26166305541992,67.12999725341797,41.37579498291016,61.99147222222223,0.2966933734332679,65.55095177896027,0.0,0.0,8.11111111111111,23.0,11.536810557047525,44.82997936672635,53.88661660088433,68.70153299967448,42.38928519354926,57.601153799903805,0.3268904690718898,66.4782102218267,5.196309563967862,0.17647058823529413,7.882352941176471,22.176470588235293,8.984490590936998,43.47117401571835,51.78355317957261,67.62474553725299,41.62434555502499,54.03368763262881
708,0.14297493417814625,28.16606203309481,0.0,0.0,9.0,27.0,9.481547355651855,42.41115188598633,52.04424285888672,65.40322875976562,37.7995719909668,47.63375,1,0.44952725064789234,99.95831791925116,0.0,0.0,6.2,18.6,12.181996726989746,43.248051452636716,54.034532165527345,66.58902587890626,41.15348358154297,60.99125,0.32227193795771525,71.43169121323338,0.0,0.0,7.75,22.125,11.591051578521729,44.29449701309204,53.79619026184082,68.00141716003418,41.97392702102661,58.15942302489178,0.3152181819847644,63.60469373495821,2.025278339218253,0.11764705882352941,7.882352941176471,22.11764705882353,9.205221807255464,42.29226965062759,51.88242272769703,66.03484815709731,40.851645189173084,53.442968678380446
709,0.6424941228279246,144.56117763628305,0.0,0.0,5.0,13.0,10.362282752990723,40.86122512817383,52.74571228027344,64.54037475585938,40.462135314941406,70.71222222222222,1,0.45550422175578287,101.21961773250354,0.0,0.0,6.25,19.0,12.295918941497803,42.92160606384277,53.86401176452637,66.00198745727539,40.281877517700195,56.216006944444445,0.3540572655590181,79.18461297272981,0.0,0.0,7.714285714285714,21.857142857142858,11.357263020106725,43.660251072474885,53.49623761858259,67.25221688406808,41.25801794869559,57.95301406926408,0.34233619197106085,69.6791279718886,5.334428760985098,0.17647058823529413,7.529411764705882,20.823529411764707,8.960821123684154,40.98652458190918,51.770408630371094,64.20468274284812,39.93206338321461,54.62711573720397
710,0.746453489938222,176.1630236254204,0.0,0.0,3.0,13.0,15.17044734954834,42.489891052246094,55.29208755493164,64.97599792480469,40.33184814453125,54.39555555555555,1,0.510640848981431,116.29675443159942,0.0,0.0,5.666666666666667,17.666666666666668,11.671425819396973,41.920756022135414,53.3606808980306,64.97320048014323,39.531185150146484,57.58050925925926,0.41138954840768793,91.97950572950481,0.0,0.0,7.0,19.166666666666668,11.325368086496988,43.2275447845459,53.600067138671875,66.77099736531575,41.201803843180336,60.72548611111112,0.37019928221432985,75.97697601598033,5.334428760985098,0.17647058823529413,7.294117647058823,19.647058823529413,8.995469654307646,39.995720358455884,51.69730220121496,62.6903242223403,39.192486706902,54.9887333842628
711,,,,,,,,,,,,,0,0.6944738063830734,160.36210063085176,0.0,0.0,4.0,13.0,12.766365051269531,41.67555809020996,54.01889991760254,64.75818634033203,40.39699172973633,62.55388888888889,0.44952725064789234,99.95831791925114,0.0,0.0,6.2,18.6,12.181996726989746,43.248051452636716,54.034532165527345,66.58902587890626,41.15348358154297,60.991250000000015,0.3618383887657357,74.10413588349525,3.4982314260132066,0.11764705882352941,7.411764705882353,19.705882352941178,9.352748856824988,38.95067865708295,51.485297707950366,61.22070716409122,38.3213986789479,53.625439266615736
712,,,,,,,,,,,,,0,0.746453489938222,176.1630236254204,0.0,0.0,3.0,13.0,15.17044734954834,42.489891052246094,55.29208755493164,64.97599792480469,40.33184814453125,54.39555555555555,0.45550422175578287,101.21961773250352,0.0,0.0,6.25,19.0,12.295918941497803,42.92160606384277,53.86401176452637,66.00198745727539,40.281877517700195,56.21600694444445,0.35203810722074413,72.22133579350086,3.4982314260132066,0.11764705882352941,7.529411764705882,19.941176470588236,9.36300539970398,37.513032352223114,50.9617655137006,59.32407581104952,36.983158223769244,52.04360103132162
713,,,,,,,,,,,,,0,,,,,,,,,,,,,0.510640848981431,116.29675443159941,0.0,0.0,5.666666666666667,17.666666666666668,11.671425819396973,41.920756022135414,53.3606808980306,64.97320048014323,39.531185150146484,57.580509259259266,0.3472454373355257,69.2572667791836,4.279637918744918,0.17647058823529413,7.647058823529412,20.294117647058822,9.162232104469748,36.13628230375402,50.26674584781422,57.290860793169806,35.33674868415384,50.81533632543927
714,,,,,,,,,,,,,0,,,,,,,,,,,,,0.6630614259185313,137.92029477835592,1.0714590240627284,0.3333333333333333,4.0,11.666666666666666,10.153100172678629,36.48285357157389,52.52322133382162,57.61578114827474,36.281590143839516,54.28037037037037,0.35493723471113964,72.06459840962104,4.279637918744918,0.17647058823529413,7.764705882352941,20.11764705882353,8.942466048633351,34.66301300946404,49.43361147712259,55.25655948414522,33.62159403632669,50.72563044308633
715,,,,,,,,,,,,,0,,,,,,,,,,,,,0.5072756373163038,101.46739828668483,1.0714590240627284,0.3333333333333333,5.0,14.333333333333334,8.915568510691324,30.291149775187176,50.474361419677734,49.65083694458008,31.997461318969727,44.15962962962963,0.3542303993491029,71.92252450185164,4.279637918744918,0.17647058823529413,7.705882352941177,19.823529411764707,8.642597717397352,33.038323907291186,48.43822681202608,53.24601296817555,32.00687150394215,48.96989514896868
716,,,,,,,,,,,,,0,,,,,,,,,,,,,0.41212653059257615,77.16818442081691,19.823311414074848,0.6666666666666666,6.333333333333333,15.333333333333334,4.6220912138621015,23.60628827412923,47.3205680847168,40.69859059651693,26.77706019083659,48.89044444444445,0.38799196817661297,76.025395720354,7.266042548031817,0.23529411764705882,7.470588235294118,19.294117647058822,8.078601220074821,31.454025941736557,47.18446843764361,51.26277385038488,30.10895409303553,47.19917245989305
717,,,,,,,,,,,,,0,0.6002366649894472,93.03668307336432,3.2143770721881566,1.0,4.0,9.0,4.926570415496826,26.097444534301758,49.531864166259766,43.330970764160156,28.0507869720459,37.73333333333333,0.44130573952954266,87.35915598909234,14.867483560556135,0.5,6.5,14.0,5.235581934452057,23.97316265106201,46.991525650024414,40.680057525634766,26.182381629943848,51.535333333333334,0.4137856332136501,78.62742833646988,8.829353753130183,0.29411764705882354,7.176470588235294,18.41176470588235,7.633211191962747,29.874193415922278,45.97397366692038,49.26227031034582,28.40116366218118,46.69677941176471
718,,,,,,,,,,,,,0,0.38768671100534485,64.11958561731703,1.6071885360940783,0.5,6.0,15.0,5.788129091262817,24.191779136657715,48.06549835205078,41.98825645446777,27.830267906188965,39.041666666666664,0.41977233374514666,84.8343390264927,11.893986848444907,0.4,7.0,14.8,6.019730806350708,23.834003448486328,46.36621246337891,40.88829650878906,25.88079490661621,47.590666666666664,0.42014042666603035,78.56084579136882,9.455269889465985,0.35294117647058826,6.9411764705882355,18.470588235294116,7.48643964879653,28.439861746395337,44.85541175393497,47.19516372680664,26.595884379218607,45.47864215686275
719,0.6002366649894472,93.03668307336432,3.2143770721881566,1.0,4.0,9.0,4.926570415496826,26.097444534301758,49.531864166259766,43.330970764160156,28.0507869720459,37.73333333333333,1,0.41212653059257615,77.16818442081693,19.823311414074837,0.6666666666666666,6.333333333333333,15.333333333333334,4.6220912138621015,23.60628827412923,47.3205680847168,40.69859059651693,26.77706019083659,48.89044444444445,0.35594037058816325,71.90291073811716,9.911655707037424,0.3333333333333333,7.833333333333333,17.0,6.079494913419087,23.208377838134766,45.4981377919515,40.446770350138344,25.139413515726726,44.25472222222222,0.4122258895018784,75.7001026506307,10.859989062221512,0.4117647058823529,7.176470588235294,18.823529411764707,7.048510299009435,26.943923501407397,43.75130036297966,44.98366782244514,24.70889467351577,43.41363748832867
720,0.17513675702124232,35.202488161269706,0.0,0.0,8.0,21.0,6.649687767028809,22.286113739013672,46.5991325378418,40.64554214477539,27.60974884033203,40.35,1,0.4413057395295427,87.35915598909236,14.867483560556128,0.5,6.5,14.0,5.235581934452057,23.97316265106201,46.991525650024414,40.680057525634766,26.182381629943848,51.53533333333333,0.3824676911960871,71.61256324907589,10.393406374094804,0.42857142857142855,7.714285714285714,17.142857142857142,5.883027587618146,23.078921181815012,44.90273175920759,40.023288181849885,24.25694601876395,42.45576190476191,0.40342162747289,73.4722329803591,10.859989062221512,0.4117647058823529,7.352941176470588,18.823529411764707,6.613334571613985,25.198906281415155,42.52428638233858,42.58086260627298,22.992875491871555,41.94113748832867
721,0.4610061697670389,103.26538202781671,56.255557170036354,1.0,7.0,16.0,2.290015459060669,22.435306549072266,45.83070755004883,38.119258880615234,24.670644760131836,68.588,1,0.4197723337451468,84.8343390264927,11.893986848444902,0.4,7.0,14.8,6.019730806350708,23.834003448486328,46.36621246337891,40.88829650878906,25.88079490661621,47.590666666666664,0.42046157864874545,79.39245086911441,9.094230577332953,0.375,7.375,16.875,6.023828476667404,23.225175857543945,44.423980712890625,40.130964279174805,23.757941484451294,42.99066666666667,0.39969905499615793,72.73888620244288,10.859989062221512,0.4117647058823529,7.647058823529412,19.176470588235293,6.4911101846133965,23.511470065397376,41.428875642664295,40.529830147238336,21.68624266456155,40.87878454715219
722,0.5288433663404423,117.93207069391863,0.0,0.0,7.0,10.0,7.076054096221924,25.07378578186035,46.004398345947266,40.62445831298828,24.398345947265625,59.47,1,0.30708111170790653,67.67615627106774,11.25111143400727,0.2,8.6,18.6,6.31007981300354,22.630564498901368,44.691392517089845,39.869930267333984,24.55713882446289,45.559,0.38263792058589186,72.35882075840121,8.083760513184847,0.3333333333333333,7.666666666666667,17.77777777777778,6.021749840842353,23.032836702134873,43.67559263441298,40.13009813096788,23.14726659986708,40.801425925925926,0.3698786013691695,66.1169906377152,11.252669663963449,0.47058823529411764,8.117647058823529,20.41176470588235,6.161533467909869,22.041898503023035,40.48573303222656,38.65207324308508,20.287250911488254,38.35355578898226
723,0.33363871060756284,74.73507117609408,0.0,0.0,9.0,18.0,9.156326293945312,23.277366638183594,43.864959716796875,41.72125244140625,24.674448013305664,31.811999999999994,1,0.3803800832723841,74.60975430177945,13.907893509295087,0.4,8.4,18.0,5.920986986160278,22.63377799987793,43.63762512207031,39.237300872802734,22.827617263793947,43.8214,0.41174626000892933,73.81394364369093,12.352272331654092,0.4,7.3,17.5,5.78353796005249,22.909668350219725,42.76623001098633,40.07016372680664,22.304609394073488,39.671483333333335,0.33537430445522487,57.9739765660243,13.214871475482063,0.5294117647058824,8.647058823529411,21.58823529411765,5.453599495046279,20.452977292677936,39.50468826293945,36.57715483272777,18.992962949416217,36.52760807656396
724,0.036780554803246185,7.245769296239498,0.0,0.0,12.0,28.0,6.378315448760986,20.080249786376953,41.15776443481445,38.239139556884766,21.432506561279297,27.575,1,0.42546260748244713,80.7270107380929,2.656782075287816,0.2,8.0,17.8,6.864870834350586,22.996508407592774,42.68602828979492,39.79038848876953,21.946470260620117,39.4508,0.4150925885623567,71.34447703117809,13.645364891201195,0.45454545454545453,7.2727272727272725,18.0,5.619307431307706,22.590547214854848,41.8142863186923,39.71205555308949,21.418996290727094,39.04475757575758,0.31674239865215686,54.75320009013406,12.480711949066393,0.5,8.88888888888889,22.77777777777778,5.466185053189595,19.968525409698486,39.36295149061415,36.187255753411186,19.08237229453193,36.13482429453263
725,0.54163161484363,69.87047831482826,13.283910376439081,1.0,7.0,18.0,4.7042236328125,22.302181243896484,41.33029556274414,37.48239517211914,18.962141036987305,31.662,1,0.33570366543097124,60.358552573848314,2.656782075287816,0.2,8.6,20.8,6.65068416595459,22.280575942993163,41.02284622192383,39.690130615234374,20.719174575805663,32.214299999999994,0.39041039409941886,67.51873688942271,14.320473731703059,0.45454545454545453,7.545454545454546,19.272727272727273,5.584810907190496,21.921813444657758,40.25795225663619,38.73106210882013,19.846529960632324,39.13157575757576,0.300071746091517,51.87145271696911,11.82383237279974,0.47368421052631576,9.210526315789474,23.736842105263158,5.551951471127961,19.5935832073814,39.286108920448704,36.03705426266319,19.18698757573178,35.32805722639933
726,0.686418790817354,133.85166420938404,0.0,0.0,5.0,15.0,7.009434700012207,24.248958587646484,41.072723388671875,40.88469696044922,20.264909744262695,46.735,1,0.40372018627271195,62.79354826088918,12.810557814863277,0.4,7.6,20.2,5.547345113754273,21.985333251953126,39.16624755859375,39.25203094482422,18.728423881530762,31.752299999999998,0.40094998295437373,68.5258275360067,16.491403362325233,0.5454545454545454,7.7272727272727275,19.454545454545453,5.369521921331232,21.634246999567207,39.289551128040664,37.885262749411844,18.478469415144488,39.5531341991342,0.2928786895374481,50.84779676197254,12.621413202605657,0.5,9.3,24.15,5.468205142021179,19.386772394180298,39.39934062957764,35.906397342681885,19.37486414909363,34.50577936507936
727,0.08004865608306294,16.08977987269565,0.0,0.0,10.0,25.0,6.005120754241943,21.494123458862305,37.6884880065918,40.1231689453125,18.26186752319336,23.2875,1,0.48607525013138886,70.6743565828512,18.125815912197723,0.6,6.6,19.2,5.067082452774048,21.849150466918946,37.39366455078125,38.83039779663086,16.95449562072754,32.7928,0.3718059571197372,60.78483128262325,11.377261801412835,0.45454545454545453,8.090909090909092,20.09090909090909,5.776921510696411,21.0727521722967,38.26082923195579,36.987208279696375,17.45037703080611,35.78058874458874,0.28146395496559184,48.99614378730266,12.488020490375842,0.5238095238095238,9.476190476190476,24.857142857142858,5.359482095355079,19.101361683436803,39.504925864083425,35.65562111990793,19.60749321892148,33.841641723356005
728,0.6737213148162667,86.9100496112984,50.7688786978773,1.0,4.0,15.0,3.6396310329437256,21.8011531829834,34.581966400146484,39.53075408935547,14.720694541931152,29.502,1,0.4434954323420891,66.89096922269661,17.597148700451633,0.6,6.6,20.2,5.035659456253052,21.136988830566406,35.610043334960935,37.84192733764648,15.312798881530762,34.19806666666667,0.330973942186397,51.490930929405096,11.377261801412835,0.45454545454545453,8.727272727272727,22.181818181818183,5.806710481643677,20.041020393371582,37.11699849909002,36.070046338168055,16.649328665299848,33.06274783549784,0.2686701388307922,46.76904634242526,11.92038319535876,0.5,9.727272727272727,25.90909090909091,5.499526684934443,18.728446787053887,39.5414454720237,35.512586246837266,19.88783485239202,33.815333333333335
729,0.44855587409663056,46.64981090604958,26.57629048667224,1.0,7.0,23.0,3.9770021438598633,19.399335861206055,32.29484939575195,36.13097381591797,12.562865257263184,32.7775,1,0.3644261210637674,49.37673343555851,22.373193887820417,0.8,7.6,21.8,4.490074300765992,20.111773681640624,34.584842681884766,35.93333778381348,13.772033500671387,33.84849523809524,0.31296555132835685,47.6049201893886,11.984131822286741,0.5454545454545454,9.090909090909092,23.636363636363637,5.40699705210599,19.368396932428535,36.4667556069114,35.242524060336024,15.922494801607998,32.696505411255416,0.25759234079868876,44.84062069414937,11.40210566512577,0.4782608695652174,9.869565217391305,26.434782608695652,5.6556635006614355,18.5301687821098,39.68821052882982,35.52214813232422,20.217538875082266,33.37137474120083
730,0.328732525897131,50.9535415140553,10.640574317708626,1.0,7.0,23.0,4.5471086502075195,18.74137306213379,32.41218948364258,32.540042877197266,10.753657341003418,38.68833333333334,1,0.3765007669643622,49.781662109139134,22.373193887820417,0.8,7.8,21.4,4.6433323383331295,19.0647216796875,33.95009841918945,33.5568359375,12.791985702514648,34.60899523809524,0.3241564502008949,50.376376108519096,15.016625530997324,0.6363636363636364,9.090909090909092,24.09090909090909,5.112201994115656,18.950031540610574,36.23553397438743,34.46645545959473,15.640353549610484,32.31281854256854,0.26233478982393793,46.62447081970573,12.440205300588557,0.5,9.833333333333334,26.541666666666668,5.528306593497594,18.41683491071065,39.937268575032554,35.469603856404625,20.583938241004944,32.88062301587302
731,0.29107223442574565,46.28048527369356,23.880225936843928,1.0,10.0,23.0,4.281508922576904,19.122882843017578,35.946720123291016,31.34174919128418,12.56108283996582,44.98714285714285,1,0.25769474441584883,35.53948554858323,12.219418148244959,0.6,9.8,25.0,5.396152687072754,17.449438285827636,33.71815719604492,31.757820510864256,12.965209579467773,34.62334523809524,0.2749172124878376,44.024514443534706,13.808997314957407,0.5454545454545454,9.636363636363637,26.363636363636363,5.200921622189608,17.989182645624336,35.83763677423651,33.7461442080411,15.789461742747914,32.11240945165945,0.2518413982309804,44.7594919869175,11.942597088565014,0.48,10.04,27.24,5.654649267196655,18.206820373535155,40.120479583740234,35.36229766845703,20.959753150939942,32.440826666666666
732,0.1404218855860368,18.114423240598747,0.0,0.0,11.0,23.0,6.771410942077637,16.25886344909668,34.514766693115234,28.240659713745117,13.361628532409668,27.089999999999996,1,0.19509285183034708,32.60731397455585,8.239274096833103,0.6,11.0,27.2,5.552647972106934,16.745272827148437,34.601644897460936,31.055327224731446,13.7884916305542,33.6245119047619,0.21251550423171456,31.8561813335907,13.808997314957407,0.5454545454545454,10.545454545454545,28.727272727272727,5.208768194372004,16.952424916354094,35.54947488958185,33.05966515974565,15.862657460299404,29.755250360750356,0.22810954731325078,41.086329792624525,11.814022005677488,0.44,10.44,28.64,5.882897577285767,17.70860237121582,39.928727264404294,35.08054763793945,21.108944282531738,31.824350476190475
733,0.07969120207370006,15.699166808518912,0.0,0.0,14.0,33.0,7.403732776641846,13.724736213684082,33.42226028442383,30.535676956176758,15.586813926696777,29.57375,1,0.1613224351311538,29.96296255307977,12.78264539245466,0.6,12.0,29.2,5.270340204238892,16.09264430999756,35.842072296142575,30.487795639038087,15.303550720214844,30.557734126984126,0.2194393186796305,33.24786803762181,16.334038130313598,0.6363636363636364,10.636363636363637,29.363636363636363,5.015304933894765,16.40362886949019,35.90058898925781,32.45064215226607,16.288353053006258,29.354795815295816,0.2340194307341886,42.17089353061872,11.856880366639999,0.48,10.44,28.88,5.847097482681274,17.511584854125978,39.99392593383789,34.97057632446289,21.348484382629394,31.490500476190473
734,0.13554641116912167,31.98895303591271,6.675570229612955,1.0,13.0,34.0,4.759478569030762,15.878508567810059,36.71228790283203,32.618507385253906,16.679275512695312,27.78333333333333,1,0.10310798824600469,20.706865498341056,8.006600205085876,0.4,12.6,33.2,5.550066328048706,14.614636421203613,36.04341354370117,30.13124008178711,16.911800384521484,27.451805555555552,0.16302549583528506,26.43450755422241,12.611427907395624,0.6363636363636364,11.454545454545455,31.545454545454547,4.9739767638119785,15.639264713634144,36.540103912353516,31.642400568181817,17.155569423328746,28.541785714285712,0.22187581244967208,39.44442640638086,9.692374801763561,0.48,10.64,29.48,5.963604316711426,17.316543350219728,40.14020614624023,34.877606048583985,21.760997886657716,29.76804714285714
735,0.1598804424011646,37.73178440667485,33.35743079581642,1.0,12.0,33.0,3.1355698108673096,15.478230476379395,38.61432647705078,29.70238494873047,18.32895278930664,23.35444444444444,1,0.07502361112879732,17.08398085022131,8.006600205085876,0.4,13.4,36.8,5.6149335384368895,13.931788444519043,36.721048736572264,31.14979362487793,18.453487205505372,26.19505555555555,0.12224768909922772,22.19361565367245,10.19540149951633,0.5454545454545454,12.181818181818182,33.81818181818182,5.37974593856118,14.86634635925293,37.26860462535512,31.31311694058505,18.356673414056953,28.585909090909084,0.20096240181914696,34.77544870726572,9.69237480176356,0.48,10.92,30.92,6.115473003387451,16.94332176208496,40.22289276123047,34.710190277099606,22.219123039245606,28.26699714285714
736,0.0,0.0,0.0,0.0,13.0,43.0,5.680139541625977,11.732843399047852,36.953426361083984,29.558971405029297,20.602331161499023,29.4575,1,0.09032749371608499,20.223814211925088,13.561689998869491,0.6,12.8,36.6,4.909591960906982,14.278314590454102,38.346745300292966,31.72744140625,19.925028228759764,24.056805555555552,0.093624803480617,17.781044282583768,9.228076561542817,0.45454545454545453,12.727272727272727,35.18181818181818,5.792797283692793,14.450589960271662,38.22359119762074,31.603341189297762,19.876434326171875,27.21463203463203,0.19289155134996128,32.70384330441229,9.69237480176356,0.48,11.04,31.32,6.156024608612061,16.745166778564453,40.46621688842774,34.647510833740235,22.75206974029541,28.028174285714286
737,0.0,0.0,0.0,0.0,15.0,41.0,7.095746994018555,12.844623565673828,37.9029426574707,33.33342742919922,21.0700626373291,20.80625,1,0.07385206418795401,16.21864046352355,14.190609202102815,0.6,12.8,37.6,4.594700479507447,13.781242370605469,39.327613830566406,31.33175926208496,21.441188049316406,22.611916666666666,0.10092833829688272,21.5421841402027,10.358646650578155,0.45454545454545453,12.636363636363637,35.72727272727273,5.639850811524824,14.149432962590998,39.107126062566586,31.86873540011319,21.37189258228649,25.087922077922077,0.208559582869716,36.45887640856746,11.460362616238982,0.52,10.88,30.96,6.066452960968018,16.781904830932618,40.94156112670898,34.7182421875,23.47608860015869,29.25121873015873
738,0.15621061501013844,31.398333617037824,27.775448968918077,1.0,11.0,32.0,3.8770248889923096,15.457366943359375,41.550743103027344,33.42391586303711,22.94451904296875,18.8825,1,0.04187597570772108,8.67228358218858,7.5191230429395315,0.4,13.4,40.6,5.6556791305542,12.86504306793213,39.666419982910156,31.89305305480957,22.930399322509764,24.593599206349204,0.08816271233451572,19.89541839105736,10.358646650578155,0.45454545454545453,13.0,37.63636363636363,5.813983765515414,13.86830642006614,40.016469435258344,32.28203444047408,22.882590987465598,24.614805194805193,0.19009637972719273,34.221215968486945,10.92900620118142,0.48,11.04,31.52,6.1648679542541505,16.69292900085449,41.395287628173826,34.75418151855469,24.332276878356932,29.071424444444443
739,0.05316926352846675,11.96308429390502,9.820166245779578,1.0,13.0,39.0,3.185021162033081,13.393147468566895,41.61663055419922,30.64009666442871,24.260074615478516,20.558888888888887,1,0.04465213252620365,9.155334868604546,7.5191230429395315,0.4,13.4,39.6,6.337785911560059,13.352084922790528,40.85914306640625,33.12776069641113,24.304138565063475,23.42295634920635,0.0815490023320163,18.578005791741088,10.358646650578155,0.45454545454545453,13.0,38.63636363636363,6.1075333465229384,13.860784443941983,41.04517815329812,32.804901990023524,24.35475019975142,23.955503246753246,0.1674920872273383,29.95410024586769,10.92900620118142,0.48,11.28,31.92,6.247265644073487,16.54086540222168,41.854635620117186,34.76729888916016,25.205086708068848,28.418974444444444
740,0.0,0.0,0.0,0.0,15.0,48.0,8.440463066101074,10.897233963012695,40.30835723876953,32.508853912353516,25.775009155273438,33.26285714285714,1,0.11893435600713738,26.685939610104903,14.782422426186063,0.6,12.2,37.2,5.438456058502197,13.945191383361816,42.41167526245117,33.31329231262207,25.89235076904297,23.580373015873015,0.0985796779116132,21.335062934942176,9.849181995528134,0.45454545454545453,12.545454545454545,38.0,6.198006694967097,13.995526920665394,42.09216100519354,33.284697619351476,25.892838911576703,24.339177489177487,0.1837403549212625,31.33333130043352,10.92900620118142,0.48,11.12,31.52,6.366805915832519,16.641054458618164,42.585696411132815,34.9189485168457,26.281902656555175,28.85697444444444
741,0.013880784092412831,2.4152564320798326,0.0,0.0,13.0,38.0,9.090673446655273,14.168052673339844,42.91704177856445,35.73250961303711,27.471027374267578,23.604285714285716,1,0.08769223300510967,20.40627288669734,9.227332632402447,0.4,13.0,39.6,6.400425767898559,13.48701229095459,43.005035400390625,33.18589897155762,27.299309158325194,24.181015873015873,0.09835561157097338,21.096146527232666,7.011499018465318,0.45454545454545453,12.545454545454545,37.81818181818182,6.385926376689564,14.184712236577814,43.08065067638051,33.83857189525258,27.40688705444336,24.536652236652234,0.1804089557330242,34.328111548790574,10.617933739100149,0.48,11.16,31.36,6.355852994918823,16.703187255859376,43.38873794555664,35.11968109130859,27.439155349731447,29.762603535353538
742,0.3714111174046686,87.65302370750179,36.31649691623265,1.0,9.0,29.0,2.599097728729248,15.810155868530273,45.66560363769531,34.261085510253906,29.011123657226562,21.593333333333334,1,0.0784464587086576,18.25518167112432,7.2632993832465305,0.2,13.2,40.6,7.889977169036865,13.536781692504883,43.629320526123045,34.31532363891601,28.803407287597658,24.533523809523807,0.09890180253254727,21.205930910509018,7.011499018465318,0.45454545454545453,12.636363636363637,38.09090909090909,6.857983805916526,14.549294298345393,44.09139043634588,34.46403486078436,28.79317283630371,23.85358405483405,0.17963238302837364,36.30722745861267,9.55488211963326,0.44,11.2,31.16,6.682589673995972,16.833284912109374,44.22764404296875,35.51334213256836,28.721068077087402,30.516583535353533
743,0.0,0.0,0.0,0.0,15.0,44.0,8.686873435974121,13.166471481323242,44.51754379272461,32.786949157714844,29.979310989379883,21.885714285714283,1,0.1430232272175951,30.718497993349253,7.477591188059075,0.4,11.8,36.4,7.352821636199951,14.82947006225586,45.21346893310547,35.39280471801758,30.368055725097655,24.281702380952378,0.11088975243054017,23.291834192759783,7.011499018465318,0.45454545454545453,12.363636363636363,36.90909090909091,7.137471935965798,15.04737325148149,45.1864013671875,35.084111126986414,30.332086736505683,24.311327561327563,0.17979221456567582,37.410041085322696,9.129259146924916,0.4,11.16,31.44,7.03124831199646,16.894507217407227,44.931370391845704,36.02372955322266,29.914674224853517,30.62722797979798
744,0.0069403920462064155,1.2076282160399163,0.0,0.0,14.0,44.0,10.63277816772461,13.64199447631836,44.73805618286133,36.2872200012207,31.78056526184082,22.321428571428566,1,0.17173021292993784,37.25618749130733,7.906174797684164,0.6,11.6,35.0,6.575224208831787,15.507713317871094,46.52760314941406,35.405303192138675,31.870546722412108,24.666178571428567,0.13564163677481067,29.63031267303988,8.504612326916902,0.45454545454545453,12.090909090909092,35.72727272727273,7.161290060390126,15.551130901683461,46.23100384798917,35.682611812244765,31.84012846513228,27.8812012987013,0.16868842406867757,35.64453839629997,8.174050109451159,0.36,11.28,32.08,7.478204469680787,16.82709747314453,45.371583251953126,36.52292137145996,30.94245536804199,30.019685122655122
745,0.3228838425446875,62.31658161112468,1.071459024062726,1.0,8.0,27.0,5.754685401916504,17.360675811767578,48.22909927368164,37.89625930786133,33.59825134277344,32.00375,1,0.09864960956446674,19.96710839301496,0.6428754144376342,0.4,12.6,38.4,8.22995891571045,15.494331359863281,47.008795166015624,35.84089889526367,33.238616943359375,24.736261904761903,0.13808547975227262,29.80902931112264,7.611869940936941,0.36363636363636365,11.909090909090908,35.09090909090909,7.523069815202192,16.158825267444957,47.236169988458805,36.38631924715909,33.304380590265446,28.48195165945166,0.17985528340007456,38.662734317005004,8.174050109451159,0.36,11.16,32.28,7.989879770278931,16.91249076843262,45.83110397338867,37.24279678344727,32.08691951751709,31.06359623376623
746,0.15741571265412654,35.10370392187022,2.1429180481254377,1.0,12.0,31.0,5.202686309814453,17.559268951416016,49.48771286010742,35.79500198364258,34.983482360839844,25.526666666666667,1,0.12502309934005112,24.55609561396664,0.6428754144376342,0.4,12.0,35.2,8.526607513427734,16.525735473632814,48.0948989868164,37.314362335205075,34.84237785339356,25.52740476190476,0.14911379596327204,32.27937214238651,7.611869940936941,0.36363636363636365,11.545454545454545,33.0,7.5802438042380595,17.02701932733709,48.34963052923029,37.17757173018022,34.78712116588246,28.223851010101008,0.17823791610051162,38.34097239742434,8.174050109451159,0.36,11.16,32.72,8.443454656600952,16.97196273803711,46.18684677124023,37.78180320739746,32.97528060913086,31.493696233766233
747,0.0060081005773130166,1.2076282160399163,0.0,0.0,14.0,46.0,10.872771263122559,15.743246078491211,48.071563720703125,36.439064025878906,35.85147476196289,21.94375,1,0.2093312894902326,44.53888935078243,9.482814486814737,0.6,10.8,30.2,7.227856731414795,17.997076797485352,49.75556182861328,38.05840301513672,36.392860412597656,32.69334126984127,0.19205693817588615,36.65712667009211,7.611869940936941,0.36363636363636365,10.909090909090908,30.90909090909091,7.57142144983465,17.920728163285688,49.53580925681374,37.92138082330877,36.39723378961737,29.190506854256853,0.17281605965374677,37.06141427598783,7.907027300266641,0.32,11.24,33.32,8.874098386764526,16.826302146911623,46.33157318115234,38.11413383483887,33.640843811035154,31.122462900432897
748,0.1318674488779219,22.944936104758412,0.0,0.0,12.0,28.0,10.170116424560547,18.3234920501709,49.948062896728516,40.154266357421875,37.99811553955078,25.841428571428573,1,0.16076482823740473,34.86136649112056,9.268522682002192,0.4,11.4,31.2,7.509839344024658,18.540498733520508,50.64443359375,38.15532684326172,37.74657974243164,31.72601984126984,0.21196832160367174,43.39590231670331,8.218739961810847,0.36363636363636365,10.545454545454545,29.272727272727273,7.641122384504839,18.606575185602363,50.35330026799982,38.856651999733664,37.72822362726385,31.967724485110853,0.1664208419577002,35.55214289972083,6.572730068433983,0.28,11.4,34.08,9.412497539520263,16.58800277709961,46.25509872436523,38.49934593200683,34.22447937011719,31.48748512265512
749,0.42848134279711386,101.12159690011887,44.19969536188552,1.0,8.0,19.0,4.139024257659912,20.998701095581055,53.0413703918457,40.007423400878906,39.53297805786133,58.15111111111111,1,0.15354398137077813,33.27537993552704,8.839939072377105,0.2,11.2,30.0,8.283177471160888,19.118118667602538,51.258175659179685,39.23885269165039,39.16691436767578,32.70543650793651,0.250981190374614,52.134784921394385,8.218739961810847,0.36363636363636365,9.909090909090908,26.90909090909091,7.95553562857888,19.468875711614434,51.1487509987571,40.05533842606978,39.05834839560769,34.671477731864094,0.1678367670160322,35.831080136212236,6.572730068433983,0.28,11.6,34.48,9.7174635887146,16.42534112930298,46.163546600341796,38.79898979187012,34.5073836517334,31.77623512265512
750,0.08005153628054808,13.928967312815365,0.0,0.0,11.0,32.0,7.16459846496582,20.07778549194336,52.673458099365234,38.38087844848633,40.36684799194336,27.16714285714286,1,0.24959343094154915,43.14796553968735,8.839939072377105,0.2,9.6,23.8,7.907348728179931,20.76923942565918,52.83686447143555,40.73392181396484,41.03307266235352,35.164186507936506,0.2805982742185667,59.16353528191857,8.218739961810847,0.36363636363636365,9.181818181818182,25.636363636363637,8.19469894062389,20.071597186001863,51.62759572809393,40.874657370827414,39.85955255681818,36.41084281122917,0.17093623133477315,36.52226067929146,6.572730068433983,0.28,11.6,34.64,9.967371273040772,16.148580722808838,45.89629341125488,38.86613471984863,34.72648330688477,32.335896233766235
751,0.12131147832099357,27.17377114390256,0.0,0.0,11.0,25.0,9.069376945495605,20.447368621826172,52.55642318725586,41.21263122558594,42.08515548706055,30.42375,1,0.34130720818802673,70.91488948278065,17.438352501546223,0.4,8.2,20.4,6.546487045288086,21.775435638427734,53.77885284423828,41.61288223266602,42.16385192871094,40.42444624819625,0.2524704223509396,53.69320223073681,8.121334595986962,0.2727272727272727,9.636363636363637,26.727272727272727,9.076583255421031,20.07859386097301,51.511499578302555,41.41331967440519,40.282948927445844,36.210372032008394,0.16798605041763914,36.005133919662775,5.46171210967726,0.24,11.64,34.84,10.159190759658813,15.826594696044921,45.422462997436526,38.866942977905275,34.66867805480957,32.94279623376624
752,0.48625534843116813,50.57055623684148,0.0,0.0,6.0,15.0,8.993627548217773,23.998849868774414,55.96500778198242,43.91440963745117,45.18226623535156,34.2375,1,0.34143925092467714,69.91611183307727,8.59841342916912,0.2,8.2,20.2,8.147766017913819,22.106050872802733,53.82407913208008,42.80589752197265,43.1793930053711,39.11962402597403,0.2763047547342883,59.008258352223564,7.926523864339194,0.18181818181818182,9.272727272727273,26.454545454545453,10.382092996077104,20.154450850053266,51.19468793002042,42.362641768022016,40.91838073730469,38.72501849665486,0.1798775825895643,37.33497159789181,5.068905459846077,0.2,11.48,34.44,10.445240688323974,15.620605697631836,44.847817001342776,38.878984375,34.489822158813475,33.502440678210675
753,0.5904363351103099,161.7795558202249,42.992067145845596,1.0,5.0,11.0,3.3658080101013184,23.354473114013672,54.65800476074219,44.549068450927734,43.65201187133789,52.14272727272728,1,0.39197460653450467,82.83509480687535,8.59841342916912,0.2,7.2,19.8,9.3675612449646,22.14487991333008,53.29045715332031,44.189667510986325,43.22478561401367,41.97708434343434,0.27932738373495314,59.59439386158378,7.926523864339194,0.18181818181818182,9.272727272727273,26.272727272727273,11.097577875310725,20.106113520535555,50.6714394309304,43.05098481611772,41.09514132412997,40.396154860291226,0.21140027557851113,45.97218947686324,5.068905459846077,0.2,10.96,33.32,10.500739459991456,15.659442443847656,44.200131759643554,38.8666633605957,34.18377349853515,34.44498093795094
754,0.4291415564803658,96.12770865160194,0.0,0.0,8.0,18.0,12.145419120788574,22.651777267456055,53.26750183105469,45.97249984741211,44.61068344116211,51.626999999999995,1,0.37040780527046374,77.82892418771993,8.59841342916912,0.2,7.6,22.6,10.64476842880249,21.542934036254884,52.16958084106445,44.7114501953125,42.45887680053711,41.852048629148626,0.2673394338369603,57.508490579333014,7.926523864339194,0.18181818181818182,9.545454545454545,28.181818181818183,11.584437456997959,19.552795496853914,49.79711081764915,43.121212699196555,40.66970859874379,39.7289795356159,0.2196302543904319,47.787061687062554,5.28010985400633,0.20833333333333334,10.875,33.125,10.559492210547129,15.721583684285482,44.253593842188515,38.99725310007731,34.463471253712974,34.89667657227032
755,0.3327283143296857,78.52388218180582,0.0,0.0,6.0,30.0,13.263574600219727,20.271930694580078,50.005348205566406,45.29972839355469,40.59381103515625,41.45444444444444,1,0.3570754093584225,86.42867719199654,8.59841342916912,0.2,8.0,25.2,12.758701610565186,20.421903228759767,50.17713623046875,45.17607727050781,41.81707000732422,45.64210418470419,0.2283865844917681,48.31561813386766,3.90836974053142,0.09090909090909091,10.272727272727273,31.181818181818183,12.716848763552578,18.509345054626465,48.31175578724254,43.059873060746625,40.06851439042525,37.39524216187852,0.2130310864332912,46.05375899052171,3.9307017208660553,0.17391304347826086,10.956521739130435,33.30434782608695,10.905596318452254,15.7177327197531,44.19220211194909,39.20317343006963,34.700529844864555,35.47508280005019
756,0.013477472000788936,2.142918048125441,0.0,0.0,13.0,39.0,15.455412864685059,17.437639236450195,46.95204162597656,43.8215446472168,38.255611419677734,29.798571428571424,1,0.2468395462532859,55.603789791752,0.0,0.0,9.8,31.8,15.834160995483398,18.79331569671631,47.70870132446289,45.0684310913086,40.645835876464844,43.27880873015873,0.22432718359883647,47.68329664291036,3.90836974053142,0.09090909090909091,10.909090909090908,33.09090909090909,13.27500260959972,17.381028392098166,46.674588983709164,42.93889028375799,38.91470440951261,38.25970644759281,0.22271431763480443,48.14711167190906,4.109369980905421,0.18181818181818182,10.772727272727273,32.81818181818182,11.006447358564897,15.833699139681729,44.17741385373202,39.494819987903945,34.91513070193204,36.09278136888364
757,0.41959336887096205,93.56932125822453,0.0,0.0,8.0,28.0,19.56329345703125,18.393695831298828,46.002784729003906,46.237545013427734,41.97323226928711,53.187777777777775,1,0.16101123495721276,36.37824806143162,0.0,0.0,11.2,38.0,16.51019153594971,16.710359001159667,45.121290588378905,44.059285736083986,38.38737030029297,36.65390873015873,0.22034310447588465,46.7838186822811,3.90836974053142,0.09090909090909091,11.272727272727273,34.90909090909091,13.663553714752197,16.06086882677945,44.735060778531164,42.375201138583094,37.50219518488104,38.657345336481704,0.23298926647235665,50.382325169807594,4.305054265710441,0.19047619047619047,10.619047619047619,32.285714285714285,11.024241129557291,15.938066028413319,44.15071659996396,39.64756284441267,35.06439572288876,36.74856007352436
758,0.03925701958462693,7.655118819002251,0.0,0.0,14.0,44.0,18.743104934692383,15.211535453796387,42.31583023071289,44.01083755493164,37.795841217041016,40.32625,1,0.09446557209127562,20.673471625070455,0.0,0.0,13.2,42.4,17.17658634185791,14.560122108459472,42.460713958740236,42.86587753295898,36.852576446533206,34.85901984126984,0.18363408117139557,43.86560126314285,3.90836974053142,0.09090909090909091,11.818181818181818,36.90909090909091,13.634361397136342,14.552583954551004,42.3477857763117,41.42335683649237,35.349206230857156,38.640754427390796,0.22849453766874012,49.78561234774174,4.466734027792827,0.15,10.75,32.55,11.287718915939331,15.866935539245606,43.94679746627808,39.735128021240236,35.13770294189453,36.98580057720058
759,0.0,0.0,0.0,0.0,15.0,49.0,15.525571823120117,12.236993789672852,40.330448150634766,40.92677307128906,33.318355560302734,18.502499999999998,1,0.09884970298277784,21.63957419790239,0.0,0.0,14.2,45.2,16.746361923217773,12.605854701995849,40.003230285644534,41.51158218383789,34.73644180297852,36.23455555555556,0.16181782960014884,33.268280393088844,0.0,0.0,12.181818181818182,38.54545454545455,14.26803970336914,13.178852081298828,39.85619267550382,40.18627166748047,33.17981217124245,37.04141558441558,0.23223552845898296,50.55834437015603,4.589040131985848,0.10526315789473684,10.68421052631579,32.63157894736842,11.607983789945903,15.777865359657689,43.65517034028706,39.94250307585064,35.14581981458162,37.588912888281314
760,0.0,0.0,0.0,0.0,16.0,52.0,16.595548629760742,9.520746231079102,36.70246505737305,39.33268737792969,32.91984176635742,32.480000000000004,1,0.030428350802290116,6.3816126616536275,0.0,0.0,15.6,48.6,15.502391052246093,10.112238216400147,37.04699592590332,39.266483306884766,31.65130615234375,32.55655555555556,0.19444744489499477,44.15943842242375,0.0,0.0,11.636363636363637,38.72727272727273,14.057359088550914,12.198522567749023,37.206076708706945,38.9343015497381,30.77191300825639,37.51408500590319,0.2448037188968535,53.30005082316248,4.843986805985062,0.1111111111111111,10.5,31.88888888888889,11.648828930324978,15.779788653055826,43.40981515248617,40.137138578626846,35.106616761949326,38.45808860429694
761,0.03539812645830003,6.973430912285107,0.0,0.0,18.0,53.0,13.304290771484375,7.66630220413208,34.66462326049805,37.05006790161133,27.674938201904297,36.67625,1,0.03906816530172245,8.544621823117305,0.0,0.0,15.2,47.2,13.48827247619629,8.551474380493165,34.52482643127441,37.153140258789065,28.39201545715332,31.302305555555556,0.18061935795152567,40.72299404648554,0.0,0.0,12.2,39.6,14.136737537384032,11.391181755065919,35.926149559021,38.29775886535644,29.789723205566407,37.12004906204906,0.2514470288979671,55.085645806598016,5.128927206337124,0.11764705882352941,10.411764705882353,32.11764705882353,11.735812018899356,15.630159041460823,43.02521234400132,40.136131062227136,34.936528598561004,39.200245076818604
762,0.07748660796852341,17.279513576980722,0.0,0.0,15.0,45.0,13.343439102172852,5.9256134033203125,31.22161293029785,35.01205062866211,26.54755401611328,34.79777777777778,1,0.10915967886704159,17.586427073043474,0.0,0.0,14.0,43.2,12.450411987304687,7.752760124206543,31.908832931518553,35.156011962890624,25.68607978820801,34.511805555555554,0.19919067861271864,45.009669157414436,0.0,0.0,12.11111111111111,39.666666666666664,13.990218056572807,10.71935314602322,34.701050440470375,37.684004889594185,28.849068959554035,37.93354657687991,0.24038238427927047,52.20839886325296,2.6870041966153493,0.0625,10.5625,32.9375,12.210611253976822,15.294625163078308,42.39920246601105,40.1441752910614,34.649250507354736,38.01581594967533
763,0.08245609208178857,18.47016462632064,0.0,0.0,12.0,37.0,8.67251205444336,7.407716274261475,29.70498275756836,33.444122314453125,21.499387741088867,34.055,1,0.2667731438117758,60.77251646790065,0.0,0.0,11.2,36.8,11.096888732910156,8.222241401672363,29.39158515930176,33.72964019775391,22.726869964599608,39.381078282828284,0.1716403423304382,38.93971264481318,0.0,0.0,12.625,41.125,13.293583631515503,9.76006031036377,33.28833365440369,36.61481237411499,27.208548545837402,36.026767676767676,0.2510711074791853,54.76036096661547,2.8661378097230394,0.06666666666666667,10.533333333333333,33.0,12.547012106577556,14.975747807820637,41.7142520904541,40.26172841389974,34.2680773417155,38.73906082251083
764,0.3504575678265957,45.209026249630845,0.0,0.0,9.0,29.0,10.33626937866211,8.243422508239746,27.25048065185547,30.941131591796875,19.788677215576172,34.55,1,0.3246168981501447,74.22228785680454,0.0,0.0,9.5,32.75,10.545038223266602,8.361226201057434,28.073325634002686,32.89953327178955,21.489852905273438,40.057285353535356,0.19055224557983982,43.40894033421474,0.0,0.0,12.428571428571429,40.714285714285715,12.51508058820452,8.981278147016253,31.998691286359513,35.55823734828404,25.696078164236887,35.41255591630592,0.29209761021501657,62.52599347534864,3.8868203189233386,0.13333333333333333,10.133333333333333,32.266666666666666,12.263864199320475,15.510728200276693,39.84258499145508,39.5555674235026,32.16494299570719,42.09814415584415
765,0.7880673247236711,215.9304469742859,0.0,0.0,2.0,20.0,9.827932357788086,11.868152618408203,24.116226196289062,32.200828552246094,18.12379264831543,56.82636363636363,1,0.40699366154401856,93.20321261674582,0.0,0.0,7.666666666666667,28.666666666666668,9.612237930297852,9.173097133636475,27.02389653523763,32.195360819498696,19.80395253499349,41.81045454545455,0.22231095317647978,50.64376372325054,0.0,0.0,12.0,39.333333333333336,12.01333204905192,8.438658873240152,30.61006514231364,34.66348139444987,24.42569859822591,38.23089856902357,0.26878800058156443,60.56627216682954,4.315403928548426,0.2,10.333333333333334,32.46666666666667,11.993687057495118,16.011727396647135,37.744655736287434,38.70370763142903,30.083394304911295,44.8440886002886
766,,,,,,,,,,,,,0,0.5692624462751334,130.5697366119584,0.0,0.0,5.5,24.5,10.082100868225098,10.055787563323975,25.683353424072266,31.570980072021484,18.9562349319458,45.68818181818182,0.26677314381177575,60.772516467900644,0.0,0.0,11.2,36.8,11.096888732910156,8.222241401672363,29.39158515930176,33.72964019775391,22.726869964599608,39.381078282828284,0.27309188161911624,61.74553557111872,5.7037365540228295,0.2,10.466666666666667,32.666666666666664,11.92347830136617,16.72324422200521,35.89873186747233,37.956156158447264,27.9322509765625,47.80287647907648
767,,,,,,,,,,,,,0,0.7880673247236711,215.9304469742859,0.0,0.0,2.0,20.0,9.827932357788086,11.868152618408203,24.116226196289062,32.200828552246094,18.12379264831543,56.82636363636363,0.32461689815014466,74.22228785680451,0.0,0.0,9.5,32.75,10.545038223266602,8.361226201057434,28.073325634002686,32.89953327178955,21.489852905273438,40.057285353535356,0.28503318330233335,64.37983640937745,6.132320163647919,0.26666666666666666,10.4,32.46666666666667,11.473633623123169,17.403403091430665,34.01634610493978,37.2590934753418,25.568401718139647,49.07722462722462
768,,,,,,,,,,,,,0,,,,,,,,,,,,,0.40699366154401845,93.20321261674577,0.0,0.0,7.666666666666667,28.666666666666668,9.612237930297852,9.173097133636475,27.02389653523763,32.195360819498696,19.80395253499349,41.81045454545455,0.27602794550995097,62.755312983899884,6.132320163647919,0.26666666666666666,10.8,32.266666666666666,11.205697615941366,18.26226412455241,32.14588813781738,36.63562266031901,23.799642753601074,49.49353439153439
769,,,,,,,,,,,,,0,,,,,,,,,,,,,0.5692624462751333,130.56973661195835,0.0,0.0,5.5,24.5,10.082100868225098,10.055787563323975,25.683353424072266,31.570980072021484,18.9562349319458,45.688181818181825,0.2823412725121807,64.22790061106943,6.132320163647919,0.26666666666666666,10.733333333333333,31.333333333333332,10.81251498858134,19.542631530761717,30.629465357462564,36.181768798828124,22.322604688008628,52.37987962962963
770,,,,,,,,,,,,,0,,,,,,,,,,,,,0.7880673247236711,215.9304469742859,0.0,0.0,2.0,20.0,9.827932357788086,11.868152618408203,24.116226196289062,32.200828552246094,18.12379264831543,56.82636363636363,0.28475441562207926,65.16104997136033,6.861379098790991,0.3333333333333333,10.733333333333333,30.733333333333334,9.818234491348267,20.828135935465493,29.28330815633138,35.725155131022134,20.412448692321778,53.3108425925926
771,,,,,,,,,,,,,0,,,,,,,,,,,,,0.7367090193584621,143.6582587749001,15.31023763800448,1.0,5.0,14.0,4.822158336639404,28.472074508666992,24.481416702270508,30.620216369628906,10.538140296936035,80.81,0.3056318261103748,71.08821408163233,6.861379098790991,0.3333333333333333,10.533333333333333,29.733333333333334,8.967002662022908,22.247145144144692,27.972193400065105,35.51568730672201,18.860038566589356,55.16757744107744
772,,,,,,,,,,,,,0,,,,,,,,,,,,,0.43666011164392415,82.41649769197748,10.869495891190414,1.0,7.0,16.0,4.881564378738403,29.992956161499023,24.48874282836914,30.87836456298828,12.24858808517456,78.11833333333334,0.30604049894152197,71.16872262936833,6.861379098790991,0.3333333333333333,10.533333333333333,29.0,8.670585743586223,23.99263553619385,26.72206293741862,35.55710474650065,17.89602565765381,57.898160774410776
773,,,,,,,,,,,,,0,,,,,,,,,,,,,0.5094382579871449,114.76716742283922,28.518682770114157,1.0,7.0,15.333333333333334,4.025268475214641,31.33771260579427,25.31554412841797,31.697508494059246,11.960679372151693,84.25373737373737,0.32984139272324403,76.47632194269234,6.861379098790991,0.3333333333333333,10.066666666666666,27.4,8.20728522936503,26.123123995463054,25.95490290323893,35.79731928507487,16.97022927602132,60.20830892255892
774,,,,,,,,,,,,,0,0.7367090193584621,143.6582587749001,15.31023763800448,1.0,5.0,14.0,4.822158336639404,28.472074508666992,24.481416702270508,30.620216369628906,10.538140296936035,80.81,0.5341439639225144,119.98593087350014,22.996200613679704,1.0,7.0,15.25,4.368388593196869,31.716824531555176,25.244586944580078,32.65227127075195,11.258745670318604,80.87585858585858,0.36173073434291436,83.64900187640657,6.861379098790991,0.3333333333333333,9.533333333333333,25.333333333333332,7.8171177705128985,28.40244855880737,25.358235677083332,36.35016581217448,16.314104906717937,62.573003367003366
775,,,,,,,,,,,,,0,0.43666011164392426,82.41649769197751,10.869495891190404,1.0,7.0,16.0,4.881564378738403,29.992956161499023,24.48874282836914,30.87836456298828,12.24858808517456,78.11833333333334,0.4668451206268015,106.81995085872856,18.396960490943762,0.8,8.0,17.6,5.34361777305603,32.00442886352539,24.585365295410156,33.31135025024414,11.81948184967041,74.24050505050505,0.3565649604783462,82.49703430460785,6.861379098790991,0.3333333333333333,9.266666666666667,24.133333333333333,7.734740209579468,30.750972525278726,24.775728480021158,37.10699208577474,15.907938067118327,64.62215151515151
776,0.7367090193584621,143.6582587749001,15.31023763800448,1.0,5.0,14.0,4.822158336639404,28.472074508666992,24.481416702270508,30.620216369628906,10.538140296936035,80.81,1,0.509438257987145,114.76716742283925,28.518682770114154,1.0,7.0,15.333333333333334,4.025268475214641,31.33771260579427,25.31554412841797,31.697508494059246,11.960679372151693,84.25373737373737,0.40706716336137383,93.05524779155193,15.330800409119803,0.6666666666666666,8.666666666666666,18.833333333333332,6.045960386594136,32.77754910786947,24.522087732950848,33.92841466267904,12.532908280690512,74.0493792087542,0.35147656050404075,81.34619854392245,6.861379098790991,0.3333333333333333,9.466666666666667,23.733333333333334,8.124224106470743,33.16726195017497,24.339100901285807,38.01798629760742,16.034773063659667,66.5529015151515
777,0.1366112039293862,21.17473660905486,6.42875414437632,1.0,9.0,18.0,4.940970420837402,31.513837814331055,24.496068954467773,31.136512756347656,13.959035873413086,75.42666666666668,1,0.5341439639225144,119.98593087350014,22.9962006136797,1.0,7.0,15.25,4.368388593196869,31.716824531555176,25.244586944580078,32.65227127075195,11.258745670318604,80.87585858585858,0.4140276422410975,95.12829263027133,14.702955211694984,0.7142857142857143,8.571428571428571,18.857142857142858,5.846406902585711,33.47736522129604,24.70613615853446,34.70840399605887,12.645477431161064,73.06407106782106,0.37268060911999845,88.85028466778485,6.861379098790991,0.3333333333333333,9.333333333333334,23.533333333333335,8.19666641553243,35.703958638509114,24.314930470784507,39.2164919535319,16.273528734842937,68.51453114478115
778,0.6549945506735866,179.46850688456271,63.817056527961654,1.0,7.0,14.0,2.3126766681671143,34.027225494384766,26.969146728515625,33.33579635620117,11.384861946105957,96.52454545454545,1,0.4668451206268015,106.81995085872856,18.396960490943762,0.8,8.0,17.6,5.34361777305603,32.00442886352539,24.585365295410156,33.31135025024414,11.81948184967041,74.24050505050505,0.4063264590745928,95.30757861062273,12.865085810233111,0.625,8.875,20.125,5.862434476613998,33.85477876663208,24.449007749557495,35.478456020355225,12.878503918647766,72.45322127525253,0.3505835636479773,81.24321462346367,6.861379098790991,0.3333333333333333,9.8,23.8,8.315051539738972,37.98476969401042,24.452613576253256,40.46771341959636,16.612282371520998,68.74506986531986
779,0.6082610817286226,135.64222122548284,6.428754144376342,1.0,7.0,15.0,5.397748947143555,32.85416030883789,25.031715393066406,35.51655960083008,9.152944564819336,70.74222222222221,1,0.34113879216195625,82.93464559488231,15.334912963342864,0.6,9.4,19.8,6.290720796585083,33.63864402770996,24.530221939086914,34.59005432128906,12.931861877441406,72.69725505050505,0.3618601961182167,84.85202856678019,11.435631831318322,0.5555555555555556,9.555555555555555,22.11111111111111,6.44208820660909,34.36195331149631,24.130061467488606,36.152853647867836,13.542910363939074,71.00966891133558,0.34396647367446187,79.2396846431483,6.432542905116554,0.3125,9.8125,24.125,8.711411908268929,38.49878549575806,24.405976057052612,41.154375076293945,17.191457211971283,67.64350299873736
780,0.19764974744394997,54.156030799642295,0.0,0.0,12.0,27.0,9.244534492492676,33.15484619140625,21.94847869873047,35.94766616821289,14.062426567077637,47.69909090909091,1,0.40497465447996694,100.21301060558888,16.236338939896815,0.6,9.2,20.0,6.232343912124634,34.87112884521484,24.793093490600587,36.24041976928711,12.804233169555664,71.04236616161616,0.3613755171789781,84.3282246800882,10.29206864818649,0.5,9.5,22.7,6.762483477592468,35.073565292358396,24.23656177520752,36.831158828735354,14.091908931732178,70.62192424242423,0.353910921124859,77.71701474381288,6.054158028344992,0.29411764705882354,9.588235294117647,24.0,9.259134026134715,39.130158143885,24.52786658791935,41.8283161836512,17.863584686728085,67.52417929292928
781,0.10817737703423567,24.23173245566879,0.0,0.0,12.0,25.0,9.557673454284668,36.643150329589844,24.205699920654297,37.013736724853516,16.100040435791016,73.09375,1,0.3444593797270616,83.63182532329283,3.4729276343044844,0.4,10.0,23.0,6.964734077453613,35.36501846313477,23.92908592224121,37.74702453613281,13.42919864654541,65.37291161616162,0.3752266747766489,87.07689788353458,9.356426043805898,0.45454545454545453,9.545454545454545,22.636363636363637,6.825146696784279,35.69016577980735,24.37093023820357,37.60494128140536,14.432014725425027,70.76053719008264,0.3456790695389554,75.17103208302782,5.717815915659159,0.2777777777777778,9.444444444444445,24.11111111111111,9.836903638309902,39.619589275783966,24.519454426235622,42.30738936530219,18.41911194059584,67.3760767396184
782,0.4557905155194395,107.56656166258772,10.935884027146074,1.0,8.0,19.0,4.649085998535156,37.67626190185547,25.810426712036133,39.38833999633789,13.320892333984375,67.15222222222222,1,0.22403318187477858,56.744906721404234,2.187176805429216,0.2,11.6,27.6,8.101047897338868,36.47805633544922,23.23844108581543,38.95331954956055,15.37024211883545,63.11671717171718,0.30825312756224316,74.01705617672548,7.964586258532765,0.36363636363636365,10.090909090909092,23.818181818181817,7.487475546923551,36.84302017905495,24.189347353848543,39.03623476895419,15.333552100441672,69.37190082644628,0.3587378539823812,78.24645640191639,5.416878235887625,0.2631578947368421,9.263157894736842,23.57894736842105,10.470726377085635,40.127461885151114,24.606083317806846,42.68749518143503,19.109390710529528,67.56294989367358
783,0.35241817690905997,96.56258047308243,0.0,0.0,11.0,29.0,5.974627494812012,36.496673583984375,22.64910888671875,40.86882019042969,14.509689331054688,68.17727272727272,1,0.25590591373115473,61.83649850144783,2.187176805429216,0.2,11.0,27.8,8.181349182128907,38.14270172119141,23.887758255004883,40.35096740722656,16.364336013793945,67.00334343434344,0.2963912083384088,72.2018645046332,7.380154063589464,0.2727272727272727,10.636363636363637,25.0,8.357821009375833,37.94649470936168,24.067483728582207,40.488282290371984,16.191995447332207,68.24368112947658,0.34472763315683286,75.10768794091399,5.146034324093243,0.25,9.3,23.75,10.953452265262603,40.4353063583374,24.54053373336792,42.87979736328125,19.554239130020143,67.3406148989899
784,0.006130092467207697,1.2076282160399163,0.0,0.0,15.0,38.0,11.079318046569824,38.419349670410156,21.5784912109375,41.54803466796875,18.85816192626953,59.46125,1,0.3370180884749788,79.90287799391376,2.187176805429216,0.2,10.6,27.2,7.760170269012451,39.185305786132815,24.189541244506835,42.01677322387695,16.710942459106445,66.81392676767675,0.2976206398286246,70.22930188854266,1.578603470138404,0.18181818181818182,10.636363636363637,26.09090909090909,9.186023495414041,39.061644467440516,24.0600998618386,41.90491138805043,17.281554568897594,65.28458103764922,0.3386719130395888,73.61346754609126,4.900985070564993,0.23809523809523808,9.380952380952381,23.714285714285715,11.15951657295227,40.66534060523624,24.566904885428293,42.93711362566267,19.82055477868943,67.52028799903799
785,0.35701340672583065,79.61398969986024,0.0,0.0,9.0,28.0,9.646040916442871,41.47807312011719,25.195064544677734,42.93590545654297,19.032896041870117,67.13222222222221,1,0.24585998537109094,58.389565661396226,0.0,0.0,11.2,28.8,9.251908206939698,39.88074798583985,23.524256896972656,43.41199417114258,18.1377742767334,66.49048232323233,0.28383432718450935,67.15495416890495,0.9941712751951002,0.09090909090909091,10.818181818181818,26.90909090909091,9.75020170211792,40.264022480357774,24.164623260498047,43.3096923828125,18.559022990140047,64.33387396694214,0.34084815945634944,74.41402097004911,4.678213021902948,0.22727272727272727,9.181818181818182,23.318181818181817,11.553858594460921,41.037656263871625,24.734623908996582,43.08191646229137,20.292424852197822,67.57945672635445
786,0.5137382507533562,114.56362991799844,0.0,0.0,10.0,22.0,7.451778888702393,41.856170654296875,25.714614868164062,45.34276580810547,17.833072662353516,72.14666666666666,1,0.1766023684827205,39.31857520998771,0.0,0.0,12.0,29.2,10.959936809539794,41.311824798583984,23.625548934936525,44.660037231445315,19.916218948364257,65.45827777777777,0.2881125432415802,66.70319999970272,0.9941712751951002,0.09090909090909091,10.636363636363637,27.09090909090909,10.242227424274791,41.45076578313654,24.32443549416282,44.71938636086204,19.633264194835316,64.64486570247934,0.3513162986429526,76.81776899077975,4.474812455733255,0.21739130434782608,9.0,22.91304347826087,12.021139486976292,41.38148233164912,24.817822083182957,43.223120482071586,20.795500672381856,67.61358662714098
787,0.0,0.0,0.0,0.0,11.0,27.0,12.107775688171387,41.153472900390625,22.484004974365234,46.364444732666016,20.45505142211914,65.535,1,0.3090800094024711,70.63111318829307,0.0,0.0,10.4,26.8,11.028654003143311,42.88672943115235,24.68743553161621,46.13417358398438,20.81858901977539,66.36091666666667,0.32491660717766907,69.35070580868249,0.9941712751951002,0.09090909090909091,10.090909090909092,26.818181818181817,11.01177419315685,42.59521761807528,24.531018690629438,46.137353376908735,20.77122636274858,63.96497933884298,0.34387888831929986,75.23000082433326,4.288361936744369,0.20833333333333334,8.875,22.875,12.326096703608831,41.554405530293785,24.812983989715576,43.20086749394735,21.12492311000824,67.19218718434344
788,0.006130092467207697,1.2076282160399163,0.0,0.0,15.0,31.0,14.5147705078125,43.65205764770508,23.155569076538086,47.10903549194336,23.401912689208984,63.01625,1,0.32899965658597596,75.07319451021463,0.0,0.0,10.4,26.0,11.420187664031982,43.80717849731445,24.884717178344726,47.74082260131836,21.653029251098634,64.9913611111111,0.3021845232739559,62.47095718932742,0.0,0.0,10.0,27.454545454545453,12.37631065195257,43.528277310458094,24.400656960227273,47.14310732754794,22.093242992054332,63.75644398530762,0.3532382295381005,75.89600577485997,4.116827459274594,0.2,8.72,22.6,12.545546655654908,41.67734375,24.885926208496095,43.09252563476562,21.37518955230713,67.53312826839827
789,0.6685182970659606,157.77031810756668,0.0,0.0,7.0,26.0,11.422904014587402,46.29387283325195,26.887924194335938,48.91871643066406,23.370012283325195,63.974444444444444,1,0.2751940312496506,61.99781551429849,0.0,0.0,10.4,27.4,12.861195373535157,44.67774887084961,24.48307685852051,48.96312942504883,23.262230682373048,60.78602777777778,0.32412795936986377,65.83836752285725,0.0,0.0,9.545454545454545,26.09090909090909,13.822211395610463,44.68941324407404,24.720320094715465,47.93043275312944,23.640944740988992,64.00638888888889,0.3287688981022706,71.01950652876448,3.504417953754415,0.16,8.96,23.16,12.921711339950562,42.1765811920166,24.908141174316405,43.3584912109375,21.855622863769533,66.92244255411255
790,0.45661164264335485,101.82439630946813,0.0,0.0,9.0,24.0,11.60370922088623,46.080318450927734,26.181472778320312,50.96915054321289,23.205097198486328,60.28444444444444,1,0.37779844731589324,72.66867478518772,0.0,0.0,9.4,26.4,14.04417781829834,46.293478393554686,25.28189888000488,50.21251525878906,24.8947452545166,60.80202777777778,0.33071008164297333,67.13504561065983,0.0,0.0,9.090909090909092,25.09090909090909,14.644568313251842,45.40441339666193,24.876374678178266,48.38366040316495,24.472599029541016,64.33866161616162,0.34510481960075146,75.03399949761362,3.2472677879793626,0.12,8.88,23.16,13.191113348007201,42.47736587524414,24.99223960876465,43.478523101806644,22.170503387451173,67.57613144300144
791,0.24471012407172954,49.186734938417636,0.0,0.0,10.0,29.0,14.656817436218262,46.209022521972656,23.70641326904297,51.45429992675781,25.879079818725586,51.120000000000005,1,0.4177199473381705,78.80501451191616,0.0,0.0,7.8,25.4,15.073021125793456,47.15105056762695,25.526074600219726,50.88103485107422,25.786977767944336,61.17044444444444,0.31803227291287134,63.872779242457675,0.0,0.0,9.272727272727273,24.636363636363637,15.156819386915727,45.74877270785245,24.867216803810813,48.48798162286932,25.02841463955966,64.70061868686868,0.3302735482308848,70.0721188003611,0.6945855268608966,0.08,8.96,23.44,13.410925579071044,42.54751556396484,24.941584091186524,43.443235626220705,22.371567420959472,66.94494962481961
792,0.5130220803312132,53.35429635444618,0.0,0.0,6.0,22.0,18.022687911987305,49.232120513916016,26.47811508178711,52.61137390136719,28.617624282836914,65.61500000000001,1,0.40277548271778774,73.97176971878491,0.0,0.0,7.6,23.0,17.164347457885743,47.74610977172851,25.381570434570314,51.00317153930664,27.419857025146484,62.5608888888889,0.3064696441360501,61.75114405656364,0.0,0.0,8.818181818181818,24.0,16.282570492137562,46.3851467479359,25.098317579789594,48.55889164317738,26.152834978970613,64.39837626262626,0.32939066666695493,68.67941056463877,0.43743536108584297,0.04,8.92,23.4,13.474270114898681,42.586030883789064,24.951003341674806,43.19495162963867,22.773329582214355,67.05977502164502
793,0.20573759257859395,31.889326849682064,0.0,0.0,7.0,26.0,19.658987045288086,47.939918518066406,24.376447677612305,50.45163345336914,27.863075256347656,64.85833333333333,1,0.3271598416833993,56.701107893264954,0.0,0.0,7.8,23.6,18.868654441833495,47.78691635131836,24.804294204711915,50.116049194335936,28.38010940551758,63.127250000000004,0.359343767840434,73.54207364264124,0.0,0.0,8.272727272727273,22.818181818181817,17.20925625887784,47.09352701360529,25.476879119873047,48.555724750865586,27.189936551180754,64.65559848484848,0.3370041869243379,70.00505911755981,0.43743536108584297,0.04,8.76,23.16,13.524991512298584,42.66054260253906,24.983326568603516,43.02073310852051,23.09353744506836,67.84776694083693
794,0.5937959739640468,133.60409414191054,0.0,0.0,6.0,14.0,21.879535675048828,49.269168853759766,26.165403366088867,49.52939987182617,31.534408569335938,70.92666666666666,1,0.3217293190079952,55.60957283550873,0.0,0.0,8.0,22.4,18.993451499938963,47.5983169555664,25.081877136230467,48.641876983642575,28.2336669921875,67.126,0.3744972549684411,76.95150134991617,0.0,0.0,7.454545454545454,22.0,17.647923729636453,47.26439805464311,25.617437189275567,48.153907775878906,27.671729868108574,64.15412121212121,0.33267709184296845,69.03578981933305,0.43743536108584297,0.04,8.84,23.24,13.568743000030517,42.52611801147461,24.824480895996093,42.866437911987305,23.15715705871582,67.07006694083694
795,0.07853343747141266,15.471087181868294,0.0,0.0,10.0,27.0,20.125244140625,46.28435134887695,23.29509162902832,46.533538818359375,28.006359100341797,63.116249999999994,1,0.296434769783417,63.183842139252306,0.0,0.0,7.8,21.0,19.355922126770018,47.52314987182617,25.43759880065918,47.34415740966797,28.550481414794923,67.7674,0.36625581148874614,70.96148375718295,0.0,0.0,7.2727272727272725,21.09090909090909,18.228782046924938,47.11294243552468,25.59458403153853,47.3878718289462,28.0364182212136,65.22150937950938,0.33239267684080387,68.77124861701746,0.3062047527600896,0.04,8.84,23.16,13.577981910705567,42.21406318664551,24.60463493347168,42.489802780151365,23.33372512817383,67.68940027417028
796,0.2175575106947091,43.72905964963653,0.0,0.0,11.0,23.0,15.280802726745605,45.26602554321289,25.094327926635742,44.083438873291016,25.146867752075195,71.11375,1,0.37161032341734285,82.74602185868665,0.0,0.0,7.4,18.6,19.884388542175294,47.72429733276367,25.89194564819336,46.519752502441406,29.350500106811523,68.46862222222221,0.3361070924723244,63.68160933109609,0.0,0.0,7.454545454545454,21.454545454545453,18.467197158119895,46.64682353626598,25.490522037852894,46.14243594082919,27.97677057439631,65.69954689754691,0.3358727810924409,68.33622750705405,0.3062047527600896,0.04,8.68,22.84,13.797418670654297,41.98092948913574,24.411872634887697,42.10848777770996,23.64681495666504,67.45595936507937
797,0.38654933420832244,91.22564287316409,0.0,0.0,5.0,15.0,19.835041046142578,48.856285095214844,28.256723403930664,46.12277603149414,30.201696395874023,68.822,1,0.28741481879959074,63.76746962951737,0.0,0.0,7.4,20.2,19.376503944396973,46.97679138183594,25.59920654296875,45.15168228149414,28.783946228027343,65.7832888888889,0.3634070122286586,70.25891168490207,0.0,0.0,7.181818181818182,20.454545454545453,18.196215629577637,45.99449920654297,25.753441723910246,44.56816413185813,27.608767769553445,69.39490043290044,0.34631405277506633,70.67100638844539,0.3062047527600896,0.04,8.36,22.24,13.915877151489259,41.62365089416504,24.12275215148926,41.7966349029541,23.734056015014648,67.19159825396827
798,0.581615360748223,129.70022544685372,0.0,0.0,5.0,14.0,22.301319122314453,48.945655822753906,26.648181915283203,46.32960891723633,31.863168716430664,68.36444444444444,1,0.3872806150631713,79.04927711064394,0.0,0.0,6.4,18.0,18.91392421722412,46.64549331665039,26.26749610900879,43.94343872070313,28.658991241455077,68.30318174603175,0.34260616551008655,70.44683833024783,0.0,0.0,7.454545454545454,20.363636363636363,17.267606041648172,44.771667133678086,25.682954788208008,42.73564009232955,26.499116724187676,70.77035497835497,0.34165706676130836,69.75760466069596,0.3062047527600896,0.04,8.4,22.36,14.201175956726074,41.267240829467774,23.625567970275878,41.53973762512207,23.98948112487793,66.16306492063492
799,0.17281845087528638,38.71133299606415,0.0,0.0,6.0,22.0,19.340112686157227,45.531639099121094,24.70170783996582,42.689048767089844,28.70163917541504,57.500000000000014,1,0.36876425961677267,74.65262070521915,0.0,0.0,6.4,19.0,18.703018760681154,45.78289031982422,26.255988693237306,42.58062210083008,28.139412307739256,67.18900317460319,0.3771926609693395,76.7136736468608,0.0,0.0,7.363636363636363,19.272727272727273,16.11509470506148,43.487769386985086,25.763931967995383,40.813624295321375,25.711291573264383,71.56622077922079,0.32639466523920957,66.23777229409116,0.3062047527600896,0.04,8.48,22.76,14.542017345428468,40.9929500579834,23.232342681884766,41.194030380249025,24.208880920410156,65.00824825396825
800,0.5778624187893154,91.88012458750116,0.0,0.0,5.0,16.0,17.812345504760742,44.62786102294922,26.636539459228516,40.4923210144043,27.38158416748047,75.71571428571428,1,0.4004562410533894,80.71490429664303,0.0,0.0,6.8,19.6,17.07121467590332,43.81832427978516,25.924349975585937,40.183528900146484,26.465282821655272,71.77838095238096,0.35848282277974663,72.5039600542024,0.0,0.0,7.545454545454546,19.90909090909091,15.081734137101607,42.19217577847567,25.454037059437145,39.18297004699707,24.85067471590909,71.24551370851371,0.3274345529533249,66.51126276290347,0.3062047527600896,0.04,8.56,22.92,14.388249835968018,40.68518821716309,22.971493110656738,40.81165550231933,24.144346923828124,64.08018158730158
801,0.12497573346271591,21.74577762251257,0.0,0.0,11.0,28.0,14.226275444030762,40.95301055908203,25.03679084777832,37.26935577392578,22.548973083496094,65.54285714285716,1,0.34097572218912886,65.85915709792218,0.0,0.0,7.6,21.0,14.172547340393066,41.185386657714844,25.7352653503418,37.408329010009766,23.374941635131837,74.25449206349208,0.35134341937325453,71.09749758312346,0.0,0.0,7.909090909090909,19.90909090909091,14.220481092279607,41.010192524303086,25.175806739113547,37.966862591830164,23.912872141057793,70.38505916305917,0.32718934925463655,66.46295763426187,0.3062047527600896,0.04,8.48,23.2,14.37042444229126,40.28520408630371,22.5460005569458,40.50925712585449,24.11348258972168,63.07463158730158
802,0.5450092413914059,121.53706083028354,0.0,0.0,7.0,18.0,11.676020622253418,39.03345489501953,26.598529815673828,34.13731002807617,21.8310489654541,91.76888888888888,1,0.423649840540147,78.2817935651943,0.0,0.0,7.6,19.4,11.700797271728515,38.8424674987793,25.84836311340332,34.73241119384765,21.47401351928711,77.47706349206348,0.37235456753421947,76.2996768517654,0.6959198926365698,0.09090909090909091,7.636363636363637,19.363636363636363,13.274958913976496,39.61099850047719,24.741256713867188,36.6840464852073,23.239074533635918,71.43249603174604,0.30126341510892796,60.366436714771744,0.3062047527600896,0.04,8.68,23.68,14.598184871673585,39.920067977905276,22.01998203277588,40.20515205383301,24.20035789489746,62.20682047619048
803,0.28421276642692045,55.421489453249485,0.0,0.0,9.0,21.0,7.807982444763184,35.780967712402344,25.7027587890625,32.453609466552734,16.411462783813477,80.745,1,0.3856749075579888,77.36521757222769,0.0,0.0,8.2,20.4,10.240842056274413,36.920423126220705,25.072367095947264,32.95238761901855,20.411221313476563,75.81369841269841,0.37716106289709794,75.79616865638658,0.6959198926365698,0.09090909090909091,7.818181818181818,19.90909090909091,12.513641227375377,37.95754814147949,23.793377442793414,35.33978913047097,22.52409622885964,70.84333694083693,0.2838137471401236,56.507752667205565,0.3062047527600896,0.04,8.84,24.36,14.749019947052002,39.61098030090332,21.645883445739745,39.83321876525879,24.158287200927735,61.31274269841269
804,0.5861890426303767,100.8245153324248,0.0,0.0,6.0,14.0,6.981362342834473,33.81704330444336,25.267196655273438,29.309459686279297,19.196998596191406,73.61285714285714,1,0.3606797608654456,73.01606204772519,0.0,0.0,8.8,20.2,9.525879096984863,35.386328125,24.11192054748535,32.129787826538085,19.439532852172853,73.43537698412698,0.3485743832411542,69.42133909311113,0.6959198926365698,0.09090909090909091,8.0,20.727272727272727,11.762683131478049,36.188614411787555,22.675404461947355,34.19634402881969,21.540098016912285,69.43313492063493,0.27471921589986986,54.67975188791456,0.3062047527600896,0.04,8.96,24.84,14.588312168121337,39.22939765930176,21.310777740478514,39.480033493041994,23.93988494873047,60.8546926984127
805,0.38798775387852463,87.29724462266805,0.0,0.0,8.0,21.0,10.512569427490234,35.01763916015625,22.756559371948242,31.59220314025879,22.067623138427734,67.39888888888889,1,0.3414139406802292,68.89925620260804,1.5310237638004494,0.2,9.0,20.0,8.166686725616454,33.55461540222168,22.855070114135742,31.29681816101074,18.620341873168947,71.60871031746032,0.3547353201053903,71.06384941220753,0.6959198926365698,0.09090909090909091,8.363636363636363,21.545454545454547,11.529810255224055,35.01008553938432,21.590291023254395,33.63492809642445,21.241632981733844,67.97121572871573,0.25460743786328877,52.6376286984869,0.3062047527600896,0.04,9.28,25.72,14.492399272918702,38.81242454528809,20.800841484069824,39.19491828918457,23.820282135009766,59.982492698412706
806,0.0,0.0,0.0,0.0,14.0,27.0,10.651460647583008,33.282535552978516,20.23455810546875,33.15635681152344,17.69053077697754,53.65125,1,0.37245554403484216,74.95236885675757,1.5310237638004494,0.2,8.6,20.0,8.897199535369873,32.532088088989255,21.28052864074707,31.0732852935791,19.80543632507324,67.92796031746032,0.31421857409735127,65.12636724542361,0.6959198926365698,0.09090909090909091,9.0,23.0,11.36258008263328,34.13472557067871,20.61278585954146,33.29017933932218,20.872222380204633,65.02217352092352,0.25396415801336136,52.84136927587681,0.3062047527600896,0.04,9.44,26.0,14.391734828948975,38.57351432800293,20.509303092956543,39.040835037231446,23.781423721313477,59.35115936507937
807,0.4486801404653238,100.95303160469786,7.65511881900224,1.0,8.0,17.0,4.880058765411377,29.87489128112793,20.31427764892578,29.972461700439453,17.73509407043457,82.63555555555556,1,0.3086501124153352,66.70288584043736,1.5310237638004494,0.2,8.8,21.8,10.309083080291748,31.666156387329103,19.097185134887695,31.961735916137695,20.173874282836913,63.77583333333333,0.3052205249510027,63.77104761795045,0.6959198926365698,0.09090909090909091,9.181818181818182,23.272727272727273,10.82051758332686,33.45349069075151,19.787874481894754,33.247971794822,20.53519769148393,62.91221681096681,0.2310365183040785,47.582922232125405,0.3062047527600896,0.04,9.56,26.92,14.313805675506591,38.29063926696777,20.10866916656494,38.891896133422854,23.660645141601563,58.2551926984127
808,0.4394207831999853,85.68705272399713,0.0,0.0,7.0,21.0,11.460546493530273,30.668331146240234,17.83005142211914,31.33594512939453,22.33693504333496,62.341249999999995,1,0.2791703129160069,60.59922621712864,1.5310237638004494,0.2,9.2,23.8,11.562271404266358,31.176192855834962,17.0989652633667,32.945989990234374,20.844054412841796,58.579833333333326,0.2556742302790567,52.7222239061065,0.6959198926365698,0.09090909090909091,9.727272727272727,25.09090909090909,11.038073496385055,32.964308825406164,18.507849519903008,33.739950526844375,20.607857270674273,58.01299963924964,0.23811948263066335,49.7655374450216,0.3062047527600896,0.04,9.56,27.08,14.320790691375732,38.13606208801269,19.73323657989502,38.95673606872558,23.749226531982423,57.797633607503606
809,0.26716188453284195,59.577100250823754,0.0,0.0,7.0,23.0,14.040780067443848,29.487384796142578,14.350479125976562,33.751712799072266,21.039188385009766,52.85222222222222,1,0.3056059554561842,65.91279036770428,1.5310237638004494,0.2,8.8,24.8,12.626541996002198,31.51946601867676,16.228850173950196,33.65473556518555,21.969561767578124,56.50483333333333,0.2316885190969045,48.17093351220324,0.6959198926365698,0.09090909090909091,10.0,26.636363636363637,11.88434006951072,33.09017268094149,17.42009518363259,34.54563054171476,21.437896555120293,54.51610569985571,0.229417182202875,48.016375059036136,0.3062047527600896,0.04,9.64,27.36,14.5330393409729,37.96094413757324,19.153221206665037,39.12823371887207,24.048427505493166,56.63958360750361
810,0.2405887563818831,56.77894650612441,0.0,0.0,10.0,31.0,16.77851104736328,32.56782150268555,12.765460014343262,36.51347351074219,25.41852378845215,41.41888888888889,1,0.22106936593369575,47.089636390826286,0.0,0.0,9.8,27.6,13.303247833251953,32.23637313842774,15.358547782897949,35.02125778198242,22.190883255004884,48.44438888888889,0.18025041916898346,39.492095311102226,0.6959198926365698,0.09090909090909091,10.636363636363637,29.09090909090909,12.647360411557285,33.50254388289018,16.652987133372914,35.669390418312766,21.706653941761363,51.27243686868687,0.2139552088345421,44.36734934410958,0.3062047527600896,0.04,9.88,28.52,14.303025493621826,37.56225273132324,18.37739658355713,39.22544212341309,23.96785202026367,55.48305360750361
811,0.13217821270088637,26.56782075287816,0.0,0.0,12.0,32.0,15.972813606262207,34.9989013671875,15.88398265838623,36.7000846862793,23.31806755065918,43.276250000000005,1,0.13318520929369868,29.952225846026863,0.0,0.0,11.0,31.0,13.824965667724609,32.83319778442383,14.29618854522705,36.663883972167966,22.249557113647462,43.55163888888889,0.14655579091324358,31.872956295963544,0.6959198926365698,0.09090909090909091,11.090909090909092,30.90909090909091,12.658865278417414,33.65270909396085,15.977733612060547,36.67234178022905,21.556781248612836,48.75151515151515,0.19232018987847282,39.60792393586052,0.3062047527600896,0.04,10.16,29.4,14.065653591156005,37.203366928100586,17.633818588256837,39.41185432434082,24.006525497436524,54.27057582972583
812,0.02599719285288179,6.83726172030791,0.0,0.0,13.0,31.0,8.263587951660156,33.45942687988281,15.96276569366455,36.80507278442383,18.84170150756836,42.333333333333336,1,0.08382682107177943,19.108264819924827,0.0,0.0,12.0,34.0,14.440192604064942,34.368814849853514,14.173584938049316,38.17675933837891,23.150098419189455,41.43702777777777,0.14748557540566967,32.08215780675941,0.6959198926365698,0.09090909090909091,11.090909090909092,32.45454545454545,13.11099299517545,34.155005194924094,15.386383663524281,37.79299059781161,22.278328808871183,47.85685606060606,0.19761431448305833,40.18346471530782,0.3062047527600896,0.04,10.32,29.64,14.214323635101318,37.11759819030762,17.086657180786133,39.82525871276855,24.295234069824218,54.099318686868685
813,0.0,0.0,0.0,0.0,13.0,38.0,14.069135665893555,33.6524543762207,12.518255233764648,39.549076080322266,22.63030433654785,37.8775,1,0.03978305848005193,8.823934542762666,0.0,0.0,12.6,36.0,14.159407615661621,35.525875854492185,14.986294555664063,39.208228302001956,22.497059631347657,40.73975,0.1239378895752228,26.2666859594623,0.0,0.0,11.363636363636363,33.90909090909091,14.225749102505771,35.25430263172496,15.093084595420144,39.30454427545721,23.11073979464444,44.80589646464646,0.19237782782328391,39.95871567952483,0.3062047527600896,0.04,10.4,29.96,14.418885402679443,37.1512996673584,16.58151653289795,40.36665596008301,24.639835662841797,53.828790115440114
814,0.020369943423245638,5.357295120313602,0.0,0.0,12.0,38.0,17.116914749145508,37.165470123291016,13.73746109008789,41.31608963012695,25.541894912719727,42.27916666666666,1,0.016816784552951825,4.207713483415545,0.0,0.0,12.8,37.8,13.092669486999512,35.85998687744141,14.875252151489258,40.39314498901367,21.91725082397461,40.01825,0.08586372575994917,18.67176462529215,0.0,0.0,11.545454545454545,35.36363636363637,14.995818224820225,36.30239001187411,14.940312212163752,40.61999719793146,23.67237697948109,43.095555555555556,0.19834731207060594,41.55680013143621,0.3062047527600896,0.04,10.24,29.6,14.809965915679932,37.362587966918944,16.181864547729493,40.984798965454104,25.206795043945313,54.13480916305916
815,0.020369943423245638,5.357295120313602,0.0,0.0,13.0,41.0,15.37458610534668,38.353126525878906,16.829008102416992,41.67081832885742,22.153329849243164,37.932500000000005,1,0.013662871865712823,3.3005044631048674,0.0,0.0,13.0,40.4,14.564925003051759,36.92966003417969,14.428640747070313,42.12882919311524,23.274421310424806,40.31358333333334,0.08481333131478483,19.622616193787564,0.0,0.0,11.818181818181818,36.09090909090909,15.564826358448375,37.47807520086115,14.900202924554998,41.929344870827414,24.507077477195047,42.9887419651056,0.2014389886206522,42.24624400209654,0.3062047527600896,0.04,10.2,29.64,15.362704982757569,37.63385627746582,15.767700424194336,41.6296509552002,25.729379806518555,52.86636471861471
816,0.017346843065385836,3.4867154561425533,0.0,0.0,13.0,41.0,10.63912296295166,36.669456481933594,15.328770637512207,42.62466812133789,20.419023513793945,39.66875,1,0.051593991131794525,10.6970727199908,0.0,0.0,12.6,39.4,15.179573059082031,38.59260177612305,15.342587280273438,43.53892440795899,24.12668342590332,42.55308333333333,0.06294162618915909,14.460893784139891,0.0,0.0,12.090909090909092,36.0,15.911054351113059,38.23446204445579,14.702792341058904,43.00729092684659,25.162383686412465,43.05634297520662,0.19377660950287845,40.77431686336647,0.3062047527600896,0.04,10.4,30.12,15.951496448516846,37.929495620727536,15.334344024658202,42.201559677124024,26.32559226989746,51.643514718614725
817,0.01022762941668677,2.3012166187545233,0.0,0.0,14.0,44.0,15.624865531921387,38.80779266357422,13.729708671569824,45.48349380493164,25.627553939819336,43.81,1,0.051640998693540476,10.054197305553167,0.0,0.0,12.0,39.2,15.742451477050782,39.59896621704102,15.825006103515625,44.43689193725586,24.721293258666993,42.80275,0.05092542503453305,12.045637352060057,0.0,0.0,12.0,37.09090909090909,15.739407192577016,38.58810736916282,14.064349174499512,44.0848274230957,25.605042024092242,42.75020661157025,0.18354742162136578,39.29248239804405,0.3062047527600896,0.04,10.4,30.28,16.678087673187257,38.328134841918946,15.019373245239258,42.82584617614746,26.944145584106444,50.78180043290044
818,0.18965559633040852,36.98284128442966,0.0,0.0,11.0,33.0,17.142375946044922,41.9671630859375,17.087987899780273,46.599552154541016,26.89161491394043,49.075,1,0.09868851913609818,22.990031782345117,0.0,0.0,11.4,37.2,16.72750816345215,40.41232528686523,15.241059875488281,45.73363571166992,26.334806060791017,45.55170454545455,0.05226566994304302,12.398121762998176,0.0,0.0,11.909090909090908,37.54545454545455,16.47608297521418,39.180296811190516,13.34580065987327,45.374358437278055,26.876706036654387,42.36103994490358,0.17886490453550416,37.935480247785364,0.3062047527600896,0.04,10.44,30.4,17.14198896408081,38.60781639099121,14.848292083740235,43.225418395996094,27.272083892822266,50.48924487734488
819,0.02060498123197539,2.142918048125441,0.0,0.0,9.0,37.0,19.931306838989258,42.19729232788086,16.149555206298828,45.80592727661133,28.514944076538086,43.5275,1,0.09521915052302099,22.292688691116606,0.0,0.0,11.4,35.0,18.71708736419678,41.25604934692383,14.294094467163086,46.882878112792966,28.776379776000976,46.05045454545455,0.08000853957849058,17.225381079566052,0.0,0.0,11.636363636363637,36.63636363636363,17.293149167841133,40.06529374556108,13.209838607094504,46.59936592795632,28.084801413796164,43.75568280204644,0.20316521586440572,42.67404095692116,0.3062047527600896,0.04,10.04,29.8,17.693411388397216,38.98311470031738,14.83050308227539,43.534886779785154,27.947839584350586,50.77599487734487
820,0.2556075456360341,70.03646750427335,0.0,0.0,10.0,31.0,20.299869537353516,42.419921875,13.909276962280273,48.154537200927734,30.22089385986328,51.67727272727273,1,0.09317362463968364,21.8324453673657,0.0,0.0,10.8,35.0,18.409053230285643,41.272290802001955,13.320374298095704,47.49677658081055,29.288330841064454,45.27020454545455,0.11878856765773693,24.580299586167214,0.0,0.0,11.181818181818182,35.36363636363637,17.821283253756437,40.82028718428178,13.2344351681796,47.75492616133256,29.035231330178,46.180531286894926,0.20190165588034717,43.207238596601144,0.0,0.0,10.08,29.84,18.49263454437256,39.43771041870117,14.690065002441406,44.004112548828125,28.632672576904298,49.82300901875901
821,0.0,0.0,0.0,0.0,13.0,30.0,20.587018966674805,40.88807678222656,10.59394359588623,48.370880126953125,32.62689208984375,42.1625,1,0.06339048274290018,16.57879515860521,0.0,0.0,11.0,35.6,18.25398235321045,40.87356033325195,11.514523124694824,48.37484893798828,30.47600898742676,43.06570454545455,0.14186519458705696,29.702171749802098,0.0,0.0,10.636363636363637,33.36363636363637,18.60571072318337,41.536840959028765,13.072297269647772,48.75966366854581,30.3597429448908,49.38606158992523,0.19028753614923277,40.978261518615156,0.0,0.0,10.28,30.0,18.863870735168458,39.71651077270508,14.548520469665528,44.32879852294922,28.907544860839845,49.89075901875902
822,0.0,0.0,0.0,0.0,11.0,44.0,14.084694862365723,38.888999938964844,8.86110782623291,48.55298614501953,28.18730926513672,39.90875,1,0.12030379969448975,26.770182045429447,0.0,0.0,11.2,33.8,18.879093742370607,41.111585998535155,10.489146614074707,49.818495178222655,31.956890869140626,45.00391883116883,0.1968610411395276,42.00093921713383,0.0,0.0,10.0,31.363636363636363,19.956199299205434,42.368268793279476,13.155538732355291,49.45365836403587,31.67580153725364,51.23960956972321,0.20660397629401447,42.78062941512699,0.0,0.0,10.16,29.72,19.2099308013916,39.99415954589844,14.57224494934082,44.4954328918457,29.38243911743164,49.91667012987013
823,0.040739886846491276,10.714590240627205,0.0,0.0,12.0,36.0,16.367021560668945,39.9735107421875,8.058732032775879,50.98991394042969,32.83000564575195,38.0525,1,0.15857234102627402,30.01516828316006,0.0,0.0,10.6,32.4,19.404397773742676,41.72168121337891,10.508895874023438,50.993038177490234,33.112036895751956,48.45896428571429,0.20435428287279028,43.48476597770141,0.0,0.0,10.0,30.363636363636363,20.58373598618941,42.76501048694957,13.25909692590887,49.56891597401012,32.193003394386984,51.818132296995934,0.21477748005506034,43.944302980032,0.0,0.0,9.96,29.08,19.541767120361328,40.22271499633789,14.60487934112549,44.69297576904297,29.794215316772462,50.58381457431457
824,0.3051715659899231,53.099852482246625,0.0,0.0,10.0,28.0,23.05686378479004,43.387420654296875,11.022672653198242,53.0241584777832,35.91935348510742,53.21857142857143,1,0.2134149089554272,42.35474606721952,0.0,0.0,9.4,30.2,20.087651634216307,42.79110946655273,11.39920539855957,51.86344833374024,33.93125,54.66513095238095,0.2171546237148041,45.92074892451364,0.0,0.0,9.545454545454545,29.0,21.31135116923939,42.93008873679421,13.286818677728826,49.41592233831232,32.899295806884766,52.090405024268655,0.21254788425957125,43.68572125331656,0.0,0.0,9.96,29.08,19.87764392852783,40.29405288696289,14.380459175109863,44.903926391601566,30.108758544921876,50.588497907647906
825,0.44695025229495555,86.26139869292642,0.0,0.0,7.0,24.0,22.926389694213867,45.47039794921875,14.008023262023926,54.027252197265625,35.99662399291992,68.9525,1,0.33787513998393987,70.10937758657785,0.0,0.0,8.4,25.2,22.36961212158203,44.17634201049805,12.875869178771973,52.20457305908203,35.27292175292969,58.694936507936504,0.23991097330571406,50.577955544338685,0.0,0.0,9.545454545454545,27.818181818181817,21.509423429315742,42.913032878528945,13.498634598471902,49.03188428011808,33.05849005959251,53.59563229699593,0.22050344477973938,45.14835229372095,0.0,0.0,9.76,28.88,20.407559394836426,40.30275711059571,14.026765670776367,45.08636413574219,30.61438903808594,50.76876457431458
826,0.27421283964576587,61.697888920297316,0.0,0.0,7.0,19.0,24.00328826904297,46.2352180480957,15.045491218566895,52.722930908203125,36.722957611083984,73.19333333333333,1,0.34825782031115693,71.69112173545197,0.0,0.0,8.8,24.6,23.601761627197266,44.81603012084961,14.237892532348633,51.35685577392578,34.970275497436525,61.119186507936504,0.27190190399539627,54.98046011016793,0.0,0.0,9.0,26.09090909090909,21.8855281309648,42.935312097722836,14.033230608159846,48.37175057151101,33.455174532803625,54.42678932178933,0.23118194787054713,47.0064118315215,0.0,0.0,9.64,28.6,20.55473636627197,40.19131698608398,13.773118953704834,45.10310104370117,30.746562423706056,50.907607431457436
827,0.6223011551425633,138.77315759679163,0.0,0.0,6.0,19.0,25.494497299194336,45.815162658691406,16.244426727294922,50.258609771728516,34.895668029785156,60.05777777777777,1,0.3533153762316843,73.82688197887549,0.0,0.0,8.0,22.6,24.0196174621582,44.89515075683594,15.511943435668945,49.735348510742185,34.71857109069824,60.88947222222222,0.3098192804375653,65.36982125532224,0.0,0.0,8.636363636363637,25.0,22.274038921702992,42.967285503040664,14.597719886086203,47.76558928056197,33.657813332297586,55.94028105732651,0.23417046051725326,47.52615893075069,0.0,0.0,9.64,28.4,20.5234956741333,39.926609649658204,13.343651180267335,45.151015625,30.88896125793457,51.03194076479077
828,0.0926532884825763,18.623310984997836,0.0,0.0,14.0,33.0,22.527769088745117,43.17195129394531,14.86884880065918,46.75132751464844,31.316774368286133,50.17375,1,0.31811029111909017,67.2490404135304,0.0,0.0,8.4,22.6,23.85635986328125,44.203006744384766,16.406244850158693,47.24619979858399,33.572462463378905,59.11597222222222,0.3233708977032131,68.09369632571745,0.0,0.0,8.727272727272727,23.272727272727273,22.879198594526812,42.85358914462003,15.091386274857955,46.938326402144,33.75067086653276,58.13357651187196,0.23605331248804495,47.91614066046776,0.0,0.0,9.56,28.0,20.462538833618165,39.51836418151856,12.876404209136963,45.18823196411133,31.058915481567382,51.434080764790764
829,0.33045934559256024,63.77865369936413,0.0,0.0,6.0,18.0,25.146142959594727,43.783023834228516,17.392927169799805,44.916622161865234,34.660831451416016,52.07,1,0.38476927983444476,78.60226617514995,0.0,0.0,7.8,21.2,23.94310646057129,43.48896179199219,17.355113220214843,44.88022689819336,33.14475555419922,56.64130555555555,0.381037534185567,76.6320333641713,0.0,0.0,8.0,21.454545454545453,23.45422224564986,42.53132490678267,15.717282555320047,45.74993168223988,33.75808351690119,59.53789469369014,0.23535943876542953,47.77667204222206,0.0,0.0,9.48,28.08,20.49448444366455,39.26655944824219,12.50091386795044,45.31577407836914,31.27529884338379,51.520130764790764
830,0.2709248267319848,53.37219086620101,0.0,0.0,9.0,24.0,22.1101016998291,42.00967788696289,18.479530334472656,41.58150863647461,30.266080856323242,60.085,1,0.34372727697870387,73.70422917513109,0.0,0.0,8.4,21.0,23.816334533691407,42.57388610839844,17.466893005371094,43.16912612915039,33.13680572509766,56.39193181818182,0.3937425145872131,79.61120910476248,0.0,0.0,7.545454545454546,20.272727272727273,23.637636358087715,42.067169189453125,15.949886842207475,44.697921406139024,33.73931763388894,59.98143365472911,0.23661602767985157,47.97445414932147,0.0,0.0,9.36,27.68,20.189925689697265,38.851939315795896,12.294986171722412,45.35235610961914,31.33441017150879,51.5849879076479
831,0.6075077832225388,118.46401772839508,0.0,0.0,4.0,12.0,24.437021255493164,42.66499328613281,19.789833068847656,40.89306640625,34.58442306518555,60.82,1,0.35501017726661377,75.97209213300098,0.0,0.0,8.0,19.4,23.45907096862793,41.46716384887695,17.35141086578369,41.70947952270508,32.71519927978515,59.16418181818183,0.36005961145254967,73.59683445858664,0.0,0.0,8.0,21.0,23.768849459561434,41.27734652432528,15.610382773659445,43.60215759277344,33.301592566750266,57.657873048668506,0.23146025055074074,46.88158152707704,0.0,0.0,9.28,27.56,19.963006019592285,38.25880004882813,11.934958171844482,45.28991119384766,31.493022689819338,51.74918790764791
832,0.417091140863859,114.28297259669736,0.0,0.0,9.0,18.0,24.860637664794922,41.239784240722656,16.803325653076172,41.70310592651367,34.855918884277344,58.8109090909091,1,0.42393288577857857,84.14362092585208,0.0,0.0,7.6,19.0,22.968298721313477,39.996279907226565,16.861543655395508,40.309669494628906,32.36534194946289,59.45018181818182,0.3555753720172152,71.93366616859758,0.0,0.0,8.090909090909092,21.636363636363637,23.542320945046164,40.13569329001687,14.889922488819469,42.569710818204015,32.82518404180353,55.262115472910935,0.25095739618750434,51.368167404511624,0.0,0.0,9.2,26.88,19.665480537414552,37.5119775390625,11.69966329574585,45.125176696777345,31.46111145019531,52.586532352092355
833,0.14906778992212583,29.96262577434729,0.0,0.0,12.0,25.0,20.741451263427734,37.63833999633789,14.291438102722168,39.453094482421875,29.208742141723633,64.035,1,0.4587331905137876,90.64333987836181,0.0,0.0,6.8,17.2,23.561162185668945,39.25068588256836,15.88190155029297,40.28377685546875,33.454711532592775,59.052681818181824,0.3232718649379089,63.540787154799595,0.0,0.0,8.454545454545455,22.727272727272727,22.838144822554156,38.77671952681108,13.97470981424505,41.6341552734375,32.0105450370095,53.56127853207399,0.2614115225690705,51.771865076426856,0.0,0.0,8.92,26.4,19.369390754699708,36.743480072021484,11.660047779083252,44.938188018798826,31.538113861083986,52.755308109668114
834,0.6750728881523845,104.6362976636196,0.0,0.0,4.0,16.0,22.69228172302246,36.42860412597656,14.943591117858887,37.917572021484375,32.91154479980469,53.5,1,0.35251929743201144,70.97119184968123,0.0,0.0,8.4,21.2,23.547704696655273,38.0741569519043,13.978630638122558,40.49993362426758,32.77415657043457,55.56734848484848,0.32349272594775635,63.51602911989464,0.0,0.0,8.272727272727273,22.727272727272727,22.275247400457207,37.62906820123846,12.895793264562434,41.248939514160156,31.80918970975009,53.12616489571035,0.26340154139714084,52.24946959516374,0.0,0.0,8.84,26.52,18.918094444274903,36.04824333190918,11.795615863800048,44.81173812866211,31.429739837646483,53.873717200577204
835,0.4449263504080294,85.87078562874967,0.0,0.0,5.0,15.0,25.074419021606445,38.281707763671875,13.581319808959961,41.45204544067383,35.712928771972656,58.0975,1,0.31407831043065687,56.795204876425274,0.0,0.0,8.2,22.8,22.87787208557129,36.56160659790039,12.042051124572755,40.432515716552736,32.09946556091309,53.17316666666667,0.29958198932052704,59.09131863479249,0.0,0.0,8.727272727272727,23.90909090909091,21.248385776172984,36.20761056379838,11.782602960413152,41.038449027321555,31.05840370871804,52.754892168437635,0.27157255818228654,53.891843968978016,0.09661025728319345,0.04,8.76,25.8,18.586638298034668,35.37350524902344,11.985801677703858,44.57953033447266,31.30830696105957,54.8265172005772
836,0.07643831781365834,20.103277584992142,0.0,0.0,12.0,32.0,24.369733810424805,36.7823486328125,10.273478507995605,41.97385025024414,31.18164825439453,43.39333333333334,1,0.3376572679002705,60.09297741055857,0.0,0.0,7.8,24.0,22.279293823242188,35.20722885131836,10.419180965423584,40.535396575927734,31.444644927978516,48.63588095238096,0.2749524596176193,54.239301283319676,0.0,0.0,8.909090909090908,25.636363636363637,20.278173186562277,35.14985240589488,10.642783121629195,41.4231501492587,30.654997045343574,51.09443762298308,0.28839599000006955,57.81817480018059,0.09661025728319345,0.04,8.52,25.2,18.248916854858397,34.542074584960936,12.2423224067688,44.0986262512207,30.956691665649416,56.28815053391053
837,0.22488620585708602,43.4030377304176,0.0,0.0,8.0,26.0,21.511474609375,33.677032470703125,7.120428085327148,41.36601638793945,31.482463836669922,46.84,1,0.22165924218797334,42.835912398043334,0.0,0.0,9.4,27.4,21.008016967773436,34.03106536865234,8.030616092681885,41.45467300415039,30.6827091217041,47.013380952380956,0.22351014771350108,44.128551425850986,0.0,0.0,9.545454545454545,27.636363636363637,18.784889134493742,33.85687932101163,9.62384523044933,41.923602711070664,29.975080143321644,49.695476584022046,0.2810782450892052,56.63778042253612,0.09661025728319345,0.04,8.52,25.0,17.59591829299927,33.65263526916504,12.32976842880249,43.52039108276367,30.361730270385742,56.69155767676768
838,0.266962577270194,46.45148844501376,0.0,0.0,10.0,31.0,17.748559951782227,30.866451263427734,6.177087306976318,39.967498779296875,25.93463897705078,41.34857142857144,1,0.14616222064497503,28.683122944941495,0.0,0.0,10.6,30.6,18.763266181945802,32.00412178039551,6.343918895721435,41.68450927734375,28.820560455322266,44.991080952380955,0.1911165138261173,34.61746534690753,0.0,0.0,9.545454545454545,28.727272727272727,17.567502455277875,32.57496088201349,8.831478162245316,42.22681392322887,29.611535505814985,49.18357575757575,0.2856962729973144,57.5290598088012,0.09661025728319345,0.04,8.44,24.56,17.072903690338133,32.69672721862793,12.283909549713135,42.78974517822266,29.71425003051758,56.89745767676767
839,0.09508275959089868,18.350972601043445,0.0,0.0,12.0,33.0,16.33589744567871,30.547786712646484,3.0007667541503906,42.513954162597656,29.101865768432617,45.3875,1,0.13087455708224338,24.662467427943067,0.0,0.0,10.4,32.8,16.176872062683106,30.72251968383789,5.477525615692139,42.45238342285156,27.74995231628418,44.67641428571429,0.22374977130147541,42.28518709323865,0.0,0.0,9.090909090909092,28.272727272727273,16.817658684470437,31.29208720814098,8.465636816891758,42.42994759299538,29.47593740983443,49.22231313131313,0.28604781846738414,56.81575340565386,0.09661025728319345,0.04,8.4,24.72,16.44840410232544,31.79578727722168,12.229901103973388,42.14337783813477,28.894616317749023,55.64572434343434
840,0.06744124269303786,15.106838363240481,0.0,0.0,11.0,31.0,13.850665092468262,28.146989822387695,5.147833824157715,42.601226806640625,26.402185440063477,47.986000000000004,1,0.09422578636627385,17.43101374110745,0.0,0.0,11.0,34.4,13.476756477355957,29.675571060180665,5.769743251800537,43.4587890625,26.874526977539062,44.3947,0.2093759364853667,40.0572426967418,0.0,0.0,9.0,28.545454545454547,15.927235343239524,30.090167305686258,8.281572992151434,42.93560652299361,29.4063382582231,49.44019191919192,0.26719324356070634,52.454208947690056,0.09661025728319345,0.04,8.48,25.24,15.804214420318603,31.06365051269531,12.079284496307373,41.67641860961914,28.17559631347656,54.735463232323234
841,0.0,0.0,0.0,0.0,11.0,43.0,11.437763214111328,30.374338150024414,5.941512107849121,45.8132209777832,25.8286075592041,41.82,1,0.05298550453276252,10.072921197768562,0.0,0.0,10.8,34.2,12.220921325683594,28.93001708984375,6.15178337097168,44.472975158691405,27.858984756469727,46.76098571428572,0.17345085651206932,33.33627245489382,0.0,0.0,9.545454545454545,30.181818181818183,14.493616450916637,28.747026443481445,8.318102619864725,43.27720538052645,28.879484870217063,50.53339439853076,0.2733471812469666,53.61226986882388,0.35376042305824595,0.08,8.28,24.8,15.103060092926025,30.4553263092041,11.994843730926513,41.470072479248046,27.63155448913574,54.58671323232323
842,0.0416423522772385,7.245769296239498,0.0,0.0,11.0,34.0,8.010896682739258,28.442289352416992,8.58151626586914,46.39804458618164,27.105337142944336,45.43142857142857,1,0.13557567704479578,29.2642396743578,0.0,0.0,9.8,31.6,11.452375793457032,27.5258056640625,7.6050666809082035,44.30769729614258,27.582044219970705,50.57570793650793,0.18507241122252244,35.241370796745194,0.21956876655271496,0.09090909090909091,9.272727272727273,29.636363636363637,12.805303486910733,27.405044555664062,8.621945771304043,43.34756365689364,28.331288424405184,52.38206864095502,0.2603485938897386,51.10398208181182,0.35376042305824595,0.08,8.52,25.2,14.499153232574463,29.794294967651368,11.685053234100343,41.35301940917969,27.1133797454834,54.197013232323236
843,0.0607611681026373,9.66102572831933,0.0,0.0,9.0,30.0,11.46938419342041,27.138681411743164,8.087287902832031,45.038429260253906,30.8569278717041,53.18,1,0.2254795695412259,42.268653862140546,0.0,0.0,8.2,29.2,11.261767768859864,26.537904739379883,9.159277725219727,44.48341598510742,28.730797958374023,52.15784126984126,0.20656690908015699,41.19317291404283,0.21956876655271496,0.09090909090909091,9.090909090909092,29.181818181818183,11.570077202536844,26.08783652565696,9.290247787128795,43.12949960882013,27.654666553844105,54.90509894398531,0.2558408983181135,50.46280865661019,0.35376042305824595,0.08,8.72,25.52,14.115538539886474,29.261793975830077,11.252490482330323,41.32207580566406,26.77805992126465,53.79312434343435
844,0.5080336221510651,114.30756498398964,0.0,0.0,7.0,20.0,12.493169784545898,23.526729583740234,10.267183303833008,41.687564849853516,27.7171630859375,64.46111111111111,1,0.23542966368157758,44.65667645582494,0.0,0.0,8.2,27.2,10.835137367248535,25.16446876525879,10.767604446411132,44.36269836425781,29.548584747314454,57.818386724386734,0.19340921507544068,39.11485515005382,0.21956876655271496,0.09090909090909091,9.090909090909092,28.454545454545453,10.568562637675893,25.204653479836203,9.929496505043723,43.00229783491655,27.210182883522727,56.90102426866063,0.23154058698921198,45.724247947474396,0.35376042305824595,0.08,9.04,26.92,13.756864833831788,28.848197479248046,10.713081359863281,41.40060089111328,26.430510025024414,52.78118148629149
845,0.5169607051751886,80.12890930215423,0.0,0.0,3.0,19.0,12.897624969482422,23.20748519897461,12.918889045715332,43.479820251464844,32.14595413208008,55.89666666666667,1,0.2679562771518584,51.41939446564847,0.4830512864159687,0.2,7.8,25.6,10.392616271972656,23.880120468139648,11.77445182800293,43.63264770507813,29.15781478881836,61.47785101010102,0.23589268693060328,47.314165218100214,0.21956876655271496,0.09090909090909091,8.454545454545455,26.636363636363637,9.979028745131059,24.388736204667524,10.8259314623746,42.38840241865678,26.365433086048473,59.51125154138791,0.2148569413546576,41.1529290436065,0.35376042305824595,0.08,9.32,27.84,13.479437160491944,28.58050521850586,10.332407264709472,41.437362060546874,26.09110046386719,52.071595122655125
846,0.0497504707017582,11.940112968421968,0.0,0.0,11.0,33.0,9.304611206054688,23.507158279418945,13.983145713806152,45.209632873535156,29.91754150390625,70.12272727272727,1,0.3480691799895441,71.26176152412293,0.4830512864159687,0.2,7.2,23.8,9.683536529541016,22.289933013916016,13.051344299316407,42.41842422485352,27.794353866577147,65.76051767676768,0.2554890718128279,49.92856435249777,0.21956876655271496,0.09090909090909091,8.0,25.90909090909091,9.482677242972635,23.985529812899504,11.602972030639648,41.83954065496271,25.440881208939985,58.95797881411518,0.20889422975777258,39.954424012632614,0.35376042305824595,0.08,9.4,28.24,13.50247625350952,28.56063201904297,10.028222045898438,41.67806640625,26.170653762817384,51.04185226551227
847,0.20427541962864257,41.05935934535716,2.415256432079836,1.0,9.0,26.0,5.798291206359863,22.02054786682129,13.615753173828125,42.7477912902832,25.151487350463867,63.728750000000005,1,0.270908044202994,53.11824713555194,0.4830512864159687,0.2,7.8,24.4,8.531282520294189,21.81487464904785,13.63967227935791,41.7945671081543,26.459984970092773,65.52904545454547,0.2692105974924294,52.631704911379295,0.21956876655271496,0.09090909090909091,7.7272727272727275,24.90909090909091,9.296494700691916,23.725293939763848,12.19729016043923,41.182395935058594,24.63102306019176,58.54718335956972,0.1985621605132715,40.336783987244665,0.35376042305824595,0.08,9.68,28.8,13.590110988616944,28.663218841552734,9.79226188659668,41.99301391601563,26.243645858764648,51.55763408369408
848,0.46132568229106613,108.8728610206916,0.0,0.0,6.0,21.0,7.923985481262207,19.187744140625,14.471750259399414,38.96731185913086,24.039623260498047,74.59333333333333,1,0.2799960931674938,58.80114194503183,0.4830512864159687,0.2,8.2,23.2,7.921962451934815,21.487916946411133,13.628204727172852,40.250823974609375,23.992717742919922,69.16971212121213,0.2878341773435063,56.29798352202508,0.8040009614960162,0.18181818181818182,7.545454545454546,23.818181818181817,9.022677811709316,23.681799108331855,12.5769550150091,40.745544086803086,23.777422298084606,58.64023530762167,0.18741047568430902,37.931984786135274,0.35376042305824595,0.08,9.76,29.04,13.544407634735107,28.64519790649414,9.539298973083497,42.200518951416015,26.274111709594727,51.55960075036075
849,0.12222794321831447,23.589993041134694,0.0,0.0,10.0,23.0,6.731899738311768,21.151437759399414,13.208823204040527,38.56827926635742,21.045318603515625,63.30375000000001,1,0.32664629430664377,65.18616511967019,0.4830512864159687,0.2,7.2,21.2,7.739199924468994,21.528829193115236,13.57063159942627,38.521646881103514,21.255632400512695,63.525166666666664,0.2828099494852538,55.517113821638105,0.8040009614960162,0.18181818181818182,7.818181818181818,23.636363636363637,8.893503926017068,23.692577188665215,12.718852910128506,40.468441009521484,22.945561842484906,57.653644398530766,0.19868163702765443,39.8932916355227,0.35376042305824595,0.08,9.56,28.8,13.43106351852417,28.58744827270508,9.295663871765136,42.38591903686523,26.354108810424805,52.30146741702742
850,0.5624009499976875,108.5433833495537,0.0,0.0,5.0,13.0,9.851024627685547,21.572696685791016,12.861551284790039,35.761104583740234,19.80961799621582,74.1,1,0.31597856687603876,62.92120248013809,0.0,0.0,7.0,22.4,8.45749273300171,22.627068328857423,13.34328327178955,37.68901443481445,19.609368515014648,58.239666666666665,0.25100984178437136,48.52032202638091,0.8040009614960162,0.18181818181818182,8.454545454545455,24.727272727272727,8.895918889479203,24.162615689364348,12.482332749800248,40.388473163951524,22.415191130204633,56.337886822773186,0.21715650924462582,44.64016575280213,0.35376042305824595,0.08,9.44,28.4,13.505404109954833,28.75673065185547,9.296905727386475,42.73013366699219,26.63842155456543,53.30982297258297
851,0.28300147639750795,43.86522884161373,0.0,0.0,6.0,23.0,8.390798568725586,23.711719512939453,13.695280075073242,36.56374740600586,16.232114791870117,41.9,1,0.2730137765456423,50.6615970786684,1.2857508288752642,0.2,7.6,22.6,7.8724778175354,24.38228874206543,13.000499153137207,38.2140869140625,18.344589614868163,52.612,0.2040134140411724,41.23587572618507,0.8040009614960162,0.18181818181818182,9.272727272727273,27.272727272727273,9.129787401719527,24.99148802323775,11.88103420084173,40.33177982677113,21.846983996304598,54.48559245047882,0.2195178647243411,45.32487863625357,0.35376042305824595,0.08,9.48,28.2,13.666588878631591,29.120616455078125,9.350819435119629,43.19983062744141,27.069271926879882,53.79838011544011
852,0.15093678247561762,29.734546147696673,0.0,0.0,8.0,32.0,9.389755249023438,27.511743545532227,12.479011535644531,38.58462905883789,16.920167922973633,37.301249999999996,1,0.2496671202343514,46.15789027525401,1.2857508288752642,0.2,8.0,23.6,8.53579216003418,25.603449249267577,12.288367462158202,38.89849014282227,18.476818466186522,48.41674999999999,0.19949064397737618,40.15041091087399,0.8040009614960162,0.18181818181818182,9.727272727272727,28.0,9.91345418583263,25.995153427124023,11.272245797243984,40.09655276211825,21.52454202825373,51.844549062049055,0.2173012191501006,45.025585889986196,0.35376042305824595,0.08,9.48,28.28,13.607012805938721,29.391840515136717,9.445198726654052,43.5307421875,27.2411376953125,53.545316479076476
853,0.2465017306390838,47.57483401334317,6.428754144376313,1.0,9.0,22.0,4.998910903930664,27.96384620666504,12.757829666137695,41.592674255371094,17.715728759765625,46.455,1,0.1688334177230855,31.917784652575357,1.2857508288752642,0.2,9.8,27.4,9.06953411102295,27.028340530395507,11.249149513244628,39.90785293579101,18.891511917114258,43.59430555555555,0.1809201512838632,36.41774187947788,0.5844321949433038,0.09090909090909091,10.181818181818182,28.818181818181817,11.32428485696966,27.36978634920987,10.642341657118363,40.34409020163796,22.074186325073242,49.5320652958153,0.22635873250138672,45.64384931359337,0.35376042305824595,0.08,9.44,28.04,13.866232585906982,29.816510848999023,9.578750133514404,43.970916290283206,27.685851058959962,54.00327647907648
854,0.0054946616618601046,1.0714590240627204,0.0,0.0,12.0,28.0,10.048471450805664,27.257240295410156,9.648164749145508,41.99029541015625,21.706462860107422,42.3275,1,0.1122331224435839,23.14473888425261,1.2857508288752642,0.2,11.0,32.2,10.485410118103028,28.751012802124023,9.771014499664307,41.166342163085936,20.824224090576173,42.31859126984127,0.17686973989738972,36.90159969840783,0.5844321949433038,0.09090909090909091,10.636363636363637,29.636363636363637,12.866027095101096,29.17028912630948,10.148963191292502,40.964449102228336,23.04661577398127,48.78672094319822,0.24976886925660874,51.16864158782577,0.35376042305824595,0.08,9.24,27.08,14.135073223114013,30.06767868041992,9.721830005645751,44.267214660644534,28.187587127685546,55.396209812409815
855,0.1582324374413578,37.34285523616044,0.0,0.0,14.0,32.0,12.519734382629395,28.697153091430664,7.665461540222168,40.807918548583984,21.883085250854492,49.98777777777778,1,0.08204576594846039,17.197829654713274,1.2857508288752642,0.2,12.6,34.0,12.192448234558105,30.15815963745117,8.732506847381591,41.97384338378906,22.714326477050783,43.07259126984127,0.18086122048517636,37.09803720385149,0.5844321949433038,0.09090909090909091,10.363636363636363,29.454545454545453,14.429657589305531,30.686629728837445,9.607910806482488,41.69821201671254,24.449275450272992,48.31789518562246,0.2740485989858063,54.90035150812069,0.35376042305824595,0.08,9.04,26.48,14.484686107635499,30.25818778991699,9.718090724945068,44.41039505004883,28.58131675720215,56.381952669552675
856,0.0,0.0,0.0,0.0,12.0,47.0,15.470178604125977,32.32508087158203,6.304605007171631,42.85619354248047,25.895675659179688,35.521428571428565,1,0.03274541982064362,7.682862852044643,0.0,0.0,13.6,36.6,15.45615177154541,31.99369239807129,7.5183024406433105,42.74944915771484,25.41069564819336,41.43987698412699,0.16229907515786784,33.515543155680945,0.5844321949433038,0.09090909090909091,10.545454545454545,30.636363636363637,15.49193997816606,31.93807619268244,8.818915323777633,42.6843709078702,25.664907975630328,47.21244064016791,0.29528641777452375,59.081885722962745,0.35376042305824595,0.08,8.84,26.08,14.614768772125244,30.448229904174806,9.83681131362915,44.64635269165039,28.844093017578125,57.365402669552665
857,0.0,0.0,0.0,0.0,16.0,41.0,17.924945831298828,34.54747772216797,7.286473274230957,42.622135162353516,26.37067985534668,41.071250000000006,1,0.11500071889624311,30.307630453016294,0.0,0.0,13.4,37.0,18.423087501525877,34.340899276733396,7.397586917877197,43.50964202880859,28.01667251586914,46.25328607503607,0.1990042146927645,44.26187604848002,0.5844321949433038,0.09090909090909091,10.454545454545455,30.0,16.853684598749336,33.22874641418457,8.224023905667392,43.90324679287997,27.69746867093173,49.95324872097599,0.2820829229761591,55.897563890700354,0.35376042305824595,0.08,8.96,26.44,14.579516658782959,30.81098564147949,9.83539587020874,45.041052703857424,29.147700805664062,57.207608225108224
858,0.0,0.0,0.0,0.0,14.0,35.0,21.317428588867188,37.141510009765625,6.686807632446289,45.470703125,31.197574615478516,38.29142857142857,1,0.11658107734476508,27.9892205259872,0.0,0.0,12.0,34.8,20.705507659912108,36.16770553588867,7.315944004058838,44.67599258422852,30.934970474243165,47.88506385281385,0.21491873121889693,47.33776371971665,0.5844321949433038,0.09090909090909091,10.727272727272727,29.454545454545453,17.979904955083672,34.36073303222656,7.773652857000178,45.09645531394265,29.496171431107953,51.43154417552145,0.26346890391132016,53.051614709351526,0.35376042305824595,0.08,9.28,27.16,14.456541843414307,31.22206169128418,9.687617740631104,45.358331756591795,29.134770431518554,57.20562727272728
859,0.41677115703985756,114.19529702892098,0.0,0.0,11.0,30.0,24.883150100708008,38.9932746887207,9.044587135314941,45.791259765625,34.73634719848633,66.39454545454545,1,0.18822454762422386,41.81641028992275,0.0,0.0,11.0,30.6,21.918698120117188,36.77041091918945,6.891543197631836,45.42652435302735,32.392150497436525,53.16877813852814,0.19611553936397003,44.000838258899925,0.0,0.0,11.0,30.636363636363637,18.875139930031516,35.2120550329035,7.101145527579567,45.93227976018732,30.921878814697266,50.759354092876826,0.26147888508324985,52.57401019061464,0.35376042305824595,0.08,9.28,27.56,14.622180080413818,31.7287841796875,9.435143795013428,45.63395385742187,29.216347961425782,56.378775324675324
860,0.16613422968396763,25.75080560101498,0.0,0.0,7.0,21.0,23.931835174560547,37.83118438720703,7.257246971130371,46.639671325683594,36.47457504272461,58.146666666666675,1,0.32557614988049804,74.23138842240346,0.0,0.0,8.8,25.6,23.00770683288574,37.44273376464844,6.864543437957764,46.8963737487793,34.8360710144043,59.36430591630592,0.22233230434700005,46.68192597975056,0.0,0.0,10.818181818181818,30.363636363636363,19.80992976101962,36.258101203224875,6.9955504590814765,46.98821466619318,32.35947487571023,52.31458136560409,0.2612349618870466,52.16033532308643,0.2571501657750525,0.04,9.36,27.56,15.040558795928956,32.42486701965332,9.322634029388428,46.155216674804684,29.71904151916504,56.18395865800866
861,0.3582173513972939,69.13594881967772,0.0,0.0,7.0,26.0,21.536130905151367,35.33860778808594,4.182600975036621,46.60885238647461,33.181575775146484,61.94,1,0.39077544273311293,86.94525052866337,0.0,0.0,8.2,23.8,23.09985694885254,38.00715103149414,7.032167911529541,48.14421768188477,35.93773574829102,62.418520202020204,0.2611523935687448,55.843467036082345,0.0,0.0,10.090909090909092,29.181818181818183,20.322570193897594,36.981408552689985,7.164009310982444,48.116647546941586,33.85846796902743,54.73781368883642,0.26252973243439953,52.209179800354796,0.2571501657750525,0.04,9.4,27.6,15.334268970489502,33.35153968811035,9.30725622177124,46.95109512329102,30.318677444458007,56.01409199134199
862,0.686758011281371,162.07489066240356,0.0,0.0,5.0,16.0,23.3699893951416,37.90909194946289,7.151474475860596,49.97138214111328,38.59028244018555,72.0488888888889,1,0.315354535372119,66.27992191175102,0.0,0.0,8.4,24.8,21.092526054382326,37.674173736572264,6.29530029296875,49.143314361572266,35.67016830444336,56.951792929292935,0.32011926588757916,64.98333224550167,0.0,0.0,9.545454545454545,26.636363636363637,20.43902839313854,37.06140275435014,7.362502878362482,48.76404398137873,34.863277261907406,57.879047455070186,0.2789589045736937,56.01955871927939,0.2571501657750525,0.04,9.28,27.44,15.81277473449707,34.2838102722168,9.340608882904053,47.77792022705078,31.076269149780273,56.59469754689755
863,0.3259964642630745,63.56931053129953,0.0,0.0,11.0,26.0,21.778179168701172,39.96359634399414,7.524930000305176,51.709922790527344,36.70589828491211,53.5625,1,0.34090350473036357,67.24244558223198,0.0,0.0,9.0,25.6,20.372390937805175,37.860686492919925,6.541174697875976,50.536495971679685,35.87925720214844,57.20945959595959,0.3739107784167222,75.36509416362627,0.0,0.0,8.454545454545455,24.727272727272727,20.14780157262629,36.81978971307928,7.705123727971857,49.51997444846413,35.86833676424894,61.21495654597928,0.2592390233922688,52.1608746717132,0.2571501657750525,0.04,9.6,28.28,16.147425537109374,35.09927749633789,9.268495044708253,48.57854339599609,31.680333251953126,55.74526897546898
864,0.03966662023488776,10.868653944359247,0.0,0.0,12.0,35.0,14.846495628356934,37.32838821411133,5.360249042510986,50.7867431640625,33.39850997924805,39.060909090909085,1,0.38631071822701485,81.03921718945841,0.0,0.0,8.8,24.2,19.696920585632324,38.12367172241211,7.608356285095215,51.85886154174805,36.91734390258789,60.15012626262626,0.39008771043417206,78.51959590702899,0.0,0.0,8.090909090909092,24.181818181818183,19.265477787364613,36.40652725913308,8.027395508506082,50.07309826937589,36.241953416304156,63.23539485766759,0.24847419570006501,50.50287577533184,0.2571501657750525,0.04,9.88,28.6,16.37412269592285,35.81975219726562,9.237608165740967,49.37760452270508,32.4091756439209,55.845040404040404
865,0.2938790764751904,30.563423953419804,0.0,0.0,10.0,25.0,20.331159591674805,38.76374816894531,8.486618995666504,53.6055793762207,37.52001953125,59.435,1,0.3786862350721763,68.73194251770022,0.0,0.0,9.0,24.8,18.373166465759276,37.182856750488284,7.875668239593506,51.8600959777832,36.589002990722655,59.75534848484849,0.3568912623900227,68.95458524698466,0.0,0.0,8.090909090909092,24.818181818181817,17.896396376869895,35.905719236894086,8.043745387684215,50.58405616066673,35.97707592357289,62.27654007608553,0.26820510247393947,55.39483115462818,0.2571501657750525,0.04,9.88,28.0,16.714197311401367,36.540564346313474,9.384709606170654,50.23054656982422,33.27978729248047,56.43752373737374
866,0.5852534188805504,138.11980685580988,0.0,0.0,6.0,19.0,18.15877914428711,36.653533935546875,9.518508911132812,53.220680236816406,38.37200927734375,76.64333333333333,1,0.431828269783676,78.85795663131444,0.0,0.0,7.6,23.6,16.961820793151855,35.56808433532715,8.581742763519287,51.70558547973633,36.733090209960935,64.5960984848485,0.34178815060057116,66.61360291961967,0.0,0.0,8.454545454545455,26.818181818181817,16.943099282004617,35.755177064375445,8.081386306069113,51.08046653053977,35.56638544256037,61.48606388560934,0.28291589583873994,59.29056136542032,0.0,0.0,9.84,28.12,17.335479278564453,37.26681945800781,9.485308208465575,50.91017303466797,34.07455749511719,56.92150151515152
867,0.6486355955071781,100.53851730361261,0.0,0.0,6.0,19.0,16.751218795776367,33.20501708984375,8.48803424835205,49.97755432128906,36.948577880859375,70.075,1,0.45948419617508823,83.62412967792861,0.0,0.0,7.2,22.4,16.31489505767822,34.621531295776364,9.55605239868164,51.859249877929685,37.11485977172852,68.88716666666667,0.3272390586302317,63.12101554120822,0.0,0.0,8.818181818181818,26.818181818181817,16.463247299194336,36.12645079872825,8.68324158408425,51.914149197665125,35.97886276245117,61.205912370457824,0.2826961093722655,59.247703004457804,0.0,0.0,9.88,28.4,17.63250373840332,37.916561126708984,9.640405559539795,51.44642135620117,34.51049835205078,57.022801515151514
868,0.5917066378205732,114.19938109937063,0.0,0.0,4.0,20.0,14.721450805664062,31.889734268188477,11.055302619934082,50.93737030029297,37.426334381103516,77.76625,1,0.41103042659089306,79.3074808409313,0.0,0.0,7.4,24.8,14.213314056396484,33.56565895080566,9.703615760803222,51.42049331665039,35.975394821166994,68.16959523809524,0.30968787087509714,58.395477567571604,0.0,0.0,9.0,27.363636363636363,15.726588249206543,36.53058433532715,9.313771638003262,52.72259382768111,36.01888448541815,61.05116489571035,0.28882865797407214,60.69498447448417,0.0,0.0,9.68,28.12,17.716802368164064,38.495102615356444,9.949656581878662,52.06586227416992,34.95625373840332,57.49591262626262
869,0.17794625219194868,34.69951917742999,0.0,0.0,10.0,29.0,11.61186695098877,32.59562301635742,10.231797218322754,51.5550651550293,35.30735778808594,60.51625,1,0.29397974281478295,51.68351946976933,0.0,0.0,8.4,29.6,13.27067165374756,33.46999626159668,9.334173393249511,51.19639434814453,34.692388916015624,62.731214285714294,0.3285024874603331,63.420946247839765,0.0,0.0,8.636363636363637,26.727272727272727,15.446257764642889,36.939184882424094,9.906290704553777,53.40704692493785,36.31699475375089,63.25629115833661,0.3105927895864036,64.9389901388888,0.0,0.0,9.44,26.84,17.723923149108888,39.02458137512207,10.428070678710938,52.64299560546875,35.25943916320801,58.670305483405485
870,0.05161022855421467,8.980179768433352,0.0,0.0,11.0,37.0,9.823254585266113,33.4843864440918,9.224435806274414,51.41179656982422,31.822694778442383,55.847142857142856,1,0.20388809165805943,37.719313540477174,0.0,0.0,9.4,31.0,13.171979713439942,34.71351661682129,9.797168350219726,52.35675582885742,34.846438598632815,60.48788095238094,0.3312058783900764,63.53073063111612,0.0,0.0,8.727272727272727,26.636363636363637,15.752694043246182,37.36018388921564,10.424332185225053,53.86067789251154,36.45451389659535,64.51114357864357,0.31513249847781377,66.13293357732968,0.0,0.0,9.16,26.44,17.582529373168946,39.402769546508786,10.791447639465332,53.104129486083984,35.43621765136719,58.84108881673882
871,0.0,0.0,0.0,0.0,11.0,43.0,13.44556713104248,36.17522048950195,7.671297073364258,52.10018539428711,31.956979751586914,49.45142857142857,1,0.184285753288923,36.89823191108319,0.0,0.0,10.0,31.4,13.281037521362304,36.80648193359375,10.403568840026855,53.94213638305664,35.167276000976564,59.00396428571429,0.30575148817346026,60.97180631099431,0.0,0.0,9.0,27.181818181818183,15.182427493008701,37.629260149869054,10.82764937660911,54.12746845592152,36.17570981112394,63.14380591630592,0.31513249847781377,66.13293357732968,0.0,0.0,9.12,26.44,17.18186580657959,39.54182731628418,11.113564491271973,53.36955657958984,35.29783134460449,58.86283167388167
872,0.19817733972356028,30.717487657151842,0.0,0.0,11.0,26.0,16.25775909423828,39.4226188659668,10.803009033203125,55.779361724853516,37.71882629394531,58.85833333333333,1,0.25528795219066713,53.728221278447066,0.0,0.0,9.4,29.4,14.697572898864745,39.17899780273437,11.165737342834472,55.478904724121094,36.10282669067383,62.46449206349206,0.31111112753181747,62.236681199566604,0.0,0.0,9.181818181818182,27.0,15.158140355890447,38.43639772588556,11.431107434359463,54.73542300137606,36.20420525290749,60.913805916305925,0.31281717129246467,65.49853392854402,0.0,0.0,9.04,26.0,16.540867385864257,39.6856209564209,11.487143173217774,53.713423309326174,35.07198631286621,58.44374076479076
873,0.4936949459748911,110.09397295240072,0.0,0.0,7.0,22.0,15.266739845275879,42.35456085205078,14.087305068969727,58.86427307128906,39.030521392822266,70.34666666666668,1,0.2588466905722371,54.347441756840226,0.0,0.0,9.8,28.8,16.376380920410156,40.87399597167969,11.532591247558594,56.35188217163086,36.72053184509277,61.867920634920644,0.3079871247365373,66.27573319770605,0.0,0.0,9.363636363636363,27.545454545454547,15.501753200184215,39.6105074449019,12.047903841192072,55.51776677911932,36.2620603388006,59.86648268398269,0.32204338063546456,68.03960687383412,0.0,0.0,9.12,26.12,16.050528526306152,39.92633186340332,11.979773750305176,53.985542907714844,34.741584854125975,58.533251875901875
874,0.5329572467006696,118.84946601424932,0.0,0.0,7.0,19.0,18.694543838500977,44.45820236206055,14.04263973236084,59.23890686035156,39.985111236572266,77.81888888888889,1,0.26162284739071967,54.8304930432562,0.0,0.0,10.2,26.4,16.49891300201416,41.98366928100586,12.582953453063965,57.23990020751953,37.21977081298828,60.85649206349207,0.25419561220739423,55.89397127958145,0.0,0.0,10.181818181818182,28.90909090909091,15.751992485739969,40.66605723987926,12.272476196289062,55.92314251986417,35.82375578446822,56.87500541125541,0.3077146865795728,65.274168921047,0.0,0.0,9.36,26.56,15.552097511291503,40.12810661315918,12.500582656860352,54.110327606201174,34.38571617126465,57.739751875901874
875,0.06940392046206416,12.076282160399163,0.0,0.0,13.0,34.0,18.217294692993164,41.95937728881836,11.05870532989502,55.77668380737305,34.91122055053711,52.864285714285714,1,0.3508292698105035,79.09368163784684,0.0,0.0,9.6,24.6,16.82568531036377,43.2055549621582,13.653661155700684,58.06566390991211,37.4130973815918,59.507492063492066,0.2663410576887192,59.42355062588958,0.0,0.0,10.090909090909092,28.545454545454547,16.026113683527168,41.626517902721055,12.742016185413707,56.3539494601163,35.61644779552113,56.9931240981241,0.2865705246718433,60.06273116179944,0.09661025728319317,0.04,9.64,26.88,14.847822761535644,40.17851295471191,12.952941188812256,54.12197235107422,33.783571853637696,56.70489632034632
876,0.013880784092412831,2.4152564320798326,0.0,0.0,13.0,31.0,14.0582275390625,41.72358703613281,12.923108100891113,56.54027557373047,34.45317459106445,44.394285714285715,1,0.37494459356734444,86.06850490399601,0.0,0.0,9.8,25.2,17.878529357910157,43.95868759155273,13.890759086608886,58.00947647094726,37.12398986816406,57.14904761904761,0.3111131542118165,68.25263806604254,0.0,0.0,9.636363636363637,26.545454545454547,16.555654005570844,42.7244873046875,13.563881787386807,56.8878340287642,35.76668565923517,57.81440656565656,0.29456665193477327,61.62197597807081,0.09661025728319317,0.04,9.48,26.72,14.327653274536132,40.267310256958005,13.5325364112854,54.141707305908206,33.31570137023926,56.83124632034632
877,0.6442094518224794,152.03343063010513,0.0,0.0,8.0,17.0,17.891620635986328,45.532047271728516,16.15654754638672,59.908180236816406,38.68545913696289,52.11333333333333,1,0.26835314422721046,62.29861170114615,0.0,0.0,11.0,28.4,17.63443717956543,43.76720352172852,13.787350845336913,57.24099578857422,35.64796447753906,50.55726984126984,0.32143067441956696,70.96614588068088,0.0,0.0,9.454545454545455,25.454545454545453,16.6415207602761,43.43602926080877,14.354754534634678,57.07422464544123,35.66060950539329,57.4407160894661,0.29464116390687034,61.40152162510897,0.09661025728319317,0.04,9.44,26.4,14.09117733001709,40.44071754455567,14.189754867553711,54.09246047973633,32.890681762695316,57.175769956709956
878,0.6142715647590957,144.96808928314658,0.0,0.0,8.0,25.0,20.530960083007812,46.12022399902344,15.272794723510742,58.583335876464844,37.584983825683594,58.55444444444444,1,0.31678159063210226,74.5883336664302,0.0,0.0,10.2,26.6,16.916418266296386,44.00746612548828,14.65495719909668,57.34444732666016,35.271114349365234,52.34752380952381,0.303414552626516,68.17364700275799,0.0,0.0,9.636363636363637,26.272727272727273,16.190891699357465,43.54469611428001,14.712638161399148,56.74031725796786,34.753254110162906,55.62041305916306,0.307710305834585,66.03752064383863,0.8976786848367482,0.08,9.44,26.28,13.430838241577149,40.41243339538574,14.674040336608886,53.8308154296875,32.10173149108887,56.89699217893218
879,0.0,0.0,0.0,0.0,13.0,35.0,17.474082946777344,43.50078201293945,13.525598526000977,55.39650344848633,32.604984283447266,44.86,1,0.42282609187527687,95.32531070203738,0.0,0.0,8.8,23.4,17.234412384033202,44.77515869140625,15.72332706451416,57.4932975769043,35.07554168701172,56.444916666666664,0.29115937366571953,67.10467726247424,0.0,0.0,9.818181818181818,26.0,15.608296220952814,43.56592837246981,15.103251717307351,56.33337679776278,33.849590474909,54.308649973763615,0.28475371877888583,60.603891859210336,0.8976786848367482,0.08,9.72,27.08,13.042416229248047,40.42574363708496,14.997876930236817,53.50902313232422,31.397716369628906,55.51800884559885
880,0.3115461524865231,73.52489198681945,0.0,0.0,9.0,25.0,14.62720012664795,43.16069030761719,15.396737098693848,56.293941497802734,33.02696990966797,61.81555555555556,1,0.3166827459678319,70.88834176822076,0.0,0.0,9.0,26.2,16.534108543395995,44.46918563842773,15.766197013854981,56.34175796508789,33.49647827148438,55.09041666666667,0.27878048426192825,64.41632846420315,0.0,0.0,10.0,26.454545454545453,14.970007116144354,43.51054243607955,15.606012777848678,55.80644538185813,32.77953841469505,52.723700478814116,0.25995136775134353,56.807536507236556,0.8976786848367482,0.08,9.88,27.76,12.615156745910644,40.495659561157225,15.276427345275879,53.338479919433595,30.770758666992187,54.44835884559884
881,0.5441032903082856,106.1001416101157,0.0,0.0,6.0,15.0,15.648198127746582,45.562049865722656,18.264957427978516,57.28452682495117,33.475311279296875,64.88125,1,0.19382843301601277,41.89472391159144,0.0,0.0,10.0,28.2,14.688084411621094,43.36873168945313,15.659583854675294,55.04636688232422,31.527064895629884,51.14652777777778,0.27247103694719516,63.31848463143959,0.0,0.0,10.0,26.727272727272727,14.138921737670898,43.36723327636719,16.164568987759676,55.25660774924538,31.813505519520152,51.745356322969954,0.24894638587202242,54.41764604822404,2.467813517882505,0.12,10.04,27.88,12.166706323623657,40.55569473266601,15.523296661376953,53.14430648803711,29.9662841796875,53.67336598845599
882,0.11349272228525469,29.848585961021982,0.0,0.0,9.0,31.0,14.390101432800293,44.00218200683594,16.37089729309082,54.150482177734375,30.790142059326172,45.340833333333336,1,0.2656060284972387,61.56178507344733,0.0,0.0,9.2,25.0,12.964905738830566,43.18619842529297,16.63127498626709,54.844651794433595,30.824112319946288,53.35798232323233,0.28558678053771513,65.98882010863366,0.21956876655271432,0.09090909090909091,9.909090909090908,26.09090909090909,13.384821111505682,43.13502086292613,16.667962594465777,54.68590094826438,30.821096420288086,51.907466712580344,0.25928326701409676,56.95697980782111,4.655906663056918,0.16,9.88,27.36,11.808166313171387,40.62916564941406,15.839487724304199,53.04991256713867,29.385696563720703,53.65364932178932
883,0.0,0.0,0.0,0.0,13.0,35.0,11.3008394241333,40.61795425415039,14.739728927612305,52.106380462646484,27.737916946411133,38.835,1,0.28265469065172727,64.71233252273692,0.0,0.0,9.2,24.8,12.374138450622558,43.32385177612305,17.466529846191406,54.27439575195312,29.861626052856444,53.0717601010101,0.27483134362988293,61.49036559117713,0.21956876655271432,0.09090909090909091,9.818181818181818,26.545454545454547,12.555941234935414,42.830610101873226,17.20053195953369,53.9854569868608,29.577794335105203,52.32636822773186,0.2721868783824771,60.6990102369742,5.7768646209696,0.2,9.72,26.64,11.595552406311036,40.53835159301758,16.122601890563963,52.89657531738281,28.89888313293457,53.21259997113997
884,0.3588879774061295,98.33530580927948,0.0,0.0,9.0,19.0,8.858189582824707,42.58811569213867,18.38405418395996,54.3879280090332,29.090221405029297,55.91727272727273,1,0.17383403259007016,43.492304200713775,0.0,0.0,10.6,29.2,11.059569931030273,42.288037109375,17.254103088378905,52.76318435668945,28.023535537719727,48.51601010101011,0.22276387588244823,48.79847521273777,0.21956876655271432,0.09090909090909091,10.090909090909092,26.727272727272727,11.501726410605691,42.4254597750577,17.793069752779875,53.164751226251774,28.231252150102094,51.33723691460056,0.27278159784600164,60.83936403036598,5.7768646209696,0.2,9.76,26.12,11.373448963165282,40.35812744140625,16.3313005065918,52.67435577392578,28.459509124755858,53.01578727272727
885,0.39678946325896614,89.27762923326738,0.0,0.0,9.0,24.0,11.67336368560791,43.84895706176758,19.57301139831543,53.44266128540039,28.21453857421875,60.38444444444445,1,0.18276628085064567,43.88037634475229,0.48305128641596723,0.2,11.2,27.8,9.334173774719238,41.321450805664064,17.672011184692384,51.98558807373047,26.572842025756835,48.683343434343435,0.2791827508522715,62.113329705616046,2.04017882917443,0.18181818181818182,9.818181818181818,25.545454545454547,10.260689995505594,41.930538177490234,18.435629497874867,52.407292105934836,26.885004737160422,52.028651056014695,0.26706848931979904,60.14202093913747,5.7768646209696,0.2,9.84,26.28,11.089827022552491,40.194196166992185,16.459895973205565,52.44540802001953,27.919781188964844,52.35236303030303
886,0.0,0.0,0.0,0.0,13.0,37.0,9.075355529785156,40.38297653198242,17.202823638916016,49.72846984863281,24.28485870361328,42.1025,1,0.28794621001791065,64.39046253236897,0.48305128641596723,0.2,10.0,25.2,8.828794288635255,41.63456573486328,19.12702751159668,52.00497131347656,26.027085876464845,52.260593434343434,0.2518911681251396,55.63643836500544,2.04017882917443,0.18181818181818182,10.181818181818182,26.818181818181817,9.698965332724832,41.36922905661843,18.637237375432793,51.39655858820135,25.770883039994672,50.24257782369147,0.2588754393097715,57.96832835203227,6.184376940348531,0.24,9.88,26.4,10.708376960754395,39.89334899902344,16.510579833984377,52.16474746704102,27.375408630371094,51.46704636363636
887,0.15815396358813213,31.78894668121456,2.415256432079829,1.0,12.0,24.0,5.763120651245117,39.16925048828125,18.460437774658203,50.26250076293945,23.53667449951172,46.177499999999995,1,0.2244744984441477,45.79486039457579,0.48305128641596723,0.2,10.4,26.8,8.844075775146484,41.4496566772461,19.80835876464844,51.038500213623045,24.763645553588866,50.611938888888886,0.2050251253533518,46.50275580992837,2.04017882917443,0.18181818181818182,10.545454545454545,28.727272727272727,8.82819565859708,40.404762268066406,18.38149530237371,50.34469014948065,24.661730679598723,48.28371418732782,0.24549215903344063,54.761676581843005,6.527243828048601,0.28,10.08,26.96,10.166838188171386,39.409329681396486,16.44146900177002,51.78702606201172,26.780263671875,50.0737908080808
888,0.525899645836325,102.55043093808337,0.0,0.0,7.0,22.0,8.773941993713379,42.183528900146484,22.01481056213379,52.20329666137695,25.009136199951172,56.72125,1,0.26923813072596553,57.23201443225453,4.488393424183743,0.4,10.6,26.4,7.273939514160157,40.291194152832034,20.01250762939453,49.76285858154297,22.679990386962892,49.02816111111112,0.22348779522174186,48.73944068838617,5.608667086096604,0.2727272727272727,10.454545454545455,28.0,7.839112823659724,39.44007422707298,18.45932605049827,49.611285816539414,23.436669783158735,49.47013193624557,0.24271600221495807,54.278625295427034,6.527243828048601,0.28,10.12,27.24,9.824996948242188,39.128952484130856,16.41377243041992,51.58064453125,26.473231048583983,49.77401937950938
889,0.041529419537314746,5.357295120313602,0.0,0.0,11.0,27.0,8.93459701538086,41.663570404052734,21.79071044921875,49.555572509765625,22.773019790649414,47.674,1,0.2715058792235801,57.687831880275056,4.488393424183743,0.4,10.6,26.8,7.148514175415039,39.611856842041014,20.09482765197754,48.85233917236328,21.97734489440918,49.04141111111111,0.26315763892572436,57.66515552178223,10.581606052402089,0.36363636363636365,9.818181818181818,26.272727272727273,7.0525243932550605,38.87775074351918,18.768130129033867,49.34663460471413,22.80528345975009,51.39634405745769,0.24216077085126156,54.182015038143845,6.527243828048601,0.28,10.04,27.28,9.646526794433594,38.97005615234375,16.434179153442383,51.49148025512695,26.296634674072266,49.858305093795096
890,0.6206076246680553,146.46339942166105,20.026710688838875,1.0,10.0,22.0,3.8226823806762695,38.056644439697266,20.5937557220459,47.064453125,17.796262741088867,52.465555555555554,1,0.24559045046967748,52.455969244885736,4.0053421377677765,0.2,10.2,29.2,7.209836387634278,38.76858978271484,19.493099021911622,47.94263381958008,21.524937057495116,48.472661111111115,0.2645496875945966,58.04657685705324,13.129237774930912,0.45454545454545453,9.636363636363637,26.272727272727273,6.657044150612571,37.84374341097745,18.578878836198285,48.72758345170455,21.947295969182793,50.387583726879186,0.22689612144997398,50.579557779439966,7.844111503839142,0.32,10.2,27.72,9.051980409622193,38.598794860839845,16.3610640335083,51.28837677001953,25.973984603881835,49.711549538239545
891,0.01133874248807282,2.279087240102637,0.0,0.0,13.0,39.0,8.44822883605957,36.986289978027344,17.614423751831055,45.175872802734375,20.771631240844727,42.16875,1,0.20372693946992157,42.836306982080636,11.85601630299656,0.4,10.4,29.4,6.157086038589478,37.010006713867185,18.535544013977052,46.71858139038086,19.986004257202147,48.80669682539683,0.22982955335179167,50.24941463901025,13.129237774930912,0.45454545454545453,9.909090909090908,26.818181818181817,6.313373002139005,36.73653065074574,17.97121984308416,48.100495771928266,21.288940603082832,48.94637160566706,0.20627540881574355,45.29040355245532,7.844111503839142,0.32,10.4,27.88,8.638324365615844,38.28922012329102,16.312183265686034,51.2167903137207,25.86994743347168,49.40505176046176
892,0.02857681981861926,5.629633504267994,0.0,0.0,10.0,36.0,6.069731712341309,34.95291519165039,15.451794624328613,45.71397399902344,21.274635314941406,43.33375,1,0.2826947117112201,61.40142059148925,22.796482028868624,0.6,9.4,27.2,4.899839973449707,35.56377182006836,17.804716682434083,46.64651031494141,19.589933776855467,51.276563492063495,0.23486133758529137,51.45704285505016,13.129237774930912,0.45454545454545453,9.909090909090908,26.181818181818183,6.321723461151123,36.276654330166906,17.681680939414285,48.130241047252305,21.28355598449707,48.96184681227863,0.22112930518530294,48.602822442867065,7.844111503839142,0.32,10.24,27.28,8.363090524673462,38.20561386108398,16.460326957702637,51.39185546875,25.994626388549804,49.73958509379509
893,0.31658209083754546,54.452119624057815,39.253370826143914,1.0,8.0,23.0,3.51019024848938,33.3906135559082,17.227035522460938,46.08303451538086,17.314472198486328,58.39142857142857,1,0.233413289330354,52.61492880660914,24.39592968066426,0.6,8.8,26.6,5.036884880065918,34.19524993896484,16.946423530578613,46.74929275512695,19.961153030395508,49.7476341991342,0.24674449505220686,53.635471181737124,13.835833370603043,0.45454545454545453,9.545454545454545,26.272727272727273,6.318756883794611,35.882484436035156,17.39931401339444,48.274355454878375,21.454877159812234,49.14696044864227,0.2268873205966685,50.65406881736075,7.844111503839142,0.32,10.12,26.92,8.019861249923705,38.06814880371094,16.59738540649414,51.5302294921875,26.04501136779785,49.59459923520924
894,0.4363682807438075,98.18286316735669,54.70232862936032,1.0,6.0,16.0,2.648366689682007,34.432395935058594,18.136573791503906,49.19521713256836,20.792667388916016,60.02333333333334,1,0.23411913815036184,52.8608803255475,24.39592968066426,0.6,8.6,24.8,4.92583532333374,33.13191528320313,16.001291275024414,47.023057556152345,20.00135269165039,50.22010642135642,0.21696954904821342,47.8293567109584,14.61507629719411,0.5454545454545454,10.0,27.272727272727273,5.9898598410866475,34.98922902887518,16.517501137473367,48.05549864335494,21.463727257468484,47.89843772136954,0.22697530033505672,48.68268273343096,7.844111503839142,0.32,10.16,27.0,7.788931531906128,37.81695770263672,16.590999603271484,51.63286666870117,26.209220199584962,49.247549235209235
895,0.37420051276372446,102.5309404972605,28.023948947817047,1.0,7.0,19.0,4.507906913757324,31.214035034179688,16.302289962768555,47.578365325927734,19.652359008789062,44.82090909090909,1,0.2394736995003372,54.39173569998172,24.39592968066426,0.6,9.2,23.6,5.54533109664917,33.206199645996094,15.714511489868164,47.89139633178711,20.591551208496092,50.00790187590188,0.2131941472720939,47.342329881838985,14.61507629719411,0.5454545454545454,10.272727272727273,28.545454545454547,6.0568295392123135,34.37889966097745,15.478917555375533,48.15200528231534,21.86939863725142,47.688983175915,0.2250129347237737,47.75678299612331,7.844111503839142,0.32,10.16,26.88,7.506962404251099,37.49826385498047,16.530366363525392,51.70961044311523,26.358007431030273,50.020315901875904
896,0.014867986588112033,3.5088448347944396,0.0,0.0,12.0,30.0,7.892981052398682,31.66961669921875,12.888762474060059,46.54469680786133,20.97262954711914,44.531111111111116,1,0.2339310204776687,54.65164343012439,18.582817112330126,0.6,9.2,24.0,5.989390707015991,33.49475326538086,15.339984703063966,49.044341278076175,22.21289825439453,47.972366161616165,0.15677527230227065,34.027475388960696,12.794466234572393,0.45454545454545453,10.363636363636363,29.454545454545453,6.58171965859153,34.351130052046344,14.82796486941251,48.81079760464755,22.982307954268023,47.14678981372163,0.22773423292091116,48.303763933747945,7.844111503839142,0.32,10.08,26.68,7.381455163955689,37.19008056640625,16.55392681121826,51.7973420715332,26.58028335571289,50.5569159018759
897,0.055349626568496166,13.28391037643908,0.0,0.0,13.0,30.0,9.167210578918457,35.324337005615234,14.017895698547363,50.055667877197266,24.225627899169922,42.27272727272727,1,0.18633241228738656,42.751705148556525,9.356685824958417,0.6,10.4,27.4,6.490932273864746,33.07981796264649,14.175643730163575,49.16447219848633,23.075662231445314,44.565199494949496,0.17961658814792675,39.45410374554304,15.78734731591453,0.5454545454545454,10.272727272727273,28.454545454545453,6.08896803855896,34.28424141623757,14.529259941794656,49.688499450683594,23.87754214893688,47.71730749048931,0.22532206486303857,46.2215711123245,7.844111503839142,0.32,10.04,26.76,7.34193865776062,36.83880722045898,16.575295448303223,51.89351379394531,26.87658706665039,51.01229165945167
898,0.2888686957242029,55.75165827477116,10.187807984473267,1.0,8.0,25.0,5.730488300323486,34.83338165283203,15.354401588439941,51.84775924682617,25.421207427978516,48.21375,1,0.11149230973464166,22.24551704910442,3.7518960353950077,0.4,11.8,31.8,7.523603630065918,33.82700042724609,12.988443946838379,49.7722282409668,24.592271423339845,44.67501767676767,0.18599630897381003,40.100431027748705,15.78734731591453,0.5454545454545454,10.545454545454545,27.818181818181817,6.463497790423307,34.59587235884233,14.401894569396973,50.695744947953656,25.12385298989036,48.40442112685295,0.22628246242633246,46.40399661187833,7.844111503839142,0.32,10.08,26.68,7.327147626876831,36.37502075195312,16.597799873352052,52.00613037109375,27.319644622802734,51.2355361038961
899,0.19837523979239677,38.68317175951737,8.571672192501765,1.0,12.0,33.0,5.156074523925781,32.35771942138672,12.314868927001953,49.79587173461914,25.106487274169922,42.9875,1,0.10851871241701924,21.543748082145534,3.7518960353950077,0.4,11.6,32.2,7.864302158355713,35.04331283569336,13.097346687316895,51.32552261352539,26.405398559570312,45.069081168831175,0.19097497428303178,42.67846308558831,12.218859058992358,0.45454545454545453,10.636363636363637,27.545454545454547,7.107411124489524,35.3249643499201,14.402090506120162,51.94029929421165,26.79726080460982,47.93459428702611,0.24759440929802856,50.68769793308924,7.844111503839142,0.32,9.88,25.96,7.30830756187439,35.99388282775879,16.796400260925292,52.254819793701174,27.813760833740233,51.8221861038961
900,0.0,0.0,0.0,0.0,14.0,41.0,9.671263694763184,34.949947357177734,10.366291046142578,50.61714553833008,27.23540496826172,45.370000000000005,1,0.14996743046137792,31.28136583935939,10.336234414347711,0.6,11.4,31.8,6.63645224571228,35.22854843139648,13.159501457214356,52.28050765991211,27.684114456176758,46.303424603174605,0.19271390674001865,45.098752920297855,7.245920092686874,0.36363636363636365,10.636363636363637,27.545454545454547,7.416329448873347,35.806025071577594,14.464510917663574,52.90012428977273,28.02398144115101,47.76801026498754,0.2519592552848126,51.47950394019037,7.7903596075184565,0.32,9.76,26.08,7.303498754501343,35.59199729919433,16.824680976867675,52.36661865234375,28.170296783447267,51.938536103896105
901,0.0,0.0,0.0,0.0,11.0,32.0,9.596473693847656,37.75117874145508,13.433276176452637,54.3111686706543,30.038265228271484,46.501428571428576,1,0.1119444410972045,22.67888090611121,8.298672817453058,0.4,12.4,32.6,7.528266382217407,35.938043212890626,12.898776245117187,53.269690704345706,29.59668388366699,46.8390746031746,0.20835956774040643,40.942802830716985,4.6982883701580525,0.2727272727272727,10.636363636363637,27.363636363636363,7.904242927377874,36.53950119018555,14.628422043540262,54.01576891812411,29.65381535616788,48.80292762035944,0.2342869034840252,48.1713043343761,7.790359607518457,0.32,9.96,26.4,7.35572340965271,35.01134178161621,16.656984748840333,52.335498657226566,28.571478271484374,51.961819437229444
902,0.2625932167902896,61.97199916250834,32.92169189476352,1.0,12.0,28.0,3.027961015701294,36.25051498413086,14.328669548034668,54.83059310913086,30.61920738220215,48.44444444444444,1,0.14653887498652202,31.50434100626645,6.5843383789527055,0.2,11.8,30.0,8.615698862075806,37.74862442016602,13.881640625,55.265142822265624,31.719778060913086,48.88624126984128,0.21286553095995808,41.23300716649302,4.6982883701580525,0.2727272727272727,10.363636363636363,27.181818181818183,7.854051308198408,36.936339291659266,14.80717693675648,54.881621620871805,30.884469292380594,50.632826610258434,0.2326257267025326,47.95701252956356,7.790359607518457,0.32,10.04,26.32,7.44258376121521,34.3983861541748,16.637978858947754,52.42780029296875,29.10023063659668,51.93053943722944
903,0.09875374890333562,12.739233608530295,0.0,0.0,13.0,29.0,10.189558982849121,38.380855560302734,14.050775527954102,56.79367446899414,34.98405456542969,50.891999999999996,1,0.23763818254065466,56.46555127609879,6.5843383789527055,0.2,10.2,25.0,7.890739774703979,38.70344772338867,15.573022079467773,57.09237213134766,33.13001594543457,51.45042308802309,0.2140185153563163,41.268517445054535,4.6982883701580525,0.2727272727272727,10.181818181818182,27.181818181818183,7.7627738389101895,36.717160658402875,14.926344611428,55.26744010231712,31.708940852772106,51.539851403646864,0.21244614562365619,42.581527839113086,6.989291179964903,0.28,10.08,26.44,7.63166277885437,33.87443290710449,16.673080253601075,52.56572387695312,29.65674903869629,51.70611721500722
904,0.3713474092389845,82.81047226029355,0.0,0.0,9.0,20.0,10.593236923217773,41.41062545776367,17.229190826416016,59.77313232421875,35.72195816040039,53.223333333333336,1,0.3468987392942527,67.82864917847299,6.5843383789527055,0.2,9.4,22.0,7.946436071395874,39.009666442871094,16.507429313659667,58.20022964477539,34.6384693145752,53.39113737373738,0.21490170446859908,40.40750171768384,3.7721240079332103,0.18181818181818182,10.181818181818182,26.818181818181817,7.9573000777851455,36.623787966641515,15.250332658941096,55.71693663163619,32.71590510281649,53.27511655516201,0.22142965541778314,44.75525862798493,7.568952723664063,0.32,9.96,26.16,7.478607683181763,33.318669128417966,16.704625511169432,52.65236358642578,30.009312286376954,51.815549033189036
905,0.4554965377706631,124.80605134916169,0.0,0.0,6.0,16.0,6.046468257904053,39.724063873291016,18.823198318481445,59.753292083740234,34.28659439086914,58.190909090909095,1,0.30726681233683073,56.77446785163746,0.0,0.0,8.8,22.0,8.809018516540528,38.96653060913086,16.61270866394043,58.4479263305664,35.41659240722656,56.63424848484849,0.235122082882137,45.421601259738004,2.9928810813421407,0.09090909090909091,10.0,25.818181818181817,8.516164931383999,36.61438577825373,15.961310213262385,56.30440972068093,34.00540421225808,55.36403069657615,0.2242098418040513,45.302955346079756,7.568952723664063,0.32,10.08,26.0,7.660252046585083,32.785914993286134,16.88716972351074,52.69921768188477,30.49066925048828,52.37129903318903
906,0.54630278376799,56.81548951187096,0.0,0.0,7.0,17.0,9.874955177307129,39.28227233886719,18.10531234741211,59.85045623779297,37.58053207397461,56.205,1,0.301122553541851,56.96152581805457,0.0,0.0,8.4,22.2,8.403738403320313,37.873033905029295,16.868301582336425,57.94912567138672,35.07874450683594,56.90584848484848,0.2835583257723554,55.1572860806719,2.9928810813421407,0.09090909090909091,9.454545454545455,23.818181818181817,8.41917313228954,36.242074966430664,17.034177693453703,56.78882425481623,34.86016412214799,56.40028069657615,0.2156322792875426,44.08910074472784,5.998817890618305,0.28,10.2,26.28,7.81934892654419,32.269574584960935,17.135758209228516,52.75258605957031,31.102477111816405,52.21359744588745
907,0.06443358200317995,6.701092528330714,0.0,0.0,9.0,28.0,7.3408732414245605,36.03483581542969,14.855066299438477,56.06907653808594,34.509822845458984,64.66,1,0.2865698268859167,49.65552842073456,0.0,0.0,8.2,22.4,7.859146404266357,36.35216522216797,17.20611743927002,57.352943420410156,35.23391571044922,59.721515151515156,0.3078560633412403,59.84674943146669,3.090286447166024,0.18181818181818182,9.272727272727273,23.363636363636363,8.059757384386929,35.45761437849565,17.555466738614168,56.67485185102983,35.07941939614036,56.63526446280992,0.2155704763399523,44.927448567345955,4.116929498203983,0.28,10.28,26.52,7.920952081680298,31.657391815185548,17.296888580322264,52.59165954589844,31.36088310241699,51.86764593073593
908,0.06803245492843692,13.67452344061582,0.0,0.0,11.0,30.0,8.163158416748047,32.91337203979492,15.328740119934082,54.2996711730957,33.29481506347656,52.25,1,0.27963039980004695,43.46197149532483,0.0,0.0,9.0,23.6,8.910570335388183,34.858211517333984,17.468602180480957,56.653900146484375,36.23479232788086,61.27644444444444,0.29162857552545385,56.01706230694108,0.09740536582388612,0.09090909090909091,9.272727272727273,23.545454545454547,8.700811689550227,34.67730764909224,17.873079039833762,56.36527945778587,35.48118903420188,57.440617998163454,0.2057486403914386,41.98410247391346,2.9959715402913014,0.24,10.44,26.92,8.144229669570922,31.09121627807617,17.475288619995116,52.38740905761719,31.732223358154297,51.72209845598845
909,0.2985837759593133,46.280485273693564,0.0,0.0,8.0,21.0,7.870276927947998,33.80628204345703,18.918270111083984,56.79222106933594,36.4978141784668,67.30166666666668,1,0.27692957740492946,53.51738019900522,0.0,0.0,9.2,24.0,8.656450080871583,33.17266273498535,18.281106376647948,55.87294998168945,36.04623870849609,61.38919444444444,0.282650961988787,54.85895016071105,0.09740536582388612,0.09090909090909091,9.272727272727273,23.181818181818183,8.784134127876975,33.58265529979359,18.533514282920144,55.9170466336337,35.572804884477094,57.07698163452708,0.20827813322811686,42.47171535286244,2.9959715402913014,0.24,10.4,27.08,8.247140645980835,30.4243180847168,17.937093772888183,52.22276107788086,32.13692352294922,51.894604011544004
910,0.42079940234131413,93.83826672211305,0.0,0.0,10.0,22.0,11.303587913513184,32.254295349121094,20.135622024536133,56.25807571411133,39.290977478027344,65.96555555555555,1,0.31749788365584014,62.493981065087596,0.2142918048125452,0.2,9.2,23.8,8.316855525970459,31.7901180267334,19.14358425140381,55.27062911987305,35.6342887878418,58.274444444444455,0.25944829730307434,48.428569242538835,0.09740536582388612,0.09090909090909091,9.454545454545455,23.636363636363637,8.598354209553111,32.08694510026412,18.91915971582586,55.07517485185103,35.20801076022062,56.498042240587694,0.20911792066570783,42.47171535286245,2.9959715402913014,0.24,10.24,27.0,8.121442556381226,29.65272171020508,18.43588607788086,51.986658630371096,32.36520278930664,51.87546634920634
911,0.5327986717924024,107.09253303027288,0.0,0.0,8.0,19.0,8.604353904724121,30.854528427124023,22.16783332824707,55.94570541381836,36.63776397705078,56.76875,1,0.3207095628334805,63.72816453550978,0.2142918048125452,0.2,9.4,23.8,8.700135517120362,30.740871810913085,19.64231719970703,54.69575424194336,35.98306045532227,59.28511111111111,0.23948738362767275,42.23005157096949,1.4148179651401591,0.18181818181818182,9.818181818181818,25.09090909090909,8.468843590129506,30.57495706731623,18.88096488605846,53.946863347833805,34.78065785494718,55.29019100091828,0.20066660655075455,40.933714740096896,2.6313175818748795,0.24,10.28,27.36,8.099258718490601,28.843488731384276,18.9058557510376,51.59682220458984,32.374459686279295,51.47989412698413
912,0.2672751132577338,51.584096858742626,1.0714590240627189,1.0,9.0,27.0,5.642900466918945,29.122112274169922,19.167455673217773,53.057472229003906,32.4500732421875,49.08625000000001,1,0.26099280764161786,54.47206748077107,0.2142918048125452,0.2,10.4,24.6,9.347301292419434,29.247551345825194,20.121775817871093,53.70993270874023,35.88186340332031,55.203177777777775,0.1987399923283394,38.82155720231201,1.4148179651401591,0.18181818181818182,10.363636363636363,26.454545454545453,8.535742282867432,28.97057429226962,19.05460921200839,52.76821517944336,34.39229670437899,55.383145546372816,0.20931640065471283,42.238974105368726,3.462682523670004,0.24,10.0,26.72,8.060539197921752,28.254234657287597,19.48728374481201,51.355813598632814,32.3357886505127,51.33907984126984
913,0.08409085081663865,19.845440792726723,0.0,0.0,12.0,30.0,10.079558372497559,27.66714096069336,17.822404861450195,51.425296783447266,35.038673400878906,57.303333333333335,1,0.2000565467125842,38.11967056842829,0.2142918048125452,0.2,10.6,25.2,8.796515274047852,27.788254928588866,20.388909530639648,52.56082611083984,34.365512466430665,51.38106666666666,0.2021681237757621,40.40379920794192,1.4148179651401591,0.18181818181818182,10.545454545454545,26.636363636363637,8.549082192507656,27.556689522483133,19.83521660891446,51.981684944846414,34.21955542130904,54.45486271808999,0.21996373971572664,45.156345008086504,3.897428681444374,0.28,9.72,26.04,7.810325994491577,27.511780662536623,20.165526847839356,50.97020431518555,32.050119171142576,51.10595256854257
914,0.0,0.0,0.0,0.0,13.0,25.0,11.10610580444336,26.339679718017578,21.315563201904297,51.86311340332031,35.99182891845703,46.892,1,0.14068210982235282,28.02563535475349,3.112599523308346,0.4,11.0,27.8,8.000014781951904,26.235788345336914,19.635953903198242,50.840058135986325,32.955102157592776,49.00822575757576,0.23551273760536323,49.99171150723226,2.1107378577767277,0.2727272727272727,10.272727272727273,25.90909090909091,8.278653751720082,26.303458127108488,20.456679604270242,51.15190159190785,33.670282884077594,54.375275941230484,0.24033455700661455,49.73977889853629,6.968291769358659,0.32,9.56,25.4,7.536084575653076,26.734636726379396,20.848947525024414,50.490502166748044,31.635674743652345,50.764828759018755
915,0.1161180976961458,12.076282160399163,0.0,0.0,11.0,25.0,8.549657821655273,24.957813262939453,21.471290588378906,50.512542724609375,31.7092227935791,46.855000000000004,1,0.10684338306587068,21.573226274332693,2.898307718495802,0.2,11.8,28.8,8.993602848052978,24.738178253173828,19.805542755126954,49.605628967285156,33.12679939270019,50.63647575757576,0.22006463197732395,48.415966315209964,2.1107378577767277,0.2727272727272727,10.545454545454545,26.636363636363637,8.480432813817805,24.781036723743785,20.624317862770774,49.850072687322445,32.98283299532804,52.00078099173554,0.2349106401313202,48.26162185591044,5.651424093568119,0.28,9.56,25.44,7.603024950027466,25.93035152435303,21.55418399810791,49.86563949584961,31.12448974609375,49.797450981240985
916,0.2359264873412453,56.62235696189887,14.491538592479003,1.0,10.0,32.0,4.621851444244385,23.092195510864258,18.40305519104004,47.34186553955078,29.585712432861328,44.904545454545456,1,0.11045381848750893,22.42528903383932,2.898307718495802,0.2,11.6,28.8,8.475213623046875,23.30117073059082,20.929411315917967,48.80401840209961,32.640998458862306,50.06558686868687,0.18891062335584713,41.31241177761049,2.1107378577767277,0.2727272727272727,10.636363636363637,27.727272727272727,8.404266227375377,23.212206407026812,21.01506961475719,48.592838287353516,32.23730173977938,50.444253213957765,0.231803021488703,47.89696789749403,5.651424093568119,0.28,9.52,25.76,7.464035673141479,24.926662101745606,22.27121913909912,49.14999053955078,30.62416488647461,49.15314240981241
917,0.09808147947532316,19.32205145663866,0.0,0.0,13.0,32.0,10.610840797424316,21.634061813354492,20.015399932861328,46.88532638549805,33.30855941772461,57.2275,1,0.19741845989831877,46.253600780401214,4.429331482296253,0.4,10.6,28.2,7.291681575775146,21.85880012512207,21.09926528930664,47.465806579589845,30.89319610595703,50.96209595959596,0.14741477251183516,32.78435517271651,2.1107378577767277,0.2727272727272727,10.727272727272727,28.545454545454547,8.16975753957575,21.864924517544832,21.407785068858754,47.520783857865766,31.627742247147992,49.08293827889282,0.23102535368239135,47.906538948008745,7.412161112199053,0.32,9.6,25.92,7.170354986190796,23.92181407928467,22.929213523864746,48.46380386352539,30.170977935791015,48.48429796536797
918,0.10214302792482984,24.105754590259842,0.0,0.0,11.0,30.0,7.487612247467041,20.48210334777832,23.441747665405273,47.41724395751953,32.60966873168945,54.44888888888889,1,0.19992576316926586,49.62780198061104,4.429331482296253,0.4,10.6,29.0,7.5997193336486815,20.279166793823244,20.957465362548827,45.85771865844727,30.338524627685548,49.827540404040406,0.13017029338389305,29.66776845425197,2.110737857776728,0.2727272727272727,10.727272727272727,29.181818181818183,8.12730225649747,20.54496496373957,22.129256681962445,46.52481807361949,31.00979284806685,48.10459231929687,0.22404319349293075,45.43154199002825,8.077437338893843,0.36,9.76,26.44,7.052853908538818,23.02813587188721,23.62369800567627,47.74983215332031,29.67653465270996,47.4783016017316
919,0.4348232070540492,119.14155873280949,7.655118819002254,1.0,8.0,22.0,5.188445568084717,19.127826690673828,22.164833068847656,45.172054290771484,27.252817153930664,51.374545454545455,1,0.16836152720203063,41.443163949935055,1.5310237638004522,0.2,10.8,29.4,8.768500137329102,18.660160064697266,22.163632583618163,44.87504501342774,30.63940887451172,50.61538131313131,0.1602184062543217,34.34678800866889,4.779446561174899,0.36363636363636365,10.090909090909092,28.0,7.591713905334473,19.632167382673785,22.94999885559082,45.82894169200551,30.018978118896484,46.483120457825,0.20299262592523246,43.29839102779911,8.077437338893843,0.36,10.04,27.44,7.030994129180908,22.027345848083495,24.370437812805175,46.92993957519531,29.12492156982422,46.235701601731606
920,0.1286546140508813,28.947288161448295,0.0,0.0,11.0,29.0,10.08984661102295,17.059646606445312,20.762290954589844,42.472103118896484,28.93586540222168,41.18222222222222,1,0.16401409380862014,40.235535733895134,1.5310237638004522,0.2,10.0,28.6,7.8512836456298825,17.54023323059082,23.45809326171875,44.32860107421875,29.96421890258789,47.52873845598845,0.18441690412026215,40.97717642393658,5.767506010662103,0.45454545454545453,9.545454545454545,27.90909090909091,6.892607342113148,18.72752354361794,23.49607207558372,44.83928715098988,28.57369076121937,45.81492211071756,0.2011641993682308,43.12695758394908,8.077437338893843,0.36,10.16,27.84,7.138445320129395,21.17509765625,25.268739433288573,46.36414154052734,28.854818878173827,44.5677016017316
921,0.07810530750506922,15.699166808518912,0.0,0.0,11.0,34.0,10.465755462646484,14.997161865234375,24.43389129638672,42.428497314453125,31.090133666992188,48.84375,1,0.15910265679372826,38.87471340696969,1.7453155686129969,0.4,9.6,29.4,7.388939666748047,16.364323997497557,24.190472412109376,43.26552200317383,28.572811126708984,44.30384956709956,0.22015802544535787,50.29622779674071,12.746740301376384,0.5454545454545454,9.181818181818182,27.09090909090909,6.364496469497681,18.124320550398394,24.318572304465555,44.094384626908735,27.47986637462269,45.00749786829332,0.20781373198206793,44.688413578793735,8.077437338893843,0.36,10.08,27.68,7.138062553405762,20.593706130981445,26.24300148010254,45.97385025024414,28.62449249267578,43.804323823953816
922,0.07634431250827058,13.28391037643908,0.0,0.0,9.0,28.0,6.024758338928223,16.034427642822266,26.487703323364258,44.153106689453125,29.93260955810547,41.79428571428571,1,0.1550620338611892,29.309332838670365,6.085450952288522,0.4,9.0,28.4,7.188867855072021,16.06403217315674,25.127619552612305,42.985242462158205,27.950189971923827,41.92236904761904,0.21025518976960197,47.42311108173738,11.429327702060114,0.45454545454545453,9.363636363636363,26.818181818181817,6.371734554117376,17.49261049790816,25.55098377574574,43.35503560846502,26.41203637556596,43.13072100878919,0.19734160313582524,43.127024939695566,8.077437338893843,0.36,10.28,28.2,7.260706233978271,19.964816436767578,27.152355117797853,45.40322296142578,28.226627273559572,42.154907157287155
923,0.07758584285037044,17.30164295563261,1.0714590240627224,1.0,9.0,34.0,5.175892353057861,14.602557182312012,27.1036434173584,42.10184860229492,25.652629852294922,38.324444444444445,1,0.18256780635608197,38.106729719969614,8.259181741160372,0.6,8.2,27.4,5.854085254669189,15.92982234954834,26.43963508605957,42.686204528808595,26.18175048828125,41.594288239538244,0.20325353552983672,45.995914099144755,11.429327702060114,0.45454545454545453,9.272727272727273,27.272727272727273,6.01755148714239,16.733933968977496,26.638370513916016,42.62931962446733,25.42725216258656,41.09042880099698,0.18099027508835772,39.47010452809425,8.077437338893843,0.36,10.48,29.0,7.333822917938233,19.32166717529297,28.030929107666015,44.82822738647461,27.849372634887697,40.42573493506493
924,0.4146200923913539,71.31465589131287,29.35579573737988,1.0,5.0,17.0,4.18808650970459,17.626367568969727,26.850568771362305,43.77065658569336,24.139711380004883,39.46714285714285,1,0.26880083130950777,57.88406581051477,23.613497180731795,0.8,7.4,23.8,4.309021806716919,16.594906044006347,27.656615447998046,42.66422805786133,23.899154663085938,39.42020490620491,0.2259592342713243,51.354459002135826,15.43100274440315,0.5454545454545454,9.272727272727273,26.727272727272727,5.63242489641363,16.35278138247403,27.569034403020684,42.19306703047319,24.68021722273393,39.45891364948183,0.1612327765417267,35.48641173362089,8.077437338893843,0.36,10.68,29.52,7.471430377960205,18.833284225463867,28.863551559448243,44.41077667236328,27.67688575744629,39.45548493506493
925,0.26618347652534513,72.93427256794456,10.868653944359252,1.0,7.0,24.0,3.415933609008789,16.38859748840332,27.322368621826172,40.97691345214844,20.09366798400879,39.54181818181818,1,0.2789310277894398,60.230898354599404,23.613497180731795,0.8,8.0,24.0,4.0443642139434814,16.61669750213623,28.75099105834961,41.675411987304685,21.480549240112303,35.913347763347765,0.211970082087697,46.244419790030356,16.24707427607292,0.5454545454545454,9.454545454545455,27.363636363636363,5.443379055369984,16.194079745899547,28.843623248013582,41.895971124822445,24.19591678272594,37.792227699068604,0.1657634313297952,35.78240505361975,8.034578977931332,0.32,10.64,29.24,7.763902149200439,18.531222229003905,29.91655548095703,44.16461166381836,27.64832878112793,38.599168268398266
926,0.5092704322721984,114.58584726124462,76.77157719785711,1.0,7.0,16.0,2.740438222885132,18.322580337524414,30.5187931060791,42.3186149597168,19.677154541015625,37.973333333333336,1,0.2676265157869468,57.49514669309683,23.39920537591925,0.6,8.6,24.6,4.352151155471802,16.353910064697267,29.725593185424806,41.03553237915039,20.845209884643555,35.205316017316015,0.20209589849902887,43.92982227136619,16.24707427607292,0.5454545454545454,9.727272727272727,28.545454545454547,5.374162153764204,15.93979566747492,30.29921566356312,41.612429185347125,23.72812947359952,36.333843860684766,0.17689023335110654,38.958966900700354,8.165809586257087,0.36,10.48,29.08,7.58608772277832,18.251917572021483,31.085668869018555,43.901487579345705,27.54504051208496,37.805398571428576
927,0.12699529490793052,25.018073096862313,0.0,0.0,12.0,29.0,4.701470375061035,16.14338493347168,31.95958137512207,39.20902633666992,17.839582443237305,24.259999999999998,1,0.25508364012491463,59.84216521946657,26.331731321597953,0.6,9.8,26.0,4.16477780342102,16.086521530151366,31.091289520263672,40.805094146728514,20.895724487304687,34.612331890331895,0.19669749946021697,42.72219405532628,16.24707427607292,0.5454545454545454,9.818181818181818,28.90909090909091,5.33428920399059,15.915383772416549,31.470007983121004,41.56657721779563,23.425140554254707,33.980775678866586,0.1791739468107911,39.47051871566969,8.165809586257087,0.36,10.44,29.36,7.63209171295166,18.008190002441406,32.127412490844726,43.65989120483398,27.532272872924803,37.631368571428574
928,0.02106328283790552,3.622884648119749,0.0,0.0,12.0,37.0,6.714827060699463,13.288619995117188,31.976654052734375,38.90245056152344,22.475933074951172,34.78428571428571,1,0.25803545142667533,57.84153618580753,27.484381666200044,0.6,10.4,27.0,4.103379344940185,16.285223770141602,32.863877868652345,40.99051132202148,21.262093353271485,33.31216825396825,0.21105445016622557,46.306467958534746,16.24707427607292,0.5454545454545454,9.818181818181818,28.727272727272727,5.5278192866932265,16.128488887440074,32.66978870738637,41.60196651111949,23.207326542247426,33.19634566443657,0.1760677281682661,39.28747595599128,8.165809586257087,0.36,10.4,29.4,7.887574501037598,17.934457244873048,33.206540756225586,43.61832626342773,27.77404037475586,36.976418571428574
929,0.35190571408119314,83.04974852316158,44.01842546577339,1.0,11.0,24.0,3.2512197494506836,16.289424896240234,33.67905044555664,42.618465423583984,24.392284393310547,36.50222222222222,1,0.16018908388734204,35.62170982478711,12.130066226628625,0.4,11.8,32.2,5.420983839035034,15.473212051391602,34.11488075256348,40.39741668701172,22.08470344543457,30.745501587301582,0.20734487852557792,45.392297625862646,16.149668910249034,0.45454545454545453,10.181818181818182,28.727272727272727,6.051498976620761,16.444987297058105,33.99237667430531,41.64057471535423,23.289013255726207,32.08196435130527,0.18586557381225025,40.330985361188375,7.586148042557926,0.32,10.2,28.64,8.212275867462159,18.063496704101563,34.52885391235352,43.784347229003906,28.158294830322266,36.53566532467532
930,0.2809425330341487,62.9311273996493,16.631905667369722,1.0,10.0,29.0,3.1089413166046143,17.382108688354492,36.18531036376953,41.90399932861328,21.925512313842773,33.041,1,0.1385346085213836,31.101146491830615,12.130066226628625,0.4,11.8,34.0,6.486120367050171,15.190261268615723,35.18548583984375,40.94043655395508,24.068238067626954,30.485501587301588,0.17074452477678448,39.12871585684146,13.480960206850863,0.36363636363636365,11.090909090909092,31.0,6.864537022330544,16.313096046447754,35.37868603793058,41.46898651123047,23.809004176746715,30.560974091565,0.20123946763691294,44.11223141179027,7.586148042557926,0.32,9.96,27.92,8.406688861846924,18.360670928955077,35.87505325317383,44.10514343261719,28.573758544921876,35.977765324675325
931,0.020038594575531917,3.4867154561425533,0.0,0.0,14.0,42.0,9.328460693359375,14.262521743774414,36.773807525634766,39.35314178466797,23.790205001831055,25.140000000000004,1,0.18117610600867556,40.918754224553105,12.130066226628625,0.4,11.2,31.8,6.773872804641724,16.208254051208495,36.727213287353514,42.068424224853516,25.080382537841796,30.161755555555555,0.15007886401326465,33.180165002340964,12.492900757363657,0.2727272727272727,11.636363636363637,31.727272727272727,7.648955821990967,16.51821942762895,36.80241567438299,41.8810341574929,24.920997272838246,29.921945165945168,0.21862081150281948,48.793839318682515,7.586148042557926,0.32,9.76,27.2,8.763580703735352,18.79980613708496,37.10509803771973,44.53085830688477,29.028394470214845,35.78920976911977
932,0.018722918078138237,2.4152564320798326,0.0,0.0,12.0,38.0,10.027153015136719,14.728631019592285,37.31260681152344,41.92412567138672,27.75725555419922,22.96,1,0.11815107415308619,25.75795837916869,3.326381133473947,0.2,11.6,33.8,8.310902643203736,16.56717700958252,38.321825408935545,42.05003890991211,25.51216239929199,28.074561111111116,0.1383762322575599,28.12544523847455,5.513666466649377,0.18181818181818182,11.727272727272727,32.09090909090909,8.577524596994573,16.813490520824086,38.163666638461024,42.297827980735086,26.017269481312145,28.986036075036075,0.21228205976836556,46.161633043077785,7.279943289797837,0.28,9.76,26.76,9.317546787261962,19.376186904907225,38.44573707580567,45.15850814819336,29.836641311645508,35.68887795093795
933,0.2342707702743654,52.710923311732216,0.0,0.0,9.0,26.0,8.153589248657227,18.378583908081055,39.6852912902832,44.542388916015625,27.53665542602539,33.16555555555556,1,0.06436580777718166,13.654784185654796,0.0,0.0,12.6,36.4,10.315415382385254,16.32586803436279,39.504757690429685,42.04587631225586,27.09898223876953,26.01361111111111,0.15976401466133197,34.87466468146361,5.811917849207905,0.2727272727272727,11.363636363636363,31.818181818181817,8.662317991256714,17.22632139379328,39.53554465553977,42.810388738458805,27.346077138727363,30.185953430407974,0.23525044149237911,51.27328979840873,7.279943289797837,0.28,9.44,25.88,9.8307887840271,20.186799087524413,39.96379249572754,46.04335205078125,30.75331298828125,36.59190017316018
934,0.036780554803246185,7.245769296239498,0.0,0.0,13.0,34.0,10.936368942260742,18.08403968811035,41.6521110534668,42.52653884887695,26.551183700561523,26.06625,1,0.06813033048740072,14.457483728114095,0.0,0.0,12.4,34.4,10.858631324768066,17.202354621887206,40.74667510986328,43.2771354675293,28.806059646606446,27.488111111111113,0.1630394286298963,35.707929292928476,5.811917849207905,0.2727272727272727,11.363636363636363,31.363636363636363,9.166079672900112,17.858855074102227,40.93395371870561,43.43954814564098,28.545777580954812,30.891132001836546,0.251124774581436,54.350039476973606,7.279943289797837,0.28,9.16,24.8,10.186441097259522,21.067444534301757,41.24542045593262,46.9360400390625,31.456141815185546,37.632500173160174
935,0.012016201154626033,2.4152564320798326,0.0,0.0,15.0,42.0,13.131505012512207,16.17556381225586,42.099971771240234,41.88318634033203,29.85961151123047,22.73625,1,0.1404940434636623,25.77121841344096,0.0,0.0,11.6,30.8,11.444139671325683,18.57074089050293,42.38266448974609,44.272979736328125,29.601838302612304,28.43177777777778,0.1345446029527897,28.839789715226424,1.81024280686487,0.18181818181818182,11.272727272727273,31.545454545454547,10.228398561477661,18.479315931146797,42.27672160755504,44.06272576071999,29.76042539423162,30.34377089072544,0.27267479416862267,58.56721493480693,7.279943289797837,0.28,9.0,24.0,10.648368091583253,21.838603591918947,42.40435012817383,47.660033264160155,32.10356658935547,39.027978744588744
936,0.03886120812662716,7.500213168439043,0.0,0.0,13.0,32.0,12.044540405273438,18.644954681396484,42.983394622802734,45.509437561035156,32.325592041015625,32.512499999999996,1,0.16609206967867385,35.080931145042896,0.6561530416287666,0.2,11.4,30.8,10.940261363983154,19.03192901611328,43.85565414428711,44.33394088745117,30.585800552368163,29.290484848484844,0.15272006617158065,30.637877414515227,0.2982513825585316,0.09090909090909091,10.818181818181818,30.09090909090909,11.103893496773459,19.291686231439765,43.66541012850675,44.93439761075106,31.33011280406605,30.420563098517643,0.28925508909667436,62.520509176109314,7.237084928835327,0.24,8.88,23.12,11.089822387695312,22.537304496765138,43.39687019348145,48.363348236083986,32.836933288574215,39.884289855699855
937,0.38054148295944623,58.98392985871416,0.0,0.0,8.0,20.0,12.954694747924805,21.5705623626709,45.4925537109375,46.90334701538086,31.736148834228516,27.67833333333333,1,0.17015452601644723,36.18953636064167,0.6561530416287666,0.2,11.2,30.4,11.204228687286378,19.464419174194337,44.99706268310547,44.99327392578125,32.410091400146484,32.58548484848485,0.19475554167306786,40.67119443865556,0.2982513825585316,0.09090909090909091,10.181818181818182,27.545454545454547,11.66232122074474,20.6372222033414,45.20146248557351,46.34822394631126,33.13965346596458,32.069654007608555,0.28488835373350346,62.12375467528593,6.062853099340132,0.2,8.96,23.16,11.46406162261963,22.974715461730955,44.323773040771485,48.85339279174805,33.45759574890137,40.10580414141414
938,0.362260901349423,99.2594869697419,3.2807652081438192,1.0,8.0,26.0,5.63419771194458,20.684524536132812,47.05023956298828,44.84719467163086,32.45646667480469,37.45909090909091,1,0.17544381211212615,37.20652770791351,0.6561530416287666,0.2,10.2,27.2,11.565273189544678,20.852205276489258,46.2669677734375,46.51132049560547,33.988851165771486,34.134484848484846,0.24184224226346365,53.28307587779063,0.2982513825585316,0.09090909090909091,9.636363636363637,25.181818181818183,12.242571700703014,22.158299706198953,46.736031618985265,47.81513214111328,34.61404540322044,34.50374491669947,0.2887080328950998,62.05638636242235,5.628106941565762,0.16,9.0,22.88,12.011628913879395,23.41933177947998,45.25351226806641,49.424471893310546,34.4068424987793,39.844081414141414
939,0.057092836492113094,12.788795374233333,0.0,0.0,12.0,32.0,12.256205558776855,20.246490478515625,47.359153747558594,45.823204040527344,35.672637939453125,42.54125,1,0.26384609617497057,52.248503492590906,0.6561530416287666,0.2,8.6,23.4,11.70424222946167,22.38685073852539,47.96246566772461,47.70791091918945,35.36214752197266,34.409127705627704,0.24566802802876697,53.33993756242327,0.2982513825585316,0.09090909090909091,9.545454545454545,23.818181818181817,13.232027010484176,23.53636897693981,48.19016959450462,49.29885135997426,36.42516656355424,35.931080775285324,0.28003027299255284,60.676850196378,2.557243853651477,0.12,9.04,23.24,12.309215974807739,23.641489219665527,45.923249893188476,49.81740798950195,35.202542266845704,39.74431171717172
940,0.03846263163302073,7.500213168439043,0.0,0.0,10.0,26.0,14.936727523803711,23.11449432373047,48.44949722290039,49.473419189453125,37.75341033935547,30.481249999999996,1,0.28422356460145953,63.22235806518533,0.6561530416287666,0.2,8.4,22.2,12.2075364112854,23.885421752929688,49.59803161621094,49.3082878112793,37.75394821166992,37.52946103896104,0.3062210827876737,66.93020463046714,0.2982513825585316,0.09090909090909091,8.636363636363637,21.363636363636363,14.321529518474232,25.28554274819114,49.741220994429156,51.30491152676669,38.7253005287864,39.35758330053785,0.28968865228572754,62.962743885460206,2.557243853651477,0.12,8.84,22.92,12.813607568740844,23.921415061950682,46.59296569824219,50.28560806274414,36.168808975219726,40.46928949494949
941,0.48087262844084916,82.71009209182606,0.0,0.0,5.0,13.0,12.739385604858398,26.31818199157715,51.46088409423828,51.49238967895508,39.192073822021484,33.885714285714286,1,0.31910670924607343,71.59965112375006,0.0,0.0,8.0,19.4,14.362678527832031,26.0406135559082,51.02655715942383,51.95087203979492,40.05776824951172,39.98464285714286,0.34830721311284324,75.13044575233631,0.2982513825585316,0.09090909090909091,7.636363636363637,18.181818181818183,14.887489362196488,27.17988222295588,51.04800449718129,53.38332158868963,40.4345044222745,44.095992391446934,0.28884612097221135,62.81782849953541,2.557243853651477,0.12,8.88,22.72,13.167082853317261,24.164585609436035,47.13548492431641,50.625795135498045,36.77550804138183,40.167118066378066
942,0.482428825091891,113.85320272168627,0.0,0.0,7.0,14.0,15.471165657043457,29.063417434692383,53.67038345336914,54.90523147583008,43.695152282714844,43.28,1,0.362959024686191,79.70917241744165,0.0,0.0,7.2,15.2,15.71895694732666,28.698784637451173,52.690888214111325,54.95889129638672,42.41503829956055,41.24964285714286,0.4006920853002351,85.24072608450297,0.2982513825585316,0.09090909090909091,6.909090909090909,16.0,15.390070525082676,28.69519580494274,52.18232727050781,54.90545793013139,41.68838050148704,48.11133330053785,0.28376006563687534,61.617519440396116,0.7965068350205416,0.08,8.88,23.16,13.648480062484742,24.22005123138428,47.47014572143555,50.79565902709961,37.30436943054199,40.104051399711395
943,0.5366766245724925,141.14595226256554,0.0,0.0,6.0,12.0,16.409908294677734,31.46048355102539,54.192867279052734,58.060115814208984,43.97556686401367,49.73500000000001,1,0.49583932978983086,109.55687119269825,0.0,0.0,5.8,11.4,17.315790748596193,31.54087600708008,54.7437240600586,57.98284759521484,45.2348876953125,47.90494841269841,0.4108331519449821,90.43618691445553,0.2982513825585316,0.09090909090909091,6.7272727272727275,15.272727272727273,15.686211889440363,29.649697390469637,52.76633557406339,56.06740119240501,42.80207581953569,51.02532319952775,0.2725223643155094,59.100274344410145,0.13123060832575276,0.04,9.0,23.72,14.020168437957764,24.116274299621583,47.592524719238284,50.87635696411133,37.70678779602051,39.60435425685426
944,0.27635441369270114,53.33640184269132,0.0,0.0,8.0,11.0,19.03759765625,33.53734588623047,55.680809020996094,60.86330032348633,47.458988189697266,48.86625,1,0.49465753104795934,111.53843452886122,0.0,0.0,5.6,10.2,18.639326286315917,33.67989921569824,55.74646530151367,60.6335090637207,47.12864379882812,56.09955555555555,0.40566867985067817,86.99403295090882,0.0,0.0,6.636363636363637,14.545454545454545,16.405290950428356,30.365798950195312,53.03659924593839,57.08327172019265,43.456603657115586,51.711314935064934,0.27196602423117644,59.00911085480604,0.13123060832575276,0.04,9.0,23.76,14.15725721359253,24.06599067687988,47.560652618408206,51.02131484985352,38.092022552490235,39.926854256854256
945,0.7028641571512201,156.73870704472208,0.0,0.0,3.0,7.0,22.920896530151367,37.324951171875,58.71367645263672,64.59320068359375,51.852657318115234,63.75777777777777,1,0.5211907264671687,112.51045334897837,0.0,0.0,5.2,9.0,19.059679794311524,34.92989654541016,56.10457763671875,62.103050231933594,47.61325912475586,62.77980555555555,0.43335800885732745,92.30869380291989,0.0,0.0,6.2727272727272725,13.181818181818182,16.846100980585273,31.02557303688743,53.328117023814805,57.94060689752752,44.1977126381614,50.843814935064934,0.2765489776459587,59.829582261243,0.13123060832575276,0.04,9.12,23.88,14.119316997528076,23.92629772186279,47.372284393310544,50.97879989624023,38.09673385620117,40.36919711399711
946,0.4749636347314912,92.61790877264079,0.0,0.0,4.0,7.0,19.35706329345703,37.01329803466797,56.47459030151367,64.74569702148438,48.66085433959961,74.85874999999999,1,0.5122740447630028,107.50806269410376,0.0,0.0,5.2,9.0,19.020148086547852,35.051815795898435,55.64933319091797,62.42797164916992,47.61550521850586,64.77925,0.456436536409646,98.90844197943778,0.0,0.0,6.090909090909091,13.090909090909092,16.413681637157094,31.094847765835848,53.22018397938121,58.18320673162287,44.36282522028143,51.29816410861866,0.2673913725114145,57.76400368973621,0.13123060832575276,0.04,9.4,24.68,14.286504459381103,23.59090057373047,46.97701431274414,50.779222869873045,38.19751129150391,40.217974891774894
947,0.6150948021879383,118.7132968222721,0.0,0.0,5.0,8.0,17.572933197021484,35.31340408325195,55.46094512939453,62.25293731689453,46.118228912353516,76.68125,1,0.5180935036868786,109.11994099971112,0.0,0.0,5.0,10.4,17.92144203186035,34.05667495727539,54.517799377441406,61.45966567993164,46.054962158203125,64.00699999999999,0.4462167317547776,98.8589259096279,0.0,0.0,6.2727272727272725,13.818181818181818,16.829306602478027,30.806061311201617,52.969419652765446,58.1306284124201,44.61775034124201,52.07077594123048,0.2733387817577379,59.224969937361614,0.13123060832575276,0.04,9.28,24.8,14.149461040496826,23.27488941192627,46.35962890625,50.59845932006836,38.204210662841795,40.567147113997116
948,0.4920932160516629,116.13399898819245,0.0,0.0,6.0,12.0,16.212249755859375,32.0700798034668,51.91664505004883,59.684722900390625,43.98679733276367,59.73222222222223,1,0.4498557633696854,92.02221254003771,0.0,0.0,6.0,12.4,16.758285903930663,32.09248580932617,52.8882339477539,59.59180374145508,44.449398040771484,57.85519444444444,0.40235956583733296,88.50863475311097,0.0,0.0,6.818181818181818,15.454545454545455,16.836628740484063,29.92464915188876,52.230260675603695,57.448982585560195,44.06759192726829,50.611685032139576,0.284667726679639,60.95884659013177,0.13123060832575276,0.04,9.04,24.32,14.177346096038818,22.961628646850585,45.695308990478516,50.31693817138672,38.0259521484375,41.048830447330445
949,0.3054517083120802,61.39579337072812,0.0,0.0,7.0,18.0,13.5440673828125,28.561641693115234,50.02313995361328,56.02177047729492,39.656272888183594,45.004999999999995,1,0.41332832336509223,89.51811940753673,0.0,0.0,6.8,16.0,14.922896194458009,29.465129470825197,51.045762634277345,57.071067810058594,42.63115692138672,49.97926262626263,0.37400299366690587,80.49918655148495,0.0,0.0,7.2727272727272725,17.545454545454547,16.734468893571332,28.671520233154297,51.125960956920274,56.43125048550692,43.48925122347745,49.265371900826445,0.2941423452146654,63.261697842375796,0.13123060832575276,0.04,8.88,24.2,14.263183917999267,22.681270027160643,44.91094863891602,49.976748657226565,37.88448211669922,41.59037489177489
950,0.36167545556525416,71.25006474635506,0.0,0.0,8.0,17.0,17.10511589050293,27.504005432128906,50.56584930419922,55.25389099121094,43.82483673095703,32.99875,1,0.364000318374964,82.20854310786576,0.0,0.0,7.2,18.6,14.870561599731445,27.030754852294923,49.694068908691406,54.80328598022461,41.80676116943359,43.11990151515151,0.3488798651493875,75.65042274760391,0.0,0.0,7.7272727272727275,20.454545454545453,16.131155534224078,26.96700564297763,49.63177698308771,54.891082070090555,42.08261333812367,46.69103748524203,0.2798277852953334,61.08466762723545,0.13123060832575276,0.04,9.08,24.72,14.337621173858643,22.278584594726563,44.154162902832034,49.64850112915039,37.90010269165039,42.17399155844156
951,0.2923264347085251,80.09744311013587,0.0,0.0,8.0,25.0,10.18011474609375,23.876516342163086,47.26223373413086,52.14201736450195,39.56964874267578,35.47909090909091,1,0.26558167516463144,58.98174331022729,0.0,0.0,8.6,22.6,14.738453483581543,24.490315628051757,48.41866683959961,52.3477668762207,40.53808364868164,36.61945707070707,0.28554040472356823,61.51123376317826,0.0,0.0,8.727272727272727,23.727272727272727,15.20704494823109,24.756140188737348,47.56480685147372,52.92598100142045,40.40701484680176,43.913284959989504,0.26617019628690125,57.25920353437056,0.0,0.0,9.28,25.2,14.875862503051758,21.811616477966307,43.409154357910154,49.280807952880856,37.858424224853515,42.02311363636363
952,0.3684547772372972,82.16541532391727,0.0,0.0,7.0,21.0,17.311260223388672,23.141530990600586,48.702476501464844,50.91402816772461,41.99625015258789,42.38444444444444,1,0.2494421996417741,57.31098904501753,0.0,0.0,9.4,26.0,15.086870002746583,22.313200378417967,46.82315292358398,50.51642532348633,40.12959289550781,34.60356818181818,0.25447977915231407,55.17570038321125,0.0,0.0,9.727272727272727,26.818181818181817,14.27264352278276,22.41277738050981,45.394698749889024,50.754667802290484,38.51739519292658,40.200541453495994,0.2771736961322934,58.80716978168812,0.0,0.0,9.12,25.08,15.116481895446777,21.42275390625,42.53486312866211,48.80847900390625,37.61804306030273,41.6541303030303
953,0.0,0.0,0.0,0.0,13.0,32.0,15.551709175109863,19.367883682250977,45.539634704589844,47.407127380371094,37.643409729003906,27.229999999999997,1,0.1771071085287233,43.06097609574651,0.0,0.0,10.4,31.2,14.146076965332032,19.76993637084961,44.55894012451172,48.24993667602539,37.76181983947754,32.113532467532465,0.19904667367257056,44.4809878561013,0.0,0.0,10.727272727272727,30.272727272727273,13.796311031688344,20.11098202792081,43.06220730868253,48.69103379683061,37.057200865312055,35.900882362586906,0.28532876154186126,60.37802039520406,0.0,0.0,9.08,25.04,15.23053554534912,21.054145965576172,41.58958312988281,48.32022201538086,37.459597778320315,41.8735803030303
954,0.22475433069779385,53.04202204467935,0.0,0.0,11.0,35.0,15.286149978637695,17.67606544494629,42.045570373535156,46.86506271362305,37.61381912231445,34.925555555555555,1,0.11986784008045984,27.28301311692732,0.0,0.0,11.6,34.8,14.661190032958984,17.59571933746338,42.30189437866211,46.41695098876953,36.532104873657225,31.658214285714287,0.17117145275526777,37.90243571961784,0.0,0.0,11.090909090909092,32.54545454545455,13.005223187533291,18.121316649697043,40.72591920332475,46.72037263350053,35.487370924516156,33.63391266561721,0.2673014846202672,57.3594474833806,0.0,0.0,9.4,26.0,15.601080360412597,20.53202865600586,40.67518348693848,47.765214080810544,37.32635986328125,41.91706082251082
955,0.0,0.0,0.0,0.0,13.0,43.0,12.401150703430176,14.78768539428711,39.24478530883789,43.92144775390625,31.985971450805664,20.54857142857143,1,0.07283623532253942,15.435338370744578,0.0,0.0,13.2,38.8,13.014667510986328,15.21467456817627,39.082079315185545,44.406395721435544,33.70786247253418,29.985039682539686,0.17024309965436527,36.48119748149108,0.0,0.0,11.272727272727273,33.63636363636363,13.031092643737793,16.283353285356,38.49581319635565,44.795226010409266,34.191632357510656,32.70421569592024,0.25010323654785493,53.3804193256793,0.0,0.0,9.6,26.68,15.862532119750977,19.87838768005371,39.6861962890625,46.940693054199215,36.95001754760742,41.586079004329
956,0.006130092467207697,1.2076282160399163,0.0,0.0,14.0,43.0,12.755680084228516,13.005431175231934,35.97700500488281,42.977088928222656,33.42107391357422,33.2025,1,0.07390236370469139,15.649630175557121,0.0,0.0,13.8,41.6,12.370980834960937,13.339828872680664,35.93486022949219,42.83556289672852,32.19039878845215,30.416039682539683,0.16242957383045928,35.91950927496244,0.0,0.0,11.363636363636363,34.72727272727273,12.76612628589977,14.840806354175914,36.02386197176847,43.13620862093839,32.8247236772017,33.89079397874852,0.24742471456232124,52.16867738255506,0.0,0.0,9.64,27.0,16.034785537719728,19.251805267333985,38.57360496520996,46.028643951416015,36.60352188110352,41.30650122655123
957,0.13329675344769515,22.927041593003565,0.0,0.0,15.0,41.0,9.07864761352539,11.236307144165039,32.60340118408203,40.86125183105469,27.875038146972656,34.01857142857143,1,0.06604465475739908,13.795210863996136,0.0,0.0,13.6,42.0,10.81580753326416,11.84136791229248,32.76924133300781,41.06404037475586,30.011368560791016,30.39003968253968,0.13791603294569754,29.05230303587784,0.0,0.0,11.818181818181818,35.45454545454545,13.187536413019354,13.715980009599166,34.14301438765092,41.91394875266335,32.148088628595524,34.50803571428572,0.2545270553412336,53.53942915288516,0.0,0.0,9.68,27.4,16.232252349853514,18.62651596069336,37.45901000976563,45.14689437866211,36.27055450439453,41.14415122655122
958,0.005330641910759803,1.0714590240627204,0.0,0.0,16.0,46.0,12.33327579498291,9.99365520477295,29.803539276123047,39.55296325683594,30.05609130859375,29.384999999999998,1,0.12509261959782964,22.947645414262876,0.0,0.0,12.8,39.4,11.101303672790527,10.552639770507813,30.018679046630858,39.248782348632815,28.694804000854493,33.23599206349206,0.10631297830036317,21.912072974441703,0.0,0.0,12.363636363636363,37.0,13.349261023781516,12.43132461201061,32.29960979114879,40.526752125133164,31.186111796985973,33.71737193362193,0.23414561571417078,49.12583126925291,0.0,0.0,9.88,28.16,16.36409698486328,17.84183822631836,36.36906936645508,44.0933871459961,35.84229949951172,40.58838556998557
959,0.1854657859613323,43.76992548687443,0.0,0.0,10.0,37.0,7.510283470153809,10.183760643005371,26.21747589111328,38.007450103759766,26.71866798400879,34.79555555555555,1,0.17901193540484575,35.720418665962896,0.0,0.0,11.8,36.6,11.388264846801757,10.278751373291016,27.498155212402345,38.05430450439453,27.768357467651366,35.80571428571428,0.13651119035735562,26.592795843275532,0.0,0.0,11.909090909090908,36.72727272727273,13.596532041376287,11.627419385043057,30.477995092218574,39.30928421020508,30.460629896684125,34.27070526695527,0.23101409591956987,48.9911956771455,0.0,0.0,10.0,28.76,16.711730346679687,17.059148483276367,35.35782493591309,42.90307113647461,35.5498291015625,39.899235569985564
960,0.2952398242021529,45.7621727513337,0.0,0.0,9.0,30.0,13.828631401062012,8.34404468536377,25.491973876953125,34.845157623291016,25.403148651123047,34.77833333333333,1,0.15688808171053586,32.04664524340324,0.0,0.0,11.4,35.0,12.535660552978516,10.332175254821777,26.292057037353516,37.62148590087891,28.6186824798584,37.45575,0.1381098209186668,26.022746430699033,0.0,0.0,11.727272727272727,35.81818181818182,13.823979204351252,11.284076690673828,28.911806626753375,38.43673255226829,30.113217093727805,34.365427489177485,0.20862428889479218,44.77402021931217,0.0,0.0,10.24,29.76,16.990952072143553,16.218247261047363,34.439796676635744,41.72449096679688,35.22602523803711,38.47798556998557
961,0.27572667150228825,65.07149447454003,0.0,0.0,9.0,29.0,14.190485954284668,11.63598918914795,23.374385833740234,37.00469970703125,28.788841247558594,46.05111111111111,1,0.15998618855610774,32.55693036821465,0.0,0.0,10.8,33.4,13.887051582336426,10.13550853729248,26.016354370117188,36.84186630249023,28.890365219116212,38.31617857142857,0.1408544305005757,26.68145273035717,0.0,0.0,11.727272727272727,35.27272727272727,14.696875138716264,11.145673405040394,27.9441800550981,37.863618330522016,30.465503866022285,35.676714384100755,0.19197738282200555,40.92734459550507,0.0,0.0,10.44,30.52,17.23708168029785,15.508505668640137,33.58108383178711,40.53614562988281,34.93381332397461,37.73196334776335
962,0.02267748497614564,4.558174480205274,0.0,0.0,13.0,33.0,14.81562614440918,11.503426551818848,26.57291030883789,38.69715881347656,32.12666320800781,42.26875,1,0.18932909788922475,34.1005355822742,0.0,0.0,10.4,31.8,16.039332962036134,10.203741645812988,25.873233795166016,36.043372344970706,29.479253387451173,38.020400793650786,0.14506738784733705,27.878713690640232,0.0,0.0,11.545454545454545,34.18181818181818,15.537946007468484,11.119942665100098,27.304970827969637,37.0740835016424,30.544187545776367,35.84061934277843,0.19190179799423254,41.33713896778757,0.0,0.0,10.56,31.12,17.422224349975586,14.849342880249024,32.78402168273926,39.37123359680176,34.6173868560791,37.67020779220779
963,0.02082117613861925,3.622884648119749,0.0,0.0,13.0,38.0,19.09023094177246,9.010321617126465,28.425025939941406,35.65486526489258,31.414505004882812,33.68714285714286,1,0.1787489864232375,34.30239673327502,0.0,0.0,10.4,30.8,16.831220436096192,11.314791870117187,25.738338470458984,36.527739715576175,31.15707931518555,38.258234126984135,0.17565073525519673,35.871928426227164,0.0,0.0,10.818181818181818,32.27272727272727,16.595909292047676,11.534453218633478,26.73903291875666,36.56477772105824,31.220381823453035,36.633981536140624,0.18191399468982122,39.266519773699954,0.0,0.0,10.68,31.8,17.38081642150879,14.30753448486328,31.980511016845703,38.097584075927735,34.18830024719238,37.91922922077922
964,0.33218033262691715,51.48795155717216,0.0,0.0,8.0,29.0,18.271690368652344,10.52492618560791,25.501873016357422,34.01498031616211,29.663108825683594,33.31666666666667,1,0.1296417932029794,22.73725169761491,0.0,0.0,11.2,32.4,18.39372444152832,11.640643882751466,26.783639907836914,36.650238037109375,32.571536254882815,36.04255735930737,0.21643094355108314,43.738631796852694,0.0,0.0,10.181818181818182,30.0,17.654181307012383,12.253676674582742,26.55834163318981,36.498104789040305,32.045719320123844,38.03602699068608,0.1906505299598554,41.660330437689325,0.0,0.0,10.56,31.68,17.478003845214843,13.847419319152833,31.32574775695801,36.86075004577637,33.70350227355957,39.319883766233765
965,0.24233926687221657,46.7714785063378,0.0,0.0,9.0,25.0,17.788068771362305,13.899295806884766,24.81749725341797,37.26699447631836,33.79227828979492,35.9675,1,0.13560082086406683,24.70111655740459,0.0,0.0,11.0,32.0,19.83209114074707,11.88443717956543,27.258198547363282,35.769247436523436,33.00352249145508,34.58989826839827,0.2171457054159302,43.977616748401914,0.0,0.0,10.0,29.0,19.354793028397992,12.937699144536799,27.035403858531605,36.52065658569336,33.35732061212713,39.40585251869343,0.187953450971445,41.058881823273815,0.0,0.0,10.6,32.0,17.213859481811525,13.552705154418945,30.68387626647949,35.53751808166504,33.22249885559082,39.29912821067821
966,0.030190705400997907,7.245769296239498,0.0,0.0,13.0,37.0,22.003005981445312,13.265249252319336,28.600893020629883,37.617191314697266,35.86112594604492,34.972727272727276,1,0.22537930062317324,46.14702036467259,0.0,0.0,9.8,28.4,20.157293701171874,13.241557502746582,26.84881019592285,35.6900520324707,33.78325653076172,36.401580808080816,0.22636714320359522,47.931239131912974,0.0,0.0,9.818181818181818,28.272727272727273,20.647453568198465,13.765154578469016,27.55372255498713,36.5336237820712,34.80695204301314,41.48327676111767,0.18912417233108872,41.28951393112362,0.0,0.0,10.52,32.24,17.168362007141113,13.436544723510742,30.28521324157715,34.3767505645752,33.08740180969238,39.81057821067821
967,0.052472623281582795,14.377498779153687,0.0,0.0,12.0,31.0,22.00745964050293,12.722393035888672,28.945703506469727,34.292205810546875,34.28659439086914,35.00545454545455,1,0.24972582073089195,53.37046927342686,0.0,0.0,10.0,26.8,21.297809219360353,14.71759490966797,27.311622619628906,36.65096817016602,35.67759552001953,38.69974747474748,0.20633286639143228,43.22327694117652,0.0,0.0,10.0,28.636363636363637,21.589543602683328,14.006507700139826,28.384254628961738,36.15032681551847,35.64643304998224,41.037721205562114,0.18443528861313718,40.0065845037787,0.0,0.0,10.56,32.32,17.120749855041502,13.306539611816406,30.08869453430176,33.22921134948731,32.91868095397949,39.949555988455984
968,0.46971357493415145,110.85240368445974,0.0,0.0,7.0,20.0,20.716243743896484,15.795923233032227,26.378084182739258,35.258888244628906,35.313175201416016,42.74555555555556,1,0.23992360065137852,53.295925562942486,0.0,0.0,9.8,27.0,22.98359794616699,15.479337310791015,28.641155242919922,36.848673248291014,37.14839630126953,41.47897474747475,0.2111731463237823,44.624089115068315,0.0,0.0,9.818181818181818,28.454545454545453,22.275894858620383,14.263154376636852,28.736610412597656,35.35750233043324,36.06050907481801,40.929804538895446,0.1918160400626528,41.44583103643423,0.0,0.0,10.48,32.12,17.0825634765625,13.16807155609131,29.99369422912598,32.269981689453125,32.81837585449219,40.43286313131313
969,0.4539129331655105,87.60519610094353,0.0,0.0,9.0,21.0,23.974267959594727,17.905113220214844,27.815935134887695,38.81956100463867,39.134803771972656,44.807500000000005,1,0.3132205875444726,69.69717549768566,0.0,0.0,8.6,24.0,24.192576217651368,16.31549835205078,29.15967254638672,36.322794342041014,38.24598999023438,46.01042929292929,0.23687686554915846,50.807522572311115,0.0,0.0,9.545454545454545,28.0,22.192476966164328,14.542449864474209,28.8885704387318,34.561511820012875,36.09060963717374,41.81834710743802,0.19450682981565784,42.16969218558799,0.0,0.0,10.4,32.0,17.240498657226563,13.06043270111084,30.060214920043947,31.477583084106445,32.846045684814456,40.79326313131313
970,0.19332816647464962,46.398759953915906,0.0,0.0,8.0,26.0,26.217012405395508,17.7080078125,31.465160369873047,38.25551986694336,41.14628219604492,49.86363636363637,1,0.3137959882018552,69.47845781714273,0.0,0.0,8.4,24.4,24.701779556274413,16.629194450378417,29.87257957458496,36.022039794921874,38.9932975769043,47.23933838383839,0.21685868739716324,47.898125602946806,0.0,0.0,9.818181818181818,28.454545454545453,21.99231581254439,14.854619806463068,29.340953133322976,33.59766387939453,36.40284260836515,42.3554033844943,0.19399231151268592,42.331697332893484,0.0,0.0,10.24,31.72,17.454671897888183,12.930391750335694,30.118853073120118,30.83947135925293,32.94462295532227,40.644920274170275
971,0.3966756398664681,89.25201896995532,0.0,0.0,7.0,22.0,28.047897338867188,17.446054458618164,31.193479537963867,34.987796783447266,41.34909439086914,57.629999999999995,1,0.23503738606142416,51.30139875885377,0.0,0.0,9.2,26.6,25.031628799438476,16.3353178024292,30.68672752380371,34.96548004150391,39.26696243286133,46.90656060606061,0.24125873735963266,56.368237530540654,0.0,0.0,9.454545454545455,28.181818181818183,21.521564136851918,14.715923569419168,29.893285404552113,32.13895225524902,35.826244527643375,45.49430834317198,0.20158678507845834,44.037763602184405,0.0,0.0,10.2,31.56,17.49440845489502,12.747867927551269,30.30686958312988,30.27188751220703,32.8559578704834,40.91888027417028
972,0.055349626568496166,13.28391037643908,0.0,0.0,11.0,33.0,24.553476333618164,14.290873527526855,32.51023864746094,32.78843307495117,38.02313232421875,41.150000000000006,1,0.20496721695187342,48.10849007422318,0.0,0.0,9.4,29.0,23.8713020324707,15.170809555053712,31.14285774230957,32.58136177062988,37.789123916625975,46.637282828282835,0.2658802916438181,61.81218577302157,0.0,0.0,9.0,27.454545454545453,20.494713696566496,14.943962443958629,30.26190324263139,30.340410232543945,35.290793505581945,46.12092909615637,0.19416815364000506,42.286966582709425,0.0,0.0,10.48,31.8,17.93157012939453,12.589170246124267,30.753766555786132,29.851504974365234,33.09672073364258,40.857778051948046
973,0.07592056423199599,19.967108393014946,0.0,0.0,11.0,31.0,22.365489959716797,14.326539993286133,30.448823928833008,29.976089477539062,36.68149948120117,41.08166666666667,1,0.1886976582479375,42.725655062272956,0.0,0.0,10.0,30.6,21.8418830871582,14.420967102050781,30.94544219970703,29.61278839111328,36.1794017791748,44.5094126984127,0.2637707835265008,61.029304310938976,0.0,0.0,8.909090909090908,28.09090909090909,19.80442393909801,15.284096977927469,30.864390113136984,28.894567836414684,35.2889197956432,46.5764559556605,0.1855118220982221,41.16281023214798,0.0,0.0,10.64,32.44,18.22193103790283,12.535207767486572,31.170324630737305,29.62325782775879,33.4311589050293,40.580084718614714
974,0.30356208761775677,71.6406526777906,0.0,0.0,10.0,33.0,18.17263412475586,12.082571983337402,30.096586227416992,26.898969650268555,31.7456111907959,43.461111111111116,1,0.21151049356651982,52.863793210255906,0.0,0.0,9.6,30.6,18.75426368713379,13.40648365020752,30.885376739501954,26.859462356567384,33.39952278137207,47.082503607503604,0.23084520741876027,52.85806637244773,0.0,0.0,9.363636363636363,29.636363636363637,19.20256961475719,15.15955283425071,31.84207361394709,27.341630935668945,35.11461275274103,46.181405450609994,0.17717574538957714,39.07969755239558,0.0,0.0,10.8,33.04,18.440982360839843,12.231957874298097,31.554457931518556,29.358696517944335,33.45417709350586,39.83774027417028
975,0.11198037295497001,19.484584894164783,0.0,0.0,11.0,34.0,16.069917678833008,13.958795547485352,30.47808265686035,23.41265296936035,33.09767150878906,39.22428571428571,1,0.26064612875822823,63.63285112767399,0.0,0.0,9.0,29.8,15.98509864807129,13.703044319152832,30.914466857910156,23.86842155456543,31.78912925720215,47.225614718614715,0.2063548304253402,48.16497248294272,0.0,0.0,9.545454545454545,31.181818181818183,18.063680822199043,14.561450177972967,32.665150208906695,25.625371412797406,34.2367527701638,45.07447363242818,0.17626864599053133,38.89737057318737,0.0,0.0,11.0,33.72,18.604295272827148,11.92542435646057,31.91626853942871,29.091623306274414,33.41240921020508,38.923950274170274
976,0.5107398164593798,139.9427097098701,0.0,0.0,5.0,22.0,12.609800338745117,12.373637199401855,30.893152236938477,21.221166610717773,27.44969940185547,70.49545454545454,1,0.2513156227100475,60.79258998832004,0.0,0.0,9.0,31.2,14.394855117797851,14.130510902404785,31.939313888549805,21.550791549682618,31.30602607727051,47.012531385281385,0.1954522549542206,45.701826754848895,0.0,0.0,9.909090909090908,32.45454545454545,17.19886693087491,13.88930944962935,33.22650129144842,24.253699042580344,33.597347086126156,44.37891578118851,0.17561946863563904,38.80076031590417,0.0,0.0,11.08,34.2,18.715070037841798,11.863523530960084,32.282441482543945,29.011707534790037,33.591669158935545,38.748431226551226
977,0.30102780252703804,67.12919996352949,0.0,0.0,8.0,29.0,10.707651138305664,15.773676872253418,32.65568923950195,17.833229064941406,29.97116470336914,41.86555555555555,1,0.21210965273629728,50.658216724973144,0.0,0.0,9.4,32.0,13.579497528076171,14.599184036254883,33.346517181396486,19.806314086914064,31.636063385009766,46.00030916305916,0.17033936004575959,40.04047687354759,0.0,0.0,10.272727272727273,33.54545454545455,15.961147048256613,13.029239351099188,33.48794451626864,23.33739558133212,32.59647213328969,41.895279417552146,0.16233225533056234,36.74124225361729,0.0,0.0,11.28,34.92,18.841287689208983,11.760849695205689,32.64868919372559,29.052641372680664,33.78465774536133,38.44551455988456
978,0.029268033991092336,5.76580269624519,0.0,0.0,11.0,38.0,14.41427230834961,16.4638729095459,35.57305908203125,18.387939453125,34.26598358154297,40.01625,1,0.22661733539288123,53.95753240941789,0.0,0.0,9.4,32.8,12.654812240600586,14.072621726989746,34.62485618591309,19.111924743652345,30.912197875976563,44.681702020202025,0.18305234681726643,42.80767736262913,0.0,0.0,10.636363636363637,34.36363636363637,14.940530083396219,12.223756269975143,33.669191187078304,22.66238958185369,31.670684120871805,41.44837032664305,0.15263868465567365,34.87038311336377,0.0,0.0,11.6,35.84,18.864748001098633,11.471731996536255,33.009297409057616,29.009401779174805,33.68981651306152,38.48596455988456
979,0.1075322377490058,20.968786361056132,0.0,0.0,12.0,37.0,14.095846176147461,14.42593765258789,37.13260269165039,18.17658233642578,33.39579772949219,38.4,1,0.13914933935947202,29.82982185642063,0.0,0.0,10.8,36.4,13.473664093017579,13.660786247253418,35.974230194091795,19.50111618041992,32.24482192993164,39.02511111111111,0.1761504773416304,40.99248569053685,0.0,0.0,11.181818181818182,35.45454545454545,14.583606026389383,11.486463416706432,34.30019812150435,22.43709841641513,31.31216049194336,40.73803699330972,0.15143105643963373,34.58055234151419,0.0,0.0,11.76,36.24,18.815041885375976,11.310844430923462,33.36173385620117,29.032800827026367,33.68988746643066,38.45497546897547
980,0.18451878623788961,35.981163316388475,0.0,0.0,11.0,38.0,11.446491241455078,11.325984001159668,36.86977767944336,19.940706253051758,29.478343963623047,32.63125,1,0.1030305380287438,21.799415918842918,0.0,0.0,11.4,37.4,14.218729591369629,12.10310754776001,36.25696334838867,20.916162109375,32.31848297119141,36.714,0.15572042716343235,36.08499580958294,0.0,0.0,11.454545454545455,36.63636363636363,14.848607843572443,11.023955301804977,34.82831989635121,22.640735626220703,31.49565974148837,39.317572346845076,0.1496097671902187,34.05375751898964,0.0,0.0,11.72,36.88,18.803889236450196,11.269655046463013,33.70377388000488,29.2472208404541,33.862136917114256,38.254071572871574
981,0.07339983629233389,19.304156944883815,0.0,0.0,12.0,40.0,16.704059600830078,10.314459800720215,37.64002227783203,23.167123794555664,34.11281967163086,42.2125,1,0.13621542744153958,29.390878530861066,0.0,0.0,12.2,38.2,14.001213073730469,9.8964448928833,36.04314193725586,22.311247634887696,31.033179092407227,35.95755,0.15166082542081372,35.494913317452486,0.0,0.0,11.636363636363637,37.54545454545455,15.175594329833984,10.123586784709584,35.05555950511586,23.27510053461248,31.15626196427779,38.251046372819104,0.13082122419285264,29.619661371611254,0.0,0.0,11.96,37.92,18.727186279296873,11.114268465042114,34.0188410949707,29.46232490539551,33.88227470397949,37.5075064935065
982,0.12043379587339693,26.977170275640912,0.0,0.0,11.0,34.0,14.432978630065918,7.985283374786377,34.06935501098633,24.908458709716797,30.33946990966797,30.310000000000002,1,0.11470897989173842,25.19712125864984,0.0,0.0,13.2,39.4,14.869908905029297,8.254521083831786,36.094601440429685,24.175508499145508,30.901567459106445,34.931149999999995,0.10522993301541553,22.772848798373392,0.0,0.0,12.818181818181818,40.09090909090909,15.747289657592773,9.347809639844028,35.485107075084336,24.25684252652255,31.486513484608043,33.608186868686865,0.11266470686623223,26.115453527573514,0.0,0.0,12.16,38.92,18.468099670410155,10.881208658218384,34.307837295532224,29.588701400756836,33.746738052368165,36.95230649350649
983,0.1951924810550712,43.72311575633595,0.0,0.0,15.0,42.0,13.326689720153809,5.4305596351623535,34.50395202636719,25.363367080688477,27.83946418762207,36.234,1,0.09357152977567613,21.53254139283165,0.0,0.0,13.6,41.0,16.798141479492188,7.388320827484131,35.9018310546875,26.015163040161134,31.75871925354004,33.9721,0.07828120026444041,16.779978639510702,0.0,0.0,13.454545454545455,42.0,16.761103196577594,8.592275467785923,35.93271255493164,25.695364518599078,32.02513521367853,32.46578787878788,0.10770835066501877,24.737107648153756,0.0,0.0,12.44,39.44,18.186739501953124,10.761109819412232,34.593864059448244,29.82328727722168,33.68819358825684,36.104218181818176
984,0.0,0.0,0.0,0.0,17.0,43.0,18.4393253326416,6.216318607330322,37.38990020751953,27.497886657714844,32.73773956298828,33.268,1,0.09235651327444235,20.270445500000854,0.0,0.0,13.8,41.8,17.390683364868163,6.136377239227295,34.96937026977539,27.459871673583983,30.809014511108398,31.028100000000002,0.07562046990161383,16.255814758033868,0.0,0.0,13.636363636363637,42.81818181818182,17.398635864257812,7.819021593440663,35.84953134710138,27.209036046808418,32.045302477749914,31.168287878787876,0.09184132507036007,21.167026889355544,0.0,0.0,12.68,40.28,17.870034408569335,10.722144746780396,34.84949310302734,30.237840194702148,33.66893714904785,35.210618181818184
985,0.07883153565757817,17.65826398729751,0.0,0.0,13.0,46.0,21.08765411376953,6.994982719421387,35.90592575073242,29.138978958129883,33.764102935791016,27.836000000000002,1,0.06826975409976295,14.87501144487267,0.0,0.0,15.2,45.0,18.28377742767334,5.307338285446167,35.279134368896486,28.88224563598633,30.95761375427246,28.850900000000003,0.06584481192443148,14.34956145248331,0.0,0.0,14.090909090909092,43.81818181818182,17.78761135448109,7.1140593832189385,35.54954043301669,28.846256256103516,31.865797909823332,31.039083333333334,0.09080186177642068,20.871749349826878,0.0,0.0,12.8,40.64,17.502079124450685,10.81855912208557,34.94997344970703,30.7767227935791,33.65145576477051,35.03596818181818
986,0.06732475378616498,12.993677480729842,0.0,0.0,13.0,44.0,19.66676902770996,4.054741859436035,32.977718353271484,30.390666961669922,29.364295959472656,27.4925,1,0.030149606342011016,6.371913936813465,0.0,0.0,15.2,46.6,19.990359497070312,5.713786554336548,35.8942138671875,30.540966415405272,32.568921661376955,27.46393333333333,0.049070376811896056,11.078546605538904,0.0,0.0,14.636363636363637,44.63636363636363,18.6343260678378,6.924702666022561,35.598815571178086,30.50638909773393,32.44621207497337,31.181515151515153,0.09250322177951346,21.006486980863684,0.0,0.0,12.96,40.72,17.21958209991455,10.975857782363892,35.235964889526365,31.509772567749025,33.7529891204834,35.25310151515151
987,0.0,0.0,0.0,0.0,18.0,50.0,18.898448944091797,3.8400886058807373,35.6181755065918,32.020328521728516,31.08246612548828,19.424,1,0.030149606342011016,6.371913936813465,0.0,0.0,14.4,47.4,20.5879207611084,6.062138891220092,35.34784698486328,32.049054336547854,32.91893844604492,25.959083333333332,0.0430286091531572,9.433407630189459,0.0,0.0,14.545454545454545,45.27272727272727,19.091106414794922,7.049993449991399,35.58578664606268,32.00507840243253,32.853485801003195,30.06972943722944,0.08711541167754021,19.734963796798,0.0,0.0,12.92,40.84,17.27432628631592,11.30576642036438,35.64453567504883,32.42633117675781,34.232313079833986,35.590923737373735
988,0.004591742266311469,1.2076282160399163,0.0,0.0,15.0,50.0,21.859600067138672,7.462800979614258,37.579349517822266,33.6569709777832,35.89600372314453,29.299166666666665,1,0.014383299210495379,2.840261139353963,0.0,0.0,15.2,47.8,20.045305252075195,5.9974130153656,34.93320236206055,33.45845947265625,32.45036735534668,27.787633333333332,0.03208008225557566,6.980937605131194,0.0,0.0,14.727272727272727,46.36363636363637,19.487987431612883,7.406900297511708,35.60264205932617,33.43489941683683,33.351408524946734,29.503495670995672,0.08759127643458257,20.124979204388318,0.0,0.0,12.92,40.68,17.44069133758545,11.618465700149535,35.96293769836426,33.53098335266113,34.65265625,36.33413008658008
989,0.0,0.0,0.0,0.0,13.0,47.0,21.42713165283203,7.958080291748047,34.65806579589844,35.038326263427734,34.487823486328125,25.74375,1,0.0009183484532623825,0.24152564320799463,0.0,0.0,16.0,48.4,20.264022064208984,7.035076665878296,35.82001953125,35.02075958251953,33.750088119506835,29.128733333333333,0.014335311250569183,3.006108900009744,0.0,0.0,14.636363636363637,46.72727272727273,19.867115887728605,8.011269244280728,35.65145007046786,34.94540908119895,34.07021973349831,29.021086580086582,0.07589226675571344,16.82341413960361,0.0,0.0,13.04,40.84,17.5782409286499,12.02031319618225,36.210744018554685,34.770680541992185,35.22606719970703,35.55517857142857
990,0.0,0.0,0.0,0.0,17.0,48.0,18.374576568603516,6.671353340148926,33.83270263671875,36.186004638671875,31.421247482299805,36.97875,1,0.0023064268625036656,0.4830512864159779,0.0,0.0,14.6,47.8,20.830060958862305,8.605590629577637,36.19572525024414,36.547235107421876,35.25216102600098,31.24050476190476,0.020646153200052253,4.091573715320832,0.0,0.0,14.454545454545455,46.36363636363637,19.934723420576617,8.783016356554898,35.7628981850364,36.45652545582164,34.701577099886805,28.60230735930736,0.07873313907581457,16.50448166403047,0.0,0.0,13.08,40.56,17.774489440917968,12.31240719795227,36.485859375,36.18731903076172,35.79216064453125,35.589984920634926
991,0.0,0.0,0.0,0.0,17.0,47.0,20.760353088378906,9.243060111999512,37.41180419921875,38.20216751098633,35.86289978027344,34.198,1,0.001388078409241372,0.24152564320799463,0.0,0.0,14.2,47.0,20.217874908447264,9.495282173156738,35.53080825805664,37.943138885498044,35.236284255981445,30.196957142857144,0.013479649958454238,2.4862769892028767,0.0,0.0,14.454545454545455,46.09090909090909,19.847688501531426,9.644556804136796,35.91546908291903,37.930401888760656,35.34735714305531,29.27994372294372,0.10888737863807413,23.666540333749825,0.0,0.0,12.84,39.72,17.725548286437988,12.648326768875123,36.58897918701172,37.65370101928711,36.14502090454101,36.416357142857144
992,0.0069403920462064155,1.2076282160399163,0.0,0.0,11.0,47.0,21.7286434173584,11.692658424377441,37.4967041015625,39.652706146240234,38.592830657958984,29.982857142857142,1,0.001388078409241372,0.24152564320799463,0.0,0.0,14.4,46.8,19.431869125366212,10.319389724731446,35.60736312866211,39.331268310546875,35.48799705505371,31.233707142857146,0.010028585452440321,1.8415764807931077,0.0,0.0,14.545454545454545,45.90909090909091,19.45567261088978,10.794237808747726,36.10133535211737,39.37311380559748,36.09479366649281,30.12460281385281,0.1081909494745017,23.552365808931537,0.0,0.0,12.72,39.24,17.606774787902832,12.937892351150513,36.50154479980469,38.9951742553711,36.34597747802734,36.85440714285714
993,0.0,0.0,0.0,0.0,13.0,46.0,18.798669815063477,11.911258697509766,34.254764556884766,40.63648986816406,35.816619873046875,24.08142857142857,1,0.015271930698104124,2.629548236892388,0.0,0.0,14.0,45.0,19.593555450439453,11.9262264251709,36.563988494873044,40.91810073852539,37.140281677246094,29.57024285714286,0.020797182207832637,3.9629900416053943,0.0,0.0,14.272727272727273,44.36363636363637,19.128819465637207,12.105048526417125,36.28137484463778,40.8532961065119,36.83455432545055,32.586966450216444,0.11388232504705245,25.02820360219679,0.0,0.0,12.64,38.56,17.561985397338866,13.320416116714478,36.51633438110352,40.24189582824707,36.73158187866211,37.53675714285715
994,0.0,0.0,0.0,0.0,14.0,46.0,17.497102737426758,12.078618049621582,35.04084014892578,41.978973388671875,35.74638748168945,30.9275,1,0.015271930698104124,2.629548236892388,0.0,0.0,13.2,44.2,19.467538833618164,13.371999931335449,36.59846878051758,42.347991180419925,38.141238403320315,29.788642857142854,0.03573128155347936,7.476166847069803,0.0,0.0,13.727272727272727,43.09090909090909,18.91805934906006,13.274820067665793,36.529693603515625,42.32202009721236,37.546618548306554,34.64219372294372,0.13368943881631348,27.781218943649364,0.0,0.0,12.36,37.56,17.179392852783202,13.801118745803834,36.45349182128906,41.40160598754883,36.85028305053711,37.74852380952381
995,0.06941926144431376,11.940112968421968,0.0,0.0,15.0,39.0,19.183008193969727,14.705536842346191,38.61582946777344,44.12016677856445,39.68267059326172,28.66142857142857,1,0.019756461132865215,3.5684169713288822,0.0,0.0,13.8,43.2,18.192728996276855,14.373714828491211,36.1035774230957,43.669549560546876,37.93989181518555,31.148821428571427,0.04699282626993653,10.133891400153695,0.0,0.0,13.545454545454545,41.54545454545455,18.809142286127265,14.531019817699086,36.87333609841087,43.775713833895594,38.375566482543945,37.556802308802304,0.14160868401883928,29.54239327197768,0.0,0.0,12.2,37.28,16.868851222991943,14.273267393112183,36.3903091430664,42.37684860229492,36.989118041992185,39.237546031746035
996,0.0,0.0,0.0,0.0,13.0,43.0,20.13027000427246,16.471927642822266,37.584205627441406,45.351619720458984,40.86768341064453,35.29,1,0.04344737399472831,8.235526805115914,0.0,0.0,14.2,40.6,17.493607902526854,15.643264389038086,36.77234649658203,45.202718353271486,38.62053451538086,35.63453571428571,0.0668350603142685,15.352398953813001,0.0,0.0,12.727272727272727,39.54545454545455,18.597684426741168,15.962699023160068,37.16930042613637,45.23276762528853,39.317723360928625,38.833431096681096,0.13619354634338673,28.367683417744317,0.0,0.0,12.04,37.16,16.68712064743042,14.714471521377563,36.33884094238281,43.21706977844238,37.225046463012696,39.03367694083694
997,0.02936304422001187,5.901971888222386,0.0,0.0,14.0,42.0,15.354594230651855,16.70123291015625,35.022247314453125,46.260498046875,37.586097717285156,36.78375,1,0.07722074100841339,16.206041420345592,0.0,0.0,13.2,38.6,17.902435111999512,17.29359836578369,37.82634963989258,46.769510650634764,40.21699905395508,39.830369047619044,0.10065775218059271,20.73020696055855,0.0,0.0,12.0,37.27272727272727,18.12982177734375,17.220241459933195,37.36218851262873,46.600678877397016,40.06868709217418,39.60958694083694,0.14010735547092262,29.048686205935564,0.0,0.0,11.76,36.8,16.28175443649292,15.165773763656617,36.31077865600586,44.01097785949707,37.3312947845459,38.5604997979798
998,0.11845456430931549,23.335549168935152,0.0,0.0,15.0,33.0,15.303064346313477,18.25900650024414,37.598609924316406,48.30233383178711,39.21983337402344,46.51,1,0.08811228709575643,19.665012843445766,0.0,0.0,12.4,36.8,18.111642265319823,18.707746505737305,37.79081039428711,48.151268768310544,41.001715087890624,45.65897222222222,0.17121990045344496,37.42199252630302,0.0,0.0,11.454545454545455,34.54545454545455,17.353649052706633,18.41744180159135,37.42167490178888,48.0002046064897,40.477292494340375,42.399832251082245,0.14966120227615426,31.68432511133731,0.0,0.0,11.64,36.28,15.700250034332276,15.630377988815308,36.3868083190918,44.74791305541992,37.23450622558594,38.943626464646464
999,0.16886683506842542,39.8525730761484,0.0,0.0,9.0,36.0,19.54123878479004,20.33028793334961,40.310855865478516,49.81293487548828,43.72871017456055,51.906666666666666,1,0.13176520199328673,31.145729461496234,0.0,0.0,11.4,33.4,17.295296287536623,19.897325897216795,37.69163131713867,49.52366409301758,41.18517303466797,48.805305555555556,0.17941276487705363,39.06875827544837,0.0,0.0,11.090909090909092,32.63636363636363,16.65617986158891,19.30415257540616,37.48458203402433,49.007197640158914,40.71393723921342,44.69708874458874,0.16087192006594428,32.61056363799672,0.0,0.0,11.32,35.4,15.158614463806153,16.36129813194275,36.677277069091794,45.57006973266601,37.424673614501955,39.97772646464646
1000,0.12387699188102892,29.234970083922825,0.0,0.0,11.0,30.0,20.22904396057129,21.776277542114258,38.438133239746094,51.02895736694336,43.60625076293945,57.80444444444444,1,0.20030251525519766,41.79651269869197,0.0,0.0,10.4,29.4,17.347150230407713,21.17228469848633,38.593896484375,50.92140274047851,42.49265365600586,49.99569841269842,0.20912214447265895,45.693949925268356,0.0,0.0,10.636363636363637,30.363636363636363,16.004330201582476,20.105103492736816,37.68446176702326,49.837176929820664,41.02048873901367,46.40277056277056,0.2011990702020743,40.39370361426981,0.47144197058759685,0.04,10.64,33.8,14.581294631958007,17.243224754333497,36.92134780883789,46.47603408813477,37.64742706298828,42.27956646464646
1001,0.21826457448765155,57.403583090252354,0.0,0.0,8.0,26.0,16.048540115356445,22.419824600219727,37.08831024169922,52.21359634399414,41.78497314453125,51.02166666666667,1,0.33323640700285073,74.09285675275076,0.0,0.0,8.4,26.2,16.92468605041504,22.492855834960938,38.704385375976564,52.270433807373045,43.2661849975586,52.828809523809525,0.2545001825707995,52.620261517338925,0.0,0.0,9.727272727272727,28.181818181818183,14.909442728215998,20.7984206459739,37.45292802290483,50.56805974786932,40.78391404585405,48.11597402597402,0.20939104219939778,42.026456755862725,0.49108538602874674,0.041666666666666664,10.458333333333334,33.125,14.278031905492147,17.650742411613464,36.89393107096354,47.01016171773275,37.72040303548177,42.82041645622895
1002,0.37204961052956637,59.15588807420105,0.0,0.0,9.0,22.0,15.613863945007324,23.076026916503906,39.533573150634766,53.24919128417969,44.12350082397461,42.73571428571428,1,0.3174873417211047,69.74522678564082,0.0,0.0,8.4,24.0,15.241740036010743,22.759813690185545,37.63156280517578,52.65052947998047,42.204385375976564,52.317726190476186,0.283446994019576,59.07540047041609,0.0,0.0,9.181818181818182,26.727272727272727,13.685730717398904,21.099972638216887,36.989799152721055,50.926051053133875,40.142337799072266,51.04738816738816,0.21849500055589335,43.85369400611763,0.5124369245517357,0.043478260869565216,10.347826086956522,32.52173913043478,13.96720148169476,18.072162503781527,36.99114260466202,47.53067630270253,37.86094997240149,43.56288021519543
1003,0.7831240230475811,184.81726943922914,0.0,0.0,5.0,17.0,13.190743446350098,24.861862182617188,38.15105438232422,55.047489166259766,43.08749008178711,60.67555555555555,1,0.35807257845523066,78.47365439846024,0.0,0.0,8.0,22.2,13.261282539367675,22.582373809814452,37.391839599609376,52.66648712158203,41.30682601928711,50.6948373015873,0.28621526628764377,59.843891153350576,0.0,0.0,8.909090909090908,26.454545454545453,13.088351726531982,21.0781026320024,36.8257082158869,50.93590545654297,39.79248116233132,50.53407205168568,0.22842659149025213,45.84704373366843,0.5357295120313601,0.045454545454545456,10.045454545454545,31.818181818181817,13.766866250471635,18.59038110212846,37.13470805775035,48.04634319652211,38.153663721951574,43.862158861340674
1004,0.09012150865969526,18.114423240598747,0.0,0.0,9.0,25.0,11.126508712768555,21.665077209472656,34.94674301147461,51.71341323852539,38.41971206665039,49.35125,1,0.4281351996624723,84.61884587664943,0.0,0.0,7.4,20.0,11.479423713684081,22.564813995361327,37.18796920776367,52.65574340820312,40.365901184082034,49.991837301587296,0.28434169027665124,59.27021120206385,0.0,0.0,8.454545454545455,26.545454545454547,12.45217951861295,21.00899973782626,36.742956681685015,50.848928624933414,39.44467336481268,48.25485127246491,0.23930404822788318,48.03023629241454,0.5612404411757106,0.047619047619047616,9.714285714285714,31.095238095238095,13.433843067714147,19.035491625467937,37.12151300339472,48.515113467261905,38.26274771917434,44.3223569023569
1005,0.3268031755516585,72.87710814801984,0.0,0.0,9.0,21.0,10.326756477355957,20.88907814025879,37.23951721191406,51.10874557495117,39.11845397949219,49.69,1,0.4174082627438674,86.98897395857895,0.0,0.0,7.0,21.0,9.690538501739502,21.90740852355957,35.779212188720706,51.863809967041014,38.303269958496095,54.95180555555555,0.2978699512511916,63.242635160808646,0.0,0.0,8.545454545454545,26.272727272727273,11.271161816336893,20.852617957375266,36.51530317826705,50.644330804998226,38.31882598183372,46.93735127246491,0.250922231036967,50.371366696233274,0.5893024632344961,0.05,9.65,30.3,13.019103050231934,19.402633285522462,37.102753448486325,48.95823383331299,38.24624357223511,45.03933189033189
1006,0.5685776805238598,88.12954048119828,0.0,0.0,5.0,15.0,7.139245986938477,22.3320255279541,36.0689582824707,52.15987777709961,37.08034896850586,47.50666666666667,1,0.2727462659681027,52.896593950833505,0.0,0.0,8.2,25.4,8.809074878692627,20.22716865539551,34.792450714111325,50.128091430664064,36.43330688476563,49.044148989898986,0.3182077427648176,63.8712415756534,0.0,0.0,8.0,25.545454545454547,9.989055980335582,20.90275140242143,36.67905807495117,50.63666048916903,37.45630142905495,46.531947232060865,0.2641286642494389,53.02249125919292,0.6203183823521011,0.05263157894736842,9.473684210526315,29.473684210526315,12.714915325767116,19.796916158575762,37.252647600675886,49.39622035779451,38.37411850377133,46.142379433432055
1007,0.31841492593654164,71.00652848384878,0.0,0.0,7.0,27.0,6.669437885284424,19.788999557495117,32.48978805541992,49.28952407836914,33.81034469604492,67.53555555555555,1,0.2742910098738431,52.67872324366999,0.0,0.0,8.4,27.2,8.244807147979737,19.393928146362306,35.140770721435544,49.25452651977539,35.82815399169922,43.461613275613274,0.39001812266623576,76.34168851352386,1.0714590240627226,0.09090909090909091,7.363636363636363,24.09090909090909,8.936048074202104,21.218063181096856,37.100115689364344,50.85991876775568,36.98960408297452,48.89088662600025,0.2788024789299633,55.96818521803697,0.6547805147049957,0.05555555555555555,9.222222222222221,28.555555555555557,12.44923824734158,20.225710497962105,37.37552579243978,49.80828963385688,38.52010356055366,46.98765051306717
1008,0.0598140391687575,14.3553694005018,0.0,0.0,11.0,39.0,8.783425331115723,16.460662841796875,33.217247009277344,46.368896484375,33.737674713134766,31.137272727272727,1,0.27246591592118524,54.81314893853424,0.0,0.0,8.6,29.6,7.489464664459229,18.938130187988282,35.2542007446289,48.54524917602539,34.27334098815918,41.006446608946604,0.39181497387990266,78.06026855745614,1.178604926468995,0.1,7.2,24.3,8.268266487121583,21.03226680755615,36.8567699432373,50.62099151611328,36.27621440887451,49.506403860028854,0.29111913878206036,58.5580718209555,0.6932970155699953,0.058823529411764705,8.882352941176471,27.941176470588236,12.053134132834042,20.550426595351276,37.30256675271427,50.142885095932904,38.451717264512006,48.06566356845768
1009,0.09784522818839757,17.025069704781178,0.0,0.0,10.0,34.0,8.305170059204102,17.49887466430664,36.6883430480957,47.34558868408203,35.39394760131836,21.43857142857143,1,0.22826891952259634,44.417168971737624,0.0,0.0,8.6,31.0,7.28679141998291,18.937274169921874,36.088296508789064,48.30219039916992,33.68096733093262,42.17411327561327,0.34833619063904947,66.19837957059248,1.3095610294099944,0.1111111111111111,7.444444444444445,25.11111111111111,7.721324602762858,20.60675621032715,36.71296056111654,50.129158443874786,35.51940600077311,48.265387004970336,0.30931408495593915,62.21795130976522,0.7366280790431201,0.0625,8.625,27.0,11.54831314086914,20.80533277988434,37.28496432304382,50.442339181900024,38.30071938037872,48.86414254148628
1010,0.31767770578836924,83.54923662234111,0.0,0.0,10.0,33.0,6.550044059753418,18.610088348388672,37.80666732788086,47.56235885620117,31.344388961791992,37.41416666666667,1,0.3662216850159381,69.13156315633333,2.357209852937987,0.2,7.4,27.6,6.845994472503662,20.157125091552736,37.93432769775391,49.37817306518555,34.24915885925293,44.06100216450216,0.3806130258864688,72.2088741118417,1.4732561580862438,0.125,7.25,25.125,7.295676589012146,20.47446608543396,36.93373775482178,49.93112659454346,35.15686774253845,48.129654130591625,0.3279774876716676,65.97234993786807,0.7857366176459948,0.06666666666666667,8.266666666666667,26.0,11.294561068216959,21.07893943786621,37.435812123616536,50.72112859090169,38.34836082458496,49.669502044252035
1011,0.34759269853091523,36.149640647215186,0.0,0.0,5.0,22.0,6.125879764556885,22.32774543762207,40.239437103271484,50.944583892822266,34.11848068237305,53.345,1,0.44282359647773323,82.82561159529122,2.946512316172484,0.25,6.5,24.75,6.361636757850647,21.0812406539917,39.11359786987305,50.130492210388184,34.37702989578247,47.29193452380952,0.3883001473628703,72.1134121066734,1.6837213235271358,0.14285714285714285,7.0,25.714285714285715,6.862665176391602,20.415235791887557,36.89005497523716,49.76289531162807,34.59092685154506,47.906747577819,0.3429434107689785,69.01783570707757,0.8418606617635659,0.07142857142857142,7.785714285714286,25.5,11.00823940549578,21.28036321912493,37.42418370928083,50.893899645124165,38.286112785339355,49.89518076169861
1012,1.0081787534032505,194.57849940682735,11.786049264689922,1.0,1.0,10.0,4.465453147888184,25.888254165649414,41.71994400024414,54.669437408447266,36.651302337646484,76.97,1,0.5578163859075118,104.75912555879457,3.928683088229979,0.3333333333333333,5.333333333333333,21.666666666666668,5.713792324066162,22.275362650553387,39.92201614379883,51.05879338582357,34.03805732727051,55.90972222222222,0.3582538918360387,69.4440573775859,1.9643415441149916,0.16666666666666666,7.333333333333333,27.5,6.816568374633789,20.095770835876465,37.02690442403158,49.36339823404948,34.176023165384926,47.973427729677724,0.35633391659209795,71.26131744791827,0.9066191742069171,0.07692307692307693,7.6923076923076925,24.692307692307693,10.35185483785776,21.35344593341534,37.20213200495793,50.97705078125,37.867451447706955,49.74045107670107
1013,,,,,,,,,,,,,0,0.6778857259670831,115.36407002702128,5.893024632344968,0.5,3.0,16.0,5.295666456222534,24.107999801635742,40.97969055175781,52.807010650634766,35.384891510009766,65.1575,0.366221685015938,69.13156315633333,2.35720985293799,0.2,7.4,27.6,6.845994472503662,20.157125091552736,37.93432769775391,49.37817306518555,34.24915885925293,44.061002164502156,0.37570532698468706,74.76351306158456,0.9821707720574935,0.08333333333333333,7.416666666666667,24.25,9.5287557442983,21.318209966023762,37.09913190205892,50.97272523244222,37.389218171437584,49.06845162938912
1014,,,,,,,,,,,,,0,1.0081787534032505,194.57849940682735,11.786049264689922,1.0,1.0,10.0,4.465453147888184,25.888254165649414,41.71994400024414,54.669437408447266,36.651302337646484,76.97,0.4428235964777332,82.8256115952912,2.9465123161724875,0.25,6.5,24.75,6.361636757850647,21.0812406539917,39.11359786987305,50.130492210388184,34.37702989578247,47.291934523809516,0.39001812266623576,76.34168851352386,1.0714590240627202,0.09090909090909091,7.363636363636363,24.09090909090909,8.936048074202104,21.218063181096856,37.100115689364344,50.85991876775568,36.98960408297452,48.89088662600025
1015,,,,,,,,,,,,,0,,,,,,,,,,,,,0.5578163859075117,104.75912555879455,3.9286830882299832,0.3333333333333333,5.333333333333333,21.666666666666668,5.713792324066162,22.275362650553387,39.92201614379883,51.05879338582357,34.03805732727051,55.90972222222221,0.39181497387990266,78.06026855745614,1.1786049264689922,0.1,7.2,24.3,8.268266487121583,21.03226680755615,36.8567699432373,50.62099151611328,36.27621440887451,49.50640386002885
1016,,,,,,,,,,,,,0,,,,,,,,,,,,,0.677885725967083,115.36407002702128,5.893024632344975,0.5,3.0,16.0,5.295666456222534,24.107999801635742,40.97969055175781,52.807010650634766,35.384891510009766,65.15749999999997,0.34833619063904947,66.19837957059248,1.3095610294099913,0.1111111111111111,7.444444444444445,25.11111111111111,7.721324602762858,20.60675621032715,36.71296056111654,50.129158443874786,35.51940600077311,48.26538700497033
1017,,,,,,,,,,,,,0,,,,,,,,,,,,,1.0081787534032505,194.57849940682735,11.786049264689922,1.0,1.0,10.0,4.465453147888184,25.888254165649414,41.71994400024414,54.669437408447266,36.651302337646484,76.97,0.3806130258864688,72.20887411184168,1.4732561580862402,0.125,7.25,25.125,7.295676589012146,20.47446608543396,36.93373775482178,49.93112659454346,35.15686774253845,48.12965413059162
1018,,,,,,,,,,,,,0,,,,,,,,,,,,,,,,,,,,,,,,,0.4459955090045961,74.147455119796,1.4732561580862402,0.125,6.75,24.125,8.20958924293518,22.408389568328857,35.82204580307007,51.36586236953735,35.920774698257446,50.82777913059163
1019,,,,,,,,,,,,,0,,,,,,,,,,,,,,,,,,,,,,,,,0.46840445006833187,85.19281422614173,1.4732561580862402,0.125,6.75,23.625,9.382012128829956,23.83816170692444,34.962347745895386,52.45968532562256,36.71675753593445,53.57180690836941
1020,,,,,,,,,,,,,0,,,,,,,,,,,,,,,,,,,,,,,,,0.44816417369903805,78.84044319474846,1.4732561580862402,0.125,7.25,22.75,10.323800384998322,25.329312086105347,34.09493541717529,53.55116319656372,37.466192960739136,53.015112463924964
1021,,,,,,,,,,,,,0,,,,,,,,,,,,,,,,,,,,,,,,,0.48561880570590876,84.7742205669958,1.4732561580862402,0.125,7.0,20.125,11.332541406154633,27.23467993736267,33.020967960357666,54.93387985229492,38.614468812942505,56.99170337301587
1022,,,,,,,,,,,,,0,,,,,,,,,,,,,,,,,,,,,,,,,0.5264248603083018,89.48782220214477,1.4732561580862402,0.125,6.75,18.0,12.477623403072357,28.8916757106781,31.894692420959473,56.22345733642578,39.666191816329956,63.051381944444444
1023,,,,,,,,,,,,,0,,,,,,,,,,,,,,,,,,,,,,,,,0.528952595688109,89.01220549474353,1.4732561580862402,0.125,7.125,17.0,12.880331575870514,30.026890516281128,30.493672609329224,57.1478967666626,40.579028606414795,66.81988888888888
1024,,,,,,,,,,,,,0,,,,,,,,,,,,,,,,,,,,,,,,,0.522971551894324,94.34759586027998,1.4732561580862402,0.125,8.125,17.625,13.934000253677368,30.594239950180054,28.359394073486328,57.38546705245972,41.11763000488281,67.8867638888889
1025,,,,,,,,,,,,,0,,,,,,,,,,,,,0.8498630404966774,88.38575621165445,0.0,0.0,5.0,13.0,17.638057708740234,36.36046600341797,28.34598159790039,62.586631774902344,45.22970962524414,71.275,0.4680231600171002,87.08303198599037,0.0,0.0,9.0,18.625,15.681725144386292,30.759554147720337,26.249440670013428,57.19837236404419,41.82443332672119,67.80903661616162
1026,,,,,,,,,,,,,0,,,,,,,,,,,,,0.7988561247652115,132.4390847718092,0.0,0.0,5.0,12.0,17.078343391418457,35.06533432006836,28.768677711486816,61.7485466003418,44.33896064758301,70.36694444444444,0.4522351680053113,86.09863906072923,0.0,0.0,8.88888888888889,19.11111111111111,15.569310082329643,30.172851350572373,26.392183939615887,56.71192169189453,41.7119632297092,66.82379012345679
1027,,,,,,,,,,,,,0,,,,,,,,,,,,,0.5847349881708713,95.02190992544035,0.0,0.0,7.0,14.666666666666666,16.12014357248942,33.94962374369303,27.695948282877605,60.50614674886068,42.82791646321615,67.93862962962963,0.41241138721115655,78.90890572433328,0.0,0.0,9.3,20.3,15.051090717315674,29.37034797668457,26.317065811157228,55.987975692749025,41.12075347900391,65.35357777777777
1028,,,,,,,,,,,,,0,0.8498630404966774,88.38575621165445,0.0,0.0,5.0,13.0,17.638057708740234,36.36046600341797,28.34598159790039,62.586631774902344,45.22970962524414,71.275,0.5284140149340844,86.72282953870038,0.0,0.0,7.5,15.5,16.303446054458618,33.38811922073364,26.928338050842285,59.73726749420166,42.85190773010254,66.69147222222222,0.410510382102458,77.25196441370282,0.0,0.0,9.090909090909092,20.636363636363637,15.249214952642268,28.748230153864082,26.040541908957742,55.28925808993253,40.80735605413263,64.13279797979799
1029,,,,,,,,,,,,,0,0.7988561247652117,132.43908477180923,0.0,0.0,5.0,12.0,17.078343391418457,35.06533432006836,28.768677711486816,61.7485466003418,44.33896064758301,70.36694444444444,0.507589944948776,80.32504018815489,0.0,0.0,7.6,15.8,16.535922050476074,32.86146354675293,27.07829818725586,59.32225570678711,43.04307250976562,67.33637777777778,0.3962609837294811,74.70646173899537,0.0,0.0,9.0,20.5,15.597315231959024,28.262224833170574,26.07480255762736,54.77240308125814,40.86888281504313,64.57308564814815
1030,0.8498630404966774,88.38575621165445,0.0,0.0,5.0,13.0,17.638057708740234,36.36046600341797,28.34598159790039,62.586631774902344,45.22970962524414,71.275,1,0.5847349881708716,95.02190992544037,0.0,0.0,7.0,14.666666666666666,16.12014357248942,33.94962374369303,27.695948282877605,60.50614674886068,42.82791646321615,67.93862962962963,0.47930821892845116,80.22825065065093,0.0,0.0,8.5,17.333333333333332,15.40855328241984,31.99985408782959,26.99833329518636,58.59485880533854,42.310407638549805,67.37401851851853,0.36997010944509,69.78538658617896,0.0,0.0,9.0,21.53846153846154,15.660245528587929,27.688403643094578,26.279879349928635,54.28527215810922,40.65995759230394,63.56188675213676
1031,0.7478492090337456,176.49241333196397,0.0,0.0,5.0,11.0,16.51862907409668,33.77020263671875,29.191373825073242,60.91046142578125,43.448211669921875,69.45888888888888,1,0.5284140149340845,86.72282953870038,0.0,0.0,7.5,15.5,16.303446054458618,33.38811922073364,26.928338050842285,59.73726749420166,42.85190773010254,66.69147222222222,0.4536562373930487,80.02889535363035,0.0,0.0,9.142857142857142,18.714285714285715,15.286649840218681,31.266523633684432,26.4507440839495,57.773471287318635,41.755676814488005,66.58915873015873,0.3548861889681331,67.34143968002071,0.0,0.0,9.0,22.5,15.852739810943604,27.04398454938616,26.501360075814382,53.67223957606724,40.4791191646031,63.498984126984126
1032,0.15649271498219108,20.18756023270265,0.0,0.0,11.0,20.0,14.203743934631348,31.718202590942383,25.55048942565918,58.02134704589844,39.80582809448242,63.081999999999994,1,0.5075899449487761,80.3250401881549,0.0,0.0,7.6,15.8,16.535922050476074,32.86146354675293,27.07829818725586,59.32225570678711,43.04307250976562,67.33637777777778,0.4680231600171002,87.08303198599037,0.0,0.0,9.0,18.625,15.681725144386292,30.759554147720337,26.249440670013428,57.19837236404419,41.82443332672119,67.80903661616162,0.34031942660795267,64.62501216436988,0.0,0.0,8.933333333333334,22.6,16.28536345163981,26.698740259806314,26.7765443166097,53.28507817586263,40.67904917399088,63.10180185185185
1033,0.3594510952237234,61.82558837848043,0.0,0.0,9.0,18.0,16.85335350036621,31.70360565185547,24.625507354736328,57.43062973022461,42.92388153076172,62.949999999999996,1,0.40519725461480605,78.59674953845025,0.0,0.0,9.2,18.2,14.962652397155761,31.127731704711913,26.728803634643555,57.796504211425784,41.72654724121094,66.59382222222223,0.4522351680053113,86.09863906072923,0.0,0.0,8.88888888888889,19.11111111111111,15.569310082329643,30.172851350572373,26.392183939615887,56.71192169189453,41.7119632297092,66.82379012345679,0.3193342510914959,60.654298179266426,0.0,0.0,9.0,23.0,16.568527400493622,26.42232918739319,27.24738299846649,53.01607823371887,40.92992901802063,61.96867787247474
1034,0.42429366500754245,54.73388278597297,0.0,0.0,8.0,17.0,17.4658260345459,30.754840850830078,27.678138732910156,57.662208557128906,43.80773162841797,69.91600000000001,1,0.3155762824441837,59.06481958635881,0.0,0.0,10.8,21.4,14.56997241973877,29.74699935913086,25.52357063293457,56.183441162109375,40.72236328125,65.07804444444444,0.41241138721115655,78.90890572433328,0.0,0.0,9.3,20.3,15.051090717315674,29.37034797668457,26.317065811157228,55.987975692749025,41.12075347900391,65.35357777777777,0.3008124958861292,57.149425287783856,0.0,0.0,9.117647058823529,23.823529411764707,16.895882718703326,26.048967473647174,27.65871306026683,52.587955474853516,41.01653603946461,61.023301099227574
1035,0.33789958882682697,79.74430296313116,0.0,0.0,13.0,25.0,9.771709442138672,27.69180679321289,26.598508834838867,54.9578742980957,38.6470832824707,67.56222222222223,1,0.3979960631248376,82.31970522232038,0.0,0.0,10.2,21.0,15.418674087524414,28.84551239013672,25.381536102294923,55.213707733154294,41.22234344482422,67.73128080808081,0.4105103821024581,77.25196441370282,0.0,0.0,9.090909090909092,20.636363636363637,15.249214952642268,28.748230153864082,26.040541908957742,55.28925808993253,40.80735605413263,64.13279797979799,0.2974557133405688,57.12624259266175,0.0,0.0,9.055555555555555,23.666666666666668,17.398139582739937,25.864908112419975,27.987578603956436,52.26437568664551,41.24526744418674,60.81731523569023
1036,0.29974434818063406,78.83276357150676,0.0,0.0,13.0,27.0,14.555229187011719,26.866540908813477,23.16520881652832,52.84514617919922,38.42729187011719,61.879999999999995,1,0.3912920904622931,85.59928667835233,0.0,0.0,10.0,22.0,14.982001304626465,27.60063705444336,25.963260650634766,54.29164505004883,40.80000762939453,66.92964444444445,0.3550244331142815,73.46288951420819,0.0,0.0,9.363636363636363,21.181818181818183,15.41179318861528,27.52602109042081,25.868331735784356,54.06201865456321,40.472444014115766,63.96382070707071,0.3030230382991941,57.769935122488256,0.0,0.0,8.894736842105264,23.42105263157895,18.101535345378675,25.886022065815173,28.420115119532536,52.11670564350329,41.720991034256784,60.48174225336068
1037,0.5685916183854606,136.46198841251055,0.0,0.0,8.0,18.0,18.44725227355957,27.21076774597168,24.840316772460938,53.17267990112305,42.305728912353516,76.34818181818183,1,0.3172328294735372,77.49277126051169,0.0,0.0,11.0,24.8,13.566259384155273,25.87923240661621,25.555833435058595,52.65369567871094,39.19843444824219,63.37077777777779,0.29199083393234065,58.39380509788255,0.0,0.0,9.727272727272727,23.272727272727273,15.402409553527832,26.347143520008434,25.82737055691806,52.92831316861239,39.99104794588956,62.32460353535353,0.3199931216026524,62.04447382007106,0.0,0.0,8.7,22.75,18.750627851486207,25.984722423553468,28.694837284088134,52.02689895629883,42.15941467285156,61.53204402958153
1038,0.32593123191100065,78.22349565864016,0.0,0.0,8.0,23.0,14.669989585876465,25.479228973388672,27.534130096435547,52.820316314697266,40.81220245361328,58.94181818181817,1,0.32795297791126643,73.68042092936511,0.0,0.0,9.8,24.6,15.05800895690918,24.846281433105467,24.8911922454834,51.32253723144531,39.00369415283203,60.24333333333334,0.29220015282193174,59.79222052217899,0.0,0.0,9.545454545454545,24.636363636363637,15.7798115123402,25.160628405484285,26.175563292069867,51.808446710759945,39.83853808316317,62.28817171717173,0.3374987320557779,65.54042056198685,0.0,0.0,8.571428571428571,22.238095238095237,19.156341688973562,26.03943852015904,28.773276828584216,51.920769282749724,42.36643654959543,62.12611336150621
1039,0.053997360063763336,14.201305696769758,0.0,0.0,13.0,31.0,10.387116432189941,22.147817611694336,25.641002655029297,49.47246170043945,35.79986572265625,52.12166666666667,1,0.3159076286004866,67.25505467850643,0.0,0.0,8.8,23.0,16.032246780395507,24.056206512451173,25.54848442077637,50.57090759277344,39.62737121582031,61.75058333333334,0.27192139448935937,56.58944221006788,0.0,0.0,9.454545454545455,25.181818181818183,16.2787879597057,24.266238819469105,26.721346595070578,50.93882751464844,39.88891878995028,61.796467171717175,0.3374987320557779,65.54042056198685,0.0,0.0,8.571428571428571,22.238095238095237,19.156341688973562,26.03943852015904,28.773276828584216,51.920769282749724,42.36643654959543,62.12611336150621
1040,0.39150033101547305,60.68255130739832,0.0,0.0,7.0,24.0,17.230457305908203,22.52705192565918,23.27530288696289,48.30208206176758,37.67338180541992,51.925000000000004,1,0.21308522852987372,42.10915394648073,0.0,0.0,9.0,26.2,15.625878143310548,22.77456283569336,26.328581237792967,49.62431182861328,38.79679641723633,56.76644696969697,0.2337634811563686,51.71305181158985,0.0,0.0,9.636363636363637,26.272727272727273,16.58334801413796,23.49544993313876,27.32423973083496,50.149633927778765,39.96940924904563,59.52881427915519,0.3374987320557779,65.54042056198685,0.0,0.0,8.571428571428571,22.238095238095237,19.156341688973562,26.03943852015904,28.773276828584216,51.920769282749724,42.36643654959543,62.12611336150621
1041,0.23951760162673494,46.70593231721331,0.0,0.0,8.0,19.0,19.42641830444336,22.916166305541992,26.451669692993164,49.086997985839844,41.545677185058594,69.41625,1,0.17965802670121236,33.578480794745374,0.0,0.0,9.2,28.6,16.36291332244873,21.412024307250977,26.69787712097168,48.200811767578124,38.25999984741211,57.51433333333333,0.20345119240849902,44.56097508985635,0.0,0.0,9.454545454545455,27.363636363636363,17.7071533203125,22.803029320456766,28.01892020485618,49.311462749134414,40.310787894509055,57.55927341597796,0.3374987320557779,65.54042056198685,0.0,0.0,8.571428571428571,22.238095238095237,19.156341688973562,26.03943852015904,28.773276828584216,51.920769282749724,42.36643654959543,62.12611336150621
1042,0.0544796180323962,10.732484752382051,0.0,0.0,9.0,34.0,16.415409088134766,20.802549362182617,28.740800857543945,48.439701080322266,38.152854919433594,51.427499999999995,1,0.19613550540154506,36.05722504444308,0.0,0.0,8.2,27.2,18.753908920288087,21.355524826049805,27.69550132751465,47.87928314208985,39.795640563964845,58.59825000000001,0.19805537985262703,42.55182719931809,0.0,0.0,9.0,26.818181818181817,18.74181487343528,22.427516417069867,28.96556420759721,48.75858757712624,40.92046148126776,57.144323921028466,0.3374987320557779,65.54042056198685,0.0,0.0,8.571428571428571,22.238095238095237,19.156341688973562,26.03943852015904,28.773276828584216,51.920769282749724,42.36643654959543,62.12611336150621
1043,0.15879522276769373,35.5701298999634,0.0,0.0,9.0,35.0,18.355165481567383,18.666536331176758,29.3806095123291,45.702816009521484,38.12821960449219,62.68125,1,0.11874676286737929,24.13943246350633,0.0,0.0,8.8,28.2,19.471014785766602,21.305347061157228,29.902433395385742,48.01508255004883,41.199589538574216,57.20761363636363,0.18302294977708058,36.45131922175945,0.0,0.0,8.818181818181818,26.90909090909091,19.861397309736773,22.34163509715687,29.998787446455523,48.42094802856445,41.64576027610085,55.15280089859635,0.31188051663373295,64.39815377950347,0.0,0.0,8.75,22.7,19.23225588798523,25.523387145996093,28.79464159011841,51.38747615814209,42.22327289581299,61.66866902958152
1044,0.1363847535654269,26.595026945258248,0.0,0.0,8.0,24.0,22.34209442138672,21.865320205688477,30.62912368774414,47.86481857299805,43.47806930541992,57.54125,1,0.07173612506208456,15.012537804876217,0.0,0.0,9.4,31.8,20.012444686889648,20.737149810791017,31.460098266601562,47.34528121948242,41.37090377807617,52.503818181818176,0.21179508363684052,42.36379316862346,0.0,0.0,8.545454545454545,25.727272727272727,21.353524208068848,22.55807148326527,30.578826384110883,48.19369853626598,42.52551130814986,57.202433589138145,0.28893479598110067,58.498455908321326,0.0,0.0,8.947368421052632,23.31578947368421,19.3750783518741,25.089344225431745,28.773760946173418,50.88626640721371,42.15880243401779,61.25865745803903
1045,0.004556618344644197,1.0935884027146072,0.0,0.0,10.0,29.0,20.81598663330078,22.27616310119629,34.30996322631836,48.9810791015625,44.6931266784668,44.97181818181818,1,0.10891828346881374,24.21246820951699,0.0,0.0,9.2,29.2,21.916664123535156,21.123819732666014,32.42759666442871,47.01004486083984,42.76707305908203,53.681429292929295,0.2693963182781609,53.387252232581,0.0,0.0,7.909090909090909,24.0,22.88838802684437,23.01133901422674,31.006195935336027,48.223308910023086,43.498875704678625,59.19205480125935,0.296292689369929,60.62683900141125,0.0,0.0,8.833333333333334,23.5,19.66237470838759,24.72107431623671,28.952831586201984,50.489873038397896,42.28952323065864,61.15736065015231
1046,0.0044644126002613355,1.0714590240627204,0.0,0.0,11.0,37.0,22.133567810058594,20.075180053710938,34.239994049072266,45.73799133300781,42.40224838256836,45.89727272727273,1,0.15780621642616502,30.969722361397395,0.0,0.0,8.6,26.0,24.398162841796875,22.643727111816407,33.79262924194336,47.76121063232422,45.19823226928711,52.033465007215,0.25718591700442966,52.65772232509926,0.0,0.0,8.0,24.0,23.454181098937987,23.059767723083496,31.77928524017334,48.21543159484863,44.08142509460449,59.918760281385275,0.2925774890255881,60.5563243321719,0.0,0.0,8.823529411764707,23.823529411764707,19.827611250035904,24.31033717884737,29.207380070405847,50.081593232996326,42.252208036534924,61.05191127663186
1047,0.24039041006604203,56.73213677558592,0.0,0.0,8.0,21.0,25.936506271362305,22.735898971557617,33.57829284667969,46.763519287109375,45.13370132446289,57.31555555555556,1,0.2590142065867516,54.30285878717459,0.0,0.0,8.0,23.2,26.146421051025392,23.84266891479492,34.44971618652344,48.25236129760742,46.600511169433595,56.822770562770565,0.25914906315750685,53.319032325975485,0.0,0.0,8.0,24.555555555555557,23.90171029832628,23.07572343614366,32.37124252319336,48.118590884738495,44.36317486233182,58.86348364598364,0.32243717697786606,70.27376493336872,0.0,0.0,8.588235294117647,23.352941176470587,20.65296958474552,24.30845541112563,29.70757506875431,49.896437027875116,42.827709422392005,60.19678709362534
1048,0.4032348875544502,69.35640065936543,0.0,0.0,6.0,19.0,30.762659072875977,26.26607322692871,36.205772399902344,49.45864486694336,50.28401565551758,54.44142857142857,1,0.39562507114148027,81.17601218669219,0.0,0.0,7.2,19.8,27.437347412109375,24.814188385009764,33.65613708496094,48.41578063964844,46.963260650634766,62.62990692640693,0.2847327437981457,58.64235077267466,0.0,0.0,7.875,23.375,24.83749794960022,23.359870195388794,32.825047731399536,48.07845211029053,45.13946485519409,59.7929816017316,0.3195939792239753,70.25003371206263,0.0,0.0,8.352941176470589,22.941176470588236,21.564162198235007,24.372744279749252,30.361314436968634,49.81466944077436,43.48828012803022,58.67179006451065
1049,0.6424247043683599,143.26070907414424,0.0,0.0,5.0,10.0,31.083385467529297,27.860029220581055,33.91455841064453,50.32057189941406,50.489463806152344,81.48777777777778,1,0.49341523577678503,101.20215047734956,0.0,0.0,6.25,15.5,28.76329231262207,25.998940467834473,33.510172843933105,49.085227966308594,48.10351371765137,66.81306547619049,0.3027238182310675,61.93838232591912,0.0,0.0,7.714285714285714,21.714285714285715,25.763545445033483,24.0303464617048,33.31711033412388,48.417828696114675,46.14107131958008,59.3803718305504,0.3301086763197185,70.08814042023958,0.0,0.0,7.823529411764706,22.41176470588235,22.56161611220416,24.533585716696347,31.42446304770077,49.905976463766656,44.38881099925322,57.854731240981245
1050,0.6876109411182876,135.45935540030266,0.0,0.0,6.0,12.0,27.270618438720703,27.133760452270508,30.34206771850586,49.79817581176758,46.506874084472656,74.00750000000001,1,0.5777568443470327,116.02548837793745,0.0,0.0,5.666666666666667,13.666666666666666,29.705554326375324,27.086620966593426,33.487466176350914,49.859130859375,49.093451182047524,69.97890211640212,0.33044699567534086,67.82894155602928,0.0,0.0,7.666666666666667,21.333333333333332,26.33378728230794,24.39118417104085,33.76510810852051,48.509997049967446,46.58490498860677,59.68689213564213,0.3249885744419977,67.75458387710987,0.0,0.0,7.705882352941177,22.470588235294116,23.38454583111931,24.579385981840247,32.44572796541102,49.83267167035271,45.08392019832836,56.49167642814702
1051,,,,,,,,,,,,,0,0.6650178227433239,139.36003223722346,0.0,0.0,5.5,11.0,29.177001953125,27.49689483642578,32.128313064575195,50.05937385559082,48.4981689453125,77.7476388888889,0.3956250711414802,81.1760121866922,0.0,0.0,7.2,19.8,27.437347412109375,24.814188385009764,33.65613708496094,48.41578063964844,46.963260650634766,62.62990692640692,0.33058300588120476,68.03227257815288,0.0,0.0,7.705882352941177,22.176470588235293,24.341378548566034,24.66763260785271,33.36747259252212,49.80352715884938,45.818321228027344,55.928040064510654
1052,,,,,,,,,,,,,0,0.6876109411182876,135.45935540030266,0.0,0.0,6.0,12.0,27.270618438720703,27.133760452270508,30.34206771850586,49.79817581176758,46.506874084472656,74.00750000000001,0.49341523577678487,101.20215047734958,0.0,0.0,6.25,15.5,28.76329231262207,25.998940467834473,33.510172843933105,49.085227966308594,48.10351371765137,66.81306547619047,0.3285372197567077,67.44900966047531,0.0,0.0,7.647058823529412,22.0,25.313570246976965,24.84491022895364,34.27176408206715,49.94903542013729,46.54428459616268,55.98545836516425
1053,,,,,,,,,,,,,0,,,,,,,,,,,,,0.5777568443470326,116.02548837793745,0.0,0.0,5.666666666666667,13.666666666666666,29.705554326375324,27.086620966593426,33.487466176350914,49.859130859375,49.093451182047524,69.97890211640211,0.32580064625767235,67.36981934965671,0.0,0.0,7.705882352941177,21.705882352941178,25.852869146010455,25.06727835711311,35.43018935708439,50.29030429615694,47.37651600557215,56.17676088617265
1054,,,,,,,,,,,,,0,,,,,,,,,,,,,0.753981335227638,166.2168124935886,0.0,0.0,5.0,10.333333333333334,29.950307210286457,28.572213490804035,33.47935994466146,51.54443359375,50.19586435953776,70.29138888888889,0.3150036092535339,65.26439713384968,0.0,0.0,7.882352941176471,21.823529411764707,26.044242410098803,25.28226930954877,36.381370544433594,50.66234655941234,47.7772284115062,56.346246180290294
1055,,,,,,,,,,,,,0,,,,,,,,,,,,,0.6363615094417465,144.91020020251645,0.0,0.0,6.333333333333333,13.0,28.00984001159668,28.880442937215168,34.745199839274086,52.626851399739586,49.99163818359375,57.00788720538721,0.35565064077240166,69.1936528543406,0.0,0.0,7.647058823529412,20.705882352941178,26.608032675350415,25.830204122206744,37.28274457594927,51.28735216926126,48.587555829216456,57.018157944996176
1056,,,,,,,,,,,,,0,,,,,,,,,,,,,0.5666559286717402,125.11727427258712,0.0,0.0,5.666666666666667,15.0,29.42361577351888,29.702804565429688,38.37742233276367,54.15991465250651,52.4014523824056,48.33538720538721,0.3934426944416385,77.61193992712349,0.0,0.0,7.411764705882353,19.352941176470587,26.879852182724896,26.558799070470474,38.26198959350586,52.15950348797966,49.356969945571,58.31161382734912
1057,,,,,,,,,,,,,0,0.9319083601962665,219.93037300631892,0.0,0.0,4.0,9.0,31.496917724609375,30.722850799560547,36.181453704833984,54.51455307006836,53.59125518798828,55.378888888888895,0.5453794181198567,118.0358374992667,0.0,0.0,5.75,16.0,30.176976203918457,29.274446487426758,39.33352184295654,53.60156059265137,52.831735610961914,49.54560290404041,0.41683057335775964,81.45013455175486,0.0,0.0,7.235294117647059,18.58823529411765,27.036303576301126,27.04668347975787,39.27622065824621,52.82949021283318,49.82818020091337,59.16540584415584
1058,,,,,,,,,,,,,0,0.6107367936034762,149.63562260362337,0.0,0.0,6.5,13.5,28.379450798034668,29.7537841796875,36.9467658996582,54.041189193725586,51.7340202331543,48.508080808080805,0.5205108477713896,111.01751071468769,0.0,0.0,6.2,16.4,30.328810119628905,28.815441513061522,40.107575225830075,53.34622039794922,52.92479248046875,49.50848232323232,0.4402949239494395,83.85397406653243,0.0,0.0,7.0588235294117645,17.647058823529413,27.489721410414752,27.502240573658664,40.0529125438017,53.38187273810892,50.34860812916475,60.538387127578304
1059,0.9319083601962665,219.93037300631892,0.0,0.0,4.0,9.0,31.496917724609375,30.722850799560547,36.181453704833984,54.51455307006836,53.59125518798828,55.378888888888895,1,0.5666559286717403,125.11727427258715,0.0,0.0,5.666666666666667,15.0,29.42361577351888,29.702804565429688,38.37742233276367,54.15991465250651,52.4014523824056,48.33538720538721,0.43696220580071016,93.22889827828153,0.0,0.0,7.166666666666667,18.333333333333332,29.759737650553387,28.20645745595296,40.25863901774088,53.11286735534668,52.12753423055013,50.10669823232323,0.45987137209334045,88.21505759002208,0.0,0.0,6.823529411764706,16.529411764705884,27.654640534344843,27.9129243738511,40.801013722139245,53.937649221981275,50.81911378748276,61.99985474492828
1060,0.2895652270106853,79.34087220092778,0.0,0.0,9.0,18.0,25.26198387145996,28.784717559814453,37.71207809448242,53.56782531738281,49.87678527832031,41.63727272727272,1,0.5453794181198568,118.03583749926673,0.0,0.0,5.75,16.0,30.176976203918457,29.274446487426758,39.33352184295654,53.60156059265137,52.831735610961914,49.54560290404041,0.42382168804801906,88.38710081331018,0.0,0.0,7.285714285714286,18.428571428571427,29.27956635611398,27.935150691441127,40.64576666695731,53.254408155168804,52.08378873552595,50.83104746444032,0.47479068877668323,90.6026790947244,0.0,0.0,6.823529411764706,16.705882352941178,27.747711069443646,28.05525431913488,41.4856518016142,54.27445512659409,51.16904516781078,61.65217500636618
1061,0.4784941988082687,76.08057761051472,0.0,0.0,4.0,18.0,31.511945724487305,29.600845336914062,41.23873519897461,54.39736557006836,53.7363166809082,47.99,1,0.5205108477713896,111.0175107146877,0.0,0.0,6.2,16.4,30.328810119628905,28.815441513061522,40.107575225830075,53.34622039794922,52.92479248046875,49.50848232323232,0.3778399736115642,78.70293254270818,0.0,0.0,7.75,18.75,28.454591035842896,27.764633417129517,40.89276456832886,53.52407169342041,51.61803865432739,53.51435403138528,0.4514792478644336,86.59392777452878,0.0,0.0,7.0588235294117645,17.41176470588235,27.370235330918256,27.786970026352826,41.81118415383732,54.27861337100758,50.91224894804113,61.07536828367711
1062,0.4815498864642062,96.79152717930545,0.0,0.0,6.0,19.0,32.43705749511719,27.98937225341797,42.201820373535156,51.92649841308594,54.12258529663086,53.17625,1,0.33797297492159895,67.88860333267408,0.0,0.0,7.8,20.2,29.41230163574219,27.703178787231444,41.074076080322264,52.83253021240235,51.8347900390625,49.052260101010106,0.41868877141618477,78.57258803804366,0.0,0.0,7.444444444444445,18.333333333333332,28.181841320461697,28.02605650160048,41.2451417711046,54.139707777235245,51.65252558390299,54.55164802789803,0.41368955937217716,78.1668272407556,0.0,0.0,7.411764705882353,18.941176470588236,27.10015162299661,27.399949690874884,42.21605143827551,54.12731036017923,50.64442780438591,58.65549900263136
1063,0.4210365663775206,82.94420357637156,0.0,0.0,8.0,18.0,30.936145782470703,26.979421615600586,43.20378875732422,52.324859619140625,53.297019958496094,49.36,1,0.34905564582583637,63.88769209718494,0.0,0.0,7.6,20.4,29.6396125793457,27.207697296142577,42.12536697387695,52.93969573974609,52.22369613647461,51.76023412698413,0.4569459077890383,88.58343024796656,0.0,0.0,7.2,17.7,27.661266899108888,28.328715896606447,41.723405075073245,54.77867584228515,51.60809898376465,57.56348322510822,0.37985615712572157,71.47518979751477,0.0,0.0,7.588235294117647,19.647058823529413,27.258537629071405,27.176198959350586,42.93172208000632,54.02208462883444,50.86866558299345,57.50388135557254
1064,0.01921899594731337,4.285836096250882,0.0,0.0,12.0,28.0,26.91437530517578,25.161537170410156,41.01395797729492,51.946102142333984,48.14124298095703,53.09777777777778,1,0.26455040057545864,50.854327504780834,0.0,0.0,9.0,21.0,27.873176193237306,26.601730728149413,42.40196990966797,53.14256591796875,51.14799041748047,56.62173412698413,0.46394888845726073,88.87987618578701,0.0,0.0,7.0,17.09090909090909,27.41949428211559,28.49513764814897,42.28228204900568,55.185577392578125,51.59723940762606,58.88095877607241,0.3657875424627893,69.16448914173806,0.0,0.0,7.722222222222222,19.88888888888889,27.368755340576172,26.96058506435818,42.79188092549642,53.61201625400119,50.78577211168077,56.59891263828764
1065,0.3449785815318723,59.33631602348203,0.0,0.0,8.0,19.0,26.39853858947754,26.307310104370117,42.96853256225586,54.10365295410156,51.82131576538086,55.17714285714286,1,0.3173362540532473,47.001988469065246,0.0,0.0,8.8,20.2,26.58573341369629,27.027344512939454,42.774437713623044,54.57022552490234,50.70915756225586,58.55648412698413,0.4159072719306185,72.70064774466101,0.0,0.0,7.2727272727272725,17.454545454545453,27.14923719926314,28.43129972978072,43.3124885559082,55.53621638904918,51.59261634133079,60.05674160435524,0.3763766775492413,68.62772841569706,0.0,0.0,7.684210526315789,19.789473684210527,27.713384929456208,26.882390875565378,42.8352629009046,53.27327286569696,50.842288770173724,56.44896986785145
1066,0.05596797255638044,10.913754648494185,0.0,0.0,11.0,21.0,22.679763793945312,26.571012496948242,42.62174987792969,55.41171646118164,48.3577880859375,72.2975,1,0.3933809678066872,66.14934978124546,0.0,0.0,8.2,19.0,24.993723678588868,27.841990280151368,43.33923492431641,56.2111312866211,50.291405487060544,65.61848412698413,0.42024352684297245,72.32510290124821,0.0,0.0,7.090909090909091,17.454545454545453,27.11971074884588,28.274216738614168,44.15300091830167,55.68334059281783,51.64025809548118,62.70264610389611,0.3806451420795451,71.52226175864006,0.0,0.0,7.6,19.65,27.794849586486816,26.705497837066652,42.914832496643065,52.85068588256836,50.86847743988037,57.673566829004336
1067,0.7454791538531494,77.52983200072754,0.0,0.0,5.0,15.0,25.99984359741211,30.117441177368164,44.06415939331055,59.064796447753906,51.92842102050781,62.85,1,0.4963329076451216,83.66104967479357,0.0,0.0,6.8,15.6,24.611202239990234,28.84155387878418,44.710653686523436,57.67282943725586,50.96088562011719,69.41007142857144,0.4216548536497543,74.25611424170371,0.0,0.0,7.454545454545454,18.0,26.75668889825994,27.87009516629306,44.514674100008875,55.5098727833141,51.39900519631126,63.01310064935065,0.3627835448929452,68.16746162842209,0.0,0.0,7.761904761904762,20.19047619047619,27.83508963811965,26.37698218936012,42.872063228062224,52.380451020740324,50.65460168747675,56.989646980004125
1068,0.8012601351447202,178.6810101372726,0.0,0.0,5.0,12.0,22.976097106933594,31.052650451660156,46.027774810791016,60.529388427734375,51.20825958251953,84.67,1,0.5080273070193875,80.18555850088377,0.0,0.0,6.6,14.4,25.03631248474121,29.58421859741211,45.61969223022461,58.526415252685545,51.30470275878906,72.03714285714287,0.3785085359753907,65.56666888140686,0.0,0.0,7.818181818181818,19.09090909090909,26.021099263971504,27.298810438676313,44.472674283114344,55.29194883866744,50.65317743474787,62.23668831168831,0.35086773306462915,66.16678447807556,0.0,0.0,7.818181818181818,20.545454545454547,27.878041874278676,26.03027699210427,42.71286669644442,51.84553146362305,50.42996094443581,56.21809277843369
1069,0.5339786951394851,91.84433556399145,0.0,0.0,5.0,11.0,25.001768112182617,30.15935516357422,47.87105178833008,59.25459289550781,51.488643646240234,72.0557142857143,1,0.5642865187174271,93.04478335586234,0.0,0.0,5.8,13.8,25.487798309326173,29.681377029418947,46.48688507080078,58.481310272216795,51.713314056396484,71.7260873015873,0.34023248448652516,58.026286738100346,0.0,0.0,8.090909090909092,20.727272727272727,25.617082595825195,26.780743338844992,44.2539027820934,54.8759089383212,49.98403965343129,61.4175974025974,0.348061571662976,64.89588326975193,0.0,0.0,7.826086956521739,20.434782608695652,27.885612902433977,25.789069797681726,42.69422647227412,51.326387985892914,50.36204462466033,55.52269744024092
1070,0.4034505784032018,41.95886015393299,0.0,0.0,7.0,13.0,28.524089813232422,30.020633697509766,47.51372528076172,58.37158203125,53.540401458740234,68.3125,1,0.5139944466833711,97.00315742682187,0.0,0.0,6.4,15.6,25.79157066345215,28.68899040222168,46.717481231689455,57.166194915771484,51.54413681030273,69.4370873015873,0.3487074033030006,59.60953062618744,0.0,0.0,7.818181818181818,20.363636363636363,25.89424670826305,26.614239779385652,44.389767386696555,54.51802132346413,50.182009957053445,61.53870851370852,0.33703656659380693,62.79002852519985,0.0,0.0,7.958333333333333,20.666666666666668,27.774589776992798,25.485159635543823,42.71469751993815,50.81750329335531,50.1811203956604,55.011811237373735
1071,0.3372640310465786,75.20987892338702,0.0,0.0,7.0,18.0,24.937192916870117,27.056804656982422,46.95771408081055,55.18619155883789,50.40084457397461,70.74222222222222,1,0.35513049806366837,61.50848104257534,0.0,0.0,7.4,19.4,26.0654655456543,26.819508361816407,45.85989074707031,54.96618423461914,50.48618087768555,61.43023015873016,0.3288567225449158,56.931918078010334,0.0,0.0,8.0,20.818181818181817,26.15278469432484,26.34040693803267,44.15758999911222,53.83958504416726,49.9597615328702,60.2693722943723,0.3238327196119029,60.32673251283345,0.0,0.0,8.16,21.28,27.718866729736327,25.072871894836425,42.59270767211914,50.25275497436523,49.84588302612305,54.13031021645022
1072,0.4940187936828693,97.32170235552525,0.0,0.0,8.0,24.0,27.518705368041992,25.155508041381836,45.217140197753906,52.489219665527344,51.08253479003906,51.405,1,0.24833475903577132,43.13961392977704,0.0,0.0,8.6,24.4,26.36350440979004,25.043774032592772,44.44514083862305,52.66494979858398,49.375753021240236,55.0890873015873,0.37531246223118836,61.30030723241625,0.0,0.0,7.636363636363637,20.545454545454547,27.174325942993164,26.240759936246004,44.247988960959695,53.09087371826172,50.27810703624379,58.58323593073594,0.30492658453558635,56.56295220942103,0.0,0.0,8.4,21.96,27.544489669799805,24.519876289367676,42.74283142089844,49.47100814819336,49.48188674926758,54.009954660894664
1073,0.0069403920462064155,1.2076282160399163,0.0,0.0,10.0,31.0,24.345571517944336,21.70524024963379,41.73982238769531,49.529335021972656,45.918479919433594,44.63571428571429,1,0.19013326394083957,39.08814567203221,0.0,0.0,9.0,26.6,26.65132255554199,23.705646896362303,43.44408950805664,50.59250106811523,48.73145599365235,52.3125873015873,0.3495185362586581,65.75381298458254,0.0,0.0,7.7272727272727275,20.727272727272727,27.478219985961914,25.62504074790261,44.280943090265446,51.79603160511363,50.22698350386186,60.22786402990948,0.3183497409634458,59.29067798133962,0.0,0.0,8.36,22.12,27.484488677978515,24.088045082092286,42.96807907104492,48.721140747070315,49.32462249755859,54.092241529581536
1074,0.0,0.0,0.0,0.0,11.0,36.0,26.491962432861328,21.280683517456055,40.79730224609375,47.74842071533203,45.93650436401367,40.34999999999999,1,0.1480046763701118,30.02268548606157,0.0,0.0,9.6,27.8,27.512375259399413,22.95331573486328,42.13546295166016,48.88343353271485,48.52660369873047,46.40703174603175,0.2771813968055878,49.60749015610891,0.0,0.0,8.272727272727273,22.454545454545453,27.99311030994762,24.602678819136187,43.916297912597656,50.20024663751776,49.787785963578656,56.46797766627312,0.3016459076227024,56.67130749933523,0.0,0.0,8.72,22.96,27.1050789642334,23.487416725158692,42.99988372802734,47.87510757446289,48.81426895141602,53.82241295815297
1075,0.11244310292854301,21.7015188652088,0.0,0.0,9.0,24.0,29.963180541992188,23.329998016357422,42.50846862792969,48.00933837890625,50.31891632080078,54.43000000000001,1,0.16259713945461357,22.351552084348384,0.0,0.0,9.4,26.6,28.79197769165039,23.017193222045897,41.81526260375976,47.82076797485352,48.68201446533203,46.87603174603175,0.2377865776719976,43.453692770364086,0.0,0.0,8.636363636363637,24.0,28.33658946644176,23.56541633605957,43.143451343883164,48.50548553466797,49.26268248124556,53.55522678079497,0.2873729588588862,53.802444797808164,0.0,0.0,8.88,23.84,26.798739471435546,22.89794185638428,42.87801300048828,47.02072807312012,48.21625625610351,53.40891295815296
1076,0.12662109319293993,29.882577993533825,0.0,0.0,10.0,24.0,29.242456436157227,23.295148849487305,40.414581298828125,46.64085388183594,49.376583099365234,41.214444444444446,1,0.2535582546764356,47.41370549605175,0.0,0.0,8.6,23.8,29.791399002075195,23.345051193237303,42.35262908935547,46.879207611083984,49.77153091430664,54.13707070707071,0.22713889061957993,42.99707427333676,0.0,0.0,8.727272727272727,24.454545454545453,28.29368816722523,22.698314319957387,42.6680346402255,46.826726393266156,48.83790831132369,51.00172678079496,0.2856477342122454,52.82769354606461,0.0,0.0,8.88,24.16,26.549174575805665,22.485289268493652,42.81554946899414,46.11915344238281,47.81863342285156,53.024179624819624
1077,0.566981109105378,58.966035346959316,0.0,0.0,7.0,18.0,33.916717529296875,25.474895477294922,43.61613845825195,47.1758918762207,51.859588623046875,53.75,1,0.25466857490862493,47.627997300864294,0.0,0.0,8.6,22.8,30.220984649658202,23.05024833679199,42.59650421142578,45.92467422485352,49.85964736938477,54.72932070707071,0.20406592870651982,37.464846134892646,0.0,0.0,9.090909090909092,25.181818181818183,28.31949407404119,21.91998897899281,42.32510896162553,45.365541284734554,48.439637270840734,48.50347281254099,0.2910805411043922,54.04541104974338,0.0,0.0,8.8,24.2,26.231609954833985,22.147831077575685,42.94451431274414,45.22292678833008,47.567105560302736,52.20696851370852
1078,0.46174596815531666,126.51839527455677,0.0,0.0,6.0,17.0,29.34267807006836,23.34453010559082,44.42665481567383,44.821533203125,51.36606216430664,80.94090909090909,1,0.2523070912569149,48.1182063919822,0.0,0.0,8.6,23.6,29.984356307983397,22.134142303466795,41.96875839233398,44.4452507019043,48.93836517333985,51.84641161616162,0.15978607401227776,28.727203031303073,0.0,0.0,9.545454545454545,26.272727272727273,28.216113003817473,21.012939713217996,41.82036451859908,43.93004816228693,47.59578739513051,46.82795333202151,0.29966026083960084,55.23019762524499,0.0,0.0,8.68,24.28,25.986898193359377,21.822418327331544,43.03835861206055,44.11382789611817,47.225634765625,51.33439708513709
1079,0.005551601160946738,1.0714590240627204,0.0,0.0,11.0,31.0,28.639890670776367,19.806669235229492,42.01667785644531,42.97575378417969,46.3770866394043,43.31125,1,0.2842480767836485,49.52890213060192,0.0,0.0,8.2,22.4,29.74630012512207,21.571614837646486,42.34267044067383,43.09812622070312,48.83662567138672,51.64832272727273,0.20090558230701827,40.0570427772093,0.0,0.0,9.545454545454545,25.818181818181817,28.469923886385832,20.575914296236906,41.65624861283736,42.6065524708141,47.46604815396395,47.5310702151384,0.3074428036232766,57.048431318639686,0.0,0.0,8.52,24.44,25.647963066101074,21.457883644104005,43.19692581176758,42.94136116027832,46.96344802856445,49.5016081962482
1080,0.10063568466999302,24.152564320798326,0.0,0.0,9.0,28.0,28.780038833618164,18.749467849731445,39.3697395324707,40.612220764160156,45.71250534057617,40.015454545454546,1,0.18754414496315638,40.60676894131041,0.0,0.0,9.0,24.0,28.007168197631835,20.175680923461915,42.25654907226563,41.48557891845703,47.668680572509764,49.55060844155844,0.2577368675531248,53.469226095290445,0.0,0.0,9.272727272727273,24.545454545454547,28.22174176302823,20.276664647189055,41.88770016756925,41.43134515935724,47.46683675592596,47.8351106191788,0.28110331460222077,54.5527018597648,0.0,0.0,8.84,25.4,25.237350845336913,20.813359451293945,43.20021255493164,41.606827850341794,46.345352020263675,48.193779624819626
1081,0.28632602082660774,36.9360566866324,0.0,0.0,8.0,18.0,28.052175521850586,20.482511520385742,42.284141540527344,39.90523147583008,48.86788558959961,40.224000000000004,1,0.09658302974133434,15.544615529607043,0.0,0.0,10.4,27.8,27.414935302734374,18.542368125915527,41.30420837402344,39.86103134155273,45.75550537109375,39.95728376623377,0.2530509823132285,52.45966215849009,0.0,0.0,9.636363636363637,25.90909090909091,27.50024379383434,19.48167722875422,41.84455316716974,40.08927223899148,46.617615092884414,46.6364093204775,0.2516660853212587,47.915030798615106,0.0,0.0,9.16,26.76,24.79559600830078,20.133464546203612,43.164156951904296,40.19679145812988,45.735794677734376,45.89802962481962
1082,0.08346145000291744,14.3553694005018,0.0,0.0,11.0,26.0,25.221057891845703,18.49522590637207,43.18553161621094,39.113155364990234,46.01986312866211,43.26142857142857,1,0.18732370616681543,40.49749680899619,0.0,0.0,10.2,26.8,27.11445541381836,17.96062641143799,40.88778228759766,38.260057067871095,45.3783576965332,41.76903376623377,0.2528787163292158,52.02215139918055,0.0,0.0,9.636363636363637,27.454545454545453,27.094435951926492,18.56870920007879,41.73005052046342,38.62801378423517,45.689950076016515,46.784073461891644,0.2362265477403043,45.40742059030657,0.0,0.0,9.52,27.92,24.29981334686279,19.449793663024902,42.96231063842774,38.715566864013674,44.96774154663086,43.91050105339105
1083,0.0069403920462064155,1.2076282160399163,0.0,0.0,13.0,36.0,26.381513595581055,15.177966117858887,39.66495132446289,36.698795318603516,41.80018615722656,32.97428571428572,1,0.29222539677425113,65.17378724461504,0.0,0.0,10.0,25.6,26.110839462280275,17.808520317077637,41.68248825073242,37.10184097290039,45.42489242553711,42.50483174603175,0.23569006552068153,51.98664112061903,0.0,0.0,9.727272727272727,28.181818181818183,26.256281939419832,17.767637512900613,41.55060161243785,37.04706850918856,44.91693739457564,45.5105886134068,0.22147660301341754,43.97059182735724,0.0,0.0,9.76,29.04,23.47606662750244,18.842733764648436,42.83785415649414,37.25975860595703,44.092389297485354,42.25080105339105
1084,0.459254983288352,125.83586542100845,0.0,0.0,10.0,26.0,27.13749122619629,16.897960662841797,39.934547424316406,34.970882415771484,44.49134826660156,52.370000000000005,1,0.24713986566686624,59.90583901936952,0.0,0.0,11.0,29.8,24.90574493408203,16.629045295715333,41.63243026733399,35.770101928710936,43.84681091308594,42.70888888888889,0.20780762916574205,43.64213006731572,0.0,0.0,10.090909090909092,29.272727272727273,25.31378936767578,17.165869539434258,41.53345836292613,35.65787783536044,44.05211778120561,41.12209687786961,0.21428894137134524,42.449680975972406,0.0,0.0,9.92,29.8,22.788996543884277,18.405631103515624,42.70310287475586,35.839475555419924,43.22029106140137,40.29768994227994
1085,0.6251441377071719,147.53401649889258,0.0,0.0,8.0,22.0,23.761959075927734,17.988937377929688,43.34326934814453,34.82114028930664,45.9451789855957,43.69444444444444,1,0.2553928091400429,62.04875706749497,0.0,0.0,10.8,32.8,24.81724739074707,15.580500221252441,40.826334381103514,34.06087303161621,42.477291870117185,42.62435317460317,0.258163990415846,51.63163201158476,0.0,0.0,9.545454545454545,28.363636363636363,24.55386699329723,17.01726245880127,41.83327310735529,34.148825732144445,43.77097771384499,40.21769752722025,0.2040126876637246,40.7951544191192,1.9102139970887382,0.04,10.04,30.16,21.78192953109741,18.09281692504883,42.68441452026367,34.62160369873047,42.219231872558595,39.11322327561328
1086,0.06089836528968308,10.596315560404856,0.0,0.0,13.0,39.0,22.026702880859375,14.585136413574219,42.033851623535156,33.24653625488281,40.97747802734375,41.24428571428571,1,0.3295859207731018,73.5223158808435,0.0,0.0,9.8,30.8,24.480349349975587,15.877528381347656,41.22178421020508,32.67821273803711,42.788544464111325,43.977829365079366,0.27179088655023514,54.56045316272689,0.0,0.0,9.363636363636363,28.09090909090909,23.228989427739922,16.89982405575839,42.489290410822086,32.82953730496493,43.415579015558414,38.98699963924964,0.2208611735529499,43.69253876070226,3.5388317136640732,0.08,10.0,30.12,20.984866676330565,18.069672470092772,42.92284622192383,33.49391296386719,41.58733863830567,38.27533756132757
1087,0.12472616736880102,25.069959641129003,0.0,0.0,10.0,41.0,24.7785701751709,13.252500534057617,39.155052185058594,30.5670108795166,39.17226791381836,42.838750000000005,1,0.268742757765628,55.30089753428585,0.0,0.0,9.8,31.4,22.847903060913087,15.842952728271484,42.08249053955078,31.592123413085936,42.26088409423828,40.037329365079366,0.25366960541388484,52.578683966565315,0.0,0.0,9.818181818181818,30.0,22.1092042055997,16.31089904091575,42.65858008644798,31.538285688920453,42.2890458540483,38.071571067821075,0.22711216190266664,45.08650916268909,4.273586398176005,0.12,9.92,29.72,20.062015352249144,18.12398307800293,43.18587219238281,32.47124839782715,40.73807563781738,37.48591533910534
1088,0.37790595021150053,58.57542228278258,0.0,0.0,8.0,26.0,24.697023391723633,16.66310691833496,41.6422004699707,29.785493850708008,43.356449127197266,39.74166666666667,1,0.25560824520661146,43.585290316711784,0.0,0.0,9.2,31.2,22.15166015625,15.879563522338866,42.47676467895508,29.90313148498535,41.72875747680664,37.97101190476191,0.25202123751549854,52.43176253093154,0.0,0.0,10.0,31.818181818181817,20.901128595525567,15.907267397100275,42.83502127907493,30.280587803233754,41.37536066228693,36.61837301587302,0.23729284553109153,46.77249135580932,5.92617220475152,0.16,9.84,29.84,18.97986191749573,18.240463027954103,43.47323455810547,31.47980125427246,39.809009094238284,36.05797248196248
1089,0.1550391682509831,34.728773688220215,0.0,0.0,10.0,29.0,18.97525978088379,16.725082397460938,44.23807907104492,29.540435791015625,41.85304641723633,32.667500000000004,1,0.29353488057832966,52.739946601303146,0.0,0.0,8.0,28.4,20.587596702575684,16.454065322875977,43.38718032836914,28.4738338470459,41.89388580322266,35.01771031746032,0.2648439523854457,54.97234908913503,0.0,0.0,10.090909090909092,32.18181818181818,19.648918411948465,15.715414394031871,43.122288790616125,28.9646953235973,40.510554226962,35.65411976911977,0.24085612324968608,47.518515561488215,5.92617220475152,0.16,9.88,30.04,18.01486939430237,18.38837890625,43.775009307861325,30.483042755126952,38.81723434448242,35.35868359307359
1090,0.5594715749120893,88.95598041102221,0.0,0.0,5.0,21.0,20.280744552612305,18.1719913482666,45.314640045166016,26.37618064880371,43.2845458984375,33.36285714285714,1,0.28598803276992035,50.7532737788484,0.0,0.0,8.6,28.0,18.778790283203126,16.60443248748779,44.38543548583984,27.500724411010744,41.35463638305664,32.48081746031745,0.22624822301659844,44.081646876334226,0.0,0.0,10.363636363636363,33.54545454545455,17.90282119404186,15.528703082691539,43.52844931862571,27.783376520330254,39.34375849637118,33.33139249639249,0.2439374798262593,49.590697509425425,8.306600689346244,0.2,9.84,30.16,16.783037576675415,18.510369491577148,43.94510040283203,29.58035545349121,37.61347244262695,33.95559787878788
1091,0.25053154214827406,56.36959698336166,0.0,0.0,7.0,25.0,14.206385612487793,17.457645416259766,46.58592987060547,26.100048065185547,41.80311965942383,26.477777777777774,1,0.2234727233517539,41.58603604399794,0.0,0.0,9.6,32.0,16.225830841064454,16.082866668701172,45.082272338867185,26.599321365356445,39.87721176147461,29.98773412698413,0.18374170958819844,34.05010970723181,0.0,0.0,10.636363636363637,34.90909090909091,16.44813771681352,15.359639514576305,43.550782290371984,26.406828793612394,37.76677755876021,31.351392496392496,0.24547725669163042,46.610961719967875,10.068596355657913,0.24,9.84,30.28,15.736713733673096,18.792211532592773,44.04836502075195,28.81126091003418,36.36503845214844,31.470561515151516
1092,0.0869919283267545,15.136595528855281,0.0,0.0,13.0,39.0,15.734538078308105,14.0043363571167,44.14632797241211,25.70146369934082,36.47602081298828,30.154285714285713,1,0.22206294082468236,40.47109737760954,0.0,0.0,10.4,34.2,14.952219200134277,15.351366806030274,44.799635314941405,25.13602981567383,37.96406555175781,27.927734126984127,0.1997611719248048,38.17394815030368,4.341395447928953,0.09090909090909091,10.454545454545455,34.36363636363637,14.658622004769065,15.609641075134277,43.79769862781871,25.38827306574041,36.41028456254439,29.583124098124095,0.26435158108491413,48.554127756736406,11.244293423966742,0.28,9.64,29.88,14.72111307144165,19.330911712646483,44.28770721435547,28.10112503051758,35.35448226928711,30.645111515151513
1093,0.06532940312066818,12.739233608530295,0.0,0.0,13.0,46.0,11.932226181030273,14.055277824401855,45.12638473510742,25.278478622436523,35.96932601928711,27.276249999999997,1,0.1171090178884709,23.887529511445013,0.0,0.0,12.0,38.2,12.482154655456544,14.685795783996582,44.61716995239258,24.256068801879884,35.63847541809082,26.619162698412698,0.22734538755280828,42.58960970616616,8.042799349236534,0.18181818181818182,10.363636363636363,33.36363636363637,12.807752002369273,16.32547092437744,44.57456796819513,24.54918722672896,35.58745557611639,27.84219877344877,0.2788849615027488,52.04213905701671,14.839808516888418,0.32,9.68,29.76,13.697260208129883,20.00937858581543,44.76515350341797,27.475180587768556,34.55670082092285,29.778129696969696
1094,0.14799025561562534,29.154080356278193,0.0,0.0,14.0,40.0,12.60720157623291,13.067583084106445,42.824893951416016,22.22397804260254,32.287315368652344,22.3675,1,0.09851720745777039,20.051031642525896,0.0,0.0,12.8,40.6,11.192965698242187,14.420114326477051,44.01777038574219,22.971882247924803,32.99752922058106,25.70649603174603,0.20719709287384622,40.432685866792355,9.712696359490923,0.2727272727272727,10.454545454545455,33.36363636363637,10.873538905924017,16.86868381500244,45.09554533524947,23.857942927967418,33.891862869262695,26.103360389610387,0.2750087027611108,51.7390980137225,14.882666877850927,0.36,9.84,30.08,12.763408813476563,20.624274597167968,45.074102325439455,26.77347930908203,33.651660690307615,28.996369696969694
1095,0.03470196023103208,6.038141080199582,0.0,0.0,13.0,41.0,7.930421829223633,14.844136238098145,44.402313232421875,21.976375579833984,31.65659523010254,26.82,1,0.1285413119908901,28.215420223593913,9.551069985443693,0.2,12.4,39.4,8.514464092254638,15.086277770996094,44.13849105834961,22.240074157714844,30.913536071777344,24.034305555555555,0.2264626406364082,43.080167685428215,13.468573192617095,0.36363636363636365,10.181818181818182,33.18181818181818,9.413001168857921,17.733857848427512,45.591404307972304,23.28364510969682,32.54997253417969,24.8364448051948,0.2925817802284565,56.10000560802356,18.313964639584157,0.4,9.64,29.68,11.867412223815919,21.3389070892334,45.26709167480469,26.081082916259767,32.78967735290527,28.147156998556998
1096,0.1575724899947715,37.18710763876607,0.0,0.0,11.0,37.0,7.760440826416016,16.12923812866211,43.588932037353516,19.679115295410156,28.598388671875,21.91444444444444,1,0.20110593922212433,40.396020853011116,17.69415856832037,0.4,11.6,36.2,7.011818885803223,16.50054798126221,44.65333709716797,21.451791763305664,29.74390068054199,23.31676984126984,0.1952109552951096,39.405367933108565,13.468573192617095,0.36363636363636365,10.727272727272727,33.90909090909091,8.034537423740733,18.535771890120074,45.83179612593217,22.86052790555087,30.849760575727984,23.96093253968254,0.31695686140162804,61.54925187805138,21.731096080396405,0.44,9.32,29.0,10.921227836608887,22.27041118621826,45.61453567504883,25.626719665527343,31.976798248291015,27.66538556998557
1097,0.23711245099235323,55.95853843419536,47.755349927218454,1.0,11.0,33.0,2.3420300483703613,17.335153579711914,44.74993133544922,22.042423248291016,26.056055068969727,21.793333333333333,1,0.20276282984758282,41.53505679168961,21.36793199088003,0.6,10.6,33.4,5.174514436721802,18.41472110748291,45.562948608398436,21.443357467651367,28.227423477172852,22.96615873015873,0.23098218087433076,44.35091221147474,18.878637930332374,0.45454545454545453,10.636363636363637,33.54545454545455,7.026768012480303,19.541864135048606,45.94838575883345,22.724951657381926,29.02816252274947,23.251394300144298,0.3177213432657374,59.48169284653577,23.32951932165956,0.48,9.16,28.52,9.938464221954346,23.23137691497803,45.98728469848633,25.235910415649414,31.217610626220704,26.345052236652236
1098,0.4281525392768391,73.64223675561632,40.71544291438338,1.0,9.0,30.0,4.419000148773193,21.126628875732422,47.70061492919922,21.337066650390625,30.12114906311035,23.68857142857143,1,0.2692144765292094,53.09764331429263,29.630861023757603,0.8,9.4,30.6,4.170299005508423,20.694293212890624,46.62099151611328,21.692714309692384,27.314554977416993,21.348444444444443,0.26855022282549823,47.70440357595317,22.88317353558617,0.5454545454545454,10.0,31.818181818181817,5.88586291399869,21.031522750854492,46.208562330766156,22.71519764986905,27.544452667236328,22.220550144300145,0.31267694236226445,57.51272101372842,26.722280045957145,0.52,9.12,28.44,9.091471109390259,24.29045970916748,46.36603729248047,24.95443046569824,30.516514282226563,25.494174458874458
1099,0.15627470874291788,34.84926004967069,18.368867112798295,1.0,9.0,26.0,3.4206793308258057,22.63844871520996,47.37295150756836,22.181806564331055,24.70492935180664,20.61444444444444,1,0.28084058576181603,55.366858413640635,29.630861023757603,0.8,9.4,29.0,3.641739511489868,22.867054748535157,47.4949951171875,22.10126953125,26.511320114135742,21.712,0.3060120689957138,51.059983242748245,25.555212327197147,0.6363636363636364,9.363636363636363,29.545454545454547,5.096558180722323,22.778695106506348,46.46982123635032,22.71009566567161,26.193894126198508,21.80225468975469,0.32118751942628454,59.28911723810931,26.893713489807183,0.56,8.96,27.76,8.353865051269532,25.54587215423584,46.85684478759766,24.69082534790039,30.138862991333006,24.49940303030303
1100,0.3669601936391649,63.85107369321469,41.31464516438787,1.0,7.0,27.0,2.9093446731567383,26.24199676513672,49.692527770996094,23.223159790039062,27.092252731323242,18.731428571428573,1,0.3622211002672868,66.3292675358795,31.981933461287532,0.8,8.4,26.6,3.797517919540405,25.1049560546875,48.118692016601564,22.614526748657227,25.653217315673828,21.08790476190476,0.3347375180411895,58.532598376523495,33.726837538382775,0.7272727272727273,9.0,28.181818181818183,4.239877787503329,24.837200251492586,47.24082149158824,22.95915308865634,25.601226286454633,21.436200970746423,0.3416839069341428,62.338502890679194,28.391172477696678,0.6,8.72,26.8,7.493345079421997,27.004295692443847,47.58568283081055,24.63622001647949,29.983337631225584,23.51705303030303
1101,0.2157030361578047,48.53318313550606,0.0,0.0,11.0,29.0,5.117643356323242,26.993045806884766,47.95895004272461,21.721891403198242,24.58221435546875,23.732222222222223,1,0.3766386703698383,62.00582029237984,32.6488232099692,0.8,7.8,24.6,3.5506342887878417,26.957746505737305,47.98022308349609,23.465947341918945,23.66002998352051,20.113190476190475,0.34880275368251906,60.652770151439626,33.82424290420665,0.8181818181818182,8.909090909090908,26.818181818181817,3.946738589893688,26.747270757501777,47.75041684237394,22.994273445822976,25.108979658647016,20.878019152564608,0.34980960800507155,65.48058362210364,29.709912542708757,0.64,8.72,26.48,6.633876695632934,28.40367275238037,48.35130096435547,24.656691131591796,29.804294662475584,22.964408585858582
1102,0.6440150235197071,110.77058404538963,59.510712114868085,1.0,6.0,21.0,3.120922088623047,28.524660110473633,47.86841583251953,24.60870933532715,21.765541076660156,18.672857142857143,1,0.44086567081986255,64.96609027110091,34.853535128953695,0.8,7.2,23.6,3.5164732456207277,29.084891510009765,48.10567932128906,24.074057388305665,22.9416805267334,20.525301587301588,0.38200419883631814,68.48831120773619,41.62264690814581,0.9090909090909091,8.454545454545455,24.90909090909091,3.4977115284312856,28.586525310169566,48.15235623446378,23.1873761957342,24.7336970242587,20.888625213170666,0.35765793156188297,67.94110261317192,30.96210110894719,0.68,8.68,26.08,5.973024215698242,29.77239101409912,49.02975051879883,24.593900451660158,29.644875259399413,23.43730858585858
1103,0.5002403897895965,52.025000538118036,44.04989165779175,1.0,6.0,20.0,3.184581995010376,30.390581130981445,47.008270263671875,25.59416961669922,20.15521240234375,18.814999999999998,1,0.4602676711152013,74.46644489801918,44.56818156068449,0.8,7.8,23.2,3.5713477611541746,30.978720092773436,48.42835311889648,24.422147369384767,22.676823806762695,20.447197691197694,0.4164773779620583,75.895606347058,45.0474592802447,0.9090909090909091,7.909090909090909,23.636363636363637,3.5327000617980957,30.507472124966707,48.47973077947443,23.4871299050071,24.317529158158735,20.810140364685818,0.36420101776825503,70.0226434912879,30.96210110894719,0.68,8.6,25.72,5.391676921844482,31.12257236480713,49.76934768676758,24.665487594604492,29.638452682495117,24.5119943001443
1104,0.47740971099303936,49.650609943276095,29.392426707720745,1.0,6.0,21.0,3.2498741149902344,33.274173736572266,48.0002326965332,25.22235679626465,21.113182067871094,22.675,1,0.45501097434077187,70.63181439177335,44.78247336549704,1.0,8.0,22.6,3.488997220993042,32.75109329223633,48.83813552856445,24.550308990478516,23.008757400512696,19.836753246753243,0.4210423316542626,75.94148388137639,44.978835472717016,0.9090909090909091,7.636363636363637,22.181818181818183,3.3644637628035112,32.30706076188521,48.620881514115766,23.83836486122825,23.8984844901345,20.41678538633084,0.36255553233941895,69.06610493180314,31.396131486251367,0.72,8.56,25.36,4.928609094619751,32.36844379425049,50.381937713623046,24.63214859008789,29.50873847961426,24.78681652236652
1105,0.4639701951158582,111.35284682780596,89.88787732304186,1.0,10.0,25.0,3.1837172508239746,35.71113967895508,51.3058967590332,24.96360969543457,25.767969131469727,18.34090909090909,1,0.4307656469741426,73.1533094343011,50.03681975118957,1.0,8.0,21.6,3.4290414333343504,34.318368911743164,48.8665054321289,23.989216232299803,23.54970512390137,20.508404040404038,0.45220227768857435,81.71061666583437,51.01975829041169,0.9090909090909091,7.454545454545454,21.636363636363637,3.288686665621671,34.291384263472125,49.11534812233665,24.347668040882457,24.23601549321955,20.581154073199528,0.3888929617578745,74.21534267509338,31.396131486251367,0.72,8.16,24.28,4.531839952468872,33.69699317932129,51.11036651611328,24.619013748168946,29.656077194213868,25.649445093795094
1106,0.18941955228565757,29.360030604276925,1.0714590240627224,1.0,12.0,26.0,4.705890655517578,35.85491180419922,50.00786209106445,22.362699508666992,26.24188232421875,20.679999999999996,1,0.4539810532913222,90.23606632002455,58.31249862369246,1.0,7.8,21.4,3.33750581741333,35.93336639404297,49.13506164550781,23.938325119018554,23.81430435180664,20.93140404040404,0.4437206957113945,80.90653916371734,47.65350292058104,0.9090909090909091,7.636363636363637,21.181818181818183,3.35025091604753,36.08487978848544,49.534576416015625,24.659781542691317,24.640010313554242,20.36693329397875,0.4075701055891202,78.73028884038527,33.67552735641629,0.76,7.88,23.2,4.191694679260254,34.891723442077634,51.6483120727539,24.51778175354004,29.625129623413088,25.88172842712843
1107,0.522788386686561,123.3780592580284,85.78244404333074,1.0,6.0,16.0,2.82114315032959,36.36103820800781,48.0102653503418,21.803245544433594,24.470279693603516,22.031111111111112,1,0.45417251707093165,95.13532225799301,60.426129488464085,1.0,7.8,20.0,3.201211166381836,37.4629524230957,49.38566970825195,23.933983993530273,24.69399948120117,20.268737373737373,0.4820327701575265,85.70394078370549,51.05681880214808,1.0,7.0,20.09090909090909,3.181880690834739,38.150338259610265,50.39067216352983,25.339780287309125,25.612912091341887,19.871276728322183,0.40442242915809035,78.12128431864674,33.67552735641629,0.76,7.88,22.68,3.92942195892334,36.193217811584475,52.287245483398436,24.650152282714842,29.76293067932129,25.806878427128428
1108,0.6163174213754947,137.4387849667353,85.42828602030625,1.0,5.0,19.0,2.7269039154052734,38.46556854248047,48.351051330566406,25.33971405029297,21.478208541870117,20.93,1,0.46118530107182965,92.52669702817354,59.41235764534365,1.0,7.2,19.0,3.081893968582153,39.21392593383789,49.68690719604492,24.49809036254883,25.223959732055665,21.085055555555556,0.47630853865434586,88.10001864943317,48.64389057582389,1.0,7.181818181818182,19.818181818181817,3.190007209777832,40.25241765108976,51.5646937977184,25.856922323053535,27.168806076049805,20.5306129476584,0.4123520912990047,79.71535356381943,33.67552735641629,0.76,7.84,22.32,3.8510519790649416,37.39402069091797,52.86335494995117,24.86411087036133,29.787442626953126,25.376678427128425
1109,0.4783670298910863,74.14688963311838,39.960581031578826,1.0,6.0,14.0,2.5684008598327637,40.92210388183594,49.253273010253906,25.200651168823242,25.51165771484375,19.361666666666665,1,0.4780339489927353,97.65593514130363,60.05523305978128,1.0,6.6,18.2,2.858026123046875,41.23703308105469,50.546142578125,25.356832122802736,26.28282241821289,20.224055555555555,0.462763708416316,92.11972300641581,47.485238075657456,1.0,7.454545454545454,19.727272727272727,3.123585917732932,42.12082290649414,52.8547890403054,26.072967702692207,28.779019615866922,22.864703856749312,0.4190517770806759,79.90520277247741,34.23268604892891,0.8,7.88,21.8,3.7192502212524414,38.64841552734375,53.54673690795899,25.317876358032226,30.064772338867186,25.280340649350652
1110,0.4990341151203484,98.30972067870863,84.81901810743966,1.0,7.0,20.0,2.5871312618255615,44.466007232666016,52.81208419799805,27.784141540527344,28.417770385742188,22.4225,1,0.5009034426684744,93.24124348077311,50.386039190562606,1.0,6.2,18.4,2.946911668777466,43.90744323730469,52.419290161132814,26.836558532714843,28.44559326171875,19.47383333333333,0.4850945283325298,100.42371322647449,44.813199284046476,0.9090909090909091,7.181818181818182,18.90909090909091,3.3506030169400303,43.81649121371183,54.291546908291906,26.340558832341973,30.780001380226828,26.27879476584022,0.42253776578923213,81.2207746041302,35.413350854869,0.8,7.84,21.44,3.736503591537476,39.82682289123535,54.103540954589846,25.72089515686035,30.277318954467773,25.437298225108226
1111,0.2736627918901859,55.006221169927365,4.285836096250883,1.0,9.0,22.0,3.5865514278411865,45.9704475402832,54.304039001464844,26.656408309936523,31.536195755004883,16.375,1,0.4938496537903195,93.17897460110483,39.89408231156175,1.0,6.8,18.2,3.043593645095825,46.543836212158205,54.90561065673828,27.828070068359374,31.92602653503418,20.472944444444444,0.46195127481539466,93.25128469633236,37.62800674855216,0.9090909090909091,6.818181818181818,18.09090909090909,3.3002368970350786,44.98860862038352,55.254709070379086,26.368100946599785,31.942937330766156,27.64310606060606,0.427273049042494,83.43437195244869,37.28258239880054,0.8,7.68,20.92,3.6870128536224365,40.95149696350098,54.66543121337891,26.284834518432618,30.448341369628906,25.767799812409812
1112,0.6371358550652564,101.30460095537576,37.436474697237394,1.0,4.0,17.0,3.265570878982544,49.71308898925781,57.37600326538086,29.20187759399414,35.28413391113281,18.279999999999998,1,0.4684256992463557,97.5979463674666,38.16290893643817,1.0,7.4,19.2,3.0207030296325685,48.54802322387695,57.29481964111328,28.382073593139648,34.397207260131836,25.49861111111111,0.512497466770166,103.6610581969537,37.53060138272827,0.8181818181818182,6.0,16.818181818181817,3.4010931578549473,46.0216230912642,56.377362337979406,26.64177305048162,33.20817427201705,30.464924242424242,0.4527028692820793,89.51707237753713,37.72808637513046,0.8,7.48,20.24,3.660362329483032,42.07641189575195,55.364322357177734,26.86644485473633,30.96073211669922,26.4482887012987
1113,0.5810484769847202,137.12744056839395,32.968501625302,1.0,8.0,18.0,3.2103137969970703,51.64753341674805,60.78265380859375,30.297271728515625,38.880374908447266,25.925555555555555,1,0.5132286222365643,106.13490270450913,21.19910531495023,0.8,6.6,17.6,3.652689218521118,50.04012680053711,59.493316650390625,28.4584171295166,37.338449478149414,33.06011111111111,0.5133583406079161,103.8642244226627,34.91264253825486,0.8181818181818182,6.0,17.09090909090909,3.4563159942626953,46.70912274447355,57.337794910777696,26.727630615234375,34.18320673162287,31.46967171717172,0.4623871407828414,91.66502652434998,36.07550056855494,0.76,7.44,19.72,3.7490335750579833,43.19060791015625,56.06543502807617,27.47999801635742,31.494480514526366,27.268481558441557
1114,0.3512472571712673,96.24174846492724,31.304714155960866,1.0,9.0,19.0,2.4539477825164795,50.94303894042969,61.199317932128906,27.97066879272461,37.86756134033203,44.489999999999995,1,0.5003749451440017,101.6248850697722,22.512089982220935,0.8,6.0,16.4,3.4613169193267823,50.56692352294922,61.0126449584961,28.1804500579834,38.743263244628906,36.45477777777778,0.46362933365013265,92.63605918139724,27.14643471822702,0.7272727272727273,6.818181818181818,17.818181818181817,3.758450508117676,47.358156724409625,58.287538355047054,26.745223999023438,35.47903702475808,31.4302398989899,0.4615810779798904,91.95298591228767,37.18651852731166,0.8,7.48,19.44,3.681046485900879,44.224827728271485,56.73776672363281,28.057212295532228,31.979986953735352,27.27699266955267
1115,0.7230487300713915,140.99450236392133,0.0,0.0,3.0,12.0,5.7470622062683105,51.9265251159668,63.804569244384766,28.16585922241211,43.12398147583008,60.230000000000004,1,0.522033306888579,110.1374727009194,15.024795042773457,0.6,5.8,15.4,3.9712646484375,50.067919921875,62.008853912353516,27.414693069458007,39.71833419799805,43.14277777777778,0.44131810491038775,90.06723941561528,23.513654624447124,0.6363636363636364,7.363636363636363,19.454545454545453,4.067793369293213,47.716529846191406,59.15588170831854,26.938377553766426,36.09337667985396,31.13054292929293,0.44763380561552035,89.8021349657208,34.80609004271694,0.76,7.52,19.48,3.8696858787536623,45.20395820617676,57.44534149169922,28.448636016845704,32.760434036254885,27.789278383838386
1116,0.2093944064273725,32.45613299624274,10.850759432604399,1.0,6.0,16.0,2.629689931869507,48.60443115234375,61.90068054199219,25.266572952270508,38.560264587402344,33.348333333333336,1,0.512275211271997,107.83456213540606,19.82807406853769,0.6,5.4,15.6,4.01492075920105,48.5231201171875,61.567327880859374,25.904774475097657,38.98138656616211,44.574333333333335,0.42550269758458814,84.9421137043886,17.069104552208554,0.6363636363636364,7.818181818181818,19.818181818181817,4.238544789227572,47.991357283158735,59.87055414373224,27.23284218528054,36.74009132385254,30.865406565656563,0.43126986011009466,88.30079648789524,33.04409437640527,0.72,7.84,19.68,4.019557027816773,46.01378265380859,58.061812286376956,28.671903228759767,33.42402534484863,28.120278383838382
1117,0.7454276637881432,143.86753911111163,0.0,0.0,3.0,12.0,5.815309524536133,47.21807098388672,62.35704803466797,25.373092651367188,40.159488677978516,51.72,1,0.4558854288057191,91.37200590498368,13.567131237345512,0.4,6.4,17.2,4.7342079162597654,47.455500793457034,61.087110137939455,25.417288970947265,38.554342651367186,39.77558333333333,0.4301026409315039,88.0186239821693,23.704207641251283,0.6363636363636364,7.909090909090909,20.0,4.164618687196211,48.06634729558771,60.26746264371005,27.729340813376687,36.72495720603249,31.714704086317724,0.4317964664042924,90.94579884736915,31.86839730809644,0.68,7.96,19.64,4.181989049911499,46.81336944580078,58.73038787841797,28.94070411682129,34.259551467895506,29.26043393939394
1118,0.5322579989018105,125.61288774082726,56.984896754123156,1.0,6.0,19.0,3.4285943508148193,43.92353439331055,58.57502365112305,22.747678756713867,35.19563674926758,33.083333333333336,1,0.3578643855422193,72.35107987410278,13.567131237345512,0.4,8.2,21.2,4.7790299415588375,46.04303741455078,60.087206268310545,25.249185180664064,36.38342514038086,30.942583333333335,0.4218661650717882,90.5347666647332,28.250549169927147,0.6363636363636364,8.0,20.0,4.156996943733909,48.02365563132546,60.66490520130504,28.296038367531516,36.64428225430575,32.95753236914601,0.4281650670816294,90.01455337600217,28.830040907687383,0.68,7.96,19.52,4.208266277313232,47.60378601074219,59.30519729614258,29.344319763183595,34.90235870361328,30.10973090909091
1119,0.06929834483987744,13.928967312815365,0.0,0.0,14.0,27.0,6.050383567810059,45.604942321777344,58.7982292175293,25.533241271972656,35.73234176635742,20.49625,1,0.3809984311640552,74.24652084589727,14.18277281338771,0.4,9.4,22.8,5.14617133140564,45.81997299194336,59.841766357421875,26.400521087646485,35.7776985168457,28.174116666666663,0.4410454139579546,95.0610694018685,27.935818705903877,0.6363636363636364,7.636363636363637,19.181818181818183,4.115551710128784,47.943090959028765,61.03423031893644,28.880110480568625,36.52012981068004,34.02126974288338,0.42580571210530005,90.21233548310155,29.93418053782463,0.68,7.96,19.48,4.125744009017945,48.29040237426758,59.808001098632815,29.81328498840332,35.34299880981445,29.989797575757578
1120,0.2329435137538925,45.889872209516824,0.0,0.0,12.0,32.0,5.971172332763672,44.86420822143555,58.805049896240234,27.325340270996094,32.26939392089844,16.064999999999998,1,0.2967653321476784,63.242579868777966,29.63716682853189,0.6,10.8,25.2,4.537782287597656,45.735426330566405,59.10436325073242,27.749481201171875,34.019744873046875,22.97357121212121,0.46448357068404095,96.99817657446928,25.089935600816524,0.5454545454545454,7.363636363636363,18.727272727272727,4.3584769855846055,48.229805339466445,61.58159637451172,29.842957756736062,36.7536208412864,33.54365610651974,0.40530627626247706,85.32007147374291,26.5028827760914,0.64,8.24,19.84,4.1983560276031495,48.82445007324219,60.27346527099609,30.153772201538086,35.775204467773435,30.079353131313134
1121,0.32506463453655216,41.93333785521523,13.92896731281537,1.0,12.0,24.0,4.465396881103516,47.48910903930664,60.67348098754883,31.023252487182617,35.53163146972656,19.506,1,0.2996206564889931,63.916436413328235,35.729433780241635,0.6,10.6,24.8,4.488409757614136,46.799415588378906,59.73893280029297,30.287055587768556,33.85995941162109,22.747126767676768,0.41652927395791717,89.24705525356264,27.614976416172716,0.6363636363636364,8.181818181818182,19.636363636363637,4.146740978414362,48.313624988902696,61.6691121188077,30.568993134932086,36.17142937400124,30.24501974288338,0.38065357940745725,79.82252007507353,23.085751335279152,0.6,8.52,20.2,4.286835927963256,49.14245574951172,60.62316864013672,30.2911775970459,36.19628257751465,30.134253131313134
1122,0.32426216870625935,88.84783422551506,77.2719700757209,1.0,10.0,24.0,2.773364305496216,46.79533767700195,58.6700325012207,32.11789321899414,31.369720458984375,25.717272727272732,1,0.4441650304675278,98.51399708614156,41.63072708445085,0.8,8.6,21.2,3.8292162895202635,47.830691528320315,60.948332977294925,32.52482032775879,34.2164306640625,26.173210101010103,0.42434189286547014,91.47825319765127,26.62854374048141,0.5454545454545454,8.272727272727273,20.181818181818183,4.620124340057373,48.7134877985174,62.00157616355202,31.398786718195137,36.4183796969327,30.075171258034892,0.37097865257079315,79.12698553590383,22.550040924131125,0.6,8.88,20.8,4.322363557815552,49.21616775512695,60.83830444335938,30.31123306274414,36.334909210205076,30.24502282828283
1123,0.546534620608384,128.98217046357863,87.44623151267189,1.0,5.0,17.0,3.181731700897217,49.24348068237305,61.74787139892578,35.435550689697266,34.39670944213867,31.95111111111111,1,0.5193897239483928,112.84600811694538,41.63072708445085,0.8,7.4,17.6,3.660206985473633,49.67722930908203,62.63139190673828,34.77215003967285,35.849744415283205,30.8074601010101,0.36486135544418036,79.71679860504831,26.62854374048141,0.5454545454545454,9.272727272727273,21.363636363636363,4.721583539789373,49.024226101962,62.00730271772905,31.92631010575728,36.10797119140625,27.836080348943984,0.3582080022345675,76.58240456259303,19.885872336196186,0.6,9.04,20.96,4.346758813858032,49.06760025024414,60.86386306762695,30.082097244262695,36.400796508789064,30.64847282828283
1124,0.7920202147325507,186.91677067688195,29.506466521046065,1.0,4.0,9.0,2.7544162273406982,50.761322021484375,64.84523010253906,36.72206497192383,37.51469802856445,37.626666666666665,1,0.4934870902578881,115.60577411269199,44.40002341567139,0.8,7.4,17.2,3.4507208347320555,50.749115753173825,63.45014419555664,35.79794921875,36.08739318847656,31.695260101010103,0.36107197993928697,78.82250598589347,21.448098581015667,0.45454545454545453,9.545454545454545,21.454545454545453,5.074499932202426,49.87334511496804,62.56544806740501,32.762191945856266,36.72667104547674,29.481130853994497,0.3597951788809189,76.32487740569954,21.26054179822901,0.6,8.96,20.88,4.326880798339844,48.72336868286133,60.75413940429687,29.773158340454103,36.25439002990723,30.764539494949496
1125,0.6090669811582174,117.54992736353597,0.0,0.0,6.0,14.0,5.126125812530518,54.09689712524414,67.22034454345703,38.561988830566406,40.43596267700195,39.23625,1,0.48770129939872725,109.23606934383254,28.945629400527206,0.6,6.8,16.8,4.463429355621338,51.99063262939453,64.82769470214843,36.253231048583984,38.068792724609374,32.84780555555555,0.3886980587765057,85.56275532505852,22.714368336726157,0.5454545454545454,9.181818181818182,21.0,4.873614874753085,50.77030979503285,63.190711975097656,33.62771554426713,37.28174452348189,31.215411157024793,0.3499616192550777,74.7613414251908,20.985619768476305,0.6,9.24,21.28,4.326721544265747,48.18400421142578,60.54796676635742,29.432903823852538,36.01397476196289,30.533110923520926
1126,0.1955514660840291,55.73216783394829,27.775448968918077,1.0,12.0,22.0,3.41796612739563,52.848541259765625,64.76724243164062,36.15224838256836,36.71987533569336,23.945,1,0.3966227257078417,86.33794296961261,11.45638309799283,0.4,8.6,18.4,5.213355159759521,52.26917495727539,64.96212844848633,35.40129089355469,38.53844985961914,31.87558333333333,0.3793791646059175,84.50954724071717,25.321181952861966,0.6363636363636364,9.181818181818182,20.363636363636363,4.571038657968694,51.511774583296344,63.53370354392312,34.24239644137296,37.73524371060458,31.36238085399449,0.3383442977520904,71.27567802559608,19.666879703464225,0.56,9.36,21.72,4.435648794174194,47.424471130371096,60.12566162109375,29.002882385253905,35.45559555053711,30.264145844155845
1127,0.2953332144104549,56.999310381217796,0.0,0.0,7.0,22.0,7.836906909942627,53.00292205810547,65.55778503417969,34.39430236816406,41.27671813964844,31.48,1,0.33633365643092816,72.10972262026102,5.555089793783618,0.2,9.6,20.6,6.1246068477630615,52.76967926025391,64.93600692749024,34.44535369873047,39.435777282714845,34.58602777777777,0.35076442424950255,80.79483098333966,24.054912197151477,0.5454545454545454,9.272727272727273,20.454545454545453,4.586588361046531,51.713876550847836,63.4403752413663,34.17804856733842,37.71195186268199,31.795471763085402,0.33096833178918417,68.58727091936535,18.69996031654236,0.56,9.52,22.48,4.485165491104126,46.6744384765625,59.76475112915039,28.672267608642578,35.13445831298828,29.187402987012987
1128,0.09114175215395595,14.491538592478996,0.0,0.0,14.0,25.0,6.931360721588135,50.636192321777344,62.420040130615234,31.17584991455078,36.7449951171875,27.09,1,0.2891573026091414,66.21407915628004,8.340883256346697,0.4,10.4,22.2,5.86751127243042,53.044610595703126,64.62716445922851,33.74375610351562,39.71621475219727,34.653444444444446,0.3212860452762062,72.71775514465648,17.030187644813214,0.45454545454545453,9.454545454545455,20.818181818181817,4.7834553718566895,51.679364984685726,63.2970664284446,33.874135450883344,37.769719210538,31.485037878787878,0.30237861794262705,62.990349185771,18.69996031654236,0.56,9.88,23.28,4.541115198135376,45.83237808227539,59.29807159423828,28.442551574707032,34.5468244934082,27.53252298701299
1129,0.49057486834798303,115.775668930124,0.0,0.0,9.0,20.0,7.310674667358398,53.26384353637695,64.7146224975586,31.942378997802734,42.00133514404297,51.17888888888889,1,0.27613414496781996,61.92856224584275,8.52078341806186,0.4,10.4,22.8,5.712484836578369,53.078966522216795,64.18930740356446,33.33067245483399,39.8238166809082,33.400777777777776,0.2931005214913062,66.15196929831988,11.495786666650147,0.45454545454545453,10.363636363636363,21.90909090909091,4.808442635969683,51.09040347012606,62.65013885498047,32.98927064375444,37.27704776417125,30.592292240587696,0.2956558689014043,62.12685002369566,18.26592993923818,0.52,10.16,23.92,4.736904811859131,45.10895034790039,58.96881942749023,28.301811447143553,34.24946487426758,26.999089653679654
1130,0.37318521204928395,88.07171004363101,13.928967312815388,1.0,10.0,22.0,3.8406479358673096,55.471553802490234,65.67613220214844,35.05400085449219,41.83815002441406,39.57333333333333,1,0.2191280002089265,50.74299197441174,8.52078341806186,0.4,11.6,23.4,5.072392177581787,52.42082824707031,63.00712432861328,32.514897155761716,38.62355728149414,31.958777777777776,0.23744121621695682,52.31364435914322,10.469271838288346,0.45454545454545453,11.0,23.272727272727273,4.8486786755648525,50.18044870549982,61.61430428244851,31.655968926169656,36.59979820251465,30.12702708907254,0.266668279013669,56.50072354213872,18.26592993923818,0.52,10.64,25.04,4.799762954711914,44.52132904052734,58.71912307739258,28.126615524291992,34.03002914428711,25.854289653679654
1131,0.13043567787742164,34.30458328176189,28.6749497774939,1.0,12.0,25.0,2.642833948135376,53.020320892333984,62.57795715332031,34.086830139160156,37.25788497924805,17.68166666666667,1,0.20089964977813532,47.844684255915936,8.52078341806186,0.4,11.2,24.0,4.673900318145752,51.5767318725586,61.94184341430664,32.03469696044922,37.67559051513672,31.00127777777778,0.21055714593429792,46.042563894057245,13.9831420789312,0.5454545454545454,11.090909090909092,23.818181818181817,4.6635400598699395,48.65933609008789,60.19072272560813,29.871509552001953,35.457986484874375,28.312519513314967,0.24537795905759663,51.47620803250563,15.986534069073254,0.48,10.92,25.84,5.089793481826782,44.15809097290039,58.75992202758789,28.175679779052736,34.13062698364258,25.710842034632037
1132,0.010302490615987696,1.0714590240627204,0.0,0.0,13.0,25.0,4.636443614959717,49.71223068237305,59.64686965942383,30.315425872802734,35.275421142578125,24.27,1,0.15008344790343547,36.041255700666355,13.834347568637492,0.6,12.4,25.8,3.9030837059020995,49.47694396972656,59.925252532958986,30.78662872314453,35.07078819274902,25.19168181818182,0.22835218214658867,46.632021494848956,14.236594350249538,0.5454545454545454,11.0,24.272727272727273,4.649324005300349,47.148466630415484,59.05021771517667,28.466351942582563,34.78106620094993,27.27154548734094,0.24356732135637163,51.11226985455941,15.986534069073254,0.48,10.84,26.32,5.2955350589752195,43.78765029907227,58.88540344238281,28.137645263671875,34.360601806640624,26.126542034632035
1133,0.0,0.0,0.0,0.0,12.0,28.0,4.938901424407959,46.41571044921875,57.09363555908203,28.77484893798828,32.00516128540039,22.302500000000002,1,0.11139997683652025,25.365952961127874,14.691514787887664,0.6,12.6,26.2,3.774356651306152,46.532997131347656,57.4802360534668,28.186977767944335,32.71614875793457,23.778765151515152,0.2279232935101869,45.994434694604244,14.236594350249538,0.5454545454545454,11.363636363636363,24.90909090909091,4.4762865630063144,45.29903793334961,57.65633045543324,27.116573160344903,33.29417315396395,26.15531172110718,0.2345271964880642,49.32498009482033,15.986534069073254,0.48,10.88,26.56,5.59746808052063,43.59776611328125,59.1458821105957,28.12416130065918,34.80416030883789,26.619656320346323
1134,0.23649385897448363,56.75852615387607,26.567820752878163,1.0,15.0,29.0,3.4565916061401367,42.7649040222168,54.63166809082031,25.702037811279297,28.977323532104492,22.13090909090909,1,0.14798128287082984,28.218644754293553,16.687039361803166,0.6,11.6,25.2,3.863710069656372,43.40186462402344,55.276834106445314,25.15619888305664,30.83977851867676,24.09776515151515,0.2348056895051558,47.3162558052115,14.884933394150828,0.6363636363636364,11.272727272727273,26.09090909090909,4.181786970658735,43.622313412753016,56.72510459206321,26.073795838789508,32.66636727072976,25.289987045782503,0.22399693619419608,48.07783114585307,15.42937537656064,0.44,10.8,26.72,5.950402803421021,43.40492889404297,59.45780853271484,28.047073440551756,35.30001113891601,27.020102034632036
1135,0.179767856714708,34.69519634593864,18.214803409066246,1.0,11.0,24.0,3.1970126628875732,40.7518196105957,53.4510498046875,22.05574607849121,30.064952850341797,32.50875,1,0.22418015763147778,40.44759323801244,22.799724152487123,0.8,11.2,25.6,3.588739252090454,40.705213928222655,53.79179763793945,23.23221664428711,29.639444732666014,21.742622294372293,0.19096305455601756,36.88860035920593,14.884933394150828,0.6363636363636364,11.545454545454545,27.181818181818183,4.166798808357933,41.58696538751776,55.58173717151988,25.20839396390048,31.43289462002841,22.351724419519876,0.21314653059952957,44.79740824564479,12.338496573531804,0.4,10.88,26.96,6.53241828918457,43.38017349243164,59.96599533081055,28.023017044067384,35.984554290771484,27.248611125541125
1136,0.3133422080489695,48.56804224759027,38.652572647071395,1.0,7.0,20.0,3.0896010398864746,37.36465835571289,51.56094741821289,18.93293571472168,27.876033782958984,19.276666666666667,1,0.28230324551348474,50.44476435371763,22.799724152487123,0.8,11.0,25.8,3.7876579761505127,37.95391311645508,52.41807556152344,21.386594009399413,28.222591400146484,21.12240800865801,0.16079400622397388,29.87014071381759,13.618663638440337,0.5454545454545454,11.818181818181818,28.09090909090909,4.50168811191212,39.31852756847035,54.49021391435103,23.998763864690606,30.459087718616832,20.573466843762297,0.20308635221273838,42.42320614636207,8.84064731302493,0.36,11.04,27.16,7.12133638381958,43.380489349365234,60.438213958740235,27.90778694152832,36.72901397705078,28.35967779220779
1137,0.3912968644192275,62.21620144265717,30.563423953419804,1.0,11.0,27.0,3.261589527130127,36.22897720336914,52.22168731689453,20.695514678955078,29.273752212524414,12.494285714285715,1,0.2683740953383108,44.89937328477418,18.912505898494327,0.8,10.6,27.6,3.8347126960754396,35.839376831054686,51.92705307006836,20.187246322631836,28.39495277404785,20.210511904761905,0.15082148247100485,27.04375833112907,11.01185002230453,0.45454545454545453,12.090909090909092,29.454545454545453,4.932954398068515,37.45554733276367,53.902639562433414,22.808433359319512,30.224152304909445,21.066042601338054,0.17640262589670497,35.81602763483553,7.660388652183087,0.32,11.28,27.76,7.583331174850464,43.36409194946289,60.77354721069336,27.712368392944335,37.21775695800781,28.781239696969696
1138,0.2906154394100347,49.98585557852597,0.0,0.0,11.0,29.0,5.933495044708252,32.65920639038086,50.22502517700195,19.546735763549805,24.920894622802734,19.201428571428572,1,0.23408170077686172,38.174625820399,15.269545216681077,0.6,10.8,29.2,4.624471139907837,33.86401596069336,51.66435928344727,20.26068878173828,28.068589401245116,17.480361904761903,0.149884892415006,26.946352965305184,11.01185002230453,0.45454545454545453,12.090909090909092,30.727272727272727,5.482310208407315,36.10376115278764,53.89792390303178,22.231966018676758,30.44553063132546,21.541237406532858,0.16521771233167354,34.05267228722339,7.660388652183087,0.32,11.4,27.96,8.013199243545532,43.35237426757813,61.11811294555664,27.52879493713379,37.73853164672852,28.805389696969698
1139,0.1668481080986138,29.031570809158804,7.131729482914189,1.0,13.0,38.0,3.6918652057647705,32.192222595214844,52.17655563354492,19.705299377441406,29.839130401611328,17.571428571428573,1,0.1796783952464285,30.634748159752792,7.539030687266799,0.4,12.0,31.6,5.511436986923218,32.49483184814453,52.08604507446289,20.823715591430663,28.718637466430664,17.62752857142857,0.15206965626130162,27.385490498410608,11.01185002230453,0.45454545454545453,12.090909090909092,31.727272727272727,6.050948533144864,35.18814433704723,54.338071996515446,21.850832332264293,31.30703527277166,22.32180558835104,0.17283167217659334,35.466285937099755,6.549370693426364,0.28,11.2,27.64,8.314625930786132,43.430140075683596,61.57079605102539,27.40765800476074,38.461769561767575,30.31852303030303
1140,0.008305883907462949,1.0714590240627204,0.0,0.0,12.0,32.0,7.1458048820495605,30.875015258789062,52.13758087158203,22.422958374023438,28.433135986328125,18.857999999999997,1,0.10556660568153546,18.834383285658994,1.426345896582839,0.2,12.8,34.2,6.336471700668335,31.754544067382813,52.8646354675293,20.883251571655272,29.79860610961914,19.748671428571427,0.13120115926782186,22.335408867698234,8.596593590224698,0.36363636363636365,11.909090909090908,32.54545454545455,6.965758193622936,34.94743520563299,55.30946731567383,21.96775991266424,32.614401904019445,22.891073593073592,0.18577775245759923,35.761292043023154,6.549370693426364,0.28,11.16,27.12,8.676908168792725,43.62521331787109,62.07414779663086,27.429289779663087,39.082427520751956,30.95792303030303
1141,0.04132568039680322,10.868653944359247,0.0,0.0,13.0,32.0,7.524430274963379,30.51873779296875,53.669376373291016,21.748069763183594,31.12627410888672,20.0125,1,0.04744351779952853,8.837212169953798,1.426345896582839,0.2,13.2,36.2,7.28564419746399,32.191219329833984,54.73862991333008,21.768761444091798,32.356543731689456,21.807814285714286,0.12047754749283479,20.1589923027069,6.940702371218674,0.2727272727272727,11.818181818181818,32.90909090909091,7.883190220052546,35.1216496554288,56.67497565529563,22.6077880859375,34.23830639232289,22.619109307359306,0.21756656170845173,43.544167622858524,6.549370693426364,0.28,10.72,26.36,9.199057350158691,44.03744018554688,62.806033020019534,27.705113296508788,39.999507141113284,32.55432303030303
1142,0.020737916594762328,3.214377072188161,0.0,0.0,15.0,40.0,7.386763095855713,32.52753829956055,56.11463928222656,20.993194580078125,34.6735954284668,23.099999999999998,1,0.01888037664165618,3.99700058095397,0.0,0.0,13.0,36.4,8.786055755615234,33.02155990600586,56.690371704101565,22.74417724609375,34.68506011962891,24.47127857142857,0.09681025847380086,16.365284982044866,3.4268321305758205,0.18181818181818182,12.272727272727273,33.81818181818182,9.177203893661499,35.92272186279297,58.476226113059305,23.751746957952324,36.11169416254217,23.723957792207795,0.22109341275072933,42.50136696096408,6.549370693426364,0.28,10.52,25.88,9.784428215026855,44.3744221496582,63.52688720703125,28.026379318237304,40.78301498413086,32.40050080808081
1143,0.0,0.0,0.0,0.0,13.0,39.0,10.679357528686523,34.84258270263672,59.59499740600586,23.974285125732422,37.7105827331543,29.497142857142855,1,0.01860727826940487,4.02423441934941,0.0,0.0,13.2,37.6,10.060794353485107,34.86997756958008,59.32625885009766,23.657233810424806,37.6701042175293,26.37825,0.08805873997556236,17.039004667395172,0.6483390439012925,0.09090909090909091,12.090909090909092,33.36363636363637,10.508394306356257,37.10657639936967,60.41546700217507,24.829863634976473,38.26937137950551,28.017911616161612,0.22721802749990233,43.9467760417689,5.9922120009137485,0.24,10.4,25.48,10.469818334579468,44.48603134155273,64.09521087646485,28.12845054626465,41.395052642822264,32.666323030303026
1144,0.024032402309252066,4.830512864159665,0.0,0.0,12.0,39.0,11.193922996520996,36.34392547607422,61.935264587402344,24.582378387451172,41.481712341308594,30.88875,1,0.022703767628014272,4.001426456684348,0.0,0.0,12.6,36.8,11.213661289215088,37.29986572265625,62.286711883544925,25.1268310546875,41.03042984008789,28.27917857142857,0.07299615974116973,14.470954877412678,0.6483390439012925,0.09090909090909091,12.0,32.90909090909091,11.26937530257485,38.714956456964664,62.50669756802645,25.94712413441051,40.52504210038619,30.651028499278496,0.24587808898274877,48.20968001961305,4.845214009813992,0.2,10.2,24.96,11.111422176361083,44.66624557495117,64.79924621582032,28.25632850646973,42.25661148071289,34.24994525252525
1145,0.0069403920462064155,1.2076282160399163,0.0,0.0,13.0,38.0,13.519497871398926,40.117103576660156,65.3170166015625,26.98824119567871,43.35835647583008,28.392857142857146,1,0.02915659007698105,4.726003386308298,0.0,0.0,12.0,34.8,13.201058959960937,40.02964859008789,65.33872451782227,27.23148880004883,43.79237060546875,29.945178571428574,0.08777761737151685,18.510452410510275,0.0,0.0,11.636363636363637,31.181818181818183,12.37673551386053,40.6796594099565,64.65741868452592,27.244156230579723,42.67196932705966,32.67544408369409,0.2628400983217654,51.65901756034544,4.845214009813992,0.2,10.08,24.6,11.675419921875,44.86188613891601,65.54160202026367,28.481066360473633,43.11174407958984,34.598645252525245
1146,0.061808127189850216,10.754614131033938,0.0,0.0,10.0,28.0,13.288764953613281,42.66817855834961,68.47164154052734,29.09605598449707,47.92790222167969,29.51714285714286,1,0.0881626222647019,18.651426982610417,0.0,0.0,11.2,31.4,14.646124267578125,42.911407470703125,68.1303924560547,28.947591400146486,46.85189437866211,35.991305555555556,0.12210439721693143,26.692366052037073,0.0,0.0,11.181818181818182,29.545454545454547,12.722901734438809,42.85399315573952,66.83439497514205,28.216962294145063,45.069031802090734,36.57683802308802,0.2818825160838347,56.15302815219379,4.845214009813992,0.2,9.92,24.2,11.929970035552978,45.087916412353515,66.28555160522461,28.642902908325194,44.00119003295899,35.62018969696969
1147,0.053002028839596205,6.83726172030791,0.0,0.0,12.0,30.0,17.32375144958496,46.17645263671875,71.37470245361328,31.516483306884766,48.483299255371094,31.43,1,0.10834155316919458,22.032785987522182,0.0,0.0,10.8,28.4,15.268196868896485,45.71289978027344,70.38905181884766,30.398435974121092,48.50220642089844,39.44669841269841,0.17461890094773144,31.556530514304665,0.0,0.0,10.545454545454545,27.454545454545453,13.57467742399736,45.34135818481445,69.05914063887163,29.415782928466797,47.40238571166992,39.07251984126984,0.29521461673499044,57.415424632609685,3.7825011796988655,0.16,9.6,23.8,12.34857557296753,45.33557281494141,67.04309463500977,28.867689743041993,44.99916847229004,36.13855333333333
1148,0.29503016093860424,69.6271179815106,0.0,0.0,9.0,22.0,17.90468406677246,49.25137710571289,73.55333709716797,32.5547981262207,53.008201599121094,59.727777777777774,1,0.17284230316643973,36.48446907896068,0.0,0.0,10.0,24.6,15.738862800598145,48.450270080566405,72.49254608154297,31.7953182220459,50.52160110473633,41.73612698412698,0.2532665433868683,50.27008060668422,0.0,0.0,9.454545454545455,24.363636363636363,14.719979893077504,47.92447870427912,71.29573440551758,30.96835049715909,49.67496663873846,43.06342893217893,0.29490168798756156,57.22435145945387,3.0539090433362155,0.12,9.56,23.88,12.7031259059906,45.52476150512695,67.69613845825195,29.100314331054687,45.741810684204104,36.10557476190476
1149,0.12492705683171548,21.737307888718494,0.0,0.0,10.0,24.0,14.304286003112793,50.35138702392578,73.22856140136719,31.83660125732422,49.733272552490234,48.16571428571428,1,0.23766077016987436,52.54804806892539,0.0,0.0,9.4,21.8,15.271836471557616,50.87517166137695,74.01508178710938,32.60087203979492,51.896185302734374,48.18736507936508,0.3058798292418613,58.425139914208124,0.0,0.0,8.636363636363637,21.545454545454547,15.744124325838955,50.3650068803267,73.39945983886719,32.42287271673029,51.84573468295011,44.68490079365079,0.29023233897081413,57.13761384558015,1.5078061374533598,0.08,9.6,24.2,13.048388757705688,45.70241485595703,68.30335479736328,29.36977210998535,46.52289909362793,36.45415253968254
1150,0.3294441420324323,73.46604367323239,0.0,0.0,9.0,19.0,15.872827529907227,53.803955078125,75.83448791503906,33.972652435302734,53.45532989501953,39.84,1,0.3508574086890758,64.05548833072436,0.0,0.0,8.2,17.6,15.18587875366211,53.2158317565918,75.36845703125,33.2845947265625,53.55815887451172,51.39436507936507,0.35154057273907546,69.27754211417101,0.0,0.0,8.181818181818182,19.09090909090909,16.63334959203547,52.357539437033914,75.03118341619319,33.60681845925071,53.26913278753107,46.07854978354979,0.2857094766321025,57.13073551696067,0.28526917931656753,0.04,9.4,24.32,13.367419538497925,45.838184661865235,68.75541458129882,29.448268356323243,47.097459411621095,37.417581111111105
1151,0.38590046220702334,91.07250908085751,0.0,0.0,7.0,14.0,10.953633308410645,54.792686462402344,76.08432006835938,33.12382507324219,54.80082321166992,61.773333333333326,1,0.46902377318640853,91.94275035209488,0.0,0.0,7.0,14.4,15.601959991455079,55.55392913818359,76.80122375488281,34.38792266845703,54.89091567993164,52.84880952380952,0.4051766475483825,81.97477434251881,0.0,0.0,7.636363636363637,16.727272727272727,17.102752512151543,53.94013699618253,76.3822583285245,34.54277645457875,54.67263273759322,48.70394660894661,0.27902055181671037,56.12337553878249,0.28526917931656753,0.04,9.48,24.6,13.517017107009888,45.9983024597168,69.15330139160156,29.49455093383789,47.65369598388672,37.99012396825397
1152,0.6189852214356033,64.37446302930275,0.0,0.0,6.0,9.0,16.893962860107422,57.87975311279297,78.1415786743164,34.935096740722656,56.79316711425781,47.465,1,0.5597875907010501,105.53641925090378,0.0,0.0,5.8,11.2,17.130092048645018,57.82133026123047,78.70270690917968,36.01540832519531,57.26206741333008,52.68233333333334,0.43904433817579647,88.93389101627685,0.0,0.0,7.636363636363637,15.636363636363637,17.597990902987394,55.0251430164684,77.2671786221591,35.164396112615414,55.46589036421342,49.01943362193362,0.2790757001393564,56.314656308380854,0.0,0.0,9.36,24.52,13.73206443786621,46.21995758056641,69.47409515380859,29.588027420043947,48.01595581054688,38.29591682539682
1153,0.8858619834252678,209.0634280883632,0.0,0.0,3.0,6.0,19.985090255737305,60.941864013671875,80.71717071533203,38.07143783569336,59.6719856262207,67.0,1,0.5991588784502851,115.68459792900762,0.0,0.0,5.4,9.8,18.1506067276001,58.71289596557617,79.51265411376953,36.742034149169925,57.998819732666014,53.95811111111111,0.47750419410417244,98.52598220499512,0.0,0.0,7.2727272727272725,14.545454545454545,17.05061843178489,55.56059889359908,77.6596943248402,35.282966960560195,55.98934589732777,50.5113528138528,0.2863524215229302,57.06312944836507,0.0,0.0,9.32,24.64,13.73043004989624,46.405121612548825,69.66743988037109,29.518675003051758,48.25381042480469,38.257396825396825
1154,0.5787461444049229,89.70565238276305,0.0,0.0,4.0,8.0,21.9449462890625,61.688392639160156,82.73597717285156,39.974029541015625,61.58903121948242,47.333333333333336,1,0.6413662289985972,125.64553265840925,0.0,0.0,5.4,9.4,19.696466064453126,59.25949401855469,80.33155822753906,37.5740249633789,58.79802627563477,53.05788888888888,0.5024829408600607,100.2251931307008,0.0,0.0,7.090909090909091,14.272727272727273,16.68853170221502,55.53377498279918,77.66123130104758,35.170867919921875,56.07285343516957,48.27155483405483,0.2846993943070581,56.6283832905907,0.0,0.0,9.24,24.72,13.77293581008911,46.62449356079102,69.82060714721679,29.601518478393555,48.35161087036133,38.18349682539682
1155,0.5263005807786082,124.20693706375152,0.0,0.0,7.0,12.0,20.975400924682617,58.261783599853516,79.88422393798828,37.60578155517578,57.13909149169922,46.218888888888884,1,0.6044397295297572,130.23161956102314,0.0,0.0,6.2,10.8,20.064950942993164,58.60419235229492,80.34439544677734,37.773780059814456,58.77014007568359,50.162388888888884,0.5067572664234491,100.96892577873037,0.0,0.0,7.090909090909091,14.454545454545455,16.484575791792437,55.091061332009055,77.34746620871805,34.81039151278409,55.972647580233485,46.773243145743145,0.28820504171227984,57.24545642757328,0.0,0.0,9.12,24.44,13.792145614624024,46.75223480224609,69.78740798950196,29.698878555297853,48.18733894348144,37.821039682539684
1156,0.5969372149485833,140.87718272786566,0.0,0.0,7.0,12.0,18.68292999267578,57.52567672729492,80.17884063720703,37.28377914428711,58.79685592651367,57.27222222222221,1,0.5224794216550502,110.88898690259228,0.0,0.0,7.2,13.2,18.328463745117187,56.8291130065918,79.33943634033203,36.72364501953125,57.68400497436524,46.33061111111111,0.49468129738689015,98.50834016304988,0.0,0.0,7.0,15.272727272727273,16.107152592052113,54.00033742731268,76.5208178433505,34.05554858121005,55.42245795510032,45.69607142857142,0.2931331308495429,58.2162899876141,0.048305128641596584,0.04,9.12,23.88,13.561921710968017,46.734736633300784,69.5464241027832,29.75035301208496,47.72271263122558,37.223903968253964
1157,0.4343527240914039,87.30489754237219,0.0,0.0,10.0,16.0,18.736387252807617,54.60324478149414,78.20576477050781,35.93387222290039,56.65373611450195,32.9875,1,0.5206894678247409,110.61154405889434,0.0,0.0,7.8,15.4,16.72382049560547,54.28269729614258,77.50628967285157,34.99318084716797,56.15155563354492,43.88194444444444,0.48489264681820043,95.86940690362377,0.0,0.0,6.909090909090909,16.727272727272727,16.132945841008965,52.62129523537376,75.37889619307084,33.10410274158824,54.4076340415261,43.4057683982684,0.3115396278028478,62.36145511527891,2.4089672149147585,0.08,8.96,23.24,13.2520055103302,46.802578125,69.31325500488282,29.88260887145996,47.24075485229492,36.77030396825397
1158,0.47606044405173265,112.3502647962089,0.0,0.0,8.0,18.0,11.302654266357422,52.06646728515625,75.69237518310547,32.820762634277344,54.241310119628906,47.841111111111104,1,0.4498182792748164,91.75383004955273,0.0,0.0,8.4,18.2,14.940894508361817,51.72664794921875,75.48487396240235,33.04629669189453,54.44993896484375,40.975023809523805,0.4398387465990758,92.2718971849664,0.0,0.0,7.545454545454546,19.181818181818183,15.476534149863504,50.6924223466353,73.74531589854847,31.810348510742188,52.774328751997515,42.13758658008658,0.31825733534143796,63.873107064795086,2.4089672149147585,0.08,8.84,22.84,12.932917795181275,46.76698638916016,69.0598844909668,29.940023880004883,46.842330627441406,36.53627857142857
1159,0.5697963752533762,88.31843816427332,0.0,0.0,7.0,19.0,13.921730041503906,48.95631408691406,73.57024383544922,31.32170867919922,53.92678451538086,35.09,1,0.3697525328111566,72.858313884129,0.0,0.0,8.6,21.4,13.548542976379395,48.58271102905273,72.79737701416016,30.723416900634767,52.171216583251955,35.11880158730158,0.37459918593902997,76.34009372685317,0.0,0.0,8.181818181818182,21.90909090909091,14.484075806357644,48.582580219615586,71.87979125976562,30.353146119551226,50.88556879216974,38.33906385281385,0.327975031827103,66.7829884106267,2.4089672149147585,0.08,8.88,22.84,12.671128644943238,46.52552291870117,68.63508026123047,29.924983520507812,46.1351326751709,36.589629220779216
1160,0.1719446380289857,29.918367017043515,0.0,0.0,10.0,26.0,12.060770988464355,45.481536865234375,69.77714538574219,27.871360778808594,48.63100814819336,31.68428571428571,1,0.33852704918316306,67.80618302108863,0.0,0.0,7.8,24.2,12.048737335205079,45.58670654296875,69.86086044311523,28.068226623535157,49.56802139282227,35.83730158730158,0.33927898358374686,69.98351510329908,0.0,0.0,8.818181818181818,24.363636363636363,13.134984796697443,46.202191439541906,69.53753870183772,28.599975065751508,48.41197516701438,35.66285173160173,0.34802900723197444,69.94647670837496,2.7572808702939176,0.12,8.64,22.24,12.190871496200561,46.22009201049805,68.17113677978516,29.963477630615234,45.47501724243164,36.71042922077922
1161,0.19660848263028421,46.39960190074707,0.0,0.0,8.0,28.0,11.721172332763672,41.805992126464844,66.7413558959961,25.66938018798828,47.40324401855469,27.99111111111111,1,0.267993424177863,50.29650128666118,0.0,0.0,8.8,27.8,11.722893333435058,42.50584335327149,66.7568244934082,25.644834136962892,46.485121154785155,32.97207936507937,0.291433476240237,58.69197537023076,0.0,0.0,9.181818181818182,26.363636363636363,12.008773283524947,44.17866897583008,67.50247816606002,27.34664552861994,46.269447326660156,33.1124981962482,0.3521498366448296,69.62930754592644,2.7572808702939176,0.12,8.56,22.08,11.723289861679078,45.91767349243164,67.74322540283202,29.993745422363283,44.789147186279294,35.31005144300144
1162,0.27822530595143624,62.044243227170284,0.0,0.0,6.0,30.0,11.237359046936035,39.62322235107422,63.5231819152832,22.657920837402344,43.637760162353516,36.580000000000005,1,0.1876795123601406,39.395531663630045,0.0,0.0,9.4,31.2,10.752157020568848,40.26130065917969,64.0820556640625,23.7889347076416,43.47888946533203,30.99732936507936,0.2470191023108482,47.579613803765945,0.0,0.0,9.636363636363637,28.272727272727273,11.025507666847922,42.19643194025213,65.23937086625533,26.086956197565254,43.703078356656164,29.182166305916304,0.34773387361425134,68.89928384862338,2.7572808702939176,0.12,8.56,22.32,11.497719602584839,45.504434509277345,67.31825454711914,29.973495025634765,44.23639923095703,34.64851378066378
1163,0.12339231902523211,24.801856124071655,0.0,0.0,13.0,36.0,9.673434257507324,36.66215133666992,60.17219543457031,20.703800201416016,38.82680892944336,33.515,1,0.1913353684537052,37.36851576495497,0.0,0.0,9.6,33.0,9.760991859436036,38.26581649780273,61.52086639404297,22.352492141723634,40.628588104248045,28.239472222222226,0.21873269361450032,41.849244845461264,0.10978438327635845,0.09090909090909091,9.909090909090908,29.09090909090909,9.76981427452781,40.360239549116656,62.99979227239435,25.116708408702504,40.92500461231578,27.50773448773449,0.3505175039029039,69.52003340299291,2.7572808702939176,0.12,8.44,22.28,11.240900831222534,44.90109130859375,66.77790451049805,29.939665069580077,43.49770156860352,34.648024891774895
1164,0.16822681616476445,33.81359004911766,0.0,0.0,10.0,36.0,9.068048477172852,37.73360061645508,60.1963996887207,22.042211532592773,38.895626068115234,25.216250000000002,1,0.15201367192764836,28.08859538480555,0.0,0.0,10.2,34.2,9.134172248840333,37.10522537231445,59.672306823730466,21.98244743347168,37.862196350097655,26.274250000000002,0.2194721828954222,41.495551778149505,5.4749254884426355,0.18181818181818182,9.909090909090908,29.545454545454547,9.055574612184005,39.08510277488015,61.21921608664773,24.668345884843305,38.66968258944425,24.93570165945166,0.36656943855307444,73.30828998043314,2.7572808702939176,0.12,8.4,22.16,11.05812876701355,44.3939111328125,66.34316116333008,30.075540771484373,42.829898071289065,34.02340266955267
1165,0.1902239184968087,19.783287523668104,0.0,0.0,11.0,35.0,7.104945182800293,35.50411605834961,56.97119903564453,20.68914794921875,34.37950134277344,17.895,1,0.11804443108242238,19.40798783872203,0.0,0.0,11.4,34.8,8.460102081298828,36.32479476928711,58.02460250854492,22.13630256652832,35.248003768920896,21.765964285714286,0.1835709742824754,37.01195984993779,5.4749254884426355,0.18181818181818182,10.181818181818182,30.363636363636363,8.293808698654175,38.20064787431197,59.89308062466708,24.404882951216265,36.803406802090734,23.79499458874459,0.3548884818458324,73.28360962854654,2.7572808702939176,0.12,8.36,22.36,10.881207036972047,43.83207015991211,65.92202285766602,30.13698211669922,42.2507536315918,34.13000266955267
1166,0.0,0.0,0.0,0.0,11.0,34.0,8.587074279785156,36.00303649902344,57.498558044433594,23.819156646728516,33.571285247802734,18.165,1,0.11800641296369137,19.301784414111836,0.24152564320798434,0.2,11.4,32.6,7.510167217254638,35.873390197753906,56.70424346923828,23.047771835327147,32.70162696838379,17.976714285714287,0.1956442380372473,41.88316719173606,5.4749254884426355,0.18181818181818182,10.272727272727273,30.545454545454547,7.810469172217629,37.39610741355202,58.808934298428625,24.48203624378551,35.132220008156516,23.719233077528532,0.3300872069267832,66.6117520074679,2.7572808702939176,0.12,8.6,23.32,10.600490598678588,43.07724197387695,65.34457321166992,29.946736755371095,41.498277282714845,32.828916955266955
1167,0.10837910172530629,18.641205496752683,0.0,0.0,12.0,33.0,7.867008209228516,35.7210693359375,55.28466033935547,23.427196502685547,30.566797256469727,14.03857142857143,1,0.18120001495911314,34.23099461544423,12.044836074573794,0.4,11.0,30.0,6.38576111793518,35.934662628173825,55.88617095947266,24.21708450317383,30.80905532836914,16.84321428571429,0.22816632270371073,45.47633694294217,6.2665474324861785,0.2727272727272727,10.090909090909092,29.363636363636363,7.2283010266043926,37.09926085038619,58.17573061856356,25.101077686656605,33.73014450073242,24.306404794700253,0.31772632389287186,65.14895157238765,2.7572808702939176,0.12,8.76,23.92,10.335688619613647,42.4205290222168,64.82567245483398,29.754551849365235,40.87000228881836,32.58503362193362
1168,0.12320222843157703,24.270839001020676,1.2076282160399145,1.0,13.0,25.0,4.923759937286377,34.405128479003906,53.57040023803711,25.261146545410156,26.094924926757812,14.56875,1,0.17813184736194365,38.07412250149948,12.044836074573794,0.4,10.8,28.6,6.0732330799102785,36.67930145263672,56.288481903076175,25.76397819519043,30.61270523071289,17.77265873015873,0.23905955818630584,45.4448501877719,6.2665474324861785,0.2727272727272727,10.181818181818182,28.272727272727273,6.771735949949785,37.28723283247514,58.11503705111417,26.069584239612926,33.02320723100142,23.228071461366916,0.31342118634134314,63.41282302600338,2.7572808702939176,0.12,8.76,24.08,10.058538160324098,41.98405639648438,64.44973220825196,29.69902633666992,40.358070068359375,32.45522806637807
1169,0.48419482614187326,108.45964105577961,59.01655215682905,1.0,8.0,23.0,3.4460179805755615,38.03996276855469,56.10603713989258,27.888774871826172,29.432767868041992,19.548750000000002,1,0.2390819552282389,54.77445205686439,12.044836074573794,0.4,10.8,27.4,5.704625463485717,36.80501251220703,56.35907745361328,26.744156265258788,29.948038864135743,20.30984054834055,0.2291628001901266,43.50711012705107,6.2665474324861785,0.2727272727272727,9.909090909090908,27.727272727272727,6.680062792517922,37.592529296875,58.33613655783913,27.035633433948863,32.75845857100053,23.056459891118983,0.29334515889553003,58.69008639340001,2.7572808702939176,0.12,8.96,24.64,9.660284719467164,41.47037673950195,63.924190826416016,29.519021301269532,39.60604019165039,31.021720995670993
1170,0.1748830805109613,38.99892695394437,0.0,0.0,10.0,28.0,5.542304992675781,39.22731018066406,58.98275375366211,28.423616409301758,33.39775085449219,22.54222222222222,1,0.3282764176754541,68.2311047903167,13.786404351469589,0.6,9.6,23.8,5.194688367843628,37.368934631347656,57.25736846923828,28.554484176635743,30.230762100219728,24.39212626262626,0.2501453531977613,48.52267308008313,6.2665474324861785,0.2727272727272727,9.545454545454545,26.09090909090909,6.7150000442158095,37.6822360645641,58.52971267700195,28.043332706798207,32.4032096862793,24.384780598189693,0.2759710499318739,55.197890491705124,2.7572808702939176,0.12,9.08,25.28,9.486866102218627,41.065556640625,63.497776641845704,29.328980255126954,39.07244903564453,31.098370995670997
1171,0.3047505393314765,83.50164777682456,0.0,0.0,11.0,28.0,6.7440361976623535,36.631591796875,57.85153579711914,28.720046997070312,30.247953414916992,30.85090909090909,1,0.38324615124113526,75.71651477417201,13.544878708261603,0.4,8.4,22.4,5.452965021133423,38.82609176635742,59.11439895629883,30.164553451538087,32.18406715393066,26.422042929292928,0.30441579955816833,63.61318544310091,6.2665474324861785,0.2727272727272727,9.090909090909092,23.90909090909091,6.64948972788724,38.28306024724787,59.2792160727761,29.4825663133101,32.7419582713734,26.954124032533127,0.2744699781940946,54.61560006327344,2.7572808702939176,0.12,9.16,25.36,9.691099042892455,40.91400161743164,63.314512481689455,29.381333465576173,38.78532287597656,31.033482106782106
1172,0.5543514139613821,85.92446916401423,8.707841384478968,1.0,6.0,15.0,5.317322731018066,38.540679931640625,59.77611541748047,32.47883605957031,31.98041343688965,34.449999999999996,1,0.2893127822262127,54.72192965424462,1.741568276895795,0.2,8.8,23.8,6.496767330169678,39.222181701660155,60.414049530029295,30.85286674499512,33.480428314208986,28.83774747474747,0.33413955444494586,69.40931764602252,6.2665474324861785,0.2727272727272727,8.545454545454545,22.09090909090909,7.002566576004028,38.99494136463512,60.198721798983485,30.63274574279785,33.536801078102805,29.860033123442214,0.2801216257423056,54.75207436672915,2.7572808702939176,0.12,9.12,25.24,9.665289793014527,40.902194061279296,63.17007034301758,29.47501251220703,38.36716339111328,30.683322106782107
1173,0.3980508962599827,61.697888920297316,0.0,0.0,7.0,18.0,6.215143203735352,41.690914154052734,62.855552673339844,33.311492919921875,35.8614501953125,24.718333333333334,1,0.3341431459737697,64.7191007699498,1.741568276895795,0.2,8.0,21.8,7.278777980804444,39.120794677734374,61.082646179199216,31.793524169921874,33.798455810546876,32.294858585858584,0.3484532825107397,71.55711601553564,6.2665474324861785,0.2727272727272727,8.272727272727273,21.818181818181817,7.466218493201516,39.57222227616744,61.19838263771751,31.53166458823464,34.47255377335982,31.71769546110455,0.2896517652415682,57.42760999086701,2.7572808702939176,0.12,9.0,25.2,9.627569799423219,40.94046005249024,63.08101669311523,29.561862411499025,38.10622268676758,30.602661789321793
1174,0.014527981067260639,3.4867154561425533,0.0,0.0,10.0,30.0,8.665029525756836,40.02041244506836,62.60429000854492,31.330341339111328,35.914573669433594,31.627272727272725,1,0.4306328037997316,85.17455591795762,1.741568276895795,0.2,7.0,18.4,7.20683708190918,40.2171127319336,62.55548629760742,33.353658294677736,35.370012283325195,35.35623232323233,0.3617734497948817,74.1811889705116,6.156763049209823,0.18181818181818182,7.818181818181818,21.636363636363637,8.411776390942661,40.559989582408555,62.67047882080078,32.432415528730914,36.27139299566095,34.142013642922734,0.2965389144046523,57.10578071553986,2.7572808702939176,0.12,9.0,25.0,9.842049551010131,41.22768997192383,63.235214385986325,29.79583908081055,38.076683349609375,30.901817344877344
1175,0.39903489924874597,88.98478253247035,0.0,0.0,6.0,18.0,9.45235824584961,38.720375061035156,62.32573699951172,33.12690353393555,34.98788833618164,39.82777777777778,1,0.3851547817583657,80.74115293158232,0.0,0.0,6.8,18.2,8.637556457519532,41.27572250366211,64.1228874206543,34.15211715698242,37.4368408203125,38.49223232323233,0.3558168421447468,71.66701463854486,0.7916219440435451,0.09090909090909091,7.7272727272727275,21.0,9.375469251112504,41.40635369040749,63.977722514759414,33.189585425636984,37.62666736949574,36.27155909746819,0.28783630683286376,55.26215541368178,2.7572808702939176,0.12,9.24,25.04,9.948578596115112,41.547169036865235,63.524150390625,30.15193161010742,38.181026763916016,30.761317344877348
1176,0.7871988284612864,185.77892351686359,0.0,0.0,6.0,11.0,6.384331703186035,42.113182067871094,65.21573638916016,36.52071762084961,38.105735778808594,46.15777777777778,1,0.35871062459617675,76.85497265980226,0.0,0.0,7.2,20.6,9.987963676452637,41.35177154541016,64.80796279907227,34.152879333496095,38.43656616210937,40.44313708513708,0.34855806471677353,70.19518190753001,0.7916219440435451,0.09090909090909091,7.909090909090909,20.818181818181817,9.664950067346746,41.90238779241388,64.71022727272727,33.5859524119984,38.22651811079545,36.17086120949757,0.2962971638567581,57.43166691795616,2.7572808702939176,0.12,9.12,24.52,10.374680013656617,42.08120834350586,64.07986083984375,30.719371795654297,38.69566696166992,31.790361789321793
1177,0.3269613037545524,63.75745423213772,0.0,0.0,5.0,14.0,12.470919609069824,43.8337287902832,67.61312103271484,36.47113037109375,42.31455612182617,50.129999999999995,1,0.40974984209415233,86.78475786972501,0.0,0.0,6.8,19.2,11.319937133789063,42.40180282592773,66.2397964477539,34.920692443847656,40.43008270263672,42.36493253968254,0.3208534702320938,62.60412301872779,0.7916219440435451,0.09090909090909091,8.090909090909092,21.181818181818183,10.361030578613281,42.61612874811346,65.59148857810281,33.80984323674982,39.41433663801713,36.5393012921422,0.31086700745390183,60.828781638344196,2.7572808702939176,0.12,9.0,23.88,10.734429769515991,42.56929962158203,64.68449020385742,31.300340042114257,39.268989410400394,32.88237845598846
1178,0.2658301104490382,42.26698756139707,0.0,0.0,9.0,30.0,12.967179298400879,42.07115936279297,66.28092956542969,33.315303802490234,40.860076904296875,34.472857142857144,1,0.4136772906424812,85.14854604406001,0.0,0.0,7.0,18.8,12.23879337310791,44.1277214050293,67.87179260253906,35.53884048461914,42.300662231445315,42.994126984126986,0.3103245826544455,63.6830807388553,0.0,0.0,8.454545454545455,21.636363636363637,11.369317401539195,43.50130254572088,66.62191182916814,33.95991204001687,40.78549506447532,37.60920028204119,0.3082257767900146,60.90183447461889,2.7572808702939176,0.12,9.04,23.68,11.048090429306031,42.99688674926758,65.27530380249023,31.826757583618164,39.78428283691406,33.67132131313131
1179,0.2697240685571387,53.135641505756325,0.0,0.0,8.0,23.0,15.324896812438965,45.27056884765625,69.76345825195312,35.16940689086914,45.88215637207031,41.23625,1,0.2752448307108749,52.55451472324354,0.0,0.0,8.2,21.8,12.707245826721191,44.641822052001956,68.23670654296875,34.79142761230469,42.67873687744141,38.04948051948052,0.3387824615361427,66.4132995416161,0.0,0.0,8.363636363636363,21.454545454545453,12.011258818886496,44.134958093816586,67.26769707419656,33.99192948774858,41.477435718883164,37.7562608881018,0.3286816450095338,65.7294193744254,2.7572808702939176,0.12,8.92,23.16,11.176771230697632,43.348761291503905,65.8405290222168,32.25029502868652,40.43160690307617,34.909610202020204
1180,0.41867214199039016,80.8037234041453,0.0,0.0,7.0,16.0,14.046639442443848,47.34996795654297,70.4857177734375,36.21764373779297,44.34078598022461,42.973749999999995,1,0.20985256995996443,39.803023876816,0.0,0.0,9.8,25.4,13.093246269226075,44.77162475585938,68.22316436767578,33.733770751953124,42.87861709594726,35.004230519480515,0.37475247466735095,74.89693973837497,0.0,0.0,8.090909090909092,21.0,12.234235330061479,44.71839211203835,67.71738017689098,33.874862844293766,42.040428161621094,37.57812498360226,0.3433548523577992,69.46974680903284,2.7572808702939176,0.12,8.72,22.64,11.230370206832886,43.63611907958985,66.42030502319336,32.69512657165527,41.086157913208005,36.09748956709957
1181,0.09503652880325507,22.808766912781216,0.0,0.0,12.0,26.0,8.726593971252441,44.683685302734375,67.0403060913086,32.783653259277344,39.99610900878906,21.434545454545457,1,0.24439327799160687,50.90822718161994,0.0,0.0,10.0,23.4,13.781505966186524,46.01291122436523,69.18913269042969,33.89662857055664,44.119232940673825,37.35343686868687,0.37200268489086363,70.29412950974748,0.0,0.0,8.272727272727273,21.454545454545453,12.927945137023926,45.651698025790125,68.46924937855114,33.72867133400657,43.10196200284091,37.18196336744064,0.3680089242190834,74.20827032171162,2.7089757416523206,0.08,8.36,22.16,11.323516454696655,43.90723052978515,67.04778839111329,33.078581924438474,41.97844612121582,38.02378956709956
1182,0.0,0.0,0.0,0.0,13.0,32.0,14.400921821594238,44.48274230957031,67.54541015625,31.182846069335938,43.31395721435547,34.90375,1,0.3326659770719096,58.627158030601905,0.0,0.0,9.6,22.0,13.371826362609863,46.69102249145508,69.22827911376953,33.59548416137695,43.63736114501953,34.373386868686865,0.30595371109044894,54.85546470646156,0.0,0.0,8.818181818181818,23.272727272727273,13.611240907148881,46.15142683549361,68.97205352783203,33.27771828391335,43.842017433860086,35.991938114915385,0.35945571221257183,72.04361546835229,0.3483136553791587,0.04,8.36,22.2,11.536389884948731,43.96837707519531,67.49847915649414,33.22452621459961,42.684998779296876,38.85013956709956
1183,0.4385336506072502,97.7930040854168,0.0,0.0,10.0,20.0,16.408477783203125,48.277591705322266,71.11077117919922,34.12959289550781,47.06315612792969,46.21888888888889,1,0.3309711737759418,61.827764873870855,0.0,0.0,9.6,23.8,12.786052703857422,46.50866622924805,68.64129638671875,32.36047706604004,43.19070205688477,31.712192424242424,0.3066766602602704,56.244754660897314,0.0,0.0,9.272727272727273,24.09090909090909,14.325336369601162,46.713190945712,69.5585840398615,33.13396141745827,44.69458632035689,36.820220943198215,0.36037895284065,72.04361546835229,0.3483136553791587,0.04,8.4,22.16,11.565481548309327,43.912736053466794,67.7280126953125,33.273130874633786,43.041568450927734,39.22420067821068
1184,0.7110875639586522,91.73029575066614,0.0,0.0,6.0,16.0,13.276498794555664,48.66112518310547,69.95919036865234,33.6636848449707,43.47279739379883,26.336000000000002,1,0.3857213103567679,64.93678549482823,0.0,0.0,8.8,23.2,14.457367134094238,47.36927719116211,69.35249481201171,32.107505798339844,44.52443237304688,34.519283333333334,0.330916914409754,63.196979251572024,0.0,0.0,9.090909090909092,23.181818181818183,14.788483012806285,47.42816578258168,70.37960260564631,33.42951722578569,45.81900544600053,38.46056726354454,0.3555450422280401,70.15270341652722,0.3483136553791587,0.04,8.28,22.2,11.543790321350098,43.810885162353514,67.86436553955077,33.21017127990723,43.44937232971191,39.01316431457431
1185,0.4101981255105511,96.80675762049006,0.0,0.0,7.0,25.0,11.11777114868164,46.43818664550781,67.5508041381836,30.0426082611084,42.10749053955078,29.667777777777776,1,0.3978533336881127,68.12750763097192,0.0,0.0,8.6,23.0,14.3572998046875,47.99476852416992,69.99272918701172,32.1829833984375,45.11091003417969,34.152033333333335,0.31768683107725315,60.330976244733755,0.0,0.0,9.454545454545455,23.818181818181817,14.754079818725586,47.51209536465731,70.55942812832919,33.309533552689985,45.94443095814098,38.131687393414666,0.3491201581135757,70.43252934674847,0.3592071907373338,0.04,8.28,22.68,11.521765289306641,43.54416381835937,67.80219436645508,32.943539199829104,43.59538543701172,39.43560875901876
1186,0.36878721170738543,38.353870017568084,0.0,0.0,8.0,23.0,17.083166122436523,48.98674011230469,70.59629821777344,31.518796920776367,46.66476058959961,35.47,1,0.3771293524911804,64.37683556007475,0.0,0.0,8.6,23.6,15.140798187255859,48.34187698364258,70.58356628417968,32.335025787353516,46.036841583251956,36.756477777777775,0.32611633684976116,63.95696707118991,0.0,0.0,9.545454545454545,24.272727272727273,14.550212079828436,47.280271009965375,70.66338001598011,33.144983465021305,46.436576496471055,38.69063941361669,0.33413232000888426,68.15238753682387,0.3592071907373338,0.04,8.4,23.64,11.542373218536376,43.05586204528809,67.50220626831054,32.49754341125488,43.58049362182617,39.65107542568543
1187,0.06066011665672417,15.953610680718457,0.0,0.0,12.0,31.0,13.900585174560547,47.610198974609375,70.74658203125,31.56023406982422,46.24634552001953,33.067499999999995,1,0.3414064209181216,69.7790680217053,0.0,0.0,8.8,24.4,16.09785690307617,48.59682846069336,71.65415496826172,32.91557235717774,47.98801956176758,41.99261111111112,0.3606774965432782,72.07884202111329,0.0,0.0,9.090909090909092,23.727272727272727,14.593883774497293,47.11857362227006,70.91235767711292,33.30537726662376,47.06698226928711,40.71800396825397,0.3399311234169708,69.0273266200517,0.745648219870107,0.08,8.48,23.72,11.397441654205322,42.53265487670898,67.07623565673828,32.09280723571777,43.35355392456054,39.51604165945166
1188,0.3349137446225888,79.03964373093096,0.0,0.0,10.0,23.0,20.325969696044922,50.01313400268555,74.06495666503906,34.88980484008789,51.692813873291016,59.24111111111112,1,0.28420542619593714,54.73963818371436,0.0,0.0,9.8,25.4,16.863595008850098,48.547949981689456,72.49230194091797,33.676968002319335,49.01888885498047,43.58276984126984,0.42790968063088547,85.0546535500215,0.0,0.0,8.272727272727273,22.0,13.944019621068781,46.81858929720792,71.06800079345703,33.63853038441051,47.529543443159625,43.247322150072144,0.3332840171915836,67.66610769846966,1.7563111429005582,0.12,8.72,24.36,11.121175956726074,41.99080757141113,66.54307403564454,31.47859893798828,43.0583056640625,38.599463881673884
1189,0.5324729060933583,118.74145805881889,0.0,0.0,7.0,20.0,18.061792373657227,49.935882568359375,75.3121337890625,36.5664176940918,53.22868728637695,52.516666666666666,1,0.3127273249520558,71.20678867923336,0.0,0.0,9.8,25.0,15.807780647277832,47.71058197021485,72.69888000488281,34.25472717285156,49.63681411743164,46.31321428571429,0.4126215783919614,81.10467769878326,0.0,0.0,8.090909090909092,22.363636363636363,13.249417435039174,46.02686517888849,70.72823125665838,33.40287485989657,47.53258236971769,42.700832251082254,0.30442412695457405,60.926131300874346,1.7991695038630668,0.16,8.96,25.36,11.051817321777344,41.212331466674804,65.84097915649414,30.68185447692871,42.6873119354248,37.67538610389611
1190,0.12419315189962858,21.609608430535374,0.0,0.0,12.0,30.0,14.94646167755127,46.19379425048828,71.74153900146484,33.849586486816406,47.261837005615234,37.61857142857143,1,0.39563715870709937,90.44594481547732,0.0,0.0,8.8,22.8,14.869060134887695,46.769544982910155,72.50537567138672,34.85227737426758,49.77365951538086,48.446825396825396,0.3659739904150763,76.31091689908129,0.0,0.0,8.545454545454545,23.363636363636363,12.612426324324174,45.042788765647195,70.25204051624645,33.036970138549805,47.4270546653054,43.20608225108226,0.2933514945598484,58.68673519368457,1.7991695038630668,0.16,9.2,26.48,10.823527507781982,40.44213073730469,65.18095458984375,29.973235778808593,42.35972343444824,36.59071943722944
1191,0.5113967054879788,120.689622495163,0.0,0.0,8.0,21.0,11.804094314575195,44.79990005493164,71.62918853759766,34.4075927734375,49.75438690185547,49.12222222222223,1,0.4765652147753176,103.1848014328892,0.0,0.0,7.6,20.8,12.254349422454833,45.00350112915039,71.54388122558593,34.84382247924805,49.11552276611328,49.14385317460317,0.34540168573377444,70.8038340682365,0.0,0.0,8.636363636363637,23.727272727272727,12.165515812960537,43.919800845059484,69.68018167669123,32.77364730834961,47.2757419239391,42.834011544011545,0.2865407800211532,57.76437615696123,1.7991695038630668,0.16,9.4,27.0,10.647057857513428,39.719541778564455,64.58523468017579,29.384269790649412,42.15344261169434,36.12980515151515
1192,0.47520928543194224,112.14939136193837,0.0,0.0,7.0,20.0,9.206982612609863,42.90501403808594,69.77906036376953,34.5479850769043,46.930572509765625,43.73555555555556,1,0.4241435387524632,90.30516376548466,0.0,0.0,7.8,21.6,10.395561695098877,42.930049896240234,69.95611572265625,33.83801536560058,47.889102172851565,46.68201984126984,0.3476691493149002,75.76440201387082,0.8163799789484885,0.09090909090909091,8.454545454545455,24.09090909090909,11.045836795460094,42.3639741377397,68.55523057417436,32.25494159351695,46.272649244828656,43.701385281385285,0.2757518172788676,55.63895049673097,1.7991695038630668,0.16,9.64,27.72,10.4535715675354,38.98943069458008,63.96016006469726,28.721771392822266,41.8930281829834,35.68162787878788
1193,0.7395540249636803,142.7339268179903,0.0,0.0,4.0,13.0,7.252416133880615,41.18291473388672,69.25748443603516,34.847530364990234,48.402130126953125,62.72624999999999,1,0.4388977276151206,93.78302747016646,0.0,0.0,7.6,21.0,8.660188674926758,41.258547973632815,68.5520263671875,32.99584465026855,46.89913330078125,45.53705555555556,0.3442777699499888,74.74083228582208,0.8163799789484885,0.09090909090909091,8.272727272727273,25.09090909090909,10.393996455452658,40.71608057889071,67.15607313676314,31.4005201513117,45.29472281716087,43.4320670995671,0.26616481003409953,54.003454451536165,1.7991695038630668,0.16,9.76,28.36,10.43599760055542,38.20018486022949,63.340766754150394,28.055853576660155,41.81797645568847,35.31707787878788
1194,0.2703645259790857,54.343269721796226,0.0,0.0,8.0,24.0,8.767853736877441,39.568626403808594,67.37330627441406,31.537382125854492,47.09658432006836,40.2075,1,0.373398941320771,76.89087226737335,0.0,0.0,7.6,22.6,7.539720916748047,39.115631866455075,66.4782600402832,31.543537521362303,45.03686599731445,40.82761111111111,0.328330890099701,69.86088217726821,1.6946550451593367,0.18181818181818182,8.454545454545455,25.90909090909091,9.004521066492254,38.61854414506392,65.14607932350852,30.15707761591131,43.34456530484286,40.61482323232323,0.2715427362590761,54.93616063782338,1.7991695038630668,0.16,9.76,28.44,10.564810581207276,37.64177925109863,62.94157196044922,27.51741226196289,41.98507759094238,36.22849606060606
1195,0.19796409621291558,38.99892695394437,0.0,0.0,11.0,27.0,6.269596576690674,37.83628463745117,64.7210922241211,29.63873291015625,42.31199264526367,31.89375,1,0.3571029464543364,73.04501747889479,1.7960359536866704,0.2,7.4,24.0,6.651663780212402,36.909158325195314,64.16681518554688,29.79654731750488,42.77689971923828,41.08272222222222,0.3010931026015835,64.06205048945917,3.9916162338649075,0.2727272727272727,8.909090909090908,27.181818181818183,7.593968651511452,36.36748140508478,62.753766840154476,28.44846656105735,41.01529208096591,37.37815656565657,0.28950969567633006,58.942792587871,1.7991695038630668,0.16,9.4,27.76,10.500521793365479,37.16796226501465,62.57587677001953,27.092734451293946,42.178435440063474,36.82523494949495
1196,0.18390277401623092,36.22884648119749,0.0,0.0,8.0,29.0,6.201755523681641,34.08531951904297,61.26035690307617,27.14605712890625,40.443050384521484,25.575000000000003,1,0.21386313019014008,45.43710084973323,1.7960359536866704,0.2,8.6,29.8,6.547248840332031,34.56924934387207,61.386488342285155,27.25936088562012,40.194304656982425,34.55847222222222,0.2957756862958035,63.66840550277238,4.089021599688791,0.36363636363636365,8.909090909090908,27.727272727272727,6.657959938049316,34.22725278680975,60.56484187733043,26.8805137981068,39.33975167707963,36.05427128427129,0.2927613289438403,59.08570338635539,1.7991695038630668,0.16,9.24,27.52,10.551049060821533,36.461387939453125,61.97927795410156,26.558071060180666,42.20552665710449,36.83792939393939
1197,0.3937293110997691,92.9201174195455,8.980179768433345,1.0,6.0,27.0,4.766696929931641,31.87264633178711,58.22183609008789,25.813034057617188,35.630741119384766,45.01111111111111,1,0.19168983824820754,39.640485412741626,3.7282410993505364,0.4,9.4,31.4,5.802026176452637,32.04357070922852,58.30283203125,25.194271850585938,36.823204040527344,32.16725793650794,0.2538437579683881,53.40321723524787,4.089021599688791,0.36363636363636365,9.181818181818182,29.636363636363637,6.199739933013916,32.38896283236417,58.699688998135656,25.457611083984375,37.91888410394842,33.68073593073593,0.27503636536642606,56.53121961034565,1.7991695038630668,0.16,9.36,27.64,10.743594150543213,35.59920524597168,61.33120559692383,26.02669479370117,42.24133613586426,37.185589393939395
1198,0.023354943642698855,4.69434367218247,0.0,0.0,10.0,42.0,6.73034143447876,29.483369827270508,55.35585021972656,22.161598205566406,35.48915481567383,30.104999999999997,1,0.19866846772843752,42.83156192053664,8.781555714502792,0.6,9.6,32.8,5.057250022888184,29.511152267456055,55.157952880859376,22.820864486694337,33.8821418762207,29.171174603174602,0.2193303908365441,44.95400089719106,4.089021599688791,0.36363636363636365,9.818181818181818,31.727272727272727,6.1405086083845655,30.670910228382457,57.02776822176847,24.006990085948598,36.8982008153742,31.791139971139977,0.25942668005601466,52.877666986068974,1.7991695038630668,0.16,9.52,27.68,10.704412517547608,34.83114822387695,60.72799819946289,25.493470458984376,42.272824630737304,37.35622373737374
1199,0.15949806626942292,25.360192536838245,9.661025728319332,1.0,12.0,32.0,5.041740417480469,26.94023323059082,51.95502471923828,21.211936950683594,30.24108123779297,28.25142857142857,1,0.175028227432401,39.04169533969329,8.995847519315337,0.8,10.4,34.2,4.74697208404541,27.22434425354004,52.43855438232422,20.712074279785156,31.55971031188965,28.667341269841273,0.1520982067489368,31.978189368282845,4.089021599688791,0.36363636363636365,10.727272727272727,34.27272727272727,6.434628920121626,29.38317177512429,55.653141715309836,22.530573411421344,36.07726131786,28.818918896759808,0.253502800707641,53.426827937667774,1.7991695038630668,0.16,9.68,28.28,10.524647769927979,33.88858863830566,59.95215377807617,24.863393669128417,41.94626365661621,36.94964595959596
1200,0.2328572436140655,54.954309492919464,25.266573075761276,1.0,12.0,34.0,2.545715808868408,25.174192428588867,48.99669647216797,17.771696090698242,27.60668182373047,16.913333333333338,1,0.10631146398972904,22.01218216626288,7.199811565628667,0.6,11.4,37.2,5.14636754989624,25.765557098388673,51.01668853759766,19.300600051879883,31.258530807495116,24.267785714285715,0.1437920644664007,30.666648691235466,4.089021599688791,0.36363636363636365,10.909090909090908,35.0,6.874577695673162,28.29682592912154,54.528376145796344,21.442602157592773,35.65616208856756,28.241873442214352,0.2515553398673785,52.919914118764794,1.7991695038630668,0.16,9.8,28.72,10.386561298370362,33.018766250610355,59.14399551391602,24.140728492736816,41.595913314819335,36.93814595959596
1201,0.06570157253604837,17.279513576980722,1.0714590240627189,1.0,12.0,36.0,4.650365829467773,22.65127944946289,47.66336441040039,16.60210609436035,28.83089256286621,23.055833333333336,1,0.12075292465752097,24.914915760489055,7.199811565628667,0.6,12.2,37.4,5.511386871337891,24.67017021179199,50.223104858398436,18.58651123046875,31.301311111450197,22.836785714285718,0.14665757248592376,31.31460274723702,4.089021599688791,0.36363636363636365,11.0,35.09090909090909,7.39069786938754,27.65021324157715,53.831952875310726,20.50477374683727,35.825402519919656,29.36244162403253,0.2397672855211129,50.11863134778247,1.7991695038630668,0.16,10.0,29.48,9.871296863555909,31.987816467285157,58.14325759887695,23.308887672424316,40.819874954223636,35.37285151515152
1202,0.05014549388640926,7.772551552393435,0.0,0.0,11.0,42.0,6.763674259185791,24.578710556030273,51.11250686645508,18.75566291809082,34.12484359741211,23.013333333333332,1,0.08885331140363636,19.842877253121408,5.267606419964801,0.4,12.6,39.2,6.600586700439453,24.685681915283205,50.65941848754883,18.06551322937012,33.12745399475098,23.192863636363636,0.17077313716002535,37.12705295360004,4.089021599688791,0.36363636363636365,10.636363636363637,33.81818181818182,7.9899657422846015,27.51857670870694,53.572195920077235,19.906577717174184,36.52584370699796,31.566734553325464,0.21916224299999396,45.50844164367541,1.7991695038630668,0.16,10.36,30.36,9.423710384368896,31.056570739746093,57.15480697631836,22.431964988708497,40.02073524475097,34.52943484848485
1203,0.09556224698165848,19.208011643313355,0.0,0.0,14.0,43.0,8.555438041687012,24.00643539428711,51.38793182373047,18.591154098510742,35.70305633544922,22.95,1,0.07808125485506098,16.835279809392524,0.2142918048125452,0.2,12.2,38.8,8.812901592254638,25.174607849121095,51.86025619506836,18.425113677978516,36.099016189575195,26.58219696969697,0.18223633454141067,37.89483991978013,3.272641620740305,0.2727272727272727,10.636363636363637,32.63636363636363,9.163144154982133,27.404084639115766,53.38801089200106,19.44748444990678,37.62672511014071,31.705383543224453,0.22051253737949617,45.45908194521186,2.437313931091805,0.2,10.36,30.6,8.971528816223145,30.27716339111328,56.219393768310546,21.575663833618165,39.34654556274414,33.96621199134199
1204,0.0,0.0,0.0,0.0,14.0,41.0,10.487739562988281,27.017791748046875,54.136592864990234,18.60694694519043,39.371795654296875,30.031818181818185,1,0.11083787723338516,22.604661407988683,0.0,0.0,12.2,37.2,10.27221212387085,26.789060974121092,53.73967056274414,18.969216537475585,39.167565155029294,30.8150303030303,0.20447347371237393,40.001554254165605,3.272641620740305,0.2727272727272727,10.545454545454545,30.545454545454547,10.19585184617476,27.188010822642934,53.24269554831765,19.28545535694469,38.43389597806063,32.152883543224455,0.21008576793725883,42.18600735588402,3.718333772758176,0.24,10.44,31.12,8.592391443252563,29.68634307861328,55.40454605102539,20.775877380371092,38.604750366210936,33.596923102453104
1205,0.17899696087118855,39.916322274275046,0.0,0.0,10.0,32.0,13.607290267944336,27.61882209777832,55.000885009765625,19.569698333740234,42.46449279785156,33.86,1,0.190643575542373,41.08331084774814,0.0,0.0,10.8,31.8,11.478217697143554,28.40078239440918,55.197775268554686,19.331264114379884,41.97217712402344,36.17680808080808,0.19178783066517793,38.193167842959674,2.394366554529457,0.18181818181818182,10.454545454545455,30.0,10.659169110384854,27.214967901056465,53.28956777399237,18.87637016989968,39.584225221113726,32.66944788797062,0.19748672480883475,38.5268350506686,3.7620773088667603,0.28,10.48,31.64,8.411040544509888,29.304479827880858,54.81381607055664,20.049564208984375,38.12573257446289,32.94222088023088
1206,0.22948468442766926,46.12642156996152,0.0,0.0,12.0,28.0,11.946918487548828,30.72354507446289,57.0604362487793,19.322620391845703,44.17363739013672,44.22,1,0.27549602260504286,57.514863328590764,0.0,0.0,9.2,26.0,13.301461982727051,29.722142028808594,56.159349060058595,19.76563491821289,44.37965316772461,40.89405808080808,0.1906817383364487,37.93213005337958,0.09740536582388612,0.09090909090909091,10.454545454545455,30.363636363636363,11.572199257937344,27.237564086914062,53.48988515680487,18.69411390477961,40.574593804099344,33.432377180899906,0.1844517528068386,34.5383856335903,4.047346488183328,0.32,10.68,32.12,8.334785356521607,29.03199234008789,54.22862640380859,19.199341812133788,37.62003234863281,31.718170880230883
1207,0.4491739854313485,100.16579875119072,0.0,0.0,4.0,15.0,12.793702125549316,32.6373176574707,58.40303039550781,20.565900802612305,48.14790344238281,49.82222222222222,1,0.3290887175097018,63.0885035986753,0.0,0.0,8.2,21.6,14.821939277648926,29.739895248413085,56.08350677490235,20.120101165771484,45.37890090942383,41.89319444444444,0.18579737680136796,36.6595165653035,0.0,0.0,10.727272727272727,30.90909090909091,12.09929539940574,27.529687708074395,53.75163615833629,18.41152286529541,41.36156602339311,34.31639233241506,0.18192897477008396,34.21372691425561,5.408636284095628,0.36,10.76,32.24,8.116006345748902,28.701680603027345,53.5916780090332,18.353438262939452,37.055985565185544,31.27235976911977
1208,0.5198244822950077,101.36577404752649,0.0,0.0,6.0,14.0,17.671659469604492,30.61323356628418,56.19580078125,20.76300811767578,47.74043655395508,46.536249999999995,1,0.29728052388551746,56.19882754653489,0.0,0.0,8.4,20.4,14.128127288818359,29.66348304748535,55.57745361328125,19.54856147766113,45.464942932128906,41.90792171717172,0.18489436699041703,36.771791374756155,0.0,0.0,11.090909090909092,30.90909090909091,12.161175814541904,27.49884033203125,53.5638181513006,17.98771572113037,41.194930683482774,34.05233930211203,0.17422363659799772,32.69662819706034,5.408636284095628,0.36,10.84,32.72,8.099292249679566,28.324810562133788,53.00596237182617,17.571680603027342,36.78877075195312,31.05215976911977
1209,0.2679634745232949,27.868201350422666,0.0,0.0,9.0,19.0,18.090126037597656,27.106557846069336,53.757381439208984,20.3792781829834,44.36803436279297,35.0275,1,0.29552163259959235,57.390121994050276,0.0,0.0,8.4,22.4,14.256553077697754,28.603324127197265,54.40540390014648,18.83741283416748,44.330362701416014,38.125032828282826,0.17778387572530135,35.3425826304679,0.0,0.0,11.272727272727273,30.818181818181817,12.008147846568715,27.739595239812676,53.49226691506126,17.628824494101785,40.97194324840199,34.82336202938476,0.1700029881360999,31.952953400031515,5.763146165497314,0.4,11.08,32.88,7.956862382888794,27.96441307067871,52.42471084594727,16.85433605194092,36.4130615234375,30.99924865800866
1210,0.019955992750266556,5.467942013573037,0.0,0.0,11.0,26.0,10.138230323791504,27.23676109313965,52.470619201660156,16.711999893188477,42.89470291137695,33.93363636363637,1,0.20808155464335468,38.01311528544089,0.0,0.0,10.6,27.8,13.787497329711915,27.24878845214844,52.83332290649414,17.422953605651855,42.198299407958984,34.716588383838385,0.1921430131241361,37.194911354917586,1.4503282437016802,0.09090909090909091,11.090909090909092,30.363636363636363,11.385800838470459,27.71148785677823,52.96677745472301,17.0683800090443,40.15697045759721,34.23301492194674,0.15583329133420123,28.608904954783434,5.40393897475998,0.36,11.44,33.36,8.076720457077027,27.63685791015625,51.94068618774414,16.226292381286623,36.351205596923826,30.174004213564213
1211,0.22069022799804405,52.0828938075384,0.0,0.0,12.0,38.0,12.5890474319458,25.42275047302246,51.20018768310547,15.766877174377441,38.500736236572266,25.305555555555557,1,0.112159135377543,19.54147536721013,0.0,0.0,12.4,33.4,11.742037200927735,25.974019622802736,51.40346450805664,16.089108848571776,39.10858306884766,29.431088383838386,0.19866396844785042,37.099132762889596,4.361736974761613,0.18181818181818182,11.090909090909092,30.545454545454547,10.360198085958308,27.93063059720126,52.62651478160512,16.5995830189098,39.13378992947665,34.78119674012856,0.15860799021024888,28.806856456558712,5.40393897475998,0.36,11.44,33.28,8.2369273853302,27.337280807495116,51.6079167175293,15.895741500854491,36.329117431640626,30.02600421356421
1212,0.011973595650159935,3.280765208143822,0.0,0.0,15.0,42.0,10.448423385620117,25.864639282226562,50.542625427246094,13.49360466003418,37.487586975097656,32.78,1,0.062035809085961194,14.665178188354105,0.0,0.0,13.8,38.0,9.49843807220459,25.88365592956543,50.772161865234374,14.941923332214355,36.88501510620117,28.711838383838387,0.19236837961091136,34.78492023212517,4.461154102281124,0.2727272727272727,10.727272727272727,31.0,9.69895187291232,28.170165842229668,52.440185200084336,16.332995328036223,38.29574359547008,33.24919674012856,0.15543426811318037,28.417657863058324,5.017497945627207,0.32,11.44,33.36,8.555520639419555,27.09402557373047,51.370431671142576,15.660467796325683,36.63042495727539,30.50429707070707
1213,0.04021238596594937,9.007574456372659,0.0,0.0,15.0,42.0,7.444358825683594,24.239389419555664,49.0465087890625,14.09378433227539,32.29185485839844,20.10875,1,0.08963471281334437,17.646712979428806,3.1907221361436924,0.2,14.0,40.0,8.199176502227782,25.778025817871093,49.94927978515625,14.087934875488282,34.38749351501465,26.63271111111111,0.1891416286547685,29.590092290292635,5.109493146182413,0.36363636363636365,11.181818181818182,31.90909090909091,9.021891355514526,28.327748558738016,52.09697723388672,15.69900165904652,37.169536417180844,31.640358356290175,0.15234196376036227,27.60698822570058,4.006835022596756,0.28,11.36,33.36,8.972700262069703,26.80919219970703,51.13837448120117,15.636009483337402,36.93764404296875,31.342697070707068
1214,0.017346843065385836,3.4867154561425533,0.0,0.0,16.0,42.0,6.872130393981934,26.654739379882812,50.600868225097656,14.643350601196289,33.25019454956055,31.43125,1,0.09564216110014481,15.00268577031456,9.595821344475546,0.4,13.6,39.2,6.1464990139007565,26.69935417175293,49.96084136962891,13.817145729064942,32.92924766540527,29.549599999999998,0.1607298643606969,24.577458444011043,8.20333359143764,0.45454545454545453,11.545454545454545,33.09090909090909,7.715229446237737,28.39116668701172,51.66550410877574,14.75598213889382,35.82907988808372,30.051810376492195,0.15113315050726148,27.201076861937914,3.963976661634248,0.24,11.32,33.36,9.436640233993531,26.682521362304687,50.94077850341797,15.686723442077637,37.29469139099121,31.875663737373735
1215,0.15795051138718244,20.375615968946533,15.953610680718455,1.0,12.0,36.0,3.6419224739074707,26.70861053466797,48.35620880126953,12.442057609558105,30.407094955444336,23.538,1,0.12529408341438075,18.48054947499636,9.814539025018467,0.6,12.2,37.4,4.991456365585327,28.198112869262694,50.854478454589845,14.39645595550537,32.422755813598634,28.467200000000002,0.13685415230501188,22.1413909597965,8.20333359143764,0.45454545454545453,11.909090909090908,34.90909090909091,6.602649276906794,28.510073575106535,51.33103318647905,13.821028796109287,35.034860610961914,29.26646946740129,0.16320420638985345,28.70609175715041,3.963976661634248,0.24,11.24,32.84,9.941434373855591,26.431306838989258,50.59940765380859,15.80194019317627,37.53546806335449,32.4071304040404
1216,0.25072746943204627,38.862757761967174,32.02549604165927,1.0,10.0,34.0,2.325659990310669,30.02939224243164,51.25799560546875,14.412931442260742,31.20950698852539,39.89,1,0.19998755120394626,25.283572861928384,11.240884921601305,0.8,11.0,34.0,4.571791887283325,30.224380493164062,51.97072525024414,14.29609317779541,33.11630973815918,30.870449999999998,0.1421660222794227,23.2476668272423,9.009037867350564,0.5454545454545454,12.181818181818182,35.54545454545455,5.921083688735962,28.31358458779075,50.809074055064805,13.139250928705389,33.958098498257726,28.386340909090908,0.16321977868633414,28.709221788743033,3.963976661634248,0.24,11.04,32.64,10.426414957046509,26.249612045288085,50.178626251220706,15.957050895690918,37.68066612243652,33.056030404040406
1217,0.16023320722133966,20.670083731552815,1.0935884027146088,1.0,8.0,33.0,4.673210144042969,33.35843276977539,55.01081085205078,16.390155792236328,34.95512771606445,27.368000000000002,1,0.23797719760291303,33.83159011838568,18.04733390116281,1.0,9.8,31.0,3.8570415019989013,31.155599212646486,52.14047088623047,13.44538173675537,33.06535377502441,30.396644444444444,0.12569299164799166,19.36003159822457,9.009037867350564,0.5454545454545454,12.454545454545455,35.63636363636363,5.482365629889748,28.1554952101274,50.34734968705611,12.625165939331055,33.55660820007324,28.30219949494949,0.17415678894480888,30.448206419840517,3.963976661634248,0.24,10.8,32.0,10.962586069107056,25.97916328430176,49.66848358154297,16.263481254577638,37.87026100158691,33.6637291053391
1218,0.41367972491377686,43.022691391032794,7.131729482914189,1.0,9.0,25.0,5.346036434173584,34.3707275390625,54.627742767333984,13.591970443725586,35.75962448120117,32.125,1,0.20745322370762853,29.970758729408914,14.856611765019114,0.8,10.0,31.6,4.299005842208862,31.496783828735353,52.484869384765624,12.975928497314452,34.110259246826175,30.966794444444446,0.1330337934565125,19.938428508080992,9.009037867350564,0.5454545454545454,12.0,35.45454545454545,5.508464834906838,27.803613662719727,50.02862132679332,12.661913351579146,33.32473217357289,27.72265404040404,0.17447092076883547,30.01002511899501,3.963976661634248,0.24,10.72,31.88,11.453813409805297,25.60916778564453,49.00849105834961,16.613222007751464,37.845118026733395,34.30732910533911
1219,0.2072950750602198,46.22680173842902,34.0322448978075,1.0,10.0,27.0,3.2983784675598145,31.310832977294922,51.4495964050293,10.389793395996094,32.99541473388672,29.06222222222222,1,0.1729850423149764,25.725602488110837,10.224061963695695,0.8,10.8,31.4,4.362075614929199,30.505981826782225,51.57908401489258,11.935830879211426,34.07842178344727,27.83923888888889,0.13666494144530897,20.540487893804258,9.009037867350564,0.5454545454545454,11.727272727272727,34.72727272727273,6.014120557091453,27.496292114257812,49.75329312411222,12.7743051702326,33.823088039051406,29.54992676767677,0.18162691637541267,32.02011864034597,3.963976661634248,0.24,10.52,31.68,12.054524850845336,25.24734565734863,48.27352401733398,17.027883949279786,37.895000534057615,34.72119577200577
1220,0.005330641910759803,1.0714590240627204,0.0,0.0,13.0,39.0,5.851744174957275,28.414533615112305,50.07820129394531,10.094791412353516,35.631622314453125,26.38875,1,0.148835779081169,23.455366999468957,10.005344283152771,0.6,12.2,32.6,4.980063343048096,28.571048736572266,49.80116577148438,10.680188179016113,33.90426483154297,27.24163888888889,0.14922883160242054,23.37692908497091,9.009037867350564,0.5454545454545454,11.181818181818182,34.0,6.568945646286011,26.71434835954146,49.08005662397905,13.00311313975941,34.00826662236994,30.13557070707071,0.16596210076482876,28.61895051145255,3.963976661634248,0.24,10.84,32.4,12.47951512336731,24.81471237182617,47.450057678222656,17.257917213439942,37.65830238342285,34.66057354978355
1221,0.07838656246878571,17.636976555476785,8.862747035042165,1.0,14.0,33.0,2.6410088539123535,25.075382232666016,46.729068756103516,9.212443351745605,31.05031967163086,24.25222222222222,1,0.08464431720719148,16.77945496457529,8.578998386569936,0.4,12.4,35.6,6.057958984375,26.095691680908203,48.28293991088867,10.741359329223632,33.73973007202149,26.097638888888888,0.13809526158617924,22.172939404422515,7.558709623648887,0.45454545454545453,11.090909090909092,34.0,7.71503134207292,26.05761181224476,48.56798900257457,13.49655836278742,34.67644674127752,31.303025252525256,0.1498885880644488,25.385506736458638,3.963976661634248,0.24,11.12,33.32,12.632658586502075,24.322106170654298,46.60233764648437,17.451911964416503,37.27360008239746,34.342780692640694
1222,0.039486891052302554,9.318906288343403,0.0,0.0,15.0,39.0,7.763148784637451,23.683767318725586,46.121219635009766,10.111942291259766,34.08434295654297,24.380000000000003,1,0.059216304963689605,10.660140156755197,1.7725494070084344,0.2,12.8,37.0,7.999597644805908,24.00529556274414,47.196600341796874,11.72941951751709,34.69540100097656,28.326944444444443,0.14729475445155762,22.767045419944214,4.647300892588953,0.36363636363636365,11.0,33.54545454545455,9.265746593475342,24.991153196855024,47.77891991355202,14.15320838581432,35.48869705200195,30.97666161616161,0.14699404413505932,25.79645771749248,3.963976661634248,0.24,11.16,33.84,12.882847871780395,23.99887321472168,45.78559967041016,17.800380134582518,37.135238571166994,34.77118069264069
1223,0.09272241554388927,9.643131216564484,0.0,0.0,10.0,40.0,10.735514640808105,21.993942260742188,47.03661346435547,13.897826194763184,34.93695068359375,26.405,1,0.08926010354026026,17.3833620637378,1.7725494070084344,0.2,12.2,36.0,9.424290084838868,21.933060455322266,45.820013427734374,13.14250888824463,34.62650833129883,30.623861111111108,0.14145096783086097,22.641243483723866,4.547883765069444,0.2727272727272727,11.090909090909092,34.0,10.72090500051325,23.728028904307973,46.49324590509588,14.705823464827104,35.886686151677914,32.04979797979798,0.14659834716372863,25.674350294232752,3.963976661634248,0.24,11.24,34.24,13.459900522232056,23.81089241027832,45.050477752685545,18.288792304992675,37.13456214904785,35.561035238095236
1224,0.08015501384271047,15.630227699328541,0.0,0.0,12.0,34.0,13.006571769714355,20.85885238647461,46.01789855957031,15.330094337463379,37.77376937866211,40.208749999999995,1,0.08067903928820878,15.282312649225279,0.0,0.0,11.6,36.6,12.145861339569091,20.814885711669923,45.01889266967773,14.87401123046875,35.9678596496582,33.04941666666666,0.12870056160796017,22.682327518851523,3.8995447211681538,0.18181818181818182,11.0,34.0,12.406903266906738,22.4449239210649,45.289180755615234,15.858163053339178,36.64596280184659,33.24064213564213,0.13825138608999193,23.687644799214407,3.963976661634248,0.24,11.36,34.28,13.756844682693481,23.651972885131837,44.3044677734375,18.68635353088379,37.11657661437988,36.72636301587302
1225,0.1555496347936131,34.68756855897573,0.0,0.0,10.0,34.0,12.97520637512207,18.05335807800293,43.19526672363281,17.16023826599121,35.28715896606445,37.873333333333335,1,0.14316603926798996,22.498116178097778,0.0,0.0,10.4,34.6,14.469937133789063,19.73780174255371,44.31029586791992,17.178839111328124,37.17984313964844,35.433416666666666,0.1268419417362905,21.112780974734086,0.8057042759129267,0.09090909090909091,10.818181818181818,34.18181818181818,14.460502841255881,21.268387707796965,44.11204216696999,17.48756521398371,37.449644955721766,35.139531024531024,0.14529745638324434,25.53549290425373,3.963976661634248,0.24,11.2,33.88,14.176063051223755,23.386650924682616,43.45661293029785,19.24315254211426,37.07469352722168,37.499496349206346
1226,0.0354812412085283,7.131729482914189,0.0,0.0,11.0,36.0,16.248865127563477,19.484508514404297,42.72346496582031,17.86995506286621,37.757076263427734,36.379999999999995,1,0.1438118670379474,24.426742421410673,0.0,0.0,10.2,34.2,16.458824729919435,19.231826400756837,43.07665252685547,18.893058204650877,38.05905456542969,37.98691666666666,0.16348320834368504,29.777081027431624,0.8057042759129267,0.09090909090909091,10.272727272727273,32.72727272727273,16.37986287203702,20.655974821610883,43.07641116055575,19.268872261047363,38.33956111561168,37.701159812409806,0.1505193047841122,26.548089037739498,3.963976661634248,0.24,11.08,33.32,14.834692964553833,23.306041870117188,42.6563655090332,19.899756774902343,37.41227363586426,38.52349634920635
1227,0.35192189095120846,45.39792393270589,0.0,0.0,9.0,29.0,19.383527755737305,18.29834747314453,42.5782356262207,21.63608169555664,40.14426040649414,36.3,1,0.18246591556177888,29.995620037032364,0.0,0.0,9.4,32.4,18.635913848876953,19.111370468139647,42.14967803955078,21.080580520629884,39.32663421630859,38.99002380952381,0.1615893022253182,29.549773661375124,0.0,0.0,10.090909090909092,32.72727272727273,18.268721970644865,20.360166029496625,42.2661659934304,20.823807629671965,39.35593657060103,39.887927489177486,0.1515288308482536,26.628358991985422,3.963976661634248,0.24,10.88,32.96,15.486354608535766,23.22970634460449,41.834972915649416,20.467223205566405,37.71348747253418,39.33816634920635
1228,0.09595155439367646,19.286262433128968,0.0,0.0,9.0,38.0,20.67995262145996,19.464065551757812,40.8683967590332,22.468921661376953,39.3330078125,39.1725,1,0.18872603989742692,28.85046427586467,0.0,0.0,9.0,31.4,21.21846733093262,19.174485778808595,41.210839080810544,23.311176300048828,40.63638610839844,41.40535714285714,0.16872564529197331,30.56893487813287,0.0,0.0,9.909090909090908,32.54545454545455,19.517548994584516,19.87055795842951,41.25540057095614,22.2329835024747,39.72307621348988,41.17987554112554,0.1494638150216366,26.47255007070246,3.325832234405509,0.2,10.8,32.68,16.12384894371033,23.09129753112793,41.00983070373535,21.03572437286377,37.91258087158203,40.87471301587302
1229,0.2734252564618678,43.47461577743699,0.0,0.0,8.0,25.0,23.892017364501953,20.256572723388672,41.383026123046875,26.2677059173584,44.11166763305664,45.22428571428572,1,0.2633067065741413,46.699870300028955,0.0,0.0,8.2,28.8,23.361635208129883,19.61318244934082,40.40339813232422,25.67501907348633,42.16911087036133,45.04269047619048,0.17807814172330683,33.15973893810598,0.0,0.0,9.909090909090908,31.818181818181817,20.754762042652477,19.600720839066938,40.010156804865055,23.61417952450839,40.265989476984196,42.93737554112554,0.16789900652646217,31.294040783415838,2.0448123927391384,0.16,10.56,32.08,16.78440835952759,22.813009719848633,39.94485229492187,21.651352577209472,38.08360946655274,42.416913015873014
1230,0.18685025647185338,28.961789753137275,0.0,0.0,8.0,29.0,25.88797378540039,18.368934631347656,38.50107192993164,28.313217163085938,41.83591842651367,49.949999999999996,1,0.2044330474172496,40.647604619258836,0.0,0.0,8.8,29.6,24.168621444702147,20.31781005859375,39.451025390625,26.61114921569824,42.58634872436524,47.44402380952381,0.1717061921436967,31.958377913810647,0.0,0.0,10.0,32.0,21.80548702586781,19.7533016204834,38.92603614113548,24.849834962324664,40.72999156605113,44.16203463203463,0.1682184148308423,31.7367056605768,2.0844467256568273,0.125,10.666666666666666,32.041666666666664,17.289041618506115,22.373617092768352,39.31710402170817,21.870569109916687,38.21396287282308,43.04395105820106
1231,0.40838457459210004,96.3787596037356,0.0,0.0,7.0,23.0,26.964704513549805,21.67799186706543,38.68626022338867,29.68916893005371,45.42070007324219,54.56666666666666,1,0.20884006949561615,40.896288067168754,0.0,0.0,9.6,29.4,24.33268013000488,20.08461265563965,38.277906036376955,27.23994026184082,42.344322967529294,47.32780952380953,0.15865769817651607,29.024531356820113,0.0,0.0,10.454545454545455,32.45454545454545,22.445254759355024,20.06206564469771,37.95827900279652,25.626714012839578,40.98125873912465,45.6679816017316,0.1575461839576712,31.24601062881784,1.8649996492543333,0.08695652173913043,10.73913043478261,32.34782608695652,17.808302713477094,21.852003595103387,38.65142407624618,22.230508182359777,38.3206732376762,43.518688060731535
1232,0.05755359516675012,15.136595528855281,0.0,0.0,12.0,33.0,23.418458938598633,21.82148551940918,37.81637191772461,26.31673240661621,42.23044967651367,48.30666666666667,1,0.19327499346095411,39.82976008693511,0.0,0.0,10.0,30.8,24.423248291015625,19.838444900512695,36.66908721923828,27.8045955657959,41.70378875732422,47.43045238095239,0.17253443561041995,32.874098479657626,0.0,0.0,10.454545454545455,32.09090909090909,22.870710893110797,20.039073077115145,36.742168946699664,26.49431627446955,40.86157087846236,47.09783008658008,0.15528487072573718,30.56506557838097,0.4028521379564619,0.045454545454545456,10.772727272727273,32.59090909090909,18.46784472465515,21.422056805003773,38.0696889703924,22.768722490830854,38.56273044239391,44.17580014430014
1233,0.11798666478550905,20.529679672678576,0.0,0.0,13.0,37.0,21.500246047973633,18.298078536987305,35.00279998779297,25.612876892089844,38.12287902832031,38.59142857142857,1,0.1579176558599833,34.52045342272362,0.0,0.0,11.0,32.2,24.158562850952148,20.672106170654295,35.78738708496094,27.926412963867186,41.91216354370117,48.17645238095238,0.15606504515918695,31.86723973973134,0.0,0.0,10.727272727272727,32.0,23.282218066128817,20.395965402776543,35.511449640447445,27.300935225053266,40.914943348277696,47.953170995671,0.16242554828835515,31.969523033348505,0.4220355730972458,0.047619047619047616,10.666666666666666,32.285714285714285,19.06861141749791,21.089081718808128,37.497855050223215,23.372243018377397,38.7023070199149,45.02280253212396
1234,0.19559987628855777,38.141975876268766,0.0,0.0,10.0,32.0,24.344858169555664,19.025733947753906,33.338932037353516,29.09098243713379,40.90899658203125,45.7375,1,0.0786439811724885,15.727752788392468,0.0,0.0,12.6,35.4,22.768152236938477,20.62646026611328,34.560122680664065,27.1297607421875,40.43824310302735,48.15086904761905,0.15121353972966373,30.613349001473328,0.0,0.0,10.909090909090908,31.545454545454547,23.50801069086248,20.87617319280451,34.52941842512651,27.879216107455168,41.046537225896664,49.100943722943725,0.16662749757933365,32.68615035724209,0.0,0.0,10.5,32.25,19.889991545677184,20.889766693115234,37.0362943649292,24.080233001708983,39.0849063873291,46.06133154761905
1235,0.010063568466999302,2.4152564320798326,0.0,0.0,13.0,36.0,24.564546585083008,22.537240982055664,34.09257125854492,28.922304153442383,42.87779235839844,53.68,1,0.10475833273543267,22.59582724944679,0.0,0.0,12.4,35.2,22.27023696899414,20.108481216430665,32.866099166870114,27.34913024902344,39.28025512695312,48.911202380952375,0.1360226178441991,28.159328743240177,0.0,0.0,11.090909090909092,31.90909090909091,23.115943735296074,21.148156599564985,33.288020914251156,27.91438709605824,40.25315198031339,50.62161471861472,0.17331910844917736,33.916005308236755,0.0,0.0,10.263157894736842,31.894736842105264,20.52824642783717,20.742714028609427,36.55814040334601,24.815406196995784,39.348093936317845,47.20245426065163
1236,0.012016201154626033,2.4152564320798326,0.0,0.0,15.0,39.0,20.012651443481445,21.44976234436035,32.5499382019043,25.705907821655273,38.05109786987305,54.43875,1,0.11531271897585997,25.354386873614423,0.0,0.0,12.2,33.4,22.752209091186522,20.893698120117186,31.673603820800782,28.328332901000977,39.80195083618164,50.334666666666664,0.18372779971518394,40.01735018202785,0.0,0.0,10.727272727272727,31.0,22.475186608054422,21.575725902210582,32.027335773814805,28.049879767678,39.675815929066054,53.212069264069264,0.17779670249947116,35.26449831332966,0.0,0.0,10.277777777777779,31.444444444444443,21.07228708267212,20.673201349046494,35.97600301106771,25.42193841934204,39.59315745035807,48.35786838624338
1237,0.188125352981471,49.476967834126874,0.0,0.0,11.0,32.0,20.928882598876953,19.231590270996094,29.346254348754883,27.4135799407959,36.44050979614258,52.10833333333333,1,0.0847097426519326,18.82468456081883,0.0,0.0,12.4,33.6,22.515971755981447,22.037821578979493,31.019028091430663,28.276138687133788,39.77625961303711,51.54676666666667,0.1612621222274923,34.38120923985707,0.0,0.0,11.1,31.8,22.026234817504882,21.565499305725098,31.361443328857423,27.88595085144043,39.10132751464844,53.07660952380952,0.1835403312439865,36.419455408270906,0.0,0.0,10.176470588235293,31.294117647058822,21.546740924610813,20.662280699786017,35.385303272920495,26.015576306511374,39.700180278104895,48.83722829131653
1238,0.1707585959876455,34.32247779351675,0.0,0.0,12.0,28.0,23.910106658935547,22.224163055419922,29.04032325744629,30.50889015197754,40.73135757446289,45.70875,1,0.1039620521028842,21.63771186177734,0.0,0.0,11.8,32.2,21.518918609619142,22.180051422119142,29.746044540405272,27.82259521484375,38.27758712768555,53.2011,0.1727852919009081,36.5194996521906,0.0,0.0,11.0,31.666666666666668,21.871543248494465,21.537056393093533,30.644229041205513,28.0603084564209,38.75364727444119,53.60660317460318,0.18528974977213483,36.527698336351854,0.0,0.0,10.1875,31.125,22.082461833953857,20.82533836364746,34.89718055725098,26.569034934043884,39.97599411010742,49.522471726190474
1239,0.04258499466892091,5.493464312290798,0.0,0.0,11.0,33.0,23.163671493530273,24.74635124206543,30.06605339050293,28.83001136779785,40.780540466308594,51.798,1,0.2438802632824962,53.034665691321706,0.0,0.0,9.6,28.2,21.284317398071288,22.504538345336915,28.16276397705078,28.64214096069336,37.76441192626953,58.00235,0.179635120290333,38.51822714962961,0.0,0.0,10.75,31.0,21.91795539855957,21.94192862510681,30.09940767288208,28.36623740196228,38.8324933052063,55.4835,0.19527698367637525,38.487429593247704,0.0,0.0,10.133333333333333,30.8,22.471368281046548,20.914727020263673,34.37542826334636,27.148973592122395,40.123921966552736,50.39863650793651
1240,0.10632511572175739,16.480392936872395,0.0,0.0,10.0,29.0,19.579280853271484,23.248390197753906,27.72765350341797,26.654586791992188,35.384429931640625,61.95166666666666,1,0.2578189908577525,53.92409015562042,0.0,0.0,9.25,27.25,21.373176097869873,23.32277536392212,27.866891384124756,28.949281215667725,38.09538745880127,59.475854166666664,0.17735444086201516,38.5719773315383,0.0,0.0,10.857142857142858,30.857142857142858,21.571255002702987,22.358527864728654,29.63661847795759,28.26270239693778,38.53584997994559,56.87578571428571,0.18408806172817288,37.99382285471497,0.0,0.0,10.214285714285714,30.928571428571427,22.69192831856864,21.101611273629324,33.78951345171247,27.542751584734237,40.12246922084263,51.40568197278911
1241,0.711607257052686,159.40002557980168,0.0,0.0,4.0,19.0,18.839645385742188,23.07219696044922,24.633535385131836,29.80363655090332,35.48522186279297,78.44500000000001,1,0.28683912248112153,60.45796094298831,0.0,0.0,8.333333333333334,27.0,20.52753257751465,23.688979466756184,27.47574742635091,28.42941157023112,37.21673075358073,64.06488888888889,0.20523625292785116,44.59809748144804,0.0,0.0,10.5,30.0,21.072373072306316,22.328742345174152,28.893959681193035,28.15276877085368,37.81219291687012,57.40841666666666,0.2308540281060462,48.573414371027916,0.0,0.0,9.857142857142858,28.785714285714285,23.636678831917898,21.859917504446848,32.945037024361746,28.84067290169852,40.72682353428432,54.400185941043084
1242,,,,,,,,,,,,,0,0.4089661863872218,87.94020925833706,0.0,0.0,7.0,24.0,19.209463119506836,23.160293579101562,26.180594444274902,28.229111671447754,35.4348258972168,70.19833333333334,0.24388026328249618,53.034665691321685,0.0,0.0,9.6,28.2,21.284317398071288,22.504538345336915,28.16276397705078,28.64214096069336,37.76441192626953,58.00235,0.26618959162938566,57.812920944242386,0.0,0.0,9.642857142857142,27.714285714285715,24.373121125357493,22.528172492980957,32.28977012634277,29.870948110307967,41.04684584481375,56.616308390022674
1243,,,,,,,,,,,,,0,0.711607257052686,159.40002557980168,0.0,0.0,4.0,19.0,18.839645385742188,23.07219696044922,24.633535385131836,29.80363655090332,35.48522186279297,78.44500000000001,0.25781899085775245,53.92409015562039,0.0,0.0,9.25,27.25,21.373176097869873,23.32277536392212,27.866891384124756,28.949281215667725,38.09538745880127,59.475854166666664,0.2779859649267392,61.6779272405764,0.0,0.0,9.571428571428571,27.0,24.671158245631627,23.121141706194198,31.765543392726354,30.48884677886963,41.18864468165806,58.524324263038544
1244,,,,,,,,,,,,,0,,,,,,,,,,,,,0.2868391224811215,60.45796094298828,0.0,0.0,8.333333333333334,27.0,20.52753257751465,23.688979466756184,27.47574742635091,28.42941157023112,37.21673075358073,64.06488888888889,0.2758657721845139,60.88001027925335,0.0,0.0,9.642857142857142,26.428571428571427,24.928728239876882,23.65386199951172,31.20482976096017,30.97882788521903,41.2259156363351,59.77003854875284
1245,,,,,,,,,,,,,0,,,,,,,,,,,,,0.4089661863872217,87.94020925833702,0.0,0.0,7.0,24.0,19.209463119506836,23.160293579101562,26.180594444274902,28.229111671447754,35.4348258972168,70.19833333333334,0.302985974301942,66.07629069768937,0.0,0.0,9.357142857142858,24.857142857142858,25.669386999947683,24.356266157967703,30.959186145237513,31.8463100705828,41.816889899117605,61.7529552154195
1246,,,,,,,,,,,,,0,,,,,,,,,,,,,0.711607257052686,159.40002557980168,0.0,0.0,4.0,19.0,18.839645385742188,23.07219696044922,24.633535385131836,29.80363655090332,35.48522186279297,78.44500000000001,0.3135733124234504,69.17347469512592,0.0,0.0,9.142857142857142,23.571428571428573,26.277310098920548,25.116284370422363,30.981336184910365,32.61091545649937,42.463378633771626,63.763827200577204
1247,,,,,,,,,,,,,0,,,,,,,,,,,,,,,,,,,,,,,,,0.30505505786771553,67.39789858799523,0.0,0.0,9.285714285714286,23.142857142857142,26.573815482003347,25.79821218763079,31.04495961325509,32.91035842895508,42.76028742109026,64.36165883323027
1248,,,,,,,,,,,,,0,,,,,,,,,,,,,0.7506750836839022,167.4005436615102,0.0,0.0,4.0,8.0,33.90645980834961,30.080352783203125,29.045726776123047,40.63982009887695,47.793968200683594,81.09555555555556,0.33905987477656746,74.96875271124499,0.0,0.0,8.928571428571429,21.928571428571427,27.107328823634557,26.499296188354492,31.200091906956263,33.347998891557964,43.258039474487305,66.72864296021439
1249,,,,,,,,,,,,,0,,,,,,,,,,,,,0.7593991147362614,170.11412573197492,0.0,0.0,4.5,9.0,34.05433464050293,29.846247673034668,30.62750816345215,40.66568946838379,48.19297409057617,78.67277777777778,0.3802697463150761,84.26157300938878,0.0,0.0,8.285714285714286,20.214285714285715,28.114863804408483,27.307496888296946,31.674708911350795,34.10590171813965,44.234213965279714,68.19770049989692
1250,,,,,,,,,,,,,0,,,,,,,,,,,,,0.6235992373691085,141.10004312192112,0.0,0.0,5.333333333333333,12.333333333333334,32.72305425008138,28.78766632080078,30.80563799540202,39.4317258199056,46.73568344116211,78.00259259259259,0.37877638406432235,83.4029963819144,0.0,0.0,8.071428571428571,19.571428571428573,28.772017206464493,28.10183470589774,32.39385659354074,34.50150203704834,45.09262030465262,68.88103383323026
1251,,,,,,,,,,,,,0,0.7506750836839022,167.4005436615102,0.0,0.0,4.0,8.0,33.90645980834961,30.080352783203125,29.045726776123047,40.63982009887695,47.793968200683594,81.09555555555556,0.5623748970770679,127.12701287774404,0.0,0.0,6.0,13.0,32.184961795806885,28.87476873397827,30.81329584121704,38.71102046966553,46.53738594055176,76.50361111111111,0.3962465381325247,87.95284923197929,0.0,0.0,7.785714285714286,19.071428571428573,29.171678134373256,28.756755011422293,33.1192958014352,34.51602840423584,45.691611426217214,71.33405962688106
1252,,,,,,,,,,,,,0,0.7593991147362615,170.11412573197495,0.0,0.0,4.5,9.0,34.05433464050293,29.846247673034668,30.62750816345215,40.66568946838379,48.19297409057617,78.67277777777778,0.5373472026238031,119.27851457958714,0.0,0.0,6.4,12.6,32.50550575256348,29.43084373474121,31.526108932495116,38.66111297607422,47.330726623535156,76.41638888888889,0.4204725508493428,93.66844568722851,0.0,0.0,7.428571428571429,17.928571428571427,29.613633973257883,29.28265040261405,34.00913156781878,34.590808050973074,46.44540786743164,72.14870248402391
1253,0.7506750836839022,167.4005436615102,0.0,0.0,4.0,8.0,33.90645980834961,30.080352783203125,29.045726776123047,40.63982009887695,47.793968200683594,81.09555555555556,1,0.6235992373691086,141.10004312192112,0.0,0.0,5.333333333333333,12.333333333333334,32.72305425008138,28.78766632080078,30.80563799540202,39.4317258199056,46.73568344116211,78.00259259259259,0.49215756860094023,110.04713808912099,0.0,0.0,7.0,13.666666666666666,32.08978303273519,29.348758697509766,32.157240867614746,38.270486195882164,47.304559071858726,74.80426346801347,0.4200098099233765,94.36696714498147,0.0,0.0,7.428571428571429,18.0,30.11055714743478,29.64722510746547,34.930399485996794,34.6745925630842,47.213044030325754,71.9223929602144
1254,0.7681231457886206,172.82770780243965,0.0,0.0,5.0,10.0,34.20220947265625,29.61214256286621,32.20928955078125,40.691558837890625,48.59197998046875,76.25,1,0.562374897077068,127.12701287774405,0.0,0.0,6.0,13.0,32.184961795806885,28.87476873397827,30.81329584121704,38.71102046966553,46.53738594055176,76.50361111111111,0.432755674873416,96.22381984445214,0.0,0.0,7.714285714285714,15.428571428571429,31.57637596130371,29.237896510532924,32.45330074855259,37.55801446097238,46.984724862234934,71.8475319521748,0.3700390202163722,83.15376934871563,0.0,0.0,7.928571428571429,19.071428571428573,30.539991651262557,30.05021299634661,35.99986444200788,34.3339752469744,47.90870557512556,70.15096438878582
1255,0.3519994826348028,83.07187790181347,0.0,0.0,7.0,19.0,30.06049346923828,26.670503616333008,31.161897659301758,36.96379852294922,43.821102142333984,76.66222222222221,1,0.5373472026238031,119.27851457958714,0.0,0.0,6.4,12.6,32.50550575256348,29.43084373474121,31.526108932495116,38.66111297607422,47.330726623535156,76.41638888888889,0.43942759116310476,97.74674413359268,0.0,0.0,7.75,15.875,31.633545637130737,29.627211570739746,32.92969107627869,37.24442148208618,47.342424392700195,73.71881268037518,0.37036122919395625,82.43353978492566,0.0,0.0,7.866666666666666,19.133333333333333,30.170573425292968,30.128781763712563,36.48602485656738,33.702799224853514,47.9914914449056,69.88656676286676
1256,0.378701876200946,85.20792214521285,0.0,0.0,8.0,15.0,30.5706844329834,29.136075973510742,30.83626937866211,36.54890441894531,45.9424934387207,72.00666666666667,1,0.4404540655843479,98.57645697464315,0.0,0.0,7.6,14.8,31.726447677612306,29.202439880371095,32.77954368591308,37.7966194152832,47.20667724609375,73.54600505050504,0.4560416813331761,101.60985485275938,0.0,0.0,7.555555555555555,15.777777777777779,31.909611807929146,29.975807189941406,33.62578943040636,37.14132436116537,47.828548431396484,73.86178411095078,0.364302437179622,81.09224256106202,0.0,0.0,7.9375,19.1875,29.880233645439148,30.0714670419693,36.96129047870636,33.172191858291626,47.99027109146118,69.4630313401876
1257,0.43723642481074376,87.88452138695949,0.0,0.0,8.0,11.0,33.787681579589844,31.65514373779297,34.37736129760742,38.461483001708984,50.50408935546875,76.0675,1,0.3020982989282779,66.66769748944304,0.0,0.0,9.0,18.0,30.585192489624024,28.994556045532228,33.183617782592776,36.314944458007815,46.501425170898436,69.11743362193361,0.4271593413469503,95.19455887243203,0.0,0.0,7.6,16.5,31.731553649902345,30.013458442687988,34.20464267730713,36.72239036560059,47.891513442993165,72.6431056998557,0.3432334757259506,76.39314759959014,0.0,0.0,8.235294117647058,20.176470588235293,29.40336451810949,29.838154287899243,37.22431194081026,32.535437527824854,47.68083617266487,68.32351479076479
1258,0.26620939848662606,63.89025563679026,0.0,0.0,10.0,19.0,30.01116943359375,28.93833351135254,35.31290054321289,36.317352294921875,47.17372131347656,66.74363636363636,1,0.3289246034395025,71.73476474059564,0.0,0.0,9.2,18.0,30.97984046936035,30.130938720703124,34.204122924804686,35.93203887939453,47.706468963623045,71.14854473304473,0.426084924219271,95.45145512897683,0.0,0.0,7.636363636363637,16.90909090909091,31.529172377152875,30.13887561451305,34.65844535827637,36.17601481350985,48.00294251875444,73.31656073724255,0.32889439820608857,73.08078527920077,0.0,0.0,8.5,20.944444444444443,28.89592668745253,29.75780423482259,37.52904775407579,31.83824062347412,47.499326917860245,66.98651396905564
1259,0.07634431250827058,13.28391037643908,0.0,0.0,12.0,26.0,28.495933532714844,28.572723388671875,34.22966003417969,33.28318405151367,45.06571960449219,54.10714285714285,1,0.37097510873806266,81.19612843277167,0.0,0.0,8.8,18.0,31.689331817626954,30.856637954711914,35.87578430175781,35.88556747436523,48.86147842407227,71.7483225108225,0.392546205039314,88.00702522209225,0.0,0.0,7.818181818181818,17.727272727272727,31.11504450711337,30.323287790471856,35.88372057134455,35.1975699338046,48.324735468084164,71.6899647776466,0.3363834498004261,74.76466828583052,0.0,0.0,8.473684210526315,20.94736842105263,28.489564594469574,29.768371381257708,37.98409983986303,31.29271175986842,47.52789226331209,67.57511849700008
1260,0.486131005190926,108.4072141575765,0.0,0.0,8.0,19.0,32.03373336791992,32.3524169921875,36.26442337036133,35.04927062988281,49.84632110595703,86.81777777777779,1,0.31697148007009757,71.11060316527691,0.0,0.0,8.8,20.4,30.95760154724121,30.596073150634766,36.88317642211914,34.783667755126956,48.452300262451175,68.8698225108225,0.3317938047638238,74.68266027145356,0.0,0.0,8.272727272727273,19.545454545454547,30.418135036121715,30.208769017999824,36.64882191744718,34.02811639959162,48.10104058005593,70.10208598976782,0.32977752800658194,73.32441627817886,0.0,0.0,8.65,21.35,28.09142255783081,29.61224365234375,38.345125102996825,30.75998706817627,47.34548282623291,66.82964034992786
1261,0.5889544026937465,132.51474060609297,0.0,0.0,6.0,15.0,34.118141174316406,32.76457214355469,39.194576263427734,36.31654739379883,51.7175407409668,75.00555555555555,1,0.346797750961268,77.93663557680384,0.0,0.0,8.4,20.8,30.8564395904541,31.087015914916993,37.659890747070314,33.662649154663086,48.8410026550293,71.53131746031745,0.30088623372017137,67.35024013784142,0.0,0.0,8.636363636363637,20.90909090909091,29.944610942493785,30.39454390785911,37.41647165471857,32.943679636174984,48.22862070257013,68.00961124229306,0.3149495636920601,70.0052957243665,0.0,0.0,8.904761904761905,22.19047619047619,27.583597819010418,29.444489706130256,38.60570190066383,30.103572209676106,47.052574157714844,65.34888366659796
1262,0.16721828147091852,37.45689504948575,0.0,0.0,8.0,23.0,30.129030227661133,30.352319717407227,39.41432189941406,32.95198440551758,48.45819854736328,61.675,1,0.40787872300048883,92.382216438672,0.0,0.0,7.2,19.0,31.027463531494142,31.794248580932617,39.31870956420899,32.98139762878418,50.09459686279297,73.35048888888889,0.3005380772364612,66.18136775117351,0.0,0.0,8.545454545454545,21.363636363636363,29.43806856328791,30.584786501797762,38.54883540760387,31.88162786310369,48.52025708285245,67.48036881805064,0.305392017267545,67.5607799671077,0.0,0.0,8.954545454545455,22.363636363636363,27.079455722462047,29.45600873773748,38.99017186598344,29.50812747261741,46.996871428056195,64.67757077266168
1263,0.4153407529424782,98.02041769442485,0.0,0.0,8.0,21.0,29.505359649658203,31.393047332763672,39.19647216796875,30.71225929260254,49.11723327636719,80.05111111111111,1,0.3306218705139493,75.95271227623952,0.0,0.0,7.6,21.2,29.927957916259764,30.994252395629882,40.19090576171875,31.53705749511719,49.351599884033206,67.74359999999999,0.2856457256140852,63.734846189005154,0.0,0.0,8.636363636363637,22.181818181818183,28.686928142200816,30.362659454345703,39.431827545166016,30.677227713844992,48.290064031427555,66.3024142725961,0.31425293936647947,69.56031515532464,0.0,0.0,8.91304347826087,22.26086956521739,26.654751487400222,29.461694966191832,39.442570644876234,29.045602798461914,46.98006273352581,65.18202421732857
1264,0.3817491727043746,85.51181468577991,0.0,0.0,6.0,17.0,29.35105323791504,32.10888671875,42.52375411987305,29.87692642211914,51.33369064331055,63.202999999999996,1,0.2152342302061252,49.932815441436894,0.0,0.0,8.6,25.0,28.074675369262696,30.184143447875975,40.273199462890624,29.280746841430663,48.05298843383789,63.47148888888889,0.2620021523395926,58.03642551439148,0.0,0.0,8.909090909090908,23.727272727272727,27.938045328313653,30.105097337202594,39.98816888982599,29.407229163429953,47.88607822765004,64.78856096681096,0.303674959009626,67.2657827985394,0.0,0.0,9.041666666666666,22.75,26.203601241111755,29.34098521868388,39.779032945632935,28.52276913324992,46.75783840815226,64.09644745069745
1265,0.09984674275822843,26.259693345414075,0.0,0.0,10.0,30.0,26.536205291748047,28.352436065673828,40.625404357910156,27.82756996154785,46.1313362121582,58.78333333333333,1,0.2567650048879683,56.91150160991292,0.0,0.0,8.4,24.4,27.048612976074217,30.35942840576172,41.04878921508789,27.663616943359376,48.19144744873047,64.37348888888889,0.26280085850869844,58.353399646768075,0.0,0.0,9.0,24.454545454545453,27.19018624045632,30.088654604825106,40.759068575772375,28.19838454506614,47.826800953258164,63.89313888888889,0.2927042637409068,64.75747846580605,0.0,0.0,9.28,23.16,25.658463401794435,29.298177337646486,40.092611923217774,27.912361183166503,46.55876510620117,63.44558955266955
1266,0.012016201154626033,2.4152564320798326,0.0,0.0,11.0,34.0,24.851728439331055,28.714027404785156,39.60604476928711,25.03499412536621,45.224483489990234,53.645,1,0.22838096569239424,49.50197491164947,0.0,0.0,8.6,24.2,26.252568435668945,29.923168182373047,42.027549743652344,26.563781356811525,47.96239395141602,60.98526666666667,0.2614422560821144,58.050431305639854,0.0,0.0,9.0,24.636363636363637,26.203032927079633,29.87103306163441,41.66003348610618,26.964195598255504,47.66277798739347,63.10697727272727,0.2861237395185682,63.59482579284974,0.0,0.0,9.52,23.72,24.835715713500978,29.35804214477539,40.9822501373291,26.89490791320801,46.516693572998044,62.15047844155844
1267,0.37487215488013415,72.3503258918659,0.0,0.0,7.0,20.0,24.99871826171875,31.228744506835938,43.29227066040039,24.866334915161133,49.15049362182617,66.185,1,0.1532571496449609,32.64113761770147,0.0,0.0,10.0,28.0,24.73704948425293,28.72242088317871,41.809329986572266,25.057869720458985,46.24163131713867,58.36291666666666,0.2264704934666414,50.181784717158415,0.0,0.0,9.545454545454545,25.90909090909091,24.967449535023082,29.314782576127485,42.20639974420721,25.53889291936701,46.95024733109908,61.07606818181818,0.2694321787378895,60.52685950468948,0.0,0.0,9.64,24.16,24.060425262451172,29.3814013671875,41.785976791381835,25.93494514465332,46.39841201782227,60.526551168831176
1268,0.27342055696460793,60.972784203107565,0.0,0.0,9.0,20.0,25.525136947631836,29.211746215820312,44.090274810791016,25.21308135986328,47.97196578979492,63.11,1,0.15031381716700215,30.743324115134982,0.0,0.0,10.6,28.8,23.483705139160158,28.730304336547853,42.2261604309082,23.489534378051758,45.89809799194336,55.45775,0.21294067491488725,47.10596558976151,0.0,0.0,10.090909090909092,27.363636363636363,23.812728881835938,28.92724540016868,42.6066648309881,24.08646479519931,46.2899020801891,58.717772727272724,0.2559074307961939,57.300594645900134,0.0,0.0,9.88,24.64,23.363865242004394,29.42572441101074,42.55086532592773,25.01550708770752,46.2933854675293,58.74417656565656
1269,0.006130092467207697,1.2076282160399163,0.0,0.0,13.0,36.0,21.77345848083496,26.10515022277832,41.432655334472656,22.347368240356445,42.72987747192383,50.09125,1,0.24214785263577737,51.27518530975222,0.0,0.0,10.0,26.2,22.74836883544922,28.97921485900879,43.53995895385742,22.77717399597168,46.461614990234374,60.362750000000005,0.18469911031581904,39.670104805238594,0.0,0.0,10.272727272727273,27.818181818181817,22.62973906777122,28.773141860961914,43.321898373690516,22.840240131724965,45.99080033735795,56.03858080808081,0.24174017054290925,54.085498274658015,0.0,0.0,10.08,25.6,22.523801727294924,29.37797706604004,43.25095138549805,23.967551651000978,46.02798858642578,57.459209898989904
1270,0.08513008036843468,16.770625832581633,0.0,0.0,13.0,34.0,20.26948356628418,28.39185333251953,42.709556579589844,19.98589324951172,44.41366958618164,44.2575,1,0.2080264244444591,45.99704575793846,0.0,0.0,11.0,28.0,21.853969955444335,28.062629318237306,43.92242584228516,21.931550598144533,45.407456970214845,57.658861111111115,0.19628493330115201,42.219038860721994,0.0,0.0,10.454545454545455,28.09090909090909,21.535212256691672,28.543860522183504,43.94658834284002,21.839615908536043,45.56139859286222,57.22739898989899,0.23866659383916414,53.46770935720524,0.0,0.0,10.04,26.28,21.440293865203856,29.382229232788085,43.92702270507812,22.859003868103027,45.72175033569336,55.952759898989896
1271,0.4711863784985022,105.07456240516599,0.0,0.0,8.0,21.0,21.175046920776367,29.958580017089844,46.1750373840332,21.47319221496582,48.04206848144531,78.17,1,0.15702036853186213,34.52706584694089,0.0,0.0,12.0,31.8,20.234363174438478,27.43816223144531,43.867818450927736,20.283989334106444,44.051943969726565,52.18361111111111,0.19269717585058543,41.14920661045517,0.0,0.0,10.636363636363637,28.454545454545453,20.56166137348522,28.381335518576883,44.573157570578836,20.809618169611152,45.15370247580788,55.44056703397612,0.2304488968728306,51.22565671926759,0.0,0.0,10.0,26.6,20.541191730499268,29.524786987304687,44.495267944335936,21.74729389190674,45.43329376220703,55.058694444444455
1272,0.20426501392354282,45.959628132797135,0.0,0.0,12.0,29.0,20.526723861694336,26.645816802978516,45.20460510253906,20.63821792602539,43.879703521728516,52.66555555555555,1,0.17673105850896623,37.53073001666748,0.0,0.0,11.4,29.8,19.17816581726074,28.1567138671875,44.99409561157226,19.215273284912108,44.671391296386716,52.28136111111112,0.19427821004486007,41.34401734210294,0.0,0.0,11.0,28.363636363636363,19.445609266107734,28.341041044755414,45.30156326293945,19.73939782922918,44.84065905484286,54.91147612488522,0.2500040487491759,55.057822708908525,0.0,0.0,9.8,26.16,19.664163970947264,29.789814910888673,45.1721794128418,20.886790733337403,45.47215698242187,55.41075873015873
1273,0.018390277401623092,3.622884648119749,0.0,0.0,14.0,39.0,17.42710304260254,26.08941078186035,43.817237854003906,16.97527503967285,41.194400787353516,35.73375,1,0.2615436875438867,56.88662270937061,0.0,0.0,10.4,27.0,18.586520767211915,28.395701599121093,46.33125305175781,18.992106628417968,45.110711669921876,58.685861111111116,0.2134863757944329,47.34255379171538,0.0,0.0,11.272727272727273,28.545454545454547,18.385522842407227,28.372698176990856,46.02832794189453,18.860957232388582,44.621721441095524,53.32354683195592,0.24875896170557074,53.06935390076557,0.0,0.0,9.76,26.08,18.645866775512694,29.95781494140625,45.724900817871095,19.929336166381837,45.22066833496094,53.68924761904762
1274,0.10468354235272806,16.22594906467285,0.0,0.0,10.0,26.0,16.49247169494629,29.697908401489258,47.06404113769531,17.003787994384766,45.82711410522461,50.580000000000005,1,0.17938269400458542,38.77001794683322,0.0,0.0,11.2,29.6,17.51694049835205,27.71691780090332,46.599778747558595,17.99698715209961,43.831633758544925,50.87749747474748,0.2205239730041643,50.538532554926775,0.0,0.0,11.181818181818182,28.636363636363637,17.412323865023527,28.462186986749824,46.77488985928622,18.08635798367587,44.40926465121183,50.82734848484849,0.22944551484028977,48.5964864788033,0.0,0.0,10.04,26.76,17.531444969177247,29.977559051513673,46.01259582519531,18.848235473632812,44.73110092163086,52.65702539682539
1275,0.5091932255430371,113.55008929609728,0.0,0.0,8.0,20.0,17.31125831604004,29.5867919921875,49.39534378051758,18.870059967041016,46.61027145385742,76.28000000000002,1,0.14441120667820626,30.48972721631484,0.0,0.0,11.8,30.4,15.926626777648925,28.041912078857422,47.082559204101564,16.52185764312744,43.41189422607422,49.90938636363637,0.22122858133372836,50.648316938203145,0.0,0.0,11.181818181818182,28.181818181818183,16.582599726590242,28.614316940307617,47.57956764914773,17.325492425398394,44.269770188765094,49.19204004329004,0.22516002381237826,47.58126196323983,0.0,0.0,10.24,26.96,16.74407455444336,30.06741264343262,46.30671524047852,18.01504749298096,44.52717300415039,52.026025396825396
1276,0.06038141080199581,14.491538592478996,0.0,0.0,12.0,34.0,15.82714557647705,26.564661026000977,47.51766586303711,16.497594833374023,41.64667892456055,39.12818181818182,1,0.2579655468229687,57.431995654211434,0.0,0.0,11.0,27.0,15.108759689331055,29.139424514770507,48.57644805908203,16.167500305175782,44.52145004272461,52.50619191919193,0.21571860765194623,49.56285212289205,0.0,0.0,11.181818181818182,28.636363636363637,15.609837271950461,28.573456850918856,48.09128258445046,16.44950381192294,43.805579445578836,48.794312770562776,0.22798626952574133,47.41234129085784,0.0,0.0,10.24,26.88,16.028996543884276,30.25539649963379,46.67616744995117,17.371961097717286,44.41508651733398,51.43358095238095
1277,0.02940757729164693,4.558174480205274,0.0,0.0,15.0,33.0,12.575155258178711,28.270788192749023,47.618507385253906,13.26257038116455,41.781005859375,47.82500000000001,1,0.30719566360675377,73.41251596096347,0.0,0.0,10.6,26.0,14.774254989624023,29.239067459106444,49.62413101196289,16.105240631103516,44.48301544189453,49.52055555555556,0.20564684662636556,46.59605539975334,0.0,0.0,11.090909090909092,29.272727272727273,14.293922554362904,28.737353931773793,48.55529230291193,15.474467104131525,43.33340350064364,45.17942640692641,0.23213332175775636,48.57428522051149,0.21871768054292148,0.04,10.4,27.24,15.07326816558838,30.387793197631837,46.798015441894535,16.725886192321777,44.040189819335936,51.242260952380946
1278,0.5861619781254352,138.33422683760273,0.0,0.0,10.0,22.0,13.337767601013184,31.57697296142578,51.28668212890625,15.20348834991455,46.74217987060547,48.71777777777778,1,0.20813317531662895,51.18554938815999,0.0,0.0,11.6,28.2,13.841301918029785,28.87742500305176,49.801884460449216,15.126798057556153,43.400048828125,40.68512698412699,0.1926015702995242,43.13053826843988,0.0,0.0,10.818181818181818,29.09090909090909,13.112730936570602,29.269759438254617,48.947512886740945,14.373229373585094,42.97727654196999,44.427284992785,0.22897229909297198,47.66881287261972,0.21871768054292148,0.04,10.6,27.6,14.509387321472168,30.544624862670897,46.898013305664065,16.181065979003908,43.842384033203125,50.875213333333335
1279,0.35083412627165356,96.12855059843308,0.0,0.0,8.0,21.0,14.819948196411133,30.196123123168945,52.30245590209961,16.692489624023438,45.63494110107422,35.651818181818186,1,0.20096096712999595,49.25334424249612,0.0,0.0,11.8,29.2,12.589692115783691,29.152971267700195,49.96603546142578,13.897282791137695,42.932227325439456,40.83599062049062,0.24231364593727703,52.71828149292558,0.0,0.0,10.181818181818182,26.90909090909091,12.125743345780807,30.09785131974654,49.614350058815695,13.900077559731223,43.41754011674361,46.89773953823954,0.23978688013213542,49.842543661491575,0.21871768054292148,0.04,10.56,27.28,14.115540466308595,30.77033531188965,47.125625,15.876865463256836,43.88656158447266,50.75136333333334
1280,0.013880784092412831,2.4152564320798326,0.0,0.0,13.0,31.0,12.646492958068848,27.778579711914062,50.28411102294922,13.9778470993042,41.195438385009766,32.10285714285714,1,0.2671588531150896,62.8296690365831,0.0,0.0,10.2,28.2,11.414658069610596,29.851103210449217,50.69816284179687,13.394326400756835,43.145652770996094,38.95224062049063,0.274160944732556,56.579149210137395,0.0,0.0,9.909090909090908,26.09090909090909,11.224273508245295,30.7209885337136,49.888751636851914,13.36454287442294,43.21135746348988,46.279557720057724,0.23904928565235437,49.15841084170769,0.21871768054292148,0.04,10.64,27.2,13.704079399108887,31.009392166137694,47.22032302856445,15.626646728515626,43.76785675048828,50.459030000000006
1281,0.02452036986883079,4.830512864159665,0.0,0.0,13.0,39.0,9.569096565246582,27.942392349243164,48.33842086791992,10.350018501281738,39.30757141113281,39.8825,1,0.16207985235566,36.730611606732374,0.0,0.0,10.0,29.2,10.253827762603759,30.03616409301758,50.34463272094727,12.058549308776856,41.78967819213867,38.08708506493507,0.2375177634160728,48.13760064294999,0.0,0.0,10.363636363636363,27.181818181818183,10.219395117326217,31.054750615900215,49.61526142467152,12.493540156971324,42.5630014592951,43.81773953823954,0.22886138009689558,46.816109730866586,0.21871768054292148,0.04,10.76,27.52,13.296333847045899,31.247717819213868,47.135245361328124,15.34268569946289,43.52341201782227,50.48607
1282,0.36039700721711504,72.43979845064013,0.0,0.0,7.0,28.0,6.699985027313232,31.76144790649414,51.279144287109375,10.747788429260254,42.8481330871582,38.40625,1,0.20495764898471008,39.32251351053825,0.0,0.0,9.8,28.0,8.603886032104493,31.036623764038087,50.11463088989258,11.074172401428223,41.87014999389648,43.53847142857143,0.23749045386799414,47.91803187639728,0.0,0.0,10.454545454545455,26.636363636363637,9.730088233947754,31.603295933116566,49.54704700816762,12.095784707502885,42.718757976185195,44.433359372950285,0.23020707318427988,47.1862104569621,0.21871768054292148,0.04,10.76,27.36,13.138433685302735,31.546810607910157,47.12406753540039,15.247783737182617,43.57245101928711,51.074553333333334
1283,0.06076697432828756,7.838939688349095,0.0,0.0,9.0,27.0,7.533616065979004,32.50227737426758,49.5190315246582,8.524602890014648,39.96230697631836,44.392,1,0.29318225798638686,50.57856101492284,0.0,0.0,8.6,25.2,7.389848136901856,32.791391372680664,50.074300384521486,10.501184272766114,42.34288330078125,45.8739,0.2789985737302585,56.03068882227635,0.0,0.0,9.818181818181818,25.363636363636363,9.644020427357066,32.31437370993874,49.62107155539773,12.220560073852539,43.13094572587447,46.0165411911321,0.24429805226422677,49.92714097112226,0.21871768054292148,0.04,10.52,26.76,13.11725830078125,31.895507049560546,47.17680923461914,15.350269927978516,43.73827438354492,52.411653333333334
1284,0.565223109416904,109.08806011746248,0.0,0.0,7.0,15.0,6.570239543914795,35.198421478271484,51.15244674682617,11.770605087280273,46.03730010986328,62.90875,1,0.3095018302249652,53.751069453498076,0.0,0.0,8.6,23.8,6.727548027038575,33.85454788208008,49.68400650024414,10.288986587524414,42.37704010009766,47.7374,0.26984071012837807,53.86943301223258,0.49708563759755137,0.09090909090909091,9.818181818181818,25.727272727272727,8.92766371640292,32.66363109241832,49.10136899081144,12.08615693179044,42.69631784612482,46.8985613931523,0.250697530453703,51.68243474065788,0.21871768054292148,0.04,10.48,26.6,12.94964012145996,32.236079406738284,47.03256927490234,15.427051544189453,43.67241561889649,52.08014222222222
1285,0.45500382910079673,58.69549395400278,0.0,0.0,7.0,17.0,6.576303482055664,36.55241775512695,50.08245849609375,11.112906455993652,43.559104919433594,43.78,1,0.24943862993616822,41.67836619544989,0.0,0.0,9.8,23.8,7.476504993438721,34.02199020385742,48.781639099121094,10.5638858795166,42.47941360473633,49.236149999999995,0.23983953284355677,45.45982701674955,0.49708563759755137,0.09090909090909091,10.454545454545455,27.363636363636363,8.711230624805797,32.852458780462094,48.267086722634055,11.86020920493386,42.29188606955788,48.167227272727274,0.24659551678263536,50.755413077781775,0.21871768054292148,0.04,10.48,26.52,12.893866958618164,32.60588714599609,46.79078384399414,15.55886619567871,43.66163986206055,52.79652
1286,0.10611823106172237,20.693055057035863,0.0,0.0,13.0,32.0,6.257596015930176,33.258174896240234,46.3869514465332,9.289030075073242,39.478355407714844,49.2,1,0.33448461422582176,58.87005843475511,0.0,0.0,9.6,22.2,8.29546365737915,34.7400634765625,48.564388275146484,11.78598518371582,43.74996643066406,53.40575,0.264248618574584,50.40012426418557,0.49708563759755137,0.09090909090909091,10.181818181818182,26.90909090909091,8.925690997730602,33.450477773492985,47.81365273215554,12.174039580605246,42.75856642289595,49.84412662337662,0.261979003910888,55.02713060532002,0.21871768054292148,0.04,10.2,25.8,13.087614212036133,33.00296318054199,46.647638092041014,15.928774642944337,43.96042572021484,54.978806363636366
1287,0.060081005773130164,12.076282160399163,0.0,0.0,13.0,28.0,10.444769859313965,32.59865951538086,46.76730728149414,12.122284889221191,43.36000061035156,45.9,1,0.3185250880433911,59.96452899668684,1.0935884027146088,0.2,10.2,24.4,8.072984504699708,34.784140014648436,47.447889709472655,12.176874923706055,42.93476104736328,52.508,0.29442242975792726,54.98344176719552,0.49708563759755137,0.09090909090909091,9.818181818181818,25.0,9.393245090137828,34.2925480929288,47.570134596391156,12.925025766546076,43.38359381935813,51.57086904761905,0.2880973362356452,60.2270877283743,0.21871768054292148,0.04,9.92,25.2,13.493729782104491,33.34562225341797,46.34084014892578,16.414069519042968,44.09977783203125,56.937656363636364
1288,0.48599689577655514,93.79740088487515,0.0,0.0,8.0,19.0,11.628409385681152,36.09264373779297,48.432777404785156,14.635099411010742,46.31507110595703,65.24,1,0.2316885574509556,48.95000713551023,1.0935884027146088,0.2,11.8,28.8,9.245560646057129,33.92830200195313,46.0564682006836,12.79570655822754,42.46017837524414,53.67342857142857,0.2633611489271112,48.61757431096277,0.49708563759755137,0.09090909090909091,10.272727272727273,25.0,10.177928100932728,34.60240624167702,46.72324267300692,13.594686421481045,43.293840581720524,53.878119047619045,0.2788864740631633,58.31810473295094,0.21871768054292148,0.04,9.88,25.2,13.701905899047851,33.590282897949216,45.79414260864258,16.776095352172852,43.99402725219726,57.27965636363637
1289,0.48542547850475076,114.56041292712118,5.467942013573037,1.0,10.0,26.0,5.457843780517578,35.41880416870117,45.56995391845703,13.725053787231445,41.961273193359375,58.42000000000001,1,0.26694105666535345,56.163101354878265,1.0935884027146088,0.2,11.2,27.6,10.995152854919434,34.14802474975586,45.83834533691406,14.423896789550781,43.830291748046875,53.943178571428575,0.261452553047432,48.85586582733355,0.49708563759755137,0.09090909090909091,10.636363636363637,25.454545454545453,11.11359522559426,34.70060556585138,45.96271341497248,14.635615175420588,43.656890175559305,55.7336948051948,0.29469956806187464,60.63675090774758,0.21871768054292148,0.04,9.6,24.56,14.06892421722412,33.87687812805176,45.216452026367186,17.29790901184082,44.06950805664062,58.81338623376624
1290,0.02082117613861925,3.622884648119749,0.0,0.0,15.0,39.0,12.439184188842773,32.27322769165039,43.12535095214844,14.207064628601074,41.18619155883789,49.60714285714287,1,0.32621131408784887,64.79724600225225,1.0935884027146088,0.2,10.4,25.6,11.848637199401855,35.06932601928711,45.61682815551758,15.721613121032714,44.394866180419925,56.53851190476191,0.24983268467926853,46.69275933361748,0.49708563759755137,0.09090909090909091,10.636363636363637,25.818181818181817,12.310855171897195,34.874318556352094,45.315045443448156,15.615382714705033,43.88615868308327,57.076990259740256,0.30031950265734414,61.79328275290504,0.21871768054292148,0.04,9.4,24.36,14.531926307678223,33.98098556518555,44.645174713134764,17.91138561248779,44.17894836425781,59.57773623376624
1291,0.28238072713371176,56.75852615387607,0.0,0.0,10.0,26.0,15.0055570602417,34.356788635253906,45.29633712768555,17.429981231689453,46.328922271728516,50.54875,1,0.23275651854816543,46.5208171116932,1.0935884027146088,0.2,11.2,27.4,12.58925495147705,34.88477478027344,44.32293930053711,16.41740436553955,43.50402145385742,56.247711904761914,0.26584809414605143,54.89834230539509,0.49708563759755137,0.09090909090909091,10.636363636363637,25.818181818181817,13.257063258777965,35.04890684647994,44.63200725208629,16.73173054781827,44.14402181451971,59.449919552669556,0.2941786127869589,61.00164513517016,0.21871768054292148,0.04,9.32,24.32,14.85985221862793,33.851967315673825,43.78397850036621,18.42131820678711,43.91104431152344,60.898079668109666
1292,0.3564322928856071,55.247005397269106,0.0,0.0,9.0,18.0,14.712191581726074,37.20516586303711,45.65972137451172,18.61086654663086,46.1828727722168,58.876666666666665,1,0.14362590677757855,25.700763799954494,0.0,0.0,11.8,28.6,15.062877082824707,34.51750793457031,43.43959045410156,17.667357444763184,43.90293731689453,57.52437857142858,0.26544777060833585,55.08843607847316,0.49708563759755137,0.09090909090909091,10.545454545454545,25.363636363636363,14.427499511025168,35.28825551813299,43.97500887784091,18.063053651289508,44.51965401389382,61.393101370851376,0.29175312998388647,59.745060852490816,0.21871768054292148,0.04,9.4,24.32,15.062923355102539,33.8150220489502,42.904180908203124,18.767140731811523,43.67100921630859,62.329518051948064
1293,0.018722918078138237,2.4152564320798326,0.0,0.0,12.0,28.0,15.331498146057129,35.16988754272461,41.96333312988281,18.114055633544922,41.86084747314453,63.786,1,0.2269425830232759,42.03496460764768,0.0,0.0,10.2,24.6,16.523060035705566,35.48471527099609,43.620140075683594,19.335554122924805,45.377549743652345,63.13995,0.29662017513877315,64.02839432176194,0.49708563759755137,0.09090909090909091,10.0,24.727272727272727,15.502591740001332,35.59895116632635,43.38148949363015,19.344935590570625,45.00184007124467,65.42863856093402,0.2913883802244677,59.69130895617013,0.21871768054292148,0.04,9.44,24.36,15.380699043273927,33.87901214599609,42.24419494628906,19.154257621765137,43.70766036987305,63.497537099567104
1294,0.03977241965181619,10.460146368427658,0.0,0.0,13.0,32.0,17.82595443725586,33.58246994018555,41.1532096862793,19.97481918334961,43.95585250854492,64.80333333333334,1,0.2967011042436153,60.47464070558376,0.0,0.0,9.6,22.8,16.918867111206055,36.307935333251955,43.07468032836914,20.528104400634767,45.39088516235351,67.00664444444445,0.32131517102014606,68.7945285268669,0.49708563759755137,0.09090909090909091,9.545454545454545,24.0,16.867769154635344,35.796382210471414,42.559790871360086,20.663213816556063,45.27418968894265,68.54784310638856,0.2915309405144028,59.64300382752854,0.21871768054292148,0.04,9.4,24.16,15.751130142211913,33.79565711975098,41.611603240966794,19.68610656738281,43.70550277709961,64.2320770995671
1295,0.4374045573671061,85.29388868658569,0.0,0.0,7.0,19.0,19.74009895324707,37.1092643737793,44.028099060058594,22.54804801940918,48.55925369262695,77.685,1,0.24575758009586407,53.98205693830886,0.0,0.0,10.2,24.6,17.802907752990723,36.0451042175293,41.7747299194336,21.59264793395996,44.876372528076175,69.34631111111112,0.3025420976316223,64.36408320717528,0.0,0.0,9.272727272727273,23.454545454545453,18.41847983273593,35.82224620472301,41.66505917635831,21.953727635470305,45.456483667547054,70.94875219729767,0.2890616822360098,59.40950859779795,0.21871768054292148,0.04,9.48,24.04,16.115861682891847,33.5037833404541,40.75831939697266,20.142878303527834,43.39252075195313,65.29449376623376
1296,0.6311733332354087,148.95690664355647,0.0,0.0,7.0,17.0,16.98459243774414,38.4728889465332,42.56903839111328,23.392732620239258,46.395599365234375,69.88222222222221,1,0.3226084876018246,75.58217021920804,0.0,0.0,9.2,23.2,19.19076499938965,36.21438903808594,41.42978210449219,23.21443405151367,46.237012481689455,74.64729292929295,0.3420773325980914,70.62179305392759,0.0,0.0,8.363636363636363,21.545454545454547,19.560608863830566,35.95463839444247,40.751427390358664,23.347897789695047,45.669893438165836,73.48186908041454,0.2894973060464925,59.65488005306875,0.21871768054292148,0.04,9.6,24.32,16.465771923065187,33.26094253540039,40.08849380493164,20.574224586486817,43.27522964477539,65.74066376623377
1297,0.10171467214685097,22.784086560894618,0.0,0.0,12.0,27.0,19.132394790649414,35.89101028442383,39.159969329833984,23.933584213256836,43.61030960083008,70.575,1,0.46618237376579275,102.73511637372849,0.0,0.0,7.2,19.0,20.95464630126953,37.15077209472656,41.07795867919922,25.046702194213868,47.30802536010742,81.59687626262627,0.33185235214760717,68.50478800440628,0.0,0.0,8.363636363636363,21.727272727272727,20.39194072376598,35.63797343860973,39.66417624733665,24.36330725929954,45.50517446344549,74.97141453495999,0.2673787890671929,55.38796790565345,0.21871768054292148,0.04,9.84,25.48,16.875746612548827,32.8627214050293,39.448734283447266,20.860727729797365,42.985783081054684,65.12566376623377
1298,0.4029774556079405,110.4158228365757,0.0,0.0,7.0,21.0,22.270784378051758,36.01631164550781,40.23859405517578,26.222986221313477,48.66404724121094,90.29090909090911,1,0.43448579653856934,98.84144151851403,0.0,0.0,7.2,19.2,21.509758758544923,36.869580841064455,39.417919921875,26.12123374938965,46.3894760131836,83.02587626262627,0.33878030110035234,74.25899536776639,0.0,0.0,8.272727272727273,22.0,21.01227925040505,34.83309624411843,38.21845401417125,25.21248331936923,44.94714771617543,77.04865971402336,0.2559060966319391,54.365457911062606,0.21871768054292148,0.04,10.0,26.12,17.1587899017334,32.27081069946289,38.75587677001953,21.162481231689455,42.58739517211914,65.00726376623378
1299,0.7576418504716574,146.22487714102988,0.0,0.0,3.0,11.0,26.645360946655273,38.26438522338867,39.39409255981445,29.136159896850586,49.310916900634766,99.55125000000001,1,0.3993928820454436,83.54159878228174,0.0,0.0,6.8,19.4,23.113360977172853,35.920911407470705,37.51919250488281,27.351274490356445,45.81709594726563,84.54371753246753,0.3634597682018708,79.92251237680003,0.0,0.0,8.090909090909092,21.363636363636363,21.42730001969771,34.29696932705966,37.15883428400213,25.869210329922762,44.744712829589844,77.74427587563952,0.26837141793010316,57.28078702988296,0.21871768054292148,0.04,9.92,26.16,17.388264465332032,31.88298393249512,38.23525207519531,21.4211625289917,42.339333038330075,64.86334376623377
1300,0.27892167123098904,65.82551441051342,0.0,0.0,7.0,20.0,22.515661239624023,35.70330810546875,35.7279052734375,27.920705795288086,43.96650695800781,84.83,1,0.4130311360517503,85.67907559193115,0.0,0.0,6.4,19.6,24.116923522949218,34.91740417480469,36.354513549804686,28.28445472717285,45.998436737060544,83.81546753246754,0.3602770064250644,79.06899534549412,0.0,0.0,8.181818181818182,21.363636363636363,21.67865735834295,33.91477498141202,36.488948128440164,26.203842163085938,44.57706416736949,77.42609405745769,0.26668914976845554,56.94265112939179,0.21871768054292148,0.04,9.96,26.68,17.524690895080568,31.571602249145506,37.848486785888674,21.50186180114746,42.090572357177734,64.96014376623377
1301,0.4557087607697798,72.45769296239499,0.0,0.0,5.0,18.0,25.00260353088379,33.72954177856445,33.075401306152344,29.542936325073242,43.53369903564453,77.47142857142858,1,0.4189635912033231,87.3045683034621,0.0,0.0,6.6,19.6,23.96994972229004,33.38444519042969,34.25815010070801,28.63021812438965,44.27454299926758,82.10255844155844,0.32306608094780087,71.6443586147245,0.0,0.0,8.636363636363637,22.727272727272727,21.595909638838336,32.89197973771529,35.4430871443315,26.30367799238725,43.73109852183949,75.65891223927588,0.2476518166760733,53.28736535127998,0.21871768054292148,0.04,10.16,27.4,17.520988388061525,30.990923080444336,37.40056274414062,21.47143688201904,41.58836883544922,63.915125584415584
1302,0.1699059421783844,33.471470609141726,0.0,0.0,10.0,28.0,24.15020751953125,30.87347412109375,33.33657455444336,28.599485397338867,44.51701354980469,66.93375,1,0.3254746323479599,71.00238158154608,0.0,0.0,8.0,21.6,22.62022285461426,31.586066436767577,32.44083480834961,27.87059669494629,42.33917236328125,76.479863997114,0.2928381006770628,64.15758689325351,0.0,0.0,8.818181818181818,23.454545454545453,21.489880648526277,31.618499235673383,34.29563348943537,26.192255193536933,42.6972788030451,75.2120435524072,0.23535702479692477,49.929971923094264,0.0,0.0,10.16,27.72,17.621112480163575,30.446777572631834,37.07300750732422,21.357665328979493,41.128534393310545,63.18363987012987
1303,0.43263973136580464,118.54328639423048,0.0,0.0,8.0,21.0,21.53591537475586,28.351516723632812,29.756776809692383,27.95180320739746,40.044578552246094,81.72636363636364,1,0.2706427061231512,58.051570504255935,0.0,0.0,9.4,24.0,22.235267639160156,30.321071243286134,32.05214614868164,27.01760940551758,41.968214416503905,71.77453066378067,0.2901056368082904,63.35659957591028,0.0,0.0,8.818181818181818,24.09090909090909,21.230696764859285,30.758521686900746,33.715035525235265,25.771771170876242,42.09907150268555,73.84579355240719,0.237353869335166,50.35382454551046,0.0,0.0,10.12,27.96,17.556835594177247,30.14781219482422,36.98270248413086,21.14977596282959,40.91971252441406,62.88705415584416
1304,0.2901970561948416,64.71394353144967,0.0,0.0,10.0,21.0,19.896726608276367,29.272491455078125,30.30751609802246,25.33805274963379,39.634063720703125,71.43777777777778,1,0.1851178293926367,44.28460884140088,0.0,0.0,10.8,27.2,21.000721740722657,28.74686622619629,31.941791534423828,25.838270568847655,41.11220092773438,67.92944494949495,0.254585884928879,53.538366266410655,0.0,0.0,9.363636363636363,26.181818181818183,20.73513516512784,29.77912001176314,33.253205039284445,25.10906184803356,41.20244320956144,69.95877908959727,0.2263078167670414,48.12634186031792,0.0,0.0,10.24,28.6,17.426661643981934,29.67972511291504,36.84117111206055,20.907963905334473,40.524464263916016,62.34247558441559
1305,0.004762040106945424,1.0714590240627204,0.0,0.0,14.0,32.0,20.590885162353516,29.378332138061523,33.784461975097656,23.65576934814453,42.111717224121094,61.303333333333335,1,0.21086975100841773,50.910798261047645,0.0,0.0,10.6,26.6,19.334334945678712,27.46509208679199,31.26388626098633,24.551789855957033,39.213514709472655,67.53602828282828,0.20099903654231469,43.25726326170172,0.0,0.0,10.090909090909092,28.181818181818183,19.553955598310992,28.278235001997515,32.65019850297408,24.156387675892223,39.77412414550781,64.61957454414272,0.22062221528813822,47.58794124054878,0.0,0.0,10.28,29.32,17.195688285827636,28.97276969909668,36.602537078857424,20.643656654357912,39.90503532409668,61.10055891774892
1306,0.028084377117207356,3.622884648119749,0.0,0.0,12.0,34.0,18.82987403869629,25.858516693115234,32.52362823486328,23.646242141723633,39.253631591796875,58.246,1,0.13867331865332774,29.99678619622538,0.0,0.0,11.4,29.2,18.28342628479004,27.08104019165039,31.867209243774415,22.82308120727539,38.61060485839844,62.30000555555556,0.21361990856820895,45.78006040870459,0.0,0.0,10.454545454545455,29.363636363636363,18.597482767972078,27.174525694413617,32.435964757745914,23.050511013377797,38.802332791415125,61.05339272596091,0.2269990058805168,48.923598153681915,0.0,0.0,10.32,29.68,16.87631446838379,28.317660675048828,36.58419570922852,20.423985443115235,39.46986930847168,59.34876891774892
1307,0.2986655502572895,66.60241770737557,0.0,0.0,9.0,25.0,15.818273544311523,24.464603424072266,29.94704818725586,22.167081832885742,35.023582458496094,64.96666666666667,1,0.08308594440124249,17.537048776351412,0.0,0.0,12.0,33.8,17.668002319335937,26.275120544433594,32.837397766113284,21.542107391357423,38.44401931762695,57.5192,0.17383041229204158,39.522350561952294,0.0,0.0,11.272727272727273,31.454545454545453,17.58410341089422,26.364032571965996,32.80167146162553,21.650222865017977,38.22117684104226,58.40326285583104,0.22819494343915167,48.79502307079438,0.0,0.0,10.2,29.72,16.402345218658446,27.794279098510742,36.62808380126953,20.064343757629395,38.88502624511719,57.82053558441558
1308,0.07165756959035456,13.97322607011914,0.0,0.0,12.0,34.0,16.2813720703125,26.431257247924805,32.77339172363281,19.308259963989258,37.030029296875,55.54625,1,0.11577084002374342,23.949305789385203,0.0,0.0,11.4,34.0,16.280302429199217,24.75038414001465,32.63270950317383,20.542302322387695,36.74155731201172,53.422533333333334,0.15929928740918842,36.699058364037576,0.0,0.0,11.545454545454545,32.27272727272727,16.437343337319113,25.51877715370872,33.15604435313832,20.311585686423562,37.24326497858221,55.874244260789716,0.22943802914232592,47.8006330950547,1.7117507927020401,0.04,10.16,29.96,15.751168432235717,27.242045288085937,36.556292114257815,19.485211448669432,38.0352848815918,55.874255584415586
1309,0.012260184934415394,2.4152564320798326,0.0,0.0,13.0,44.0,16.81960678100586,25.24289321899414,35.1584587097168,18.933183670043945,38.8011360168457,47.53375,1,0.19370421730346704,41.93998546527023,0.0,0.0,11.2,33.8,14.91321964263916,24.29118194580078,32.802250671386716,18.96426639556885,35.54619140625,50.89373333333334,0.13615528287830048,28.70653934842375,0.0,0.0,11.727272727272727,33.45454545454545,15.203255219893022,24.924563494595613,33.84916218844327,18.75967311859131,36.37243166836825,52.09301639774367,0.20877793805714132,42.57166474614529,2.0655112157602864,0.08,10.24,30.44,15.267638139724731,26.715530014038087,36.54464950561523,18.74963357925415,37.45787521362305,54.0197666955267
1310,0.16818651821945013,33.13274408923168,0.0,0.0,11.0,33.0,13.652385711669922,21.754650115966797,32.76102066040039,18.6567440032959,33.59940719604492,40.82,1,0.137575967598397,29.34407885341907,0.0,0.0,12.2,37.0,14.520651054382324,24.361084747314454,34.23247604370117,17.358803367614748,35.969671630859374,47.5644,0.1162048495510103,24.116108137248748,0.0,0.0,12.090909090909092,35.63636363636363,14.379212986339223,24.51789093017578,34.809181213378906,17.275289275429465,36.03893904252486,49.43435478158205,0.2194834324302944,43.56615776612401,2.548562502176253,0.12,10.04,30.28,14.692912511825561,26.296547088623047,36.549369201660156,18.045546588897704,36.83468383789062,52.2184466955267
1311,0.4177512635158255,93.5762830275449,0.0,0.0,11.0,33.0,11.994460105895996,23.5625057220459,33.371334075927734,15.756062507629395,33.27680206298828,45.602000000000004,1,0.12525716737372591,27.032484925811207,0.0,0.0,12.4,37.6,13.57154598236084,23.389966201782226,35.124732971191406,16.272046661376955,35.3156623840332,44.278059090909096,0.11633824708043318,24.11610813724874,0.0,0.0,12.0,36.54545454545455,13.575605999339711,23.90664360739968,35.534053108908914,16.159735679626465,35.524029818448156,47.218986816214084,0.22315070623785518,41.701966844773295,2.548562502176253,0.12,10.08,30.2,14.048922719955444,25.96695510864258,36.479576416015625,17.296891231536865,36.10289505004883,50.202570331890335
1312,0.01802430173193905,3.622884648119749,0.0,0.0,14.0,41.0,13.855430603027344,24.814117431640625,37.098175048828125,14.139766693115234,37.14098358154297,48.32,1,0.1584162666920503,32.67454908389093,0.0,0.0,11.8,35.6,11.799813842773437,22.704420852661134,35.56925582885742,14.6615629196167,33.64851760864258,42.79788051948052,0.1332662360618714,27.58557225133244,0.0,0.0,11.818181818181818,36.72727272727273,12.676331780173562,23.33144031871449,36.18589331886985,15.101275964216752,34.746167789806016,44.45378227075955,0.19526028865106873,36.432633302831256,2.548562502176253,0.12,10.36,30.84,13.35705355644226,25.52302749633789,36.354722595214845,16.55937780380249,35.40634986877441,47.897247604617604
1313,0.010063568466999302,2.4152564320798326,0.0,0.0,13.0,37.0,11.535846710205078,21.575664520263672,37.234676361083984,13.874476432800293,33.75998306274414,39.11454545454546,1,0.13892742096709026,28.891840307749515,0.0,0.0,12.4,38.0,11.235789108276368,23.313309478759766,37.19059677124024,12.732180213928222,34.12176513671875,43.07238051948052,0.12230961175553623,24.78595966524449,0.0,0.0,12.181818181818182,37.81818181818182,11.90622988614169,22.815763820301402,37.236597928133875,14.233566284179688,34.37872366471724,40.3651080283353,0.20198337360591057,38.019281352173934,2.548562502176253,0.12,10.48,30.88,12.901972074508667,25.268312759399414,36.3440966796875,15.993218441009521,34.97438179016113,46.86013649350649
1314,0.17805568152603735,30.625577222478423,0.0,0.0,10.0,34.0,7.960946083068848,21.815166473388672,37.381072998046875,10.880764961242676,30.465412139892578,40.13285714285714,1,0.05662305085004458,10.390875507053078,0.0,0.0,12.8,39.8,11.187138748168945,23.13173065185547,38.867940521240236,11.857903671264648,34.75594787597656,41.33883766233766,0.12212900166711195,24.174372685800883,0.0,0.0,12.0,37.72727272727273,10.969443624669855,22.276370482011274,38.09814522483132,13.476795109835537,33.67915517633612,37.73340348288075,0.1837550231751194,35.12097363367813,2.548562502176253,0.12,10.76,31.48,12.48455496788025,25.107467193603515,36.47008010864258,15.438911991119385,34.753303604125975,46.56514601731602
1315,0.07074228959464977,14.219200208524605,0.0,0.0,14.0,45.0,10.83226203918457,24.79909324645996,40.86772537231445,9.009830474853516,35.96564483642578,42.192499999999995,1,0.09587664168626232,18.02369655803721,0.0,0.0,12.0,38.8,10.203624153137207,22.075163269042967,39.38707962036133,11.43058738708496,33.467181015014646,37.24058766233766,0.16360368485002533,29.448816582256686,3.890342710686457,0.09090909090909091,11.363636363636363,36.0,9.754995671185581,22.100054654208098,38.74131324074485,12.489209348505193,32.6350264115767,36.05106257378984,0.18147157023753024,34.86518314920355,2.548562502176253,0.12,10.76,31.4,12.158335371017456,25.149319534301757,36.52709976196289,15.047087879180909,34.529572067260744,46.20234147186147
1316,0.006229412930597211,1.0714590240627204,0.0,0.0,13.0,42.0,11.751208305358887,22.654611587524414,41.758052825927734,11.384679794311523,36.447715759277344,36.934285714285714,1,0.12949246457038294,24.70198112370286,0.0,0.0,12.0,38.8,9.365885353088379,21.5184627532959,40.24110412597656,11.180147171020508,32.91152381896973,33.41592857142857,0.15873864283969286,28.094266930583,4.694343672182471,0.18181818181818182,11.181818181818182,35.63636363636363,8.958991072394632,22.423268925059926,39.606490742076524,11.247985883192582,32.486021908846766,34.47833530106257,0.1928515906888737,35.65977436668764,2.548562502176253,0.12,10.6,31.08,11.838980398178101,25.400651473999023,36.77464256286621,14.67924081802368,34.471614303588865,45.64378692640693
1317,0.21429225591302772,41.78698990304041,0.0,0.0,10.0,36.0,8.937857627868652,19.531280517578125,39.693870544433594,12.003185272216797,30.6971492767334,27.82875,1,0.10781549998871295,20.026019538455078,0.0,0.0,12.0,38.6,8.969040775299073,21.255015563964843,41.214971923828124,11.200749588012695,32.68539657592773,30.70885714285714,0.15433871265422497,23.918824115384606,5.792187504946032,0.2727272727272727,10.818181818181818,34.72727272727273,8.301699616692282,22.591808145696465,40.143456892533735,10.391199241984975,32.0090876492587,32.65469893742621,0.19299915654763578,35.09315369975724,2.548562502176253,0.12,10.56,31.16,11.536094961166382,25.610686264038087,37.11855209350586,14.29429147720337,34.46249168395996,45.09021867243867
1318,0.17814268288760246,35.806679260408096,0.0,0.0,13.0,37.0,7.3471527099609375,18.79216194152832,41.504798889160156,12.622275352478027,30.98169708251953,19.99125,1,0.18736338205907552,29.26900735536889,8.558753963510203,0.2,10.4,34.6,7.494724225997925,20.95588073730469,41.48808822631836,11.012731552124023,30.955411529541017,28.075957142857142,0.19766916711468152,29.390475493083535,5.792187504946032,0.2727272727272727,10.272727272727273,32.72727272727273,7.603118614716963,22.861116756092418,40.2703295621005,9.788184296001088,31.393482555042613,31.888698937426213,0.21168317364936035,38.29670911622714,2.548562502176253,0.12,10.28,30.52,11.066495885849,25.750650482177733,37.32068313598633,13.848314990997315,34.16441352844238,44.531056767676766
1319,0.06967085861768749,7.245769296239498,0.0,0.0,10.0,33.0,5.9767231941223145,20.4979305267334,42.25041198730469,10.983777046203613,29.334775924682617,26.5975,1,0.20905171069411468,32.70125513472057,10.327556078801432,0.4,9.6,32.0,6.123749589920044,21.486959838867186,41.592072296142575,9.736452770233154,30.05793991088867,25.393099999999997,0.20224351641786298,30.488319325847097,5.792187504946032,0.2727272727272727,10.0,31.818181818181817,7.4042809009552,23.369346792047676,40.18288144198331,9.499443184245717,31.224146582863547,32.14357497048406,0.21080500226336035,38.200098858943946,2.548562502176253,0.12,10.32,30.4,10.647331838607789,25.987780380249024,37.662244720458986,13.269186878204346,34.04562889099121,44.42401676767676
1320,0.4684816999464625,60.434139293093665,42.793769817551,1.0,6.0,25.0,3.460679292678833,23.30341911315918,42.233306884765625,8.069740295410156,27.315719604492188,29.028,1,0.2400636658066449,33.873139566184996,12.742812510881267,0.6,9.0,29.4,5.289028882980347,22.663991165161132,41.508890533447264,8.602097606658935,29.5246150970459,24.935750000000002,0.2266928903793173,37.294331909629086,5.792187504946032,0.2727272727272727,10.0,30.636363636363637,7.693160728974775,24.053007992831144,40.00844365900213,9.761802890084006,31.46977320584384,33.849880886789975,0.22164756237958141,39.93431430106586,3.475821920784376,0.16,10.2,30.08,10.157802295684814,26.295762557983398,38.16393249511719,12.638138942718506,34.04518669128418,43.826550101010106
1321,0.11467105610579305,18.232697920821096,8.844010576456157,1.0,9.0,29.0,4.896335124969482,25.310007095336914,42.27797317504883,5.003285884857178,31.960357666015625,23.52,1,0.3033669893885166,39.47401367466497,12.742812510881267,0.6,8.0,25.8,5.053806257247925,24.460861206054688,40.90668563842773,7.578962993621826,29.402141189575197,28.9163,0.2202617731434401,36.00167734521776,5.792187504946032,0.2727272727272727,9.818181818181818,29.545454545454547,8.03269834951921,24.4993088462136,39.58637653697621,10.368661490353672,31.65532771023837,36.3866233110324,0.23672381891472136,44.29164651159973,6.346521323040429,0.2,10.0,29.64,9.615176458358764,26.43311393737793,38.581103820800784,11.985602140426636,33.84663719177246,43.13208191919191
1322,0.3693520314756788,47.646412060362564,12.076282160399167,1.0,7.0,23.0,4.764254093170166,25.41643714904785,39.27796173095703,6.331409454345703,28.03052520751953,25.542,1,0.3015090998253782,40.92316753391287,12.742812510881267,0.6,8.0,24.6,5.728187990188599,25.794514083862303,39.71115264892578,7.521872425079346,29.914643478393554,31.980436363636365,0.22995179185326356,38.3657909336918,5.792187504946032,0.2727272727272727,9.545454545454545,28.09090909090909,8.418471921573985,25.341597123579547,38.95037772438743,11.043134472586893,31.88041947104714,38.289291551882464,0.25160726054937776,47.823264625876334,8.123632322581875,0.24,9.84,29.04,9.068441896438598,26.678724212646486,39.04398986816406,11.321161947250367,33.7937816619873,42.58086525252524
1323,0.4946593007969609,63.81104980280796,0.0,0.0,8.0,19.0,6.171039581298828,27.776512145996094,38.4937744140625,7.5066022872924805,30.369327545166016,39.894,1,0.29721251885649275,49.93468280411019,4.184058547371066,0.4,8.8,23.8,7.263776969909668,27.000918197631837,38.35694274902344,8.661268711090088,31.084960556030275,37.955280808080815,0.275665245192933,47.14952519990018,5.792187504946032,0.2727272727272727,9.0,26.0,8.837943142110651,26.714645732532848,38.60960284146395,11.656992782245982,32.59846357865767,41.91963246097337,0.2599842324118076,50.636569392298014,11.404499569655085,0.28,9.64,28.64,8.626045331954955,27.048291854858398,39.646672058105466,10.694685792922973,33.81064567565918,42.22548343434343
1324,0.06038141080199581,14.491538592478996,0.0,0.0,10.0,27.0,9.348631858825684,27.166194915771484,36.27274703979492,10.698324203491211,31.897287368774414,41.91818181818182,1,0.2742783076353342,46.28814321994597,2.415256432079835,0.2,9.4,24.6,9.19794511795044,27.88059730529785,37.14634552001953,10.797666549682617,32.29423789978027,47.270614141414136,0.28618738335441396,48.489684072425774,5.792187504946032,0.2727272727272727,8.636363636363637,24.727272727272727,9.29043750329451,28.1447547565807,38.37328061190519,11.938087680123068,33.36430913751776,45.33847986357077,0.24672248570703834,47.800421980028375,11.404499569655085,0.28,9.6,28.56,8.42736538887024,27.3721964263916,40.34264373779297,10.331514291763305,33.94512489318848,41.82520343434343
1325,0.44699879510203505,105.49171564408027,0.0,0.0,10.0,21.0,11.13862419128418,29.335439682006836,35.462257385253906,13.766721725463867,33.16730499267578,58.90222222222222,1,0.22297182508792943,42.17420250732891,0.0,0.0,10.0,25.2,11.444037818908692,29.181266403198244,36.24316635131836,13.292161178588866,34.47287788391113,53.7349414141414,0.3227502569028114,55.20919090329585,5.792187504946032,0.2727272727272727,8.363636363636363,23.181818181818183,9.551727056503296,29.270164489746094,38.06303752552379,12.076504057103937,33.848398902199484,47.222733110324015,0.27161823255742645,52.06158224828608,13.47402599215407,0.32,9.24,27.56,8.017104549407959,27.759397354125976,40.97757888793945,10.119162187576293,33.96365425109863,41.34051772005771
1326,0.0,0.0,0.0,0.0,12.0,33.0,14.56717586517334,29.708402633666992,36.2249870300293,15.685275077819824,38.006744384765625,70.09666666666665,1,0.26746801345841564,57.09360591303384,0.0,0.0,9.2,24.0,12.92023811340332,30.552927017211914,35.733480834960936,15.54196605682373,36.11813926696777,59.308641414141405,0.28071829258651554,49.824962623563685,1.9018447942595775,0.18181818181818182,9.0,23.727272727272727,9.996281016956676,30.041377674449574,37.95661579478871,12.176349423148416,34.6636985432018,49.635642201233104,0.2868555093071549,54.38914401170619,14.530576274119916,0.36,9.04,26.76,7.70235933303833,28.316276016235353,41.72445907592773,10.047520380020142,34.25215324401856,41.3583359018759
1327,0.11281961873865519,27.076708497277245,0.0,0.0,10.0,26.0,15.994717597961426,31.919782638549805,34.76206588745117,18.803882598876953,38.92372512817383,57.86363636363635,1,0.3141689718307951,64.30498356617596,0.0,0.0,9.0,23.2,13.515429878234864,32.024360275268556,36.25998229980469,16.545165061950684,37.61988143920898,62.44471933621933,0.3220872468644267,58.16360860898208,3.2052516023274795,0.18181818181818182,8.727272727272727,22.636363636363637,9.876617366617376,30.66448229009455,37.975822101939805,12.302494655955922,34.94116852500222,52.045642201233115,0.2827388393541851,53.6810767797954,14.530576274119916,0.36,9.16,26.68,7.6498149871826175,28.811006546020508,42.49464096069336,10.190191736221314,34.576359329223635,41.311078759018756
1328,0.717140242649392,138.40806683133266,0.0,0.0,4.0,13.0,13.552041053771973,34.63481521606445,35.94534683227539,18.755626678466797,38.59563446044922,67.76249999999999,1,0.31914170634039996,59.43870932452196,0.0,0.0,8.4,22.2,13.057886695861816,32.73275985717773,36.93507843017578,16.29309215545654,37.918373107910156,60.12913203463203,0.3292883333638062,65.00543763380965,8.63172459287313,0.18181818181818182,8.727272727272727,22.636363636363637,9.690387552434748,31.068900888616387,38.33261420510032,11.999170151623813,35.30805639787154,53.19496451528269,0.30726638579537796,59.56861694534942,15.451062921621727,0.4,8.84,25.72,7.379577884674072,29.30131408691406,43.26543701171875,10.517704401016235,34.91286201477051,41.37564542568543
1329,0.293886202663893,50.54842685818959,0.0,0.0,9.0,23.0,12.324590682983398,34.52336120605469,38.90525436401367,15.714319229125977,39.40599822998047,57.598571428571425,1,0.3203677248338415,59.68023496772994,0.0,0.0,8.6,21.8,11.814606094360352,33.14843215942383,37.90261459350586,14.989645004272461,37.57382736206055,57.2237987012987,0.31925987200052125,67.45040667800846,12.670613228194599,0.2727272727272727,8.818181818181818,23.545454545454547,9.415860566225918,31.396777066317473,39.0814174305309,11.527858929200606,35.954458236694336,52.63672209104027,0.3194782748337937,62.304576203294545,15.451062921621727,0.4,8.68,24.92,7.220848426818848,29.811333236694335,43.97280715942383,10.750993356704711,35.217631607055665,41.367829552669555
1330,0.4718624676500593,81.1603444358102,0.0,0.0,7.0,16.0,8.850908279418945,32.877437591552734,38.837738037109375,12.506357192993164,34.65976333618164,47.32428571428572,1,0.4117497117186737,76.25645402035919,4.636297093040618,0.2,7.8,20.0,9.331669569015503,33.1973072052002,39.44804992675781,12.50704517364502,36.791587829589844,55.65707142857143,0.3480989087258122,75.53893619230799,20.12712969881553,0.36363636363636365,8.454545454545455,23.181818181818183,8.801664179021662,31.74474490772594,40.1319018277255,10.827542196620595,36.147523706609554,51.729201429883254,0.31118420027912086,60.681401735814525,15.451062921621727,0.4,8.8,25.0,7.272036094665527,30.3396036529541,44.69996505737305,10.97765091896057,35.59737152099609,41.55405098124098
1331,0.006130092467207697,1.2076282160399163,0.0,0.0,13.0,31.0,8.350772857666016,31.78676414489746,41.06266784667969,9.168039321899414,36.28401565551758,55.57,1,0.3580344597825659,73.15614692078582,18.989794104320886,0.4,8.4,22.0,7.164406585693359,32.24335250854492,40.899515533447264,9.35488781929016,35.48571929931641,49.741480519480525,0.3152997087980447,68.00992547201014,20.12712969881553,0.36363636363636365,8.454545454545455,24.09090909090909,8.427922118793834,31.956079483032227,41.52357170798562,10.18300158327276,36.46311257102273,49.61036304604486,0.3071827052638195,59.877101237738955,15.451062921621727,0.4,8.72,24.92,7.410510482788086,31.01397735595703,45.48783935546875,11.304750261306763,36.12163314819336,41.981850981240974
1332,0.569729553162816,109.95780376042349,23.18148546520308,1.0,6.0,17.0,3.5800349712371826,32.16415786743164,42.48924255371094,6.390883445739746,35.01252746582031,50.03,1,0.37612646440995257,81.18760340694689,27.87534910202811,0.6,8.4,23.2,5.329736995697021,31.615310287475587,42.464586639404295,6.676459741592407,35.10046920776367,44.9724329004329,0.37351952452455756,78.02373377697035,24.83059884085868,0.45454545454545453,7.818181818181818,22.545454545454547,7.43080700527538,32.39114657315341,43.04598686911843,9.559882402420044,36.42651922052557,46.52910763478945,0.3261128304029372,63.778643646267646,15.451062921621727,0.4,8.6,24.48,7.665512065887452,31.65284538269043,46.30991668701172,11.764236993789673,36.85862434387207,42.45830098124098
1333,0.4485639829688533,122.90653133346581,71.76748505640133,1.0,7.0,23.0,2.715726137161255,29.865041732788086,43.202674865722656,2.994839906692505,32.06629180908203,38.18454545454546,1,0.3572761338359799,85.64860716973958,44.279685337394156,0.8,8.2,24.6,4.078049659729004,31.23859100341797,44.26265411376953,4.774156332015991,34.9727180480957,41.89466666666667,0.39880823984015346,81.0716966879072,27.231849481690144,0.5454545454545454,7.636363636363637,21.727272727272727,6.310125069184736,32.71640552173961,44.96822461214933,8.948932279240001,36.61276765303178,44.865140692640686,0.30812247912820423,61.4578883318271,13.739312128919687,0.36,8.8,24.8,8.083307313919068,32.03899917602539,47.01289260864258,12.285522241592407,37.50015083312988,42.51670098124097
1334,0.3843462258008263,90.705709288995,44.42777498853615,1.0,9.0,29.0,3.151242733001709,31.383150100708008,46.73060989379883,2.322178840637207,37.4797477722168,33.75333333333333,1,0.37329163452185693,89.9416010706924,44.279685337394156,0.8,7.6,24.6,3.813387393951416,31.213262176513673,46.20424575805664,4.2759034633636475,35.043671417236325,37.899666666666675,0.3404444843903718,69.66404483275954,27.231849481690144,0.5454545454545454,8.454545454545455,23.454545454545453,5.682424740357832,32.675370476462625,46.849158547141336,8.557288841767745,36.6104885448109,42.245952380952374,0.31180261374939383,62.15050043584671,13.38555170586144,0.32,8.88,24.88,8.35813437461853,32.260607681274415,47.68683044433594,13.008209257125854,38.011989974975585,42.846243838383835
1335,0.3776108147801957,103.46536324977362,82.02168117683024,1.0,6.0,23.0,2.5924715995788574,30.99384117126465,47.82807540893555,2.994840145111084,34.0210075378418,31.935454545454547,1,0.38742931848762197,89.98041858952016,49.99102035684847,0.8,7.4,24.4,3.8171623229980467,31.679258728027342,48.3007080078125,4.7639195919036865,35.56200942993164,35.134238095238096,0.3759030978413334,79.74216096814007,29.323864589648803,0.6363636363636364,8.181818181818182,23.272727272727273,4.932583267038519,32.905681436712094,48.7793742093173,8.692136829549616,37.062507976185195,40.99214285714286,0.2977495045596443,60.38955933935699,12.902500419445474,0.28,9.04,25.44,8.440060453414917,32.39816825866699,48.40863327026367,13.668844785690307,38.52433982849121,42.93341383838384
1336,0.08620759589659321,22.672597720804017,0.0,0.0,10.0,31.0,7.027461528778076,31.660120010375977,50.770626068115234,6.676774978637695,36.6387825012207,35.595000000000006,1,0.37591561933589357,77.51997242634353,40.92027475539743,0.8,7.6,23.2,4.007460355758667,32.805776596069336,50.84150924682617,6.581637859344482,37.34324264526367,35.409329004329,0.36132711340869084,78.6794424260383,29.323864589648803,0.6363636363636364,8.363636363636363,23.818181818181817,4.835498137907549,33.13546804948287,50.652516798539594,9.12036832896146,37.917707269841976,40.029834054834055,0.27905090818671274,58.051409152057225,12.902500419445474,0.28,9.12,26.2,8.442230882644653,32.311273422241214,49.071905364990236,14.316056280136108,38.88573753356933,42.50430383838384
1337,0.6404179729916412,110.15189135456228,51.73816056247466,1.0,5.0,16.0,3.598909616470337,34.494140625,52.971553802490234,8.830964088439941,37.604217529296875,36.202857142857134,1,0.31407416071608674,61.963609853486204,32.03471975769021,0.6,8.4,23.8,4.7066792964935305,33.36583251953125,52.82251129150391,9.006711864471436,37.561405944824216,36.44894805194805,0.3614007770067816,78.67944242603829,29.323864589648803,0.6363636363636364,8.363636363636363,24.454545454545453,5.005205089395696,33.22194775668058,52.18071226640181,9.893239693208175,38.272855585271664,37.931132756132754,0.28947239905273375,60.34717900313266,15.094409217393231,0.32,9.0,26.24,8.194865436553956,32.211345520019535,49.80724029541015,14.916944494247437,39.14836639404297,41.95021656565657
1338,0.39099548721021105,60.604300517582715,26.413757049146128,1.0,8.0,17.0,3.6672163009643555,35.49763107299805,55.906681060791016,12.083431243896484,40.97245788574219,39.56,1,0.375338187884942,73.55207807300656,20.232816759833206,0.6,8.4,23.4,5.003451871871948,34.578420639038086,55.28442153930664,11.847273254394532,39.63284683227539,38.823190476190476,0.31670766376516823,70.1104754304106,27.216456820084886,0.5454545454545454,8.818181818181818,26.09090909090909,5.662384856830943,33.53897927024148,53.88184079256925,11.203137462789362,39.09792015769265,36.17261002886003,0.2843684919455023,59.002120434160695,16.22050531292271,0.36,9.0,26.84,7.873270177841187,31.88064910888672,50.456795349121094,15.40793417930603,39.23045486450195,40.88581656565656
1339,0.07513893270179248,12.923896424708307,0.0,0.0,13.0,32.0,6.647337436676025,34.18342971801758,56.6356201171875,14.447548866271973,38.57056427001953,38.951428571428565,1,0.42040199648382137,82.9116466233839,20.232816759833206,0.6,8.2,21.6,5.154553937911987,35.32741470336914,57.01875762939453,13.95529899597168,41.1184814453125,39.05196825396825,0.3252858459585117,68.46300253731887,20.692139996775676,0.45454545454545453,8.818181818181818,26.0,6.538388187235052,34.13939649408514,55.66362901167436,12.973692503842441,40.52458052201705,36.202083169355895,0.29118032743902267,60.05795493565634,17.142317963851745,0.4,8.88,26.72,7.398517332077026,31.472434310913087,51.04022033691406,15.932786893844604,39.15169586181641,39.2985498989899
1340,0.683930950624472,161.4077043473754,23.012166187545233,1.0,6.0,21.0,4.076334476470947,37.05678176879883,60.13762664794922,17.197647094726562,44.378211975097656,43.80666666666667,1,0.2937064802947344,61.12279399567943,9.885184647338273,0.4,9.8,26.0,6.478281879425049,34.97619476318359,57.999010467529295,15.723031044006348,41.63576736450195,38.308253968253965,0.29204736343826726,60.43659773214477,16.653251361454206,0.36363636363636365,9.0,26.363636363636363,7.5160534381866455,34.28249775279652,56.85245583274148,14.68093729019165,41.058592709628016,35.90523468450741,0.293880228622998,60.395785724669,17.607122880135663,0.44,8.92,27.0,6.960519914627075,30.845573120117187,51.5415104675293,16.31509097099304,38.83993225097656,37.968204444444446
1341,0.3115266388909899,69.47044047269075,0.0,0.0,9.0,22.0,7.7829718589782715,35.40509033203125,59.44230651855469,17.216903686523438,44.06695556640625,36.73888888888889,1,0.23112844435370605,52.14176725386667,4.602433237509047,0.2,10.4,29.6,7.906641101837158,35.0069694519043,59.05800552368164,17.466296577453612,42.25892333984375,36.533503968253974,0.27650769133420694,54.26229202955731,9.196734890833277,0.2727272727272727,9.454545454545455,27.09090909090909,8.350102532993663,34.269441257823594,57.879577983509414,16.50599375638095,42.03453168002042,35.8891544011544,0.26519461891702234,54.85946305141569,17.607122880135663,0.44,9.32,28.16,6.720817308425904,30.043599586486817,51.97088119506836,16.720000715255736,38.68464492797852,36.44387587301587
1342,0.0069403920462064155,1.2076282160399163,0.0,0.0,13.0,38.0,10.217549324035645,32.738040924072266,57.87281799316406,17.66962432861328,40.19064712524414,32.48428571428572,1,0.3246854552324737,70.51385387081635,4.602433237509047,0.2,9.2,27.6,9.047526168823243,35.464209747314456,60.291350555419925,19.070975875854494,44.09672164916992,36.444968253968256,0.27030921004651115,52.530499932040556,9.196734890833277,0.2727272727272727,9.545454545454545,27.636363636363637,8.330552036112005,34.01447140086781,58.47525128451261,17.97604127363725,42.41639432040128,35.17335894660894,0.25426337005974564,52.92324269901312,17.607122880135663,0.44,9.36,28.72,6.540461492538452,29.350792274475097,52.36884689331055,17.174268980026245,38.541134948730466,35.58473301587301
1343,0.07810530750506922,15.699166808518912,0.0,0.0,11.0,35.0,10.809012413024902,35.65150451660156,61.201656341552734,20.799758911132812,44.08823776245117,30.68625,1,0.19164384872320697,38.71536428775725,0.0,0.0,10.2,30.0,11.0133713722229,34.64430618286133,60.2253662109375,19.851820755004884,43.89185562133789,33.78123492063492,0.21456161172669586,43.00371845619977,4.493265748790126,0.18181818181818182,10.0,29.636363636363637,8.569314826618541,33.2062896381725,58.66652610085227,19.326579960909758,42.58003546974876,34.53366738816739,0.23581532270660407,49.76254564350574,17.607122880135663,0.44,9.56,29.48,6.424071226119995,28.775450935363768,52.850634002685545,17.888647108078004,38.71308074951172,34.85431158730159
1344,0.5429239870956308,104.78432950945675,0.0,0.0,7.0,22.0,12.351762771606445,36.46963119506836,62.802345275878906,22.470945358276367,47.75955581665039,38.50875,1,0.1706734052721154,31.930876297481394,0.0,0.0,10.6,31.8,11.810179328918457,33.73333206176758,60.16218872070313,21.022532272338868,44.02973175048828,32.78517142857143,0.20819099311236047,44.029307942725424,7.073626012385382,0.18181818181818182,9.909090909090908,30.636363636363637,8.523612954399802,32.221777482466265,58.55283875898881,20.566316171125933,42.351903742009945,33.4887582972583,0.24581147979917448,52.40771840296518,19.903981984215953,0.48,9.44,29.32,6.224103059768677,28.374287910461426,53.36743453979492,18.77261813163757,38.86159454345703,33.895511587301584
1345,0.018722918078138237,2.4152564320798326,0.0,0.0,11.0,33.0,13.905560493469238,32.9572639465332,59.80770492553711,21.101871490478516,43.3538818359375,30.488,1,0.17289018720926191,32.41392758389736,0.0,0.0,10.2,31.6,11.129150676727296,32.956814193725585,60.05223159790039,22.05806694030762,44.15945663452148,31.832564285714284,0.23039664626867468,49.38761294227748,9.632935320406927,0.2727272727272727,9.636363636363637,31.0,8.201013435016979,31.02946836298162,58.104249087246984,21.620308442549273,42.04726305874911,32.88337590187591,0.22614618695857353,48.706033563306555,19.110744416174445,0.48,9.72,29.8,6.210682954788208,28.04189540863037,53.88354019165039,19.6814511013031,39.11265274047852,33.183867142857146
1346,0.206674421635532,35.54800052131151,0.0,0.0,11.0,31.0,11.767011642456055,30.8502197265625,59.12641906738281,23.07046127319336,44.7563362121582,31.75857142857143,1,0.1627080040029827,30.345553246256305,0.0,0.0,10.0,32.2,10.212408256530761,30.947341537475587,58.82701568603515,22.635493087768555,43.22266311645508,31.528564285714282,0.18370254960626892,37.11380914136984,9.635948964559718,0.2727272727272727,9.909090909090908,31.818181818181817,8.075742548162287,29.433672991665926,57.25633863969283,22.67566715587269,41.28904099897905,31.665951659451654,0.21749897782808442,45.388572542349515,17.70482339573336,0.48,9.8,29.84,6.235100145339966,27.938531379699707,54.49110137939453,20.746696186065673,39.53138702392578,33.081628181818175
1347,0.01802430173193905,3.622884648119749,0.0,0.0,11.0,37.0,6.812406063079834,28.855451583862305,57.32303237915039,22.84729766845703,40.839271545410156,27.721249999999998,1,0.11830694307436089,23.765844318237928,10.959543989738787,0.2,10.0,33.4,8.374954843521119,28.587014770507814,57.19777069091797,23.285409927368164,41.36335372924805,29.440014285714284,0.1717744141014552,34.02763075499738,10.692323774295893,0.36363636363636365,10.090909090909092,32.81818181818182,7.82681621204723,27.692142313176934,56.15197615189986,23.688810868696734,40.11292093450373,30.56287085137085,0.20579703146210043,42.766445501287144,15.927712396191914,0.44,10.04,29.84,6.393700437545776,27.834453620910644,54.98766586303711,21.757307109832762,39.80859848022461,33.279167575757576
1348,0.02719439147367311,5.357295120313602,0.0,0.0,10.0,38.0,6.225300312042236,25.604141235351562,55.07557678222656,23.6868896484375,39.40427017211914,29.166249999999998,1,0.17844258294298307,37.65584331577817,16.59002446738619,0.4,9.8,34.0,6.213591289520264,26.209167861938475,55.576456451416014,24.273328399658205,39.736480712890625,29.80085873015873,0.1711434693699819,33.917846371721026,10.692323774295893,0.36363636363636365,10.181818181818182,33.18181818181818,7.585173173384233,26.041909217834473,55.13441224531694,24.707787773825906,39.614994049072266,30.305598124098125,0.19902952462629508,40.27020534511049,12.695150277760298,0.44,10.24,30.12,6.519896192550659,27.872244606018068,55.538619384765624,22.743120498657227,40.218021087646484,32.940599393939394
1349,0.32091868245252186,71.8857848693649,54.79771994869394,1.0,7.0,28.0,3.1644957065582275,24.667997360229492,54.65612030029297,25.720529556274414,38.463008880615234,28.066000000000003,1,0.1711668760834783,35.82541571899412,21.199087722031372,0.6,9.4,33.8,4.39985990524292,23.93973045349121,53.91329498291016,25.42055473327637,37.992767333984375,29.532144444444448,0.16591616698151881,32.68546012077616,10.692323774295893,0.36363636363636365,10.090909090909092,33.36363636363637,7.313053434545344,24.364788662303578,54.01193410700018,25.277902949940074,38.86317686601119,30.7995753968254,0.2079922945038593,41.75863866296992,12.695150277760298,0.44,10.12,29.72,6.662654466629029,27.977995262145996,56.040672302246094,23.56169792175293,40.70583770751953,33.026449393939394
1350,0.31940111742124905,71.86525141978103,28.152402388237014,1.0,10.0,36.0,3.098742723464966,21.068029403686523,51.701133728027344,26.04146385192871,35.21951675415039,32.29222222222222,1,0.20362544540469835,42.20533443388892,23.523112303450958,0.8,9.4,33.0,4.046335124969483,21.41829071044922,51.907552337646486,26.523392105102538,36.05083999633789,28.908894444444446,0.11752864850205418,23.354422715200588,10.692323774295893,0.36363636363636365,10.545454545454545,34.54545454545455,6.730270602486351,22.730631654912774,52.92830415205522,25.995617953213777,38.06307255138051,29.940939033189032,0.18333687167656376,37.545783523353826,10.625623855261315,0.4,10.36,30.32,6.943012046813965,28.02238842010498,56.46521408081055,24.239249992370606,41.00591369628906,33.22738510822511
1351,0.17029588733800818,26.395862537391267,23.04531627322591,1.0,9.0,30.0,2.698354721069336,19.503032684326172,50.810611724853516,28.80659294128418,36.03776931762695,30.415000000000003,1,0.19818656710996374,41.1338754098262,23.523112303450958,0.8,10.2,33.8,4.31317024230957,19.21455783843994,50.22835998535156,27.561688232421876,35.11267623901367,29.006501587301592,0.13910238502053868,29.256394603422976,15.912458101751094,0.45454545454545453,10.454545454545455,34.0,5.770816802978516,21.712488434531473,52.39875654740767,26.919749173251066,37.75788879394531,30.042029942279942,0.18958074937646163,38.51358456683799,9.569073573295467,0.36,10.2,30.24,7.37036994934082,28.167350730895997,56.91026611328125,24.876130256652832,41.40916366577149,33.67291844155844
1352,0.18031714833803933,35.52247822259375,11.620122907097926,1.0,11.0,33.0,5.0447821617126465,16.248252868652344,47.29431915283203,28.36148452758789,31.129634857177734,24.605,1,0.13812382686585442,27.18530204557831,12.563568313712171,0.6,10.8,35.6,5.2434101581573485,17.721594047546386,49.06801528930664,27.831787490844725,34.58372421264649,30.61730158730159,0.12741354961256246,27.608002080481743,16.217053216675215,0.5454545454545454,10.636363636363637,33.81818181818182,4.996045957912099,21.07649985226718,52.05925334583629,27.46895339272239,37.44267481023615,30.085695165945165,0.20192071439956347,41.44937123436371,9.569073573295467,0.36,9.88,29.72,7.536988124847412,28.457795372009276,57.413880310058595,25.499093475341798,41.86330123901367,34.500283520923524
1353,0.0,0.0,0.0,0.0,14.0,42.0,7.559475898742676,14.585476875305176,46.67961502075195,28.87837028503418,34.71345138549805,29.654285714285713,1,0.07637586014590855,13.24083537124719,6.933087836064767,0.4,11.2,35.4,5.81189193725586,17.20676898956299,48.90427169799805,28.696656799316408,35.331502532958986,29.971607142857145,0.14690077261026122,30.912285822429,19.54609499352742,0.6363636363636364,10.454545454545455,32.63636363636363,4.679114124991677,20.933362527327105,52.15640536221591,28.085196061567828,37.596800023859196,30.80454256854257,0.18183695455685897,36.45110735465489,9.008944714368395,0.3333333333333333,10.041666666666666,30.083333333333332,7.681182026863098,28.099504272143047,57.30039087931315,25.8449870745341,41.75851329167684,34.11251755651755
1354,0.02060498123197539,2.142918048125441,0.0,0.0,10.0,37.0,7.815695285797119,17.20317840576172,48.85439682006836,27.071025848388672,35.8182487487793,36.120000000000005,1,0.0935234866346005,21.42905230427415,13.808320101821025,0.4,11.4,34.8,5.942534732818603,17.65770015716553,49.53868560791015,29.188801193237303,36.123320770263675,30.20860714285714,0.1527737885354933,32.71185292625831,19.54609499352742,0.6363636363636364,10.909090909090908,31.818181818181817,4.7601095546375625,21.222186608748004,52.5263276533647,28.43979263305664,38.05186947909269,31.670503312344223,0.17619827262928803,35.015484175609856,9.400637962819195,0.34782608695652173,10.08695652173913,30.434782608695652,7.676756381988525,27.781870095626168,57.20726411238961,26.220121134882387,41.65814623625382,33.99832749858837
1355,0.010661283821519606,2.142918048125441,0.0,0.0,12.0,35.0,5.9411516189575195,18.49390411376953,50.882415771484375,30.36581039428711,38.95840835571289,29.063750000000002,1,0.0730795033965513,17.807693213546987,12.154404773234512,0.4,11.8,34.0,5.582484769821167,19.178918647766114,51.158198547363284,29.338845825195314,38.15519027709961,31.73538492063492,0.14254692139299693,29.909450605893962,14.674268472377054,0.6363636363636364,11.272727272727273,32.0,4.994915897195989,21.883151921358976,53.15776339444247,28.61430584300648,38.578557101163,31.252798766889672,0.18389181265579174,36.552204901044846,9.827939688401885,0.36363636363636365,9.954545454545455,30.09090909090909,7.561265793713656,27.556589603424072,57.17701166326349,26.608780080621894,41.72485074129972,34.067147579693035
1356,0.25603401978146795,67.33694720252608,57.4214776020072,1.0,10.0,27.0,3.3515686988830566,21.757688522338867,53.98268127441406,31.267314910888672,39.99686050415039,31.599999999999994,1,0.1195562543378764,25.801694375454908,19.478296682309356,0.6,10.8,30.4,4.735820770263672,21.718011474609376,53.500616455078124,29.488365173339844,39.71942977905273,32.93024206349206,0.14171744188521967,28.820194173849327,12.114959164355508,0.5454545454545454,11.0,30.636363636363637,5.676522775129839,23.086411649530586,54.21420114690607,28.71428281610662,39.81625539606268,31.748164928505833,0.18892926528201665,37.545206714974654,10.295936816421023,0.38095238095238093,9.904761904761905,29.857142857142858,7.406611192794073,27.171117464701336,56.98536191667829,26.885400136311848,41.612308502197266,34.22814270253556
1357,0.07809723214779335,17.415682768957918,3.3505462641653576,1.0,13.0,29.0,3.244532346725464,23.854345321655273,55.391883850097656,29.11170768737793,41.28898239135742,32.23888888888889,1,0.13379477142172655,30.40361741831701,19.478296682309356,0.6,11.8,28.8,4.595931720733643,24.03361701965332,55.55868148803711,29.591650390625,41.43778686523437,33.4446056998557,0.12842076142806003,26.859707839919178,10.01993041224406,0.45454545454545453,11.181818181818182,30.727272727272727,6.3955677205866035,24.550133184953168,55.375518105246805,28.438207626342773,40.640650662508875,32.73100583759675,0.1712295291913359,34.18325057525055,10.810733657242073,0.4,10.05,30.25,7.159353613853455,26.706191778182983,56.69451274871826,27.10612287521362,41.30494613647461,34.01411233766233
1358,0.2323837547066255,39.970005809539586,36.61945954537423,1.0,9.0,24.0,3.3261559009552,27.280941009521484,58.39170455932617,29.625967025756836,42.53464889526367,35.628571428571426,1,0.17334714343443497,38.186905677763356,19.719822325517338,0.8,11.6,27.8,4.557174491882324,26.72255935668945,57.70258102416992,29.04652328491211,42.49741973876953,32.326105699855695,0.16176396882529812,31.339421329200377,8.963555602507883,0.36363636363636365,10.545454545454545,29.09090909090909,7.241602420806885,26.629536455327813,57.16994198885831,28.405839746648613,42.451929959383875,35.10312704971796,0.17925619293413578,35.85525026699638,11.379719639202182,0.42105263157894735,10.0,30.105263157894736,6.804290093873677,26.37718797984876,56.53066052888569,27.422136105989154,41.19710741545025,34.1996971975393
1359,0.09179756665122615,25.152533262435966,0.0,0.0,15.0,29.0,7.116250038146973,28.781206130981445,59.14472198486328,27.587451934814453,44.4100341796875,38.691818181818185,1,0.18419570804528126,36.696202370716136,8.2355268051159,0.6,11.0,26.6,6.006144428253174,29.231798934936524,59.5704345703125,28.22130241394043,44.26488723754883,33.5543556998557,0.19664015594160159,39.186563430368665,8.963555602507883,0.36363636363636365,9.727272727272727,27.0,7.53735841404308,29.071269989013672,59.21961108121005,28.50977238741788,43.834707433527164,37.828697035287945,0.17773295800628044,35.8723196973122,12.011926285824526,0.4444444444444444,9.944444444444445,30.055555555555557,6.528583341174656,26.12868621614244,56.386451721191406,27.663895818922256,40.999372482299805,34.3353152958153
1360,0.2084231438850617,41.05935934535715,1.2076282160399145,1.0,11.0,30.0,5.747365474700928,31.938615798950195,61.60191345214844,27.640174865722656,44.25657272338867,23.471249999999998,1,0.17338274207757304,34.17916838975649,7.565417552282828,0.4,10.6,27.0,7.478807783126831,31.581723785400392,61.20907745361328,27.55291404724121,45.028314208984376,35.35182792207792,0.2142436734125642,42.89092796859299,9.859911162758673,0.4,9.7,26.0,7.509524726867676,30.25807914733887,60.25613250732422,28.653647041320802,44.63635330200195,37.99956673881674,0.1871275848459476,37.76934528844117,12.718510184990675,0.47058823529411764,9.882352941176471,29.647058823529413,6.5118878869449395,25.96828825333539,56.33135874131147,27.947225121890796,41.00879018446978,34.72437796027502
1361,0.31027684283569945,59.88343066728999,0.0,0.0,7.0,21.0,10.596418380737305,34.30388641357422,63.32194900512695,27.141210556030273,48.834197998046875,37.74125,1,0.23632447707777948,43.145032548785956,0.24152564320798292,0.2,9.6,25.2,9.683809375762939,33.94987335205078,62.93733291625976,27.228808212280274,46.73212585449219,38.3657803030303,0.23686393892268023,47.41848462642272,10.955456847509636,0.4444444444444444,9.444444444444445,25.0,7.68378840552436,31.565209706624348,61.2976565890842,28.46340666876899,45.26723607381185,38.99243526535193,0.19712340943171475,39.79509842394914,13.513417071552592,0.5,9.875,29.125,6.529799610376358,25.99104744195938,56.40984511375427,28.21349608898163,41.1090726852417,35.07176095779221
1362,0.024032402309252066,4.830512864159665,0.0,0.0,11.0,31.0,10.60784912109375,35.60396957397461,63.58509826660156,25.769765853881836,45.106117248535156,41.22625,1,0.29469257540340194,55.37823851886899,0.24152564320798292,0.2,7.6,23.2,10.423117733001709,36.48254127502442,64.95358352661133,27.715643692016602,47.83491973876953,42.55452777777778,0.2344676788153318,44.9286768044098,5.14720425319744,0.375,9.375,24.75,8.225315868854523,32.791149854660034,62.21202850341797,28.11291813850403,45.92603302001953,39.91648967352092,0.18887039123032762,37.655719327588095,10.761130213076504,0.4666666666666667,10.066666666666666,29.2,6.754153203964234,26.079250780741372,56.52676010131836,28.379693857828777,41.28547693888346,35.53881168831169
1363,0.5470924297076578,84.79932660468695,0.0,0.0,4.0,15.0,14.351163864135742,39.12168884277344,67.0329818725586,28.00543785095215,51.053707122802734,50.69833333333333,1,0.316259933282987,58.957958312246944,0.0,0.0,6.75,21.5,11.592055797576904,37.61852264404297,65.79150104522705,27.734510898590088,48.729506492614746,47.32534722222222,0.2568063140535516,48.85910452376006,5.403869680202023,0.2857142857142857,8.857142857142858,24.142857142857142,8.936856372015816,34.067836216517854,63.186334882463726,27.970233917236328,46.588468824114116,41.013289785611214,0.17954676793097607,35.21218132100289,9.518896486279322,0.42857142857142855,10.071428571428571,28.714285714285715,7.015253952571324,26.43719516481672,56.871447699410574,28.54671028682164,41.71875980922154,35.770710935889504
1364,0.3836380582793384,86.31856311285114,0.0,0.0,5.0,19.0,10.81279182434082,41.44454574584961,69.2259750366211,30.021629333496094,49.92400360107422,59.635555555555555,1,0.31825429676541617,58.649467527232595,0.0,0.0,6.666666666666667,21.666666666666668,11.923934936523438,38.723401387532554,66.61468505859375,27.93227767944336,48.69460932413737,50.52004629629629,0.26087674061137256,50.34062097613014,0.20127136933998932,0.16666666666666666,8.833333333333334,24.166666666666668,9.871973117192587,35.19898541768392,63.985439936319985,27.694278399149578,47.264105478922524,41.910742845117845,0.18025837413043513,35.89035968897301,8.478402656514202,0.38461538461538464,10.153846153846153,28.615384615384617,7.347323124225323,26.970592278700607,57.337665851299576,28.526719313401443,42.15575907780574,36.1826887001887
1365,,,,,,,,,,,,,0,0.4653652439934982,85.55894485876905,0.0,0.0,4.5,17.0,12.581977844238281,40.28311729431152,68.12947845458984,29.01353359222412,50.48885536193848,55.16694444444444,0.2946925754034019,55.378238518868976,0.24152564320798717,0.2,7.6,23.2,10.423117733001709,36.48254127502442,64.95358352661133,27.715643692016602,47.83491973876953,42.55452777777778,0.18025347627980146,35.921016477837945,8.216592635632225,0.3333333333333333,10.083333333333334,28.25,7.539201537768046,27.864120562871296,58.17461140950521,28.540488878885906,43.07460276285807,37.14749609187109
1366,,,,,,,,,,,,,0,0.3836380582793384,86.31856311285114,0.0,0.0,5.0,19.0,10.81279182434082,41.44454574584961,69.2259750366211,30.021629333496094,49.92400360107422,59.635555555555555,0.3162599332829869,58.95795831224694,0.0,0.0,6.75,21.5,11.592055797576904,37.61852264404297,65.79150104522705,27.734510898590088,48.729506492614746,47.32534722222222,0.19664015594160159,39.18656343036867,8.963555602507881,0.36363636363636365,9.727272727272727,27.0,7.53735841404308,29.071269989013672,59.21961108121005,28.50977238741788,43.834707433527164,37.828697035287945
1367,,,,,,,,,,,,,0,,,,,,,,,,,,,0.31825429676541606,58.64946752723259,0.0,0.0,6.666666666666667,21.666666666666668,11.923934936523438,38.723401387532554,66.61468505859375,27.93227767944336,48.69460932413737,50.52004629629629,0.2142436734125642,42.890927968593,9.859911162758669,0.4,9.7,26.0,7.509524726867676,30.25807914733887,60.25613250732422,28.653647041320802,44.63635330200195,37.99956673881674
1368,,,,,,,,,,,,,0,,,,,,,,,,,,,0.46536524399349805,85.55894485876905,0.0,0.0,4.5,17.0,12.581977844238281,40.28311729431152,68.12947845458984,29.01353359222412,50.48885536193848,55.16694444444444,0.2368639389226803,47.418484626422725,10.955456847509632,0.4444444444444444,9.444444444444445,25.0,7.68378840552436,31.565209706624348,61.2976565890842,28.46340666876899,45.26723607381185,38.99243526535193
